Algoritmo de troca de chaves,Algoritmo de autenticação,Time to send app data
P256_HQC_128,P256_HQC_128,103.031314
P256_HQC_128,P256_HQC_128,97.897957
P256_HQC_128,P256_HQC_128,99.352578
P256_HQC_128,P256_HQC_128,108.3699
P256_HQC_128,P256_HQC_128,107.823068
P256_HQC_128,P256_HQC_128,103.786345
P256_HQC_128,P256_HQC_128,104.010575
P256_HQC_128,P256_HQC_128,100.084207
P256_HQC_128,P256_HQC_128,104.319048
P256_HQC_128,P256_HQC_128,104.255938
P256_HQC_128,P256_HQC_128,105.96933
P256_HQC_128,P256_HQC_128,103.801792
P256_HQC_128,P256_HQC_128,103.987999
P256_HQC_128,P256_HQC_128,100.703396
P256_HQC_128,P256_HQC_128,106.73694
P256_HQC_128,P256_HQC_128,107.489251
P256_HQC_128,P256_HQC_128,105.727315
P256_HQC_128,P256_HQC_128,98.342493
P256_HQC_128,P256_HQC_128,103.632372
P256_HQC_128,P256_HQC_128,107.097162
P256_HQC_128,P256_HQC_128,101.538657
P256_HQC_128,P256_HQC_128,107.33823
P256_HQC_128,P256_HQC_128,99.886557
P256_HQC_128,P256_HQC_128,106.070209
P256_HQC_128,P256_HQC_128,104.20424
P256_HQC_128,P256_HQC_128,104.321385
P256_HQC_128,P256_HQC_128,99.843239
P256_HQC_128,P256_HQC_128,101.495522
P256_HQC_128,P256_HQC_128,95.705402
P256_HQC_128,P256_HQC_128,101.415402
P256_HQC_128,P256_HQC_128,104.594477
P256_HQC_128,P256_HQC_128,107.947543
P256_HQC_128,P256_HQC_128,106.155833
P256_HQC_128,P256_HQC_128,100.300813
P256_HQC_128,P256_HQC_128,98.357644
P256_HQC_128,P256_HQC_128,101.712288
P256_HQC_128,P256_HQC_128,103.545936
P256_HQC_128,P256_HQC_128,103.479333
P256_HQC_128,P256_HQC_128,100.715478
P256_HQC_128,P256_HQC_128,105.608788
P256_HQC_128,P256_HQC_128,100.72807
P256_HQC_128,P256_HQC_128,104.842678
P256_HQC_128,P256_HQC_128,102.399637
P256_HQC_128,P256_HQC_128,101.210581
P256_HQC_128,P256_HQC_128,106.262658
P256_HQC_128,P256_HQC_128,100.839803
P256_HQC_128,P256_HQC_128,100.280312
P256_HQC_128,P256_HQC_128,107.831389
P256_HQC_128,P256_HQC_128,100.75944
P256_HQC_128,P256_HQC_128,104.234129
P256_HQC_128,P256_HQC_128,99.591833
P256_HQC_128,P256_HQC_128,104.342207
P256_HQC_128,P256_HQC_128,102.016707
P256_HQC_128,P256_HQC_128,95.851219
P256_HQC_128,P256_HQC_128,99.499193
P256_HQC_128,P256_HQC_128,105.924269
P256_HQC_128,P256_HQC_128,103.39291
P256_HQC_128,P256_HQC_128,98.94886
P256_HQC_128,P256_HQC_128,97.320335
P256_HQC_128,P256_HQC_128,99.282539
P256_HQC_128,P256_HQC_128,106.250839
P256_HQC_128,P256_HQC_128,102.296953
P256_HQC_128,P256_HQC_128,100.444242
P256_HQC_128,P256_HQC_128,106.986183
P256_HQC_128,P256_HQC_128,102.689446
P256_HQC_128,P256_HQC_128,101.739549
P256_HQC_128,P256_HQC_128,101.832687
P256_HQC_128,P256_HQC_128,105.717722
P256_HQC_128,P256_HQC_128,97.239672
P256_HQC_128,P256_HQC_128,102.15708
P256_HQC_128,P256_HQC_128,102.940461
P256_HQC_128,P256_HQC_128,98.102352
P256_HQC_128,P256_HQC_128,102.054077
P256_HQC_128,P256_HQC_128,104.074606
P256_HQC_128,P256_HQC_128,100.939551
P256_HQC_128,P256_HQC_128,97.464218
P256_HQC_128,P256_HQC_128,99.87437
P256_HQC_128,P256_HQC_128,106.916087
P256_HQC_128,P256_HQC_128,103.627441
P256_HQC_128,P256_HQC_128,99.944786
P256_HQC_128,P256_HQC_128,99.947234
P256_HQC_128,P256_HQC_128,99.346885
P256_HQC_128,P256_HQC_128,99.160889
P256_HQC_128,P256_HQC_128,100.368473
P256_HQC_128,P256_HQC_128,106.926459
P256_HQC_128,P256_HQC_128,99.884059
P256_HQC_128,P256_HQC_128,100.188122
P256_HQC_128,P256_HQC_128,103.905243
P256_HQC_128,P256_HQC_128,102.779037
P256_HQC_128,P256_HQC_128,101.638918
P256_HQC_128,P256_HQC_128,101.807532
P256_HQC_128,P256_HQC_128,104.807097
P256_HQC_128,P256_HQC_128,103.715332
P256_HQC_128,P256_HQC_128,102.413589
P256_HQC_128,P256_HQC_128,102.484041
P256_HQC_128,P256_HQC_128,99.685885
P256_HQC_128,P256_HQC_128,104.961387
P256_HQC_128,P256_HQC_128,104.717476
P256_HQC_128,P256_HQC_128,98.381993
P256_HQC_128,P256_HQC_128,99.661777
P256_HQC_128,P256_HQC_128,100.318478
P256_HQC_128,P256_HQC_128,100.966378
P256_HQC_128,P256_HQC_128,109.048327
P256_HQC_128,P256_HQC_128,103.766969
P256_HQC_128,P256_HQC_128,106.163877
P256_HQC_128,P256_HQC_128,101.376059
P256_HQC_128,P256_HQC_128,99.759366
P256_HQC_128,P256_HQC_128,103.543433
P256_HQC_128,P256_HQC_128,100.648784
P256_HQC_128,P256_HQC_128,102.861758
P256_HQC_128,P256_HQC_128,99.401996
P256_HQC_128,P256_HQC_128,98.470566
P256_HQC_128,P256_HQC_128,105.025105
P256_HQC_128,P256_HQC_128,102.098076
P256_HQC_128,P256_HQC_128,104.512041
P256_HQC_128,P256_HQC_128,104.443166
P256_HQC_128,P256_HQC_128,101.650893
P256_HQC_128,P256_HQC_128,107.314058
P256_HQC_128,P256_HQC_128,101.434113
P256_HQC_128,P256_HQC_128,96.853575
P256_HQC_128,P256_HQC_128,105.717131
P256_HQC_128,P256_HQC_128,102.634595
P256_HQC_128,P256_HQC_128,101.924607
P256_HQC_128,P256_HQC_128,98.187189
P256_HQC_128,P256_HQC_128,100.670697
P256_HQC_128,P256_HQC_128,98.059831
P256_HQC_128,P256_HQC_128,108.600734
P256_HQC_128,P256_HQC_128,102.776337
P256_HQC_128,P256_HQC_128,102.71896
P256_HQC_128,P256_HQC_128,103.462063
P256_HQC_128,P256_HQC_128,105.44054
P256_HQC_128,P256_HQC_128,96.85029
P256_HQC_128,P256_HQC_128,99.194913
P256_HQC_128,P256_HQC_128,102.428076
P256_HQC_128,P256_HQC_128,107.942835
P256_HQC_128,P256_HQC_128,103.934246
P256_HQC_128,P256_HQC_128,100.483773
P256_HQC_128,P256_HQC_128,96.88509
P256_HQC_128,P256_HQC_128,108.459499
P256_HQC_128,P256_HQC_128,102.442875
P256_HQC_128,P256_HQC_128,100.607136
P256_HQC_128,P256_HQC_128,100.608905
P256_HQC_128,P256_HQC_128,102.880875
P256_HQC_128,P256_HQC_128,99.070484
P256_HQC_128,P256_HQC_128,103.716795
P256_HQC_128,P256_HQC_128,101.339124
P256_HQC_128,P256_HQC_128,100.74431
P256_HQC_128,P256_HQC_128,102.502427
P256_HQC_128,P256_HQC_128,104.595054
P256_HQC_128,P256_HQC_128,106.32099
P256_HQC_128,P256_HQC_128,96.224369
P256_HQC_128,P256_HQC_128,97.868131
P256_HQC_128,P256_HQC_128,105.244175
P256_HQC_128,P256_HQC_128,102.490114
P256_HQC_128,P256_HQC_128,102.169892
P256_HQC_128,P256_HQC_128,104.653483
P256_HQC_128,P256_HQC_128,103.566419
P256_HQC_128,P256_HQC_128,102.912253
P256_HQC_128,P256_HQC_128,102.52171
P256_HQC_128,P256_HQC_128,98.146366
P256_HQC_128,P256_HQC_128,104.49104
P256_HQC_128,P256_HQC_128,104.388101
P256_HQC_128,P256_HQC_128,100.885973
P256_HQC_128,P256_HQC_128,107.034425
P256_HQC_128,P256_HQC_128,105.218696
P256_HQC_128,P256_HQC_128,102.240976
P256_HQC_128,P256_HQC_128,105.511256
P256_HQC_128,P256_HQC_128,101.949282
P256_HQC_128,P256_HQC_128,102.088659
P256_HQC_128,P256_HQC_128,100.485787
P256_HQC_128,P256_HQC_128,103.95705
P256_HQC_128,P256_HQC_128,105.513739
P256_HQC_128,P256_HQC_128,97.594033
P256_HQC_128,P256_HQC_128,104.855877
P256_HQC_128,P256_HQC_128,108.828648
P256_HQC_128,P256_HQC_128,99.869505
P256_HQC_128,P256_HQC_128,103.169517
P256_HQC_128,P256_HQC_128,104.395824
P256_HQC_128,P256_HQC_128,106.780426
P256_HQC_128,P256_HQC_128,106.174807
P256_HQC_128,P256_HQC_128,99.195154
P256_HQC_128,P256_HQC_128,97.422728
P256_HQC_128,P256_HQC_128,109.226073
P256_HQC_128,P256_HQC_128,102.162025
P256_HQC_128,P256_HQC_128,104.948191
P256_HQC_128,P256_HQC_128,105.04248
P256_HQC_128,P256_HQC_128,103.750511
P256_HQC_128,P256_HQC_128,103.75462
P256_HQC_128,P256_HQC_128,104.927505
P256_HQC_128,P256_HQC_128,98.94205
P256_HQC_128,P256_HQC_128,102.216434
P256_HQC_128,P256_HQC_128,103.56481
P256_HQC_128,P256_HQC_128,105.023493
P256_HQC_128,P256_HQC_128,98.503494
P256_HQC_128,P256_HQC_128,97.757716
P256_HQC_128,P256_HQC_128,99.847529
P256_HQC_128,P256_HQC_128,101.115358
P256_HQC_128,P256_HQC_128,102.484509
P256_HQC_128,P256_HQC_128,102.243651
P256_HQC_128,P256_HQC_128,101.662649
P256_HQC_128,P256_HQC_128,100.233157
P256_HQC_128,P256_HQC_128,98.140254
P256_HQC_128,P256_HQC_128,99.839546
P256_HQC_128,P256_HQC_128,99.751829
P256_HQC_128,P256_HQC_128,98.937804
P256_HQC_128,P256_HQC_128,100.236282
P256_HQC_128,P256_HQC_128,107.858206
P256_HQC_128,P256_HQC_128,97.388416
P256_HQC_128,P256_HQC_128,104.030052
P256_HQC_128,P256_HQC_128,98.218411
P256_HQC_128,P256_HQC_128,106.799339
P256_HQC_128,P256_HQC_128,103.150452
P256_HQC_128,P256_HQC_128,103.879827
P256_HQC_128,P256_HQC_128,102.37581
P256_HQC_128,P256_HQC_128,99.934655
P256_HQC_128,P256_HQC_128,102.473877
P256_HQC_128,P256_HQC_128,100.150495
P256_HQC_128,P256_HQC_128,103.95618
P256_HQC_128,P256_HQC_128,100.484946
P256_HQC_128,P256_HQC_128,105.827226
P256_HQC_128,P256_HQC_128,105.908597
P256_HQC_128,P256_HQC_128,104.408044
P256_HQC_128,P256_HQC_128,102.333579
P256_HQC_128,P256_HQC_128,102.204465
P256_HQC_128,P256_HQC_128,103.139826
P256_HQC_128,P256_HQC_128,104.880195
P256_HQC_128,P256_HQC_128,101.734736
P256_HQC_128,P256_HQC_128,104.629319
P256_HQC_128,P256_HQC_128,101.161605
P256_HQC_128,P256_HQC_128,99.603652
P256_HQC_128,P256_HQC_128,101.714231
P256_HQC_128,P256_HQC_128,103.918531
P256_HQC_128,P256_HQC_128,102.447729
P256_HQC_128,P256_HQC_128,107.26808
P256_HQC_128,P256_HQC_128,97.671363
P256_HQC_128,P256_HQC_128,101.188345
P256_HQC_128,P256_HQC_128,107.346488
P256_HQC_128,P256_HQC_128,101.701774
P256_HQC_128,P256_HQC_128,100.75969
P256_HQC_128,P256_HQC_128,102.080993
P256_HQC_128,P256_HQC_128,107.738169
P256_HQC_128,P256_HQC_128,101.363276
P256_HQC_128,P256_HQC_128,104.168081
P256_HQC_128,P256_HQC_128,104.579403
P256_HQC_128,P256_HQC_128,103.287615
P256_HQC_128,P256_HQC_128,105.934358
P256_HQC_128,P256_HQC_128,105.069207
P256_HQC_128,P256_HQC_128,104.537438
P256_HQC_128,P256_HQC_128,97.748704
P256_HQC_128,P256_HQC_128,105.930263
P256_HQC_128,P256_HQC_128,100.60318
P256_HQC_128,P256_HQC_128,105.009453
P256_HQC_128,P256_HQC_128,101.034989
P256_HQC_128,P256_HQC_128,97.640998
P256_HQC_128,P256_HQC_128,105.974543
P256_HQC_128,P256_HQC_128,98.434187
P256_HQC_128,P256_HQC_128,103.014274
P256_HQC_128,P256_HQC_128,107.054458
P256_HQC_128,P256_HQC_128,107.740896
P256_HQC_128,P256_HQC_128,103.614871
P256_HQC_128,P256_HQC_128,107.365034
P256_HQC_128,P256_HQC_128,106.578629
P256_HQC_128,P256_HQC_128,106.156362
P256_HQC_128,P256_HQC_128,102.835666
P256_HQC_128,P256_HQC_128,102.454279
P256_HQC_128,P256_HQC_128,111.105788
P256_HQC_128,P256_HQC_128,99.529425
P256_HQC_128,P256_HQC_128,105.42872
P256_HQC_128,P256_HQC_128,103.266388
P256_HQC_128,P256_HQC_128,102.379543
P256_HQC_128,P256_HQC_128,102.648078
P256_HQC_128,P256_HQC_128,98.19245
P256_HQC_128,P256_HQC_128,103.681124
P256_HQC_128,P256_HQC_128,105.60882
P256_HQC_128,P256_HQC_128,98.337524
P256_HQC_128,P256_HQC_128,102.488127
P256_HQC_128,P256_HQC_128,102.149675
P256_HQC_128,P256_HQC_128,105.727209
P256_HQC_128,P256_HQC_128,104.342396
P256_HQC_128,P256_HQC_128,103.138464
P256_HQC_128,P256_HQC_128,101.246956
P256_HQC_128,P256_HQC_128,104.102861
P256_HQC_128,P256_HQC_128,99.377983
P256_HQC_128,P256_HQC_128,102.737537
P256_HQC_128,P256_HQC_128,99.033539
P256_HQC_128,P256_HQC_128,101.979619
P256_HQC_128,P256_HQC_128,104.030867
P256_HQC_128,P256_HQC_128,99.086454
P256_HQC_128,P256_HQC_128,104.716892
P256_HQC_128,P256_HQC_128,102.295769
P256_HQC_128,P256_HQC_128,98.179258
P256_HQC_128,P256_HQC_128,108.768216
P256_HQC_128,P256_HQC_128,102.645204
P256_HQC_128,P256_HQC_128,104.812275
P256_HQC_128,P256_HQC_128,100.707751
P256_HQC_128,P256_HQC_128,100.291526
P256_HQC_128,P256_HQC_128,107.764235
P256_HQC_128,P256_HQC_128,107.827334
P256_HQC_128,P256_HQC_128,104.011233
P256_HQC_128,P256_HQC_128,100.074589
P256_HQC_128,P256_HQC_128,105.093977
P256_HQC_128,P256_HQC_128,102.231511
P256_HQC_128,P256_HQC_128,104.794633
P256_HQC_128,P256_HQC_128,103.245022
P256_HQC_128,P256_HQC_128,101.85825
P256_HQC_128,P256_HQC_128,100.823818
P256_HQC_128,P256_HQC_128,98.896944
P256_HQC_128,P256_HQC_128,104.444421
P256_HQC_128,P256_HQC_128,99.978166
P256_HQC_128,P256_HQC_128,101.130529
P256_HQC_128,P256_HQC_128,99.004787
P256_HQC_128,P256_HQC_128,103.516001
P256_HQC_128,P256_HQC_128,103.205003
P256_HQC_128,P256_HQC_128,101.64533
P256_HQC_128,P256_HQC_128,106.358516
P256_HQC_128,P256_HQC_128,108.06913
P256_HQC_128,P256_HQC_128,100.466213
P256_HQC_128,P256_HQC_128,104.368831
P256_HQC_128,P256_HQC_128,102.705058
P256_HQC_128,P256_HQC_128,100.865973
P256_HQC_128,P256_HQC_128,103.740253
P256_HQC_128,P256_HQC_128,107.421764
P256_HQC_128,P256_HQC_128,105.514238
P256_HQC_128,P256_HQC_128,104.948476
P256_HQC_128,P256_HQC_128,100.335598
P256_HQC_128,P256_HQC_128,100.809221
P256_HQC_128,P256_HQC_128,102.541398
P256_HQC_128,P256_HQC_128,98.194162
P256_HQC_128,P256_HQC_128,98.358592
P256_HQC_128,P256_HQC_128,104.520261
P256_HQC_128,P256_HQC_128,97.299777
P256_HQC_128,P256_HQC_128,105.070479
P256_HQC_128,P256_HQC_128,104.990563
P256_HQC_128,P256_HQC_128,101.144414
P256_HQC_128,P256_HQC_128,102.770118
P256_HQC_128,P256_HQC_128,102.240195
P256_HQC_128,P256_HQC_128,101.711444
P256_HQC_128,P256_HQC_128,101.439704
P256_HQC_128,P256_HQC_128,105.397516
P256_HQC_128,P256_HQC_128,104.284632
P256_HQC_128,P256_HQC_128,101.87351
P256_HQC_128,P256_HQC_128,98.535282
P256_HQC_128,P256_HQC_128,99.764084
P256_HQC_128,P256_HQC_128,105.248504
P256_HQC_128,P256_HQC_128,107.340424
P256_HQC_128,P256_HQC_128,107.386741
P256_HQC_128,P256_HQC_128,104.210677
P256_HQC_128,P256_HQC_128,101.440345
P256_HQC_128,P256_HQC_128,104.998725
P256_HQC_128,P256_HQC_128,100.326368
P256_HQC_128,P256_HQC_128,99.756362
P256_HQC_128,P256_HQC_128,104.582829
P256_HQC_128,P256_HQC_128,97.685415
P256_HQC_128,P256_HQC_128,103.370615
P256_HQC_128,P256_HQC_128,107.930845
P256_HQC_128,P256_HQC_128,102.650906
P256_HQC_128,P256_HQC_128,105.105963
P256_HQC_128,P256_HQC_128,100.977707
P256_HQC_128,P256_HQC_128,98.263405
P256_HQC_128,P256_HQC_128,101.634788
P256_HQC_128,P256_HQC_128,95.775987
P256_HQC_128,P256_HQC_128,105.441517
P256_HQC_128,P256_HQC_128,99.921339
P256_HQC_128,P256_HQC_128,98.297859
P256_HQC_128,P256_HQC_128,110.073296
P256_HQC_128,P256_HQC_128,98.618112
P256_HQC_128,P256_HQC_128,106.143138
P256_HQC_128,P256_HQC_128,108.32616
P256_HQC_128,P256_HQC_128,97.4194
P256_HQC_128,P256_HQC_128,101.455096
P256_HQC_128,P256_HQC_128,104.37282
P256_HQC_128,P256_HQC_128,107.295133
P256_HQC_128,P256_HQC_128,105.490981
P256_HQC_128,P256_HQC_128,106.044896
P256_HQC_128,P256_HQC_128,101.773583
P256_HQC_128,P256_HQC_128,98.937306
P256_HQC_128,P256_HQC_128,100.165008
P256_HQC_128,P256_HQC_128,102.798374
P256_HQC_128,P256_HQC_128,102.270508
P256_HQC_128,P256_HQC_128,98.510573
P256_HQC_128,P256_HQC_128,103.992801
P256_HQC_128,P256_HQC_128,104.059251
P256_HQC_128,P256_HQC_128,98.668292
P256_HQC_128,P256_HQC_128,106.658076
P256_HQC_128,P256_HQC_128,101.697199
P256_HQC_128,P256_HQC_128,103.613659
P256_HQC_128,P256_HQC_128,98.319916
P256_HQC_128,P256_HQC_128,104.546011
P256_HQC_128,P256_HQC_128,110.765615
P256_HQC_128,P256_HQC_128,102.052671
P256_HQC_128,P256_HQC_128,98.976715
P256_HQC_128,P256_HQC_128,107.07289
P256_HQC_128,P256_HQC_128,102.032859
P256_HQC_128,P256_HQC_128,100.224869
P256_HQC_128,P256_HQC_128,100.850544
P256_HQC_128,P256_HQC_128,97.108427
P256_HQC_128,P256_HQC_128,96.578704
P256_HQC_128,P256_HQC_128,102.231488
P256_HQC_128,P256_HQC_128,108.320435
P256_HQC_128,P256_HQC_128,108.572091
P256_HQC_128,P256_HQC_128,100.311629
P256_HQC_128,P256_HQC_128,102.900843
P256_HQC_128,P256_HQC_128,103.79244
P256_HQC_128,P256_HQC_128,99.183971
P256_HQC_128,P256_HQC_128,99.294321
P256_HQC_128,P256_HQC_128,104.299107
P256_HQC_128,P256_HQC_128,103.839063
P256_HQC_128,P256_HQC_128,102.392029
P256_HQC_128,P256_HQC_128,96.180282
P256_HQC_128,P256_HQC_128,108.045414
P256_HQC_128,P256_HQC_128,105.168893
P256_HQC_128,P256_HQC_128,103.433013
P256_HQC_128,P256_HQC_128,103.348162
P256_HQC_128,P256_HQC_128,99.655276
P256_HQC_128,P256_HQC_128,102.374305
P256_HQC_128,P256_HQC_128,99.93189
P256_HQC_128,P256_HQC_128,105.372756
P256_HQC_128,P256_HQC_128,103.302012
P256_HQC_128,P256_HQC_128,98.874777
P256_HQC_128,P256_HQC_128,103.321281
P256_HQC_128,P256_HQC_128,98.166492
P256_HQC_128,P256_HQC_128,98.713116
P256_HQC_128,P256_HQC_128,103.294558
P256_HQC_128,P256_HQC_128,99.818504
P256_HQC_128,P256_HQC_128,101.365974
P256_HQC_128,P256_HQC_128,100.286484
P256_HQC_128,P256_HQC_128,105.063795
P256_HQC_128,P256_HQC_128,98.3929
P256_HQC_128,P256_HQC_128,109.679393
P256_HQC_128,P256_HQC_128,104.376173
P256_HQC_128,P256_HQC_128,102.726689
P256_HQC_128,P256_HQC_128,98.651676
P256_HQC_128,P256_HQC_128,105.390131
P256_HQC_128,P256_HQC_128,108.561579
P256_HQC_128,P256_HQC_128,103.106815
P256_HQC_128,P256_HQC_128,100.86149
P256_HQC_128,P256_HQC_128,105.821497
P256_HQC_128,P256_HQC_128,102.496416
P256_HQC_128,P256_HQC_128,99.756883
P256_HQC_128,P256_HQC_128,103.669645
P256_HQC_128,P256_HQC_128,106.636912
P256_HQC_128,P256_HQC_128,100.595698
P256_HQC_128,P256_HQC_128,102.734776
P256_HQC_128,P256_HQC_128,103.935262
P256_HQC_128,P256_HQC_128,108.874861
P256_HQC_128,P256_HQC_128,98.045861
P256_HQC_128,P256_HQC_128,106.102749
P256_HQC_128,P256_HQC_128,107.269372
P256_HQC_128,P256_HQC_128,101.268544
P256_HQC_128,P256_HQC_128,98.230803
P256_HQC_128,P256_HQC_128,105.823817
P256_HQC_128,P256_HQC_128,104.745024
P256_HQC_128,P256_HQC_128,106.271796
P256_HQC_128,P256_HQC_128,101.97833
P256_HQC_128,P256_HQC_128,96.092948
P256_HQC_128,P256_HQC_128,102.25617
P256_HQC_128,P256_HQC_128,105.330492
P256_HQC_128,P256_HQC_128,103.654326
P256_HQC_128,P256_HQC_128,97.294014
P256_HQC_128,P256_HQC_128,105.969095
P256_HQC_128,P256_HQC_128,103.554033
P256_HQC_128,P256_HQC_128,100.834811
P256_HQC_128,P256_HQC_128,100.29825
P256_HQC_128,P256_HQC_128,101.229884
P256_HQC_128,P256_HQC_128,101.27509
P256_HQC_128,P256_HQC_128,103.732881
P256_HQC_128,P256_HQC_128,100.779313
P256_HQC_128,P256_HQC_128,100.691527
P256_HQC_128,P256_HQC_128,102.507461
P256_HQC_128,P256_HQC_128,100.079026
P256_HQC_128,P256_HQC_128,101.73424
P256_HQC_128,P256_HQC_128,101.51089
P256_HQC_128,P256_HQC_128,104.853537
P256_HQC_128,P256_HQC_128,105.63015
P256_HQC_128,P256_HQC_128,97.750354
P256_HQC_128,P256_HQC_128,104.916573
P256_HQC_128,P256_HQC_128,105.766339
P256_HQC_128,P256_HQC_128,106.377091
P256_HQC_128,P256_HQC_128,106.448297
P256_HQC_128,P256_HQC_128,103.905824
P256_HQC_128,P256_HQC_128,104.30667
P256_HQC_128,P256_HQC_128,99.93492
P256_HQC_128,P256_HQC_128,104.204815
P256_HQC_128,P256_HQC_128,100.866731
P256_HQC_128,P256_HQC_128,105.583002
P256_HQC_128,P256_HQC_128,107.068255
P256_HQC_128,P256_HQC_128,100.322621
P256_HQC_128,P256_HQC_128,99.357111
P256_HQC_128,P256_HQC_128,104.391105
P256_HQC_128,P256_HQC_128,102.649523
P256_HQC_128,P256_HQC_128,98.509589
P256_HQC_128,P256_HQC_128,103.967303
P256_HQC_128,P256_HQC_128,99.794344
P256_HQC_128,P256_HQC_128,98.950627
P256_HQC_128,P256_HQC_128,101.220683
P256_HQC_128,P256_HQC_128,105.193623
P256_HQC_128,P256_HQC_128,109.855908
P256_HQC_128,P256_HQC_128,102.942783
P256_HQC_128,P256_HQC_128,98.411909
P256_HQC_128,P256_HQC_128,106.987661
P256_HQC_128,P256_HQC_128,102.920165
P256_HQC_128,P256_HQC_128,104.179622
P256_HQC_128,P256_HQC_128,104.428566
P256_HQC_128,P256_HQC_128,102.912577
P256_HQC_128,P256_HQC_128,110.505516
P256_HQC_128,P256_HQC_128,100.05111
P256_HQC_128,P256_HQC_128,98.506852
P256_HQC_128,P256_HQC_128,104.582217
P256_HQC_128,P256_HQC_128,104.873144
P256_HQC_128,P256_HQC_128,101.210149
P256_HQC_128,P256_HQC_128,108.153412
P256_HQC_128,P256_HQC_128,107.929972
P256_HQC_128,P256_HQC_128,101.968584
P256_HQC_128,P256_HQC_128,103.649923
P256_HQC_128,P256_HQC_128,107.417938
P256_HQC_128,P256_HQC_128,102.839428
P256_HQC_128,P256_HQC_128,99.142843
P256_HQC_128,P256_HQC_128,104.563851
P256_HQC_128,P256_HQC_128,104.132789
P256_HQC_128,P256_HQC_128,104.522993
P256_HQC_128,P256_HQC_128,105.936028
P256_HQC_128,P256_HQC_128,107.034246
P256_HQC_128,P256_HQC_128,103.148136
P256_HQC_128,P256_HQC_128,105.267042
P256_HQC_128,P256_HQC_128,97.323549
P256_HQC_128,P256_HQC_128,106.478838
P256_HQC_128,P256_HQC_128,101.189946
P256_HQC_128,P256_HQC_128,103.577509
P256_HQC_128,P256_HQC_128,105.506563
P256_HQC_128,P256_HQC_128,96.650823
P256_HQC_128,P256_HQC_128,96.353046
P256_HQC_128,P256_HQC_128,106.168995
P256_HQC_128,P256_HQC_128,105.201998
P256_HQC_128,P256_HQC_128,103.472231
P256_HQC_128,P256_HQC_128,103.954596
P256_HQC_128,P256_HQC_128,109.313646
P256_HQC_128,P256_HQC_128,103.987881
P256_HQC_128,P256_HQC_128,99.598158
P256_HQC_128,P256_HQC_128,101.582676
P256_HQC_128,P256_HQC_128,100.802647
P256_HQC_128,P256_HQC_128,101.215879
P256_HQC_128,P256_HQC_128,107.051508
P256_HQC_128,P256_HQC_128,96.460483
P256_HQC_128,P256_HQC_128,102.230899
P256_HQC_128,P256_HQC_128,106.968809
P256_HQC_128,P256_HQC_128,104.377421
P256_HQC_128,P256_HQC_128,103.955541
P256_HQC_128,P256_HQC_128,104.252483
P256_HQC_128,P256_HQC_128,100.358719
P256_HQC_128,P256_HQC_128,100.502458
P256_HQC_128,P256_HQC_128,104.321191
P256_HQC_128,P256_HQC_128,105.07851
P256_HQC_128,P256_HQC_128,102.858633
P256_HQC_128,P256_HQC_128,103.17985
P256_HQC_128,P256_HQC_128,98.993472
P256_HQC_128,P256_HQC_128,105.347617
P256_HQC_128,P256_HQC_128,105.581886
P256_HQC_128,P256_HQC_128,104.520743
P256_HQC_128,P256_HQC_128,98.612203
P256_HQC_128,P256_HQC_128,97.531623
P256_HQC_128,P256_HQC_128,106.911675
P256_HQC_128,P256_HQC_128,101.052155
P256_HQC_128,P256_HQC_128,99.57896
P256_HQC_128,P256_HQC_128,108.17228
P256_HQC_128,P256_HQC_128,100.264451
P256_HQC_128,P256_HQC_128,97.908264
P256_HQC_128,P256_HQC_128,101.265992
P256_HQC_128,P256_HQC_128,104.688341
P256_HQC_128,P256_HQC_128,99.031969
P256_HQC_128,P256_HQC_128,100.370092
P256_HQC_128,P256_HQC_128,101.609338
P256_HQC_128,P256_HQC_128,99.762031
P256_HQC_128,P256_HQC_128,107.523775
P256_HQC_128,P256_HQC_128,106.40115
P256_HQC_128,P256_HQC_128,105.41755
P256_HQC_128,P256_HQC_128,103.052622
P256_HQC_128,P256_HQC_128,99.331555
P256_HQC_128,P256_HQC_128,102.427834
P256_HQC_128,P256_HQC_128,103.64647
P256_HQC_128,P256_HQC_128,101.965236
P256_HQC_128,P256_HQC_128,103.94158
P256_HQC_128,P256_HQC_128,98.389856
P256_HQC_128,P256_HQC_128,105.233683
P256_HQC_128,P256_HQC_128,103.633918
P256_HQC_128,P256_HQC_128,99.381117
P256_HQC_128,P256_HQC_128,102.356748
P256_HQC_128,P256_HQC_128,101.259668
P256_HQC_128,P256_HQC_128,100.035128
P256_HQC_128,P256_HQC_128,107.94757
P256_HQC_128,P256_HQC_128,102.374594
P256_HQC_128,P256_HQC_128,101.503484
P256_HQC_128,P256_HQC_128,106.047886
P256_HQC_128,P256_HQC_128,106.582491
P256_HQC_128,P256_HQC_128,104.719017
P256_HQC_128,P256_HQC_128,109.111287
P256_HQC_128,P256_HQC_128,101.238248
P256_HQC_128,P256_HQC_128,97.596851
P256_HQC_128,P256_HQC_128,104.30803
P256_HQC_128,P256_HQC_128,101.432624
P256_HQC_128,P256_HQC_128,105.464866
P256_HQC_128,P256_HQC_128,100.228024
P256_HQC_128,P256_HQC_128,103.567423
P256_HQC_128,P256_HQC_128,100.446911
P256_HQC_128,P256_HQC_128,99.48517
P256_HQC_128,P256_HQC_128,100.23301
P256_HQC_128,P256_HQC_128,104.531648
P256_HQC_128,P256_HQC_128,104.275135
P256_HQC_128,P256_HQC_128,101.251582
P256_HQC_128,P256_HQC_128,109.462566
P256_HQC_128,P256_HQC_128,98.126642
P256_HQC_128,P256_HQC_128,99.542379
P256_HQC_128,P256_HQC_128,109.033956
P256_HQC_128,P256_HQC_128,103.211701
P256_HQC_128,P256_HQC_128,101.619479
P256_HQC_128,P256_HQC_128,101.725192
P256_HQC_128,P256_HQC_128,102.05786
P256_HQC_128,P256_HQC_128,97.633272
P256_HQC_128,P256_HQC_128,104.20546
P256_HQC_128,P256_HQC_128,97.791397
P256_HQC_128,P256_HQC_128,105.508302
P256_HQC_128,P256_HQC_128,104.969435
P256_HQC_128,P256_HQC_128,109.297195
P256_HQC_128,P256_HQC_128,101.401919
P256_HQC_128,P256_HQC_128,104.080032
P256_HQC_128,P256_HQC_128,106.824894
P256_HQC_128,P256_HQC_128,99.070164
P256_HQC_128,P256_HQC_128,103.793302
P256_HQC_128,P256_HQC_128,103.931496
P256_HQC_128,P256_HQC_128,104.137885
P256_HQC_128,P256_HQC_128,109.038668
P256_HQC_128,P256_HQC_128,103.963133
P256_HQC_128,P256_HQC_128,106.8118
P256_HQC_128,P256_HQC_128,97.794363
P256_HQC_128,P256_HQC_128,97.950839
P256_HQC_128,P256_HQC_128,108.667489
P256_HQC_128,P256_HQC_128,99.133187
P256_HQC_128,P256_HQC_128,100.588791
P256_HQC_128,P256_HQC_128,96.447502
P256_HQC_128,P256_HQC_128,102.749246
P256_HQC_128,P256_HQC_128,106.87555
P256_HQC_128,P256_HQC_128,101.212688
P256_HQC_128,P256_HQC_128,102.879159
P256_HQC_128,P256_HQC_128,105.438379
P256_HQC_128,P256_HQC_128,100.558133
P256_HQC_128,P256_HQC_128,108.2635
P256_HQC_128,P256_HQC_128,103.527997
P256_HQC_128,P256_HQC_128,103.188272
P256_HQC_128,P256_HQC_128,103.572011
P256_HQC_128,P256_HQC_128,101.821644
P256_HQC_128,P256_HQC_128,101.591946
P256_HQC_128,P256_HQC_128,100.801435
P256_HQC_128,P256_HQC_128,102.025635
P256_HQC_128,P256_HQC_128,105.305938
P256_HQC_128,P256_HQC_128,104.32165
P256_HQC_128,P256_HQC_128,97.790509
P256_HQC_128,P256_HQC_128,102.529356
P256_HQC_128,P256_HQC_128,104.981081
P256_HQC_128,P256_HQC_128,104.241541
P256_HQC_128,P256_HQC_128,102.308411
P256_HQC_128,P256_HQC_128,103.234154
P256_HQC_128,P256_HQC_128,101.863101
P256_HQC_128,P256_HQC_128,97.794631
P256_HQC_128,P256_HQC_128,99.143727
P256_HQC_128,P256_HQC_128,104.368476
P256_HQC_128,P256_HQC_128,105.452344
P256_HQC_128,P256_HQC_128,103.539744
P256_HQC_128,P256_HQC_128,99.08377
P256_HQC_128,P256_HQC_128,98.450657
P256_HQC_128,P256_HQC_128,103.73564
P256_HQC_128,P256_HQC_128,99.146043
P256_HQC_128,P256_HQC_128,101.193724
P256_HQC_128,P256_HQC_128,102.155093
P256_HQC_128,P256_HQC_128,99.879214
P256_HQC_128,P256_HQC_128,98.060219
P256_HQC_128,P256_HQC_128,100.895838
P256_HQC_128,P256_HQC_128,103.805862
P256_HQC_128,P256_HQC_128,99.150039
P256_HQC_128,P256_HQC_128,102.810325
P256_HQC_128,P256_HQC_128,99.25279
P256_HQC_128,P256_HQC_128,103.114277
P256_HQC_128,P256_HQC_128,98.374068
P256_HQC_128,P256_HQC_128,102.341692
P256_HQC_128,P256_HQC_128,106.773638
P256_HQC_128,P256_HQC_128,98.006417
P256_HQC_128,P256_HQC_128,103.993182
P256_HQC_128,P256_HQC_128,99.81679
P256_HQC_128,P256_HQC_128,97.340473
P256_HQC_128,P256_HQC_128,102.621491
P256_HQC_128,P256_HQC_128,100.885202
P256_HQC_128,P256_HQC_128,100.639886
P256_HQC_128,P256_HQC_128,102.37175
P256_HQC_128,P256_HQC_128,102.119094
P256_HQC_128,P256_HQC_128,103.284355
P256_HQC_128,P256_HQC_128,98.58753
P256_HQC_128,P256_HQC_128,102.409076
P256_HQC_128,P256_HQC_128,101.26546
P256_HQC_128,P256_HQC_128,108.234113
P256_HQC_128,P256_HQC_128,99.819954
P256_HQC_128,P256_HQC_128,102.621508
P256_HQC_128,P256_HQC_128,97.600754
P256_HQC_128,P256_HQC_128,106.133379
P256_HQC_128,P256_HQC_128,101.696726
P256_HQC_128,P256_HQC_128,100.840595
P256_HQC_128,P256_HQC_128,98.673675
P256_HQC_128,P256_HQC_128,107.061574
P256_HQC_128,P256_HQC_128,98.414746
P256_HQC_128,P256_HQC_128,104.315273
P256_HQC_128,P256_HQC_128,103.73448
P256_HQC_128,P256_HQC_128,106.277357
P256_HQC_128,P256_HQC_128,105.005188
P256_HQC_128,P256_HQC_128,101.556834
P256_HQC_128,P256_HQC_128,107.192618
P256_HQC_128,P256_HQC_128,97.751389
P256_HQC_128,P256_HQC_128,106.077974
P256_HQC_128,P256_HQC_128,99.975413
P256_HQC_128,P256_HQC_128,104.527579
P256_HQC_128,P256_HQC_128,107.68326
P256_HQC_128,P256_HQC_128,105.114324
P256_HQC_128,P256_HQC_128,100.175782
P256_HQC_128,P256_HQC_128,104.84634
P256_HQC_128,P256_HQC_128,99.708958
P256_HQC_128,P256_HQC_128,103.29877
P256_HQC_128,P256_HQC_128,101.084401
P256_HQC_128,P256_HQC_128,99.509295
P256_HQC_128,P256_HQC_128,98.415358
P256_HQC_128,P256_HQC_128,100.295279
P256_HQC_128,P256_HQC_128,97.817938
P256_HQC_128,P256_HQC_128,99.249929
P256_HQC_128,P256_HQC_128,104.791148
P256_HQC_128,P256_HQC_128,100.113277
P256_HQC_128,P256_HQC_128,107.233441
P256_HQC_128,P256_HQC_128,104.775367
P256_HQC_128,P256_HQC_128,100.478118
P256_HQC_128,P256_HQC_128,104.807078
P256_HQC_128,P256_HQC_128,100.185049
P256_HQC_128,P256_HQC_128,107.32818
P256_HQC_128,P256_HQC_128,99.011464
P256_HQC_128,P256_HQC_128,102.017215
P256_HQC_128,P256_HQC_128,107.082402
P256_HQC_128,P256_HQC_128,107.534215
P256_HQC_128,P256_HQC_128,101.514991
P256_HQC_128,P256_HQC_128,102.262957
P256_HQC_128,P256_HQC_128,105.573863
P256_HQC_128,P256_HQC_128,101.609035
P256_HQC_128,P256_HQC_128,105.021863
P256_HQC_128,P256_HQC_128,105.437812
P256_HQC_128,P256_HQC_128,105.502569
P256_HQC_128,P256_HQC_128,101.161534
P256_HQC_128,P256_HQC_128,101.298502
P256_HQC_128,P256_HQC_128,102.806097
P256_HQC_128,P256_HQC_128,103.197151
P256_HQC_128,P256_HQC_128,104.518202
P256_HQC_128,P256_HQC_128,100.079673
P256_HQC_128,P256_HQC_128,102.873152
P256_HQC_128,P256_HQC_128,104.590211
P256_HQC_128,P256_HQC_128,106.062948
P256_HQC_128,P256_HQC_128,102.84923
P256_HQC_128,P256_HQC_128,102.94424
P256_HQC_128,P256_HQC_128,101.524417
P256_HQC_128,P256_HQC_128,105.944977
P256_HQC_128,P256_HQC_128,98.045618
P256_HQC_128,P256_HQC_128,103.577183
P256_HQC_128,P256_HQC_128,109.2418
P256_HQC_128,P256_HQC_128,101.01582
P256_HQC_128,P256_HQC_128,99.147114
P256_HQC_128,P256_HQC_128,104.067582
P256_HQC_128,P256_HQC_128,107.482748
P256_HQC_128,P256_HQC_128,104.061391
P256_HQC_128,P256_HQC_128,103.483461
P256_HQC_128,P256_HQC_128,99.432783
P256_HQC_128,P256_HQC_128,103.686257
P256_HQC_128,P256_HQC_128,104.950699
P256_HQC_128,P256_HQC_128,103.14605
P256_HQC_128,P256_HQC_128,109.300777
P256_HQC_128,P256_HQC_128,102.319527
P256_HQC_128,P256_HQC_128,100.084145
P256_HQC_128,P256_HQC_128,101.5234
P256_HQC_128,P256_HQC_128,105.417208
P256_HQC_128,P256_HQC_128,106.171938
P256_HQC_128,P256_HQC_128,99.066427
P256_HQC_128,P256_HQC_128,108.327423
P256_HQC_128,P256_HQC_128,100.648799
P256_HQC_128,P256_HQC_128,99.075671
P256_HQC_128,P256_HQC_128,104.38086
P256_HQC_128,P256_HQC_128,99.291429
P256_HQC_128,P256_HQC_128,102.02727
P256_HQC_128,P256_HQC_128,105.224849
P256_HQC_128,P256_HQC_128,101.994331
P256_HQC_128,P256_HQC_128,98.694714
P256_HQC_128,P256_HQC_128,104.449105
P256_HQC_128,P256_HQC_128,104.734402
P256_HQC_128,P256_HQC_128,103.745367
P256_HQC_128,P256_HQC_128,101.988453
P256_HQC_128,P256_HQC_128,103.815589
P256_HQC_128,P256_HQC_128,101.600876
P256_HQC_128,P256_HQC_128,105.227279
P256_HQC_128,P256_HQC_128,97.450775
P256_HQC_128,P256_HQC_128,100.110397
P256_HQC_128,P256_HQC_128,101.639771
P256_HQC_128,P256_HQC_128,101.652703
P256_HQC_128,P256_HQC_128,106.996236
P256_HQC_128,P256_HQC_128,102.222403
P256_HQC_128,P256_HQC_128,99.831689
P256_HQC_128,P256_HQC_128,100.794811
P256_HQC_128,P256_HQC_128,96.528182
P256_HQC_128,P256_HQC_128,99.49607
P256_HQC_128,P256_HQC_128,107.573092
P256_HQC_128,P256_HQC_128,105.736606
P256_HQC_128,P256_HQC_128,103.552027
P256_HQC_128,P256_HQC_128,102.690033
P256_HQC_128,P256_HQC_128,104.23742
P256_HQC_128,P256_HQC_128,106.41939
P256_HQC_128,P256_HQC_128,107.520639
P256_HQC_128,P256_HQC_128,106.239152
P256_HQC_128,P256_HQC_128,101.440703
P256_HQC_128,P256_HQC_128,99.675737
P256_HQC_128,P256_HQC_128,96.153888
P256_HQC_128,P256_HQC_128,99.010665
P256_HQC_128,P256_HQC_128,102.210237
P256_HQC_128,P256_HQC_128,98.807809
P256_HQC_128,P256_HQC_128,104.078717
P256_HQC_128,P256_HQC_128,104.498483
P256_HQC_128,P256_HQC_128,103.336685
P256_HQC_128,P256_HQC_128,102.081219
P256_HQC_128,P256_HQC_128,103.983848
P256_HQC_128,P256_HQC_128,104.609175
P256_HQC_128,P256_HQC_128,102.60493
P256_HQC_128,P256_HQC_128,108.646111
P256_HQC_128,P256_HQC_128,105.432173
P256_HQC_128,P256_HQC_128,97.598415
P256_HQC_128,P256_HQC_128,108.569648
P256_HQC_128,P256_HQC_128,97.456941
P256_HQC_128,P256_HQC_128,98.684716
P256_HQC_128,P256_HQC_128,107.630669
P256_HQC_128,P256_HQC_128,101.525143
P256_HQC_128,P256_HQC_128,101.762073
P256_HQC_128,P256_HQC_128,109.527531
P256_HQC_128,P256_HQC_128,108.261055
P256_HQC_128,P256_HQC_128,108.033761
P256_HQC_128,P256_HQC_128,103.048689
P256_HQC_128,P256_HQC_128,106.852185
P256_HQC_128,P256_HQC_128,104.200841
P256_HQC_128,P256_HQC_128,103.081412
P256_HQC_128,P256_HQC_128,102.210286
P256_HQC_128,P256_HQC_128,96.566624
P256_HQC_128,P256_HQC_128,104.484092
P256_HQC_128,P256_HQC_128,103.664976
P256_HQC_128,P256_HQC_128,101.130524
P256_HQC_128,P256_HQC_128,97.575098
P256_HQC_128,P256_HQC_128,104.507207
P256_HQC_128,P256_HQC_128,103.314917
P256_HQC_128,P256_HQC_128,103.96865
P256_HQC_128,P256_HQC_128,106.183813
P256_HQC_128,P256_HQC_128,102.694851
P256_HQC_128,P256_HQC_128,101.329494
P256_HQC_128,P256_HQC_128,99.177088
P256_HQC_128,P256_HQC_128,100.294274
P256_HQC_128,P256_HQC_128,100.648248
P256_HQC_128,P256_HQC_128,104.958627
P256_HQC_128,P256_HQC_128,101.615404
P256_HQC_128,P256_HQC_128,105.905231
P256_HQC_128,P256_HQC_128,102.539922
P256_HQC_128,P256_HQC_128,102.966396
P256_HQC_128,P256_HQC_128,98.148085
P256_HQC_128,P256_HQC_128,100.00721
P256_HQC_128,P256_HQC_128,103.526046
P256_HQC_128,P256_HQC_128,104.917798
P256_HQC_128,P256_HQC_128,100.655315
P256_HQC_128,P256_HQC_128,107.863983
P256_HQC_128,P256_HQC_128,102.981322
P256_HQC_128,P256_HQC_128,100.973245
P256_HQC_128,P256_HQC_128,103.011576
P256_HQC_128,P256_HQC_128,99.483006
P256_HQC_128,P256_HQC_128,101.567041
P256_HQC_128,P256_HQC_128,99.270988
P256_HQC_128,P256_HQC_128,109.089005
P256_HQC_128,P256_HQC_128,101.803956
P256_HQC_128,P256_HQC_128,108.78989
P256_HQC_128,P256_HQC_128,108.437402
P256_HQC_128,P256_HQC_128,101.97896
P256_HQC_128,P256_HQC_128,102.871385
P256_HQC_128,P256_HQC_128,99.115467
P256_HQC_128,P256_HQC_128,105.117584
P256_HQC_128,P256_HQC_128,102.751303
P256_HQC_128,P256_HQC_128,107.990318
P256_HQC_128,P256_HQC_128,99.026105
P256_HQC_128,P256_HQC_128,97.554237
P256_HQC_128,P256_HQC_128,100.485598
P256_HQC_128,P256_HQC_128,102.016337
P256_HQC_128,P256_HQC_128,100.033732
P256_HQC_128,P256_HQC_128,105.454825
P256_HQC_128,P256_HQC_128,100.964271
P256_HQC_128,P256_HQC_128,103.518294
P256_HQC_128,P256_HQC_128,103.035021
P256_HQC_128,P256_HQC_128,106.985386
P256_HQC_128,P256_HQC_128,100.59279
P256_HQC_128,P256_HQC_128,104.618747
P256_HQC_128,P256_HQC_128,102.623256
P256_HQC_128,P256_HQC_128,104.841232
P256_HQC_128,P256_HQC_128,102.973986
P256_HQC_128,P256_HQC_128,107.434943
P256_HQC_128,P256_HQC_128,103.888378
P256_HQC_128,P256_HQC_128,101.324095
P256_HQC_128,P256_HQC_128,101.237657
P256_HQC_128,P256_HQC_128,103.69163
P256_HQC_128,P256_HQC_128,103.37577
P256_HQC_128,P256_HQC_128,98.396083
P256_HQC_128,P256_HQC_128,107.077311
P256_HQC_128,P256_HQC_128,97.159632
P256_HQC_128,P256_HQC_128,104.182598
P256_HQC_128,P256_HQC_128,99.751596
P256_HQC_128,P256_HQC_128,104.919517
P256_HQC_128,P256_HQC_128,102.089176
P256_HQC_128,P256_HQC_128,100.545286
P256_HQC_128,P256_HQC_128,100.34673
P256_HQC_128,P256_HQC_128,106.056438
P256_HQC_128,P256_HQC_128,97.883869
P256_HQC_128,P256_HQC_128,99.544966
P256_HQC_128,P256_HQC_128,100.193583
P256_HQC_128,P256_HQC_128,101.379917
P256_HQC_128,P256_HQC_128,97.180112
P256_HQC_128,P256_HQC_128,104.630073
P256_HQC_128,P256_HQC_128,102.162195
P256_HQC_128,P256_HQC_128,107.518259
P256_HQC_128,P256_HQC_128,97.967355
P256_HQC_128,P256_HQC_128,107.747261
P256_HQC_128,P256_HQC_128,105.584884
P256_HQC_128,P256_HQC_128,107.639754
P256_HQC_128,P256_HQC_128,103.870391
P256_HQC_128,P256_HQC_128,104.066878
P256_HQC_128,P256_HQC_128,102.148404
P256_HQC_128,P256_HQC_128,101.242285
P256_HQC_128,P256_HQC_128,104.691364
P256_HQC_128,P256_HQC_128,106.150825
P256_HQC_128,P256_HQC_128,109.091819
P256_HQC_128,P256_HQC_128,104.263068
P256_HQC_128,P256_HQC_128,104.786211
P256_HQC_128,P256_HQC_128,102.611349
P256_HQC_128,P256_HQC_128,102.672858
P256_HQC_128,P256_HQC_128,96.850944
P256_HQC_128,P256_HQC_128,104.987394
P256_HQC_128,P256_HQC_128,103.929954
P256_HQC_128,P256_HQC_128,107.599904
P256_HQC_128,P256_HQC_128,99.457743
P256_HQC_128,P256_HQC_128,101.074118
P256_HQC_128,P256_HQC_128,105.83135
P256_HQC_128,P256_HQC_128,101.641215
P256_HQC_128,P256_HQC_128,109.149332
P256_HQC_128,P256_HQC_128,99.336771
P256_HQC_128,P256_HQC_128,99.548094
P256_HQC_128,P256_HQC_128,99.650494
P256_HQC_128,P256_HQC_128,97.06521
P256_HQC_128,P256_HQC_128,98.469764
P256_HQC_128,P256_HQC_128,107.555584
P256_HQC_128,P256_HQC_128,101.203571
P256_HQC_128,P256_HQC_128,105.133364
P256_HQC_128,P256_HQC_128,98.994927
P256_HQC_128,P256_HQC_128,99.583453
P256_HQC_128,P256_HQC_128,103.450948
P256_HQC_128,P256_HQC_128,106.753757
P256_HQC_128,P256_HQC_128,106.234024
P256_HQC_128,P256_HQC_128,102.675659
P256_HQC_128,P256_HQC_128,97.240765
P256_HQC_128,P256_HQC_128,102.265484
P256_HQC_128,P256_HQC_128,104.575472
P256_HQC_128,P256_HQC_128,102.96537
P256_HQC_128,P256_HQC_128,99.830926
P256_HQC_128,P256_HQC_128,109.083713
P256_HQC_128,P256_HQC_128,110.157726
P256_HQC_128,P256_HQC_128,96.980225
P256_HQC_128,P256_HQC_128,110.167514
P256_HQC_128,P256_HQC_128,102.871502
P256_HQC_128,P256_HQC_128,104.854476
P256_HQC_128,P256_HQC_128,100.591004
P256_HQC_128,P256_HQC_128,100.178425
P256_HQC_128,P256_HQC_128,101.292508
P256_HQC_128,P256_HQC_128,101.851569
P256_HQC_128,P256_HQC_128,104.792524
P256_HQC_128,P256_HQC_128,107.377863
P256_HQC_128,P256_HQC_128,103.474933
P256_HQC_128,P256_HQC_128,99.66341
P256_HQC_128,P256_HQC_128,107.372092
P256_HQC_128,P256_HQC_128,102.989225
P256_HQC_128,P256_HQC_128,100.383182
P256_HQC_128,P256_HQC_128,108.145335
P256_HQC_128,P256_HQC_128,106.106219
P256_HQC_128,P256_HQC_128,105.086232
P256_HQC_128,P256_HQC_128,103.347564
P256_HQC_128,P256_HQC_128,99.51443
P256_HQC_128,P256_HQC_128,101.816362
P256_HQC_128,P256_HQC_128,100.232366
P256_HQC_128,P256_HQC_128,99.821267
P256_HQC_128,P256_HQC_128,99.945257
P256_HQC_128,P256_HQC_128,104.714124
P256_HQC_128,P256_HQC_128,100.938889
P256_HQC_128,P256_HQC_128,103.497163
P256_HQC_128,P256_HQC_128,99.532745
P256_HQC_128,P256_HQC_128,97.152421
P256_HQC_128,P256_HQC_128,105.829348
P256_HQC_128,P256_HQC_128,104.926397
P256_HQC_128,P256_Classic_McEliece_348864,97.060286
P256_HQC_128,P256_Classic_McEliece_348864,96.194718
P256_HQC_128,P256_Classic_McEliece_348864,96.909784
P256_HQC_128,P256_Classic_McEliece_348864,101.208362
P256_HQC_128,P256_Classic_McEliece_348864,97.779953
P256_HQC_128,P256_Classic_McEliece_348864,98.258834
P256_HQC_128,P256_Classic_McEliece_348864,92.726282
P256_HQC_128,P256_Classic_McEliece_348864,94.225866
P256_HQC_128,P256_Classic_McEliece_348864,96.099419
P256_HQC_128,P256_Classic_McEliece_348864,97.045737
P256_HQC_128,P256_Classic_McEliece_348864,100.24357
P256_HQC_128,P256_Classic_McEliece_348864,93.534919
P256_HQC_128,P256_Classic_McEliece_348864,96.205017
P256_HQC_128,P256_Classic_McEliece_348864,96.507374
P256_HQC_128,P256_Classic_McEliece_348864,96.898224
P256_HQC_128,P256_Classic_McEliece_348864,90.827869
P256_HQC_128,P256_Classic_McEliece_348864,94.931185
P256_HQC_128,P256_Classic_McEliece_348864,96.384748
P256_HQC_128,P256_Classic_McEliece_348864,93.908909
P256_HQC_128,P256_Classic_McEliece_348864,90.981686
P256_HQC_128,P256_Classic_McEliece_348864,94.805637
P256_HQC_128,P256_Classic_McEliece_348864,88.329571
P256_HQC_128,P256_Classic_McEliece_348864,90.841822
P256_HQC_128,P256_Classic_McEliece_348864,99.718119
P256_HQC_128,P256_Classic_McEliece_348864,91.236636
P256_HQC_128,P256_Classic_McEliece_348864,100.67305
P256_HQC_128,P256_Classic_McEliece_348864,97.839292
P256_HQC_128,P256_Classic_McEliece_348864,94.154646
P256_HQC_128,P256_Classic_McEliece_348864,89.038348
P256_HQC_128,P256_Classic_McEliece_348864,90.988448
P256_HQC_128,P256_Classic_McEliece_348864,98.150357
P256_HQC_128,P256_Classic_McEliece_348864,92.612834
P256_HQC_128,P256_Classic_McEliece_348864,90.924822
P256_HQC_128,P256_Classic_McEliece_348864,98.9843
P256_HQC_128,P256_Classic_McEliece_348864,99.296847
P256_HQC_128,P256_Classic_McEliece_348864,92.904995
P256_HQC_128,P256_Classic_McEliece_348864,99.517257
P256_HQC_128,P256_Classic_McEliece_348864,102.615782
P256_HQC_128,P256_Classic_McEliece_348864,94.978595
P256_HQC_128,P256_Classic_McEliece_348864,95.935164
P256_HQC_128,P256_Classic_McEliece_348864,92.876955
P256_HQC_128,P256_Classic_McEliece_348864,90.471723
P256_HQC_128,P256_Classic_McEliece_348864,99.274845
P256_HQC_128,P256_Classic_McEliece_348864,90.513225
P256_HQC_128,P256_Classic_McEliece_348864,93.003591
P256_HQC_128,P256_Classic_McEliece_348864,92.345865
P256_HQC_128,P256_Classic_McEliece_348864,95.270741
P256_HQC_128,P256_Classic_McEliece_348864,96.336365
P256_HQC_128,P256_Classic_McEliece_348864,95.755543
P256_HQC_128,P256_Classic_McEliece_348864,98.505862
P256_HQC_128,P256_Classic_McEliece_348864,92.335376
P256_HQC_128,P256_Classic_McEliece_348864,88.318803
P256_HQC_128,P256_Classic_McEliece_348864,98.034123
P256_HQC_128,P256_Classic_McEliece_348864,91.915155
P256_HQC_128,P256_Classic_McEliece_348864,97.38718
P256_HQC_128,P256_Classic_McEliece_348864,96.828945
P256_HQC_128,P256_Classic_McEliece_348864,91.893464
P256_HQC_128,P256_Classic_McEliece_348864,92.318776
P256_HQC_128,P256_Classic_McEliece_348864,98.691623
P256_HQC_128,P256_Classic_McEliece_348864,96.387719
P256_HQC_128,P256_Classic_McEliece_348864,92.873032
P256_HQC_128,P256_Classic_McEliece_348864,97.902539
P256_HQC_128,P256_Classic_McEliece_348864,98.045225
P256_HQC_128,P256_Classic_McEliece_348864,91.465215
P256_HQC_128,P256_Classic_McEliece_348864,93.190034
P256_HQC_128,P256_Classic_McEliece_348864,95.91734
P256_HQC_128,P256_Classic_McEliece_348864,95.950752
P256_HQC_128,P256_Classic_McEliece_348864,89.872168
P256_HQC_128,P256_Classic_McEliece_348864,99.620284
P256_HQC_128,P256_Classic_McEliece_348864,101.773008
P256_HQC_128,P256_Classic_McEliece_348864,97.856236
P256_HQC_128,P256_Classic_McEliece_348864,96.653253
P256_HQC_128,P256_Classic_McEliece_348864,96.997882
P256_HQC_128,P256_Classic_McEliece_348864,90.500669
P256_HQC_128,P256_Classic_McEliece_348864,94.18063
P256_HQC_128,P256_Classic_McEliece_348864,95.259201
P256_HQC_128,P256_Classic_McEliece_348864,93.562305
P256_HQC_128,P256_Classic_McEliece_348864,90.146348
P256_HQC_128,P256_Classic_McEliece_348864,95.892636
P256_HQC_128,P256_Classic_McEliece_348864,94.321649
P256_HQC_128,P256_Classic_McEliece_348864,97.712075
P256_HQC_128,P256_Classic_McEliece_348864,93.993749
P256_HQC_128,P256_Classic_McEliece_348864,97.743458
P256_HQC_128,P256_Classic_McEliece_348864,89.8771
P256_HQC_128,P256_Classic_McEliece_348864,93.806851
P256_HQC_128,P256_Classic_McEliece_348864,95.978998
P256_HQC_128,P256_Classic_McEliece_348864,96.238859
P256_HQC_128,P256_Classic_McEliece_348864,92.935253
P256_HQC_128,P256_Classic_McEliece_348864,92.737347
P256_HQC_128,P256_Classic_McEliece_348864,93.210466
P256_HQC_128,P256_Classic_McEliece_348864,93.612228
P256_HQC_128,P256_Classic_McEliece_348864,97.762454
P256_HQC_128,P256_Classic_McEliece_348864,89.848589
P256_HQC_128,P256_Classic_McEliece_348864,95.313231
P256_HQC_128,P256_Classic_McEliece_348864,92.90445
P256_HQC_128,P256_Classic_McEliece_348864,97.862531
P256_HQC_128,P256_Classic_McEliece_348864,94.711283
P256_HQC_128,P256_Classic_McEliece_348864,91.079081
P256_HQC_128,P256_Classic_McEliece_348864,96.639566
P256_HQC_128,P256_Classic_McEliece_348864,93.933086
P256_HQC_128,P256_Classic_McEliece_348864,97.4311
P256_HQC_128,P256_Classic_McEliece_348864,102.524102
P256_HQC_128,P256_Classic_McEliece_348864,94.730985
P256_HQC_128,P256_Classic_McEliece_348864,97.398595
P256_HQC_128,P256_Classic_McEliece_348864,97.438366
P256_HQC_128,P256_Classic_McEliece_348864,95.538582
P256_HQC_128,P256_Classic_McEliece_348864,96.039401
P256_HQC_128,P256_Classic_McEliece_348864,95.214294
P256_HQC_128,P256_Classic_McEliece_348864,96.949196
P256_HQC_128,P256_Classic_McEliece_348864,98.123307
P256_HQC_128,P256_Classic_McEliece_348864,96.106847
P256_HQC_128,P256_Classic_McEliece_348864,98.162651
P256_HQC_128,P256_Classic_McEliece_348864,95.714553
P256_HQC_128,P256_Classic_McEliece_348864,97.873317
P256_HQC_128,P256_Classic_McEliece_348864,96.269963
P256_HQC_128,P256_Classic_McEliece_348864,92.434445
P256_HQC_128,P256_Classic_McEliece_348864,97.522672
P256_HQC_128,P256_Classic_McEliece_348864,93.399494
P256_HQC_128,P256_Classic_McEliece_348864,98.234893
P256_HQC_128,P256_Classic_McEliece_348864,93.044442
P256_HQC_128,P256_Classic_McEliece_348864,95.235481
P256_HQC_128,P256_Classic_McEliece_348864,93.237031
P256_HQC_128,P256_Classic_McEliece_348864,94.136885
P256_HQC_128,P256_Classic_McEliece_348864,95.47362
P256_HQC_128,P256_Classic_McEliece_348864,96.281591
P256_HQC_128,P256_Classic_McEliece_348864,98.941942
P256_HQC_128,P256_Classic_McEliece_348864,96.564884
P256_HQC_128,P256_Classic_McEliece_348864,91.986742
P256_HQC_128,P256_Classic_McEliece_348864,93.731136
P256_HQC_128,P256_Classic_McEliece_348864,96.00523
P256_HQC_128,P256_Classic_McEliece_348864,95.679835
P256_HQC_128,P256_Classic_McEliece_348864,99.457898
P256_HQC_128,P256_Classic_McEliece_348864,96.183094
P256_HQC_128,P256_Classic_McEliece_348864,92.643624
P256_HQC_128,P256_Classic_McEliece_348864,95.769032
P256_HQC_128,P256_Classic_McEliece_348864,92.275531
P256_HQC_128,P256_Classic_McEliece_348864,101.529569
P256_HQC_128,P256_Classic_McEliece_348864,94.196188
P256_HQC_128,P256_Classic_McEliece_348864,91.77054
P256_HQC_128,P256_Classic_McEliece_348864,101.865025
P256_HQC_128,P256_Classic_McEliece_348864,96.580377
P256_HQC_128,P256_Classic_McEliece_348864,91.81337
P256_HQC_128,P256_Classic_McEliece_348864,97.287836
P256_HQC_128,P256_Classic_McEliece_348864,93.839955
P256_HQC_128,P256_Classic_McEliece_348864,102.349932
P256_HQC_128,P256_Classic_McEliece_348864,89.090608
P256_HQC_128,P256_Classic_McEliece_348864,97.830453
P256_HQC_128,P256_Classic_McEliece_348864,98.408599
P256_HQC_128,P256_Classic_McEliece_348864,93.536104
P256_HQC_128,P256_Classic_McEliece_348864,90.637294
P256_HQC_128,P256_Classic_McEliece_348864,103.578032
P256_HQC_128,P256_Classic_McEliece_348864,94.226461
P256_HQC_128,P256_Classic_McEliece_348864,99.686694
P256_HQC_128,P256_Classic_McEliece_348864,92.21387
P256_HQC_128,P256_Classic_McEliece_348864,96.099997
P256_HQC_128,P256_Classic_McEliece_348864,96.36892
P256_HQC_128,P256_Classic_McEliece_348864,94.036089
P256_HQC_128,P256_Classic_McEliece_348864,90.382518
P256_HQC_128,P256_Classic_McEliece_348864,96.005472
P256_HQC_128,P256_Classic_McEliece_348864,100.336196
P256_HQC_128,P256_Classic_McEliece_348864,94.357144
P256_HQC_128,P256_Classic_McEliece_348864,90.281139
P256_HQC_128,P256_Classic_McEliece_348864,98.877525
P256_HQC_128,P256_Classic_McEliece_348864,90.79606
P256_HQC_128,P256_Classic_McEliece_348864,98.523689
P256_HQC_128,P256_Classic_McEliece_348864,98.180803
P256_HQC_128,P256_Classic_McEliece_348864,96.534733
P256_HQC_128,P256_Classic_McEliece_348864,96.188728
P256_HQC_128,P256_Classic_McEliece_348864,98.928316
P256_HQC_128,P256_Classic_McEliece_348864,96.666564
P256_HQC_128,P256_Classic_McEliece_348864,93.662028
P256_HQC_128,P256_Classic_McEliece_348864,96.588057
P256_HQC_128,P256_Classic_McEliece_348864,92.747169
P256_HQC_128,P256_Classic_McEliece_348864,96.755658
P256_HQC_128,P256_Classic_McEliece_348864,97.170743
P256_HQC_128,P256_Classic_McEliece_348864,92.793301
P256_HQC_128,P256_Classic_McEliece_348864,97.158055
P256_HQC_128,P256_Classic_McEliece_348864,99.735868
P256_HQC_128,P256_Classic_McEliece_348864,96.48789
P256_HQC_128,P256_Classic_McEliece_348864,93.478814
P256_HQC_128,P256_Classic_McEliece_348864,103.947739
P256_HQC_128,P256_Classic_McEliece_348864,94.455206
P256_HQC_128,P256_Classic_McEliece_348864,97.508178
P256_HQC_128,P256_Classic_McEliece_348864,96.087428
P256_HQC_128,P256_Classic_McEliece_348864,104.038015
P256_HQC_128,P256_Classic_McEliece_348864,92.542721
P256_HQC_128,P256_Classic_McEliece_348864,94.916272
P256_HQC_128,P256_Classic_McEliece_348864,93.418784
P256_HQC_128,P256_Classic_McEliece_348864,94.972971
P256_HQC_128,P256_Classic_McEliece_348864,90.134387
P256_HQC_128,P256_Classic_McEliece_348864,96.334519
P256_HQC_128,P256_Classic_McEliece_348864,95.190333
P256_HQC_128,P256_Classic_McEliece_348864,90.857691
P256_HQC_128,P256_Classic_McEliece_348864,92.726294
P256_HQC_128,P256_Classic_McEliece_348864,96.333529
P256_HQC_128,P256_Classic_McEliece_348864,95.044771
P256_HQC_128,P256_Classic_McEliece_348864,92.485201
P256_HQC_128,P256_Classic_McEliece_348864,89.81993
P256_HQC_128,P256_Classic_McEliece_348864,99.409508
P256_HQC_128,P256_Classic_McEliece_348864,94.856559
P256_HQC_128,P256_Classic_McEliece_348864,91.491255
P256_HQC_128,P256_Classic_McEliece_348864,91.02622
P256_HQC_128,P256_Classic_McEliece_348864,100.450507
P256_HQC_128,P256_Classic_McEliece_348864,92.565509
P256_HQC_128,P256_Classic_McEliece_348864,100.667413
P256_HQC_128,P256_Classic_McEliece_348864,96.535869
P256_HQC_128,P256_Classic_McEliece_348864,92.530725
P256_HQC_128,P256_Classic_McEliece_348864,91.016251
P256_HQC_128,P256_Classic_McEliece_348864,94.856742
P256_HQC_128,P256_Classic_McEliece_348864,95.295244
P256_HQC_128,P256_Classic_McEliece_348864,94.197975
P256_HQC_128,P256_Classic_McEliece_348864,91.131658
P256_HQC_128,P256_Classic_McEliece_348864,97.158259
P256_HQC_128,P256_Classic_McEliece_348864,93.043456
P256_HQC_128,P256_Classic_McEliece_348864,93.295067
P256_HQC_128,P256_Classic_McEliece_348864,92.605825
P256_HQC_128,P256_Classic_McEliece_348864,94.406513
P256_HQC_128,P256_Classic_McEliece_348864,95.881018
P256_HQC_128,P256_Classic_McEliece_348864,95.507853
P256_HQC_128,P256_Classic_McEliece_348864,95.854723
P256_HQC_128,P256_Classic_McEliece_348864,93.962159
P256_HQC_128,P256_Classic_McEliece_348864,96.068155
P256_HQC_128,P256_Classic_McEliece_348864,94.49884
P256_HQC_128,P256_Classic_McEliece_348864,94.163888
P256_HQC_128,P256_Classic_McEliece_348864,96.840926
P256_HQC_128,P256_Classic_McEliece_348864,96.314168
P256_HQC_128,P256_Classic_McEliece_348864,97.400361
P256_HQC_128,P256_Classic_McEliece_348864,91.663054
P256_HQC_128,P256_Classic_McEliece_348864,91.754787
P256_HQC_128,P256_Classic_McEliece_348864,92.76601
P256_HQC_128,P256_Classic_McEliece_348864,96.514692
P256_HQC_128,P256_Classic_McEliece_348864,92.437393
P256_HQC_128,P256_Classic_McEliece_348864,94.38181
P256_HQC_128,P256_Classic_McEliece_348864,96.998242
P256_HQC_128,P256_Classic_McEliece_348864,90.696074
P256_HQC_128,P256_Classic_McEliece_348864,97.527579
P256_HQC_128,P256_Classic_McEliece_348864,92.54743
P256_HQC_128,P256_Classic_McEliece_348864,93.11953
P256_HQC_128,P256_Classic_McEliece_348864,102.165508
P256_HQC_128,P256_Classic_McEliece_348864,99.258146
P256_HQC_128,P256_Classic_McEliece_348864,95.564648
P256_HQC_128,P256_Classic_McEliece_348864,96.954342
P256_HQC_128,P256_Classic_McEliece_348864,90.129968
P256_HQC_128,P256_Classic_McEliece_348864,89.188775
P256_HQC_128,P256_Classic_McEliece_348864,92.262708
P256_HQC_128,P256_Classic_McEliece_348864,93.644636
P256_HQC_128,P256_Classic_McEliece_348864,100.282912
P256_HQC_128,P256_Classic_McEliece_348864,95.157371
P256_HQC_128,P256_Classic_McEliece_348864,91.001663
P256_HQC_128,P256_Classic_McEliece_348864,96.830667
P256_HQC_128,P256_Classic_McEliece_348864,100.862673
P256_HQC_128,P256_Classic_McEliece_348864,95.979145
P256_HQC_128,P256_Classic_McEliece_348864,100.888612
P256_HQC_128,P256_Classic_McEliece_348864,96.671885
P256_HQC_128,P256_Classic_McEliece_348864,90.156666
P256_HQC_128,P256_Classic_McEliece_348864,93.799474
P256_HQC_128,P256_Classic_McEliece_348864,100.510851
P256_HQC_128,P256_Classic_McEliece_348864,97.759634
P256_HQC_128,P256_Classic_McEliece_348864,96.536182
P256_HQC_128,P256_Classic_McEliece_348864,96.135842
P256_HQC_128,P256_Classic_McEliece_348864,97.84271
P256_HQC_128,P256_Classic_McEliece_348864,91.437607
P256_HQC_128,P256_Classic_McEliece_348864,97.114664
P256_HQC_128,P256_Classic_McEliece_348864,96.260321
P256_HQC_128,P256_Classic_McEliece_348864,101.915608
P256_HQC_128,P256_Classic_McEliece_348864,94.297805
P256_HQC_128,P256_Classic_McEliece_348864,98.051097
P256_HQC_128,P256_Classic_McEliece_348864,94.064601
P256_HQC_128,P256_Classic_McEliece_348864,98.721896
P256_HQC_128,P256_Classic_McEliece_348864,93.657009
P256_HQC_128,P256_Classic_McEliece_348864,96.935764
P256_HQC_128,P256_Classic_McEliece_348864,97.724725
P256_HQC_128,P256_Classic_McEliece_348864,92.754983
P256_HQC_128,P256_Classic_McEliece_348864,91.517238
P256_HQC_128,P256_Classic_McEliece_348864,98.057803
P256_HQC_128,P256_Classic_McEliece_348864,98.999626
P256_HQC_128,P256_Classic_McEliece_348864,96.538032
P256_HQC_128,P256_Classic_McEliece_348864,96.983829
P256_HQC_128,P256_Classic_McEliece_348864,97.470191
P256_HQC_128,P256_Classic_McEliece_348864,93.315216
P256_HQC_128,P256_Classic_McEliece_348864,92.625761
P256_HQC_128,P256_Classic_McEliece_348864,97.026592
P256_HQC_128,P256_Classic_McEliece_348864,100.607316
P256_HQC_128,P256_Classic_McEliece_348864,96.399481
P256_HQC_128,P256_Classic_McEliece_348864,98.449541
P256_HQC_128,P256_Classic_McEliece_348864,98.401969
P256_HQC_128,P256_Classic_McEliece_348864,91.835965
P256_HQC_128,P256_Classic_McEliece_348864,92.459272
P256_HQC_128,P256_Classic_McEliece_348864,98.982967
P256_HQC_128,P256_Classic_McEliece_348864,91.682943
P256_HQC_128,P256_Classic_McEliece_348864,96.166538
P256_HQC_128,P256_Classic_McEliece_348864,91.825342
P256_HQC_128,P256_Classic_McEliece_348864,96.172091
P256_HQC_128,P256_Classic_McEliece_348864,93.499726
P256_HQC_128,P256_Classic_McEliece_348864,89.944391
P256_HQC_128,P256_Classic_McEliece_348864,94.690376
P256_HQC_128,P256_Classic_McEliece_348864,93.727438
P256_HQC_128,P256_Classic_McEliece_348864,99.077928
P256_HQC_128,P256_Classic_McEliece_348864,94.460217
P256_HQC_128,P256_Classic_McEliece_348864,95.515668
P256_HQC_128,P256_Classic_McEliece_348864,102.670082
P256_HQC_128,P256_Classic_McEliece_348864,101.319726
P256_HQC_128,P256_Classic_McEliece_348864,95.179392
P256_HQC_128,P256_Classic_McEliece_348864,97.123226
P256_HQC_128,P256_Classic_McEliece_348864,101.678308
P256_HQC_128,P256_Classic_McEliece_348864,92.130497
P256_HQC_128,P256_Classic_McEliece_348864,94.996277
P256_HQC_128,P256_Classic_McEliece_348864,96.346845
P256_HQC_128,P256_Classic_McEliece_348864,96.140356
P256_HQC_128,P256_Classic_McEliece_348864,95.238865
P256_HQC_128,P256_Classic_McEliece_348864,100.865622
P256_HQC_128,P256_Classic_McEliece_348864,100.164452
P256_HQC_128,P256_Classic_McEliece_348864,92.384694
P256_HQC_128,P256_Classic_McEliece_348864,98.281728
P256_HQC_128,P256_Classic_McEliece_348864,91.131709
P256_HQC_128,P256_Classic_McEliece_348864,98.749317
P256_HQC_128,P256_Classic_McEliece_348864,96.472009
P256_HQC_128,P256_Classic_McEliece_348864,99.573555
P256_HQC_128,P256_Classic_McEliece_348864,100.948222
P256_HQC_128,P256_Classic_McEliece_348864,100.325029
P256_HQC_128,P256_Classic_McEliece_348864,102.355157
P256_HQC_128,P256_Classic_McEliece_348864,92.499559
P256_HQC_128,P256_Classic_McEliece_348864,91.080019
P256_HQC_128,P256_Classic_McEliece_348864,101.119754
P256_HQC_128,P256_Classic_McEliece_348864,97.951718
P256_HQC_128,P256_Classic_McEliece_348864,97.737011
P256_HQC_128,P256_Classic_McEliece_348864,97.422485
P256_HQC_128,P256_Classic_McEliece_348864,97.179141
P256_HQC_128,P256_Classic_McEliece_348864,96.744515
P256_HQC_128,P256_Classic_McEliece_348864,97.164595
P256_HQC_128,P256_Classic_McEliece_348864,95.663816
P256_HQC_128,P256_Classic_McEliece_348864,92.994852
P256_HQC_128,P256_Classic_McEliece_348864,95.240929
P256_HQC_128,P256_Classic_McEliece_348864,96.927895
P256_HQC_128,P256_Classic_McEliece_348864,95.622424
P256_HQC_128,P256_Classic_McEliece_348864,97.793252
P256_HQC_128,P256_Classic_McEliece_348864,95.943278
P256_HQC_128,P256_Classic_McEliece_348864,91.500984
P256_HQC_128,P256_Classic_McEliece_348864,93.956981
P256_HQC_128,P256_Classic_McEliece_348864,94.922771
P256_HQC_128,P256_Classic_McEliece_348864,93.76771
P256_HQC_128,P256_Classic_McEliece_348864,92.482747
P256_HQC_128,P256_Classic_McEliece_348864,89.172261
P256_HQC_128,P256_Classic_McEliece_348864,90.093719
P256_HQC_128,P256_Classic_McEliece_348864,98.010611
P256_HQC_128,P256_Classic_McEliece_348864,96.191175
P256_HQC_128,P256_Classic_McEliece_348864,98.572638
P256_HQC_128,P256_Classic_McEliece_348864,96.322057
P256_HQC_128,P256_Classic_McEliece_348864,96.815795
P256_HQC_128,P256_Classic_McEliece_348864,97.87479
P256_HQC_128,P256_Classic_McEliece_348864,91.1202
P256_HQC_128,P256_Classic_McEliece_348864,98.022676
P256_HQC_128,P256_Classic_McEliece_348864,98.09686
P256_HQC_128,P256_Classic_McEliece_348864,92.324976
P256_HQC_128,P256_Classic_McEliece_348864,96.590296
P256_HQC_128,P256_Classic_McEliece_348864,95.072014
P256_HQC_128,P256_Classic_McEliece_348864,95.14846
P256_HQC_128,P256_Classic_McEliece_348864,99.703584
P256_HQC_128,P256_Classic_McEliece_348864,103.490973
P256_HQC_128,P256_Classic_McEliece_348864,97.639764
P256_HQC_128,P256_Classic_McEliece_348864,95.503246
P256_HQC_128,P256_Classic_McEliece_348864,92.537734
P256_HQC_128,P256_Classic_McEliece_348864,97.112777
P256_HQC_128,P256_Classic_McEliece_348864,97.465059
P256_HQC_128,P256_Classic_McEliece_348864,97.167251
P256_HQC_128,P256_Classic_McEliece_348864,91.987239
P256_HQC_128,P256_Classic_McEliece_348864,92.636282
P256_HQC_128,P256_Classic_McEliece_348864,95.361183
P256_HQC_128,P256_Classic_McEliece_348864,95.774597
P256_HQC_128,P256_Classic_McEliece_348864,92.022562
P256_HQC_128,P256_Classic_McEliece_348864,97.482331
P256_HQC_128,P256_Classic_McEliece_348864,96.544439
P256_HQC_128,P256_Classic_McEliece_348864,88.58277
P256_HQC_128,P256_Classic_McEliece_348864,96.177707
P256_HQC_128,P256_Classic_McEliece_348864,99.159533
P256_HQC_128,P256_Classic_McEliece_348864,98.674036
P256_HQC_128,P256_Classic_McEliece_348864,99.553416
P256_HQC_128,P256_Classic_McEliece_348864,96.099739
P256_HQC_128,P256_Classic_McEliece_348864,97.44827
P256_HQC_128,P256_Classic_McEliece_348864,98.59637
P256_HQC_128,P256_Classic_McEliece_348864,98.618924
P256_HQC_128,P256_Classic_McEliece_348864,95.532053
P256_HQC_128,P256_Classic_McEliece_348864,88.235719
P256_HQC_128,P256_Classic_McEliece_348864,97.866637
P256_HQC_128,P256_Classic_McEliece_348864,97.723174
P256_HQC_128,P256_Classic_McEliece_348864,100.900893
P256_HQC_128,P256_Classic_McEliece_348864,92.221904
P256_HQC_128,P256_Classic_McEliece_348864,95.729664
P256_HQC_128,P256_Classic_McEliece_348864,92.319256
P256_HQC_128,P256_Classic_McEliece_348864,96.279645
P256_HQC_128,P256_Classic_McEliece_348864,97.459305
P256_HQC_128,P256_Classic_McEliece_348864,95.160218
P256_HQC_128,P256_Classic_McEliece_348864,96.377032
P256_HQC_128,P256_Classic_McEliece_348864,93.669749
P256_HQC_128,P256_Classic_McEliece_348864,98.230198
P256_HQC_128,P256_Classic_McEliece_348864,97.798059
P256_HQC_128,P256_Classic_McEliece_348864,94.299733
P256_HQC_128,P256_Classic_McEliece_348864,102.265883
P256_HQC_128,P256_Classic_McEliece_348864,91.013401
P256_HQC_128,P256_Classic_McEliece_348864,93.665914
P256_HQC_128,P256_Classic_McEliece_348864,96.120628
P256_HQC_128,P256_Classic_McEliece_348864,93.615498
P256_HQC_128,P256_Classic_McEliece_348864,94.384931
P256_HQC_128,P256_Classic_McEliece_348864,99.150329
P256_HQC_128,P256_Classic_McEliece_348864,97.477274
P256_HQC_128,P256_Classic_McEliece_348864,95.527433
P256_HQC_128,P256_Classic_McEliece_348864,101.797135
P256_HQC_128,P256_Classic_McEliece_348864,92.265265
P256_HQC_128,P256_Classic_McEliece_348864,93.24814
P256_HQC_128,P256_Classic_McEliece_348864,98.631074
P256_HQC_128,P256_Classic_McEliece_348864,96.359726
P256_HQC_128,P256_Classic_McEliece_348864,99.507079
P256_HQC_128,P256_Classic_McEliece_348864,98.667433
P256_HQC_128,P256_Classic_McEliece_348864,96.881128
P256_HQC_128,P256_Classic_McEliece_348864,91.83073
P256_HQC_128,P256_Classic_McEliece_348864,89.694194
P256_HQC_128,P256_Classic_McEliece_348864,92.781701
P256_HQC_128,P256_Classic_McEliece_348864,94.971016
P256_HQC_128,P256_Classic_McEliece_348864,98.436148
P256_HQC_128,P256_Classic_McEliece_348864,97.392912
P256_HQC_128,P256_Classic_McEliece_348864,97.082446
P256_HQC_128,P256_Classic_McEliece_348864,91.131385
P256_HQC_128,P256_Classic_McEliece_348864,96.631994
P256_HQC_128,P256_Classic_McEliece_348864,100.799176
P256_HQC_128,P256_Classic_McEliece_348864,94.233461
P256_HQC_128,P256_Classic_McEliece_348864,102.30891
P256_HQC_128,P256_Classic_McEliece_348864,96.374147
P256_HQC_128,P256_Classic_McEliece_348864,99.205137
P256_HQC_128,P256_Classic_McEliece_348864,97.203398
P256_HQC_128,P256_Classic_McEliece_348864,93.353378
P256_HQC_128,P256_Classic_McEliece_348864,102.371657
P256_HQC_128,P256_Classic_McEliece_348864,94.355994
P256_HQC_128,P256_Classic_McEliece_348864,90.922268
P256_HQC_128,P256_Classic_McEliece_348864,95.768023
P256_HQC_128,P256_Classic_McEliece_348864,89.684326
P256_HQC_128,P256_Classic_McEliece_348864,96.427665
P256_HQC_128,P256_Classic_McEliece_348864,95.307293
P256_HQC_128,P256_Classic_McEliece_348864,93.826553
P256_HQC_128,P256_Classic_McEliece_348864,96.84572
P256_HQC_128,P256_Classic_McEliece_348864,92.918373
P256_HQC_128,P256_Classic_McEliece_348864,92.505513
P256_HQC_128,P256_Classic_McEliece_348864,91.387658
P256_HQC_128,P256_Classic_McEliece_348864,91.599294
P256_HQC_128,P256_Classic_McEliece_348864,96.661608
P256_HQC_128,P256_Classic_McEliece_348864,96.73328
P256_HQC_128,P256_Classic_McEliece_348864,100.838209
P256_HQC_128,P256_Classic_McEliece_348864,92.343179
P256_HQC_128,P256_Classic_McEliece_348864,93.88578
P256_HQC_128,P256_Classic_McEliece_348864,96.826051
P256_HQC_128,P256_Classic_McEliece_348864,90.624189
P256_HQC_128,P256_Classic_McEliece_348864,94.82438
P256_HQC_128,P256_Classic_McEliece_348864,98.778937
P256_HQC_128,P256_Classic_McEliece_348864,100.393362
P256_HQC_128,P256_Classic_McEliece_348864,97.751258
P256_HQC_128,P256_Classic_McEliece_348864,94.857331
P256_HQC_128,P256_Classic_McEliece_348864,96.979277
P256_HQC_128,P256_Classic_McEliece_348864,97.128682
P256_HQC_128,P256_Classic_McEliece_348864,93.626291
P256_HQC_128,P256_Classic_McEliece_348864,95.341681
P256_HQC_128,P256_Classic_McEliece_348864,99.891769
P256_HQC_128,P256_Classic_McEliece_348864,102.124459
P256_HQC_128,P256_Classic_McEliece_348864,100.952634
P256_HQC_128,P256_Classic_McEliece_348864,95.02169
P256_HQC_128,P256_Classic_McEliece_348864,94.881532
P256_HQC_128,P256_Classic_McEliece_348864,101.912982
P256_HQC_128,P256_Classic_McEliece_348864,92.838516
P256_HQC_128,P256_Classic_McEliece_348864,94.179543
P256_HQC_128,P256_Classic_McEliece_348864,99.40638
P256_HQC_128,P256_Classic_McEliece_348864,97.726133
P256_HQC_128,P256_Classic_McEliece_348864,97.812447
P256_HQC_128,P256_Classic_McEliece_348864,93.10768
P256_HQC_128,P256_Classic_McEliece_348864,93.706758
P256_HQC_128,P256_Classic_McEliece_348864,97.890891
P256_HQC_128,P256_Classic_McEliece_348864,92.374674
P256_HQC_128,P256_Classic_McEliece_348864,90.484252
P256_HQC_128,P256_Classic_McEliece_348864,95.176699
P256_HQC_128,P256_Classic_McEliece_348864,94.364907
P256_HQC_128,P256_Classic_McEliece_348864,94.4736
P256_HQC_128,P256_Classic_McEliece_348864,95.591837
P256_HQC_128,P256_Classic_McEliece_348864,92.641652
P256_HQC_128,P256_Classic_McEliece_348864,95.068666
P256_HQC_128,P256_Classic_McEliece_348864,96.709925
P256_HQC_128,P256_Classic_McEliece_348864,98.899528
P256_HQC_128,P256_Classic_McEliece_348864,91.043013
P256_HQC_128,P256_Classic_McEliece_348864,89.204115
P256_HQC_128,P256_Classic_McEliece_348864,97.974693
P256_HQC_128,P256_Classic_McEliece_348864,91.041522
P256_HQC_128,P256_Classic_McEliece_348864,95.352569
P256_HQC_128,P256_Classic_McEliece_348864,93.643102
P256_HQC_128,P256_Classic_McEliece_348864,95.777084
P256_HQC_128,P256_Classic_McEliece_348864,90.652046
P256_HQC_128,P256_Classic_McEliece_348864,97.455653
P256_HQC_128,P256_Classic_McEliece_348864,95.069094
P256_HQC_128,P256_Classic_McEliece_348864,94.915744
P256_HQC_128,P256_Classic_McEliece_348864,94.608653
P256_HQC_128,P256_Classic_McEliece_348864,96.051526
P256_HQC_128,P256_Classic_McEliece_348864,102.017953
P256_HQC_128,P256_Classic_McEliece_348864,99.95277
P256_HQC_128,P256_Classic_McEliece_348864,99.371016
P256_HQC_128,P256_Classic_McEliece_348864,102.046453
P256_HQC_128,P256_Classic_McEliece_348864,94.255106
P256_HQC_128,P256_Classic_McEliece_348864,95.688047
P256_HQC_128,P256_Classic_McEliece_348864,92.745814
P256_HQC_128,P256_Classic_McEliece_348864,90.37695
P256_HQC_128,P256_Classic_McEliece_348864,92.949073
P256_HQC_128,P256_Classic_McEliece_348864,93.154576
P256_HQC_128,P256_Classic_McEliece_348864,98.629463
P256_HQC_128,P256_Classic_McEliece_348864,99.502573
P256_HQC_128,P256_Classic_McEliece_348864,91.042945
P256_HQC_128,P256_Classic_McEliece_348864,90.128418
P256_HQC_128,P256_Classic_McEliece_348864,92.431634
P256_HQC_128,P256_Classic_McEliece_348864,100.464677
P256_HQC_128,P256_Classic_McEliece_348864,90.173011
P256_HQC_128,P256_Classic_McEliece_348864,98.10849
P256_HQC_128,P256_Classic_McEliece_348864,95.793021
P256_HQC_128,P256_Classic_McEliece_348864,93.982617
P256_HQC_128,P256_Classic_McEliece_348864,88.92749
P256_HQC_128,P256_Classic_McEliece_348864,95.408801
P256_HQC_128,P256_Classic_McEliece_348864,97.245018
P256_HQC_128,P256_Classic_McEliece_348864,91.620716
P256_HQC_128,P256_Classic_McEliece_348864,97.532649
P256_HQC_128,P256_Classic_McEliece_348864,93.114772
P256_HQC_128,P256_Classic_McEliece_348864,93.465492
P256_HQC_128,P256_Classic_McEliece_348864,98.344434
P256_HQC_128,P256_Classic_McEliece_348864,92.866829
P256_HQC_128,P256_Classic_McEliece_348864,91.811225
P256_HQC_128,P256_Classic_McEliece_348864,94.060045
P256_HQC_128,P256_Classic_McEliece_348864,95.978985
P256_HQC_128,P256_Classic_McEliece_348864,99.479785
P256_HQC_128,P256_Classic_McEliece_348864,97.001293
P256_HQC_128,P256_Classic_McEliece_348864,95.856468
P256_HQC_128,P256_Classic_McEliece_348864,94.880838
P256_HQC_128,P256_Classic_McEliece_348864,90.726748
P256_HQC_128,P256_Classic_McEliece_348864,95.670834
P256_HQC_128,P256_Classic_McEliece_348864,97.796498
P256_HQC_128,P256_Classic_McEliece_348864,96.324497
P256_HQC_128,P256_Classic_McEliece_348864,92.489508
P256_HQC_128,P256_Classic_McEliece_348864,92.309128
P256_HQC_128,P256_Classic_McEliece_348864,96.443343
P256_HQC_128,P256_Classic_McEliece_348864,91.644463
P256_HQC_128,P256_Classic_McEliece_348864,94.321711
P256_HQC_128,P256_Classic_McEliece_348864,99.383886
P256_HQC_128,P256_Classic_McEliece_348864,96.900169
P256_HQC_128,P256_Classic_McEliece_348864,92.663805
P256_HQC_128,P256_Classic_McEliece_348864,92.844152
P256_HQC_128,P256_Classic_McEliece_348864,95.393011
P256_HQC_128,P256_Classic_McEliece_348864,99.220555
P256_HQC_128,P256_Classic_McEliece_348864,93.592875
P256_HQC_128,P256_Classic_McEliece_348864,97.495826
P256_HQC_128,P256_Classic_McEliece_348864,92.552852
P256_HQC_128,P256_Classic_McEliece_348864,97.273924
P256_HQC_128,P256_Classic_McEliece_348864,96.890421
P256_HQC_128,P256_Classic_McEliece_348864,96.879989
P256_HQC_128,P256_Classic_McEliece_348864,90.571116
P256_HQC_128,P256_Classic_McEliece_348864,96.889618
P256_HQC_128,P256_Classic_McEliece_348864,91.550579
P256_HQC_128,P256_Classic_McEliece_348864,96.435262
P256_HQC_128,P256_Classic_McEliece_348864,98.586328
P256_HQC_128,P256_Classic_McEliece_348864,96.941613
P256_HQC_128,P256_Classic_McEliece_348864,91.258607
P256_HQC_128,P256_Classic_McEliece_348864,93.749884
P256_HQC_128,P256_Classic_McEliece_348864,91.472823
P256_HQC_128,P256_Classic_McEliece_348864,92.170294
P256_HQC_128,P256_Classic_McEliece_348864,93.210064
P256_HQC_128,P256_Classic_McEliece_348864,90.40558
P256_HQC_128,P256_Classic_McEliece_348864,96.14539
P256_HQC_128,P256_Classic_McEliece_348864,97.263556
P256_HQC_128,P256_Classic_McEliece_348864,95.037532
P256_HQC_128,P256_Classic_McEliece_348864,95.440098
P256_HQC_128,P256_Classic_McEliece_348864,94.51176
P256_HQC_128,P256_Classic_McEliece_348864,100.421039
P256_HQC_128,P256_Classic_McEliece_348864,102.88178
P256_HQC_128,P256_Classic_McEliece_348864,97.520555
P256_HQC_128,P256_Classic_McEliece_348864,93.225532
P256_HQC_128,P256_Classic_McEliece_348864,97.374307
P256_HQC_128,P256_Classic_McEliece_348864,102.262585
P256_HQC_128,P256_Classic_McEliece_348864,95.507654
P256_HQC_128,P256_Classic_McEliece_348864,91.432482
P256_HQC_128,P256_Classic_McEliece_348864,92.469135
P256_HQC_128,P256_Classic_McEliece_348864,93.834987
P256_HQC_128,P256_Classic_McEliece_348864,95.955262
P256_HQC_128,P256_Classic_McEliece_348864,91.092153
P256_HQC_128,P256_Classic_McEliece_348864,94.268361
P256_HQC_128,P256_Classic_McEliece_348864,96.722539
P256_HQC_128,P256_Classic_McEliece_348864,94.939342
P256_HQC_128,P256_Classic_McEliece_348864,94.811775
P256_HQC_128,P256_Classic_McEliece_348864,99.952418
P256_HQC_128,P256_Classic_McEliece_348864,92.183771
P256_HQC_128,P256_Classic_McEliece_348864,92.054126
P256_HQC_128,P256_Classic_McEliece_348864,91.994577
P256_HQC_128,P256_Classic_McEliece_348864,94.045531
P256_HQC_128,P256_Classic_McEliece_348864,91.959984
P256_HQC_128,P256_Classic_McEliece_348864,100.52454
P256_HQC_128,P256_Classic_McEliece_348864,92.128084
P256_HQC_128,P256_Classic_McEliece_348864,97.993548
P256_HQC_128,P256_Classic_McEliece_348864,98.646092
P256_HQC_128,P256_Classic_McEliece_348864,97.414232
P256_HQC_128,P256_Classic_McEliece_348864,97.431785
P256_HQC_128,P256_Classic_McEliece_348864,99.15752
P256_HQC_128,P256_Classic_McEliece_348864,103.443165
P256_HQC_128,P256_Classic_McEliece_348864,94.85063
P256_HQC_128,P256_Classic_McEliece_348864,93.459687
P256_HQC_128,P256_Classic_McEliece_348864,90.724669
P256_HQC_128,P256_Classic_McEliece_348864,89.05518
P256_HQC_128,P256_Classic_McEliece_348864,93.23548
P256_HQC_128,P256_Classic_McEliece_348864,99.250195
P256_HQC_128,P256_Classic_McEliece_348864,96.982699
P256_HQC_128,P256_Classic_McEliece_348864,90.960789
P256_HQC_128,P256_Classic_McEliece_348864,93.742909
P256_HQC_128,P256_Classic_McEliece_348864,98.628992
P256_HQC_128,P256_Classic_McEliece_348864,100.888894
P256_HQC_128,P256_Classic_McEliece_348864,100.48543
P256_HQC_128,P256_Classic_McEliece_348864,92.851269
P256_HQC_128,P256_Classic_McEliece_348864,97.114269
P256_HQC_128,P256_Classic_McEliece_348864,93.992782
P256_HQC_128,P256_Classic_McEliece_348864,93.605123
P256_HQC_128,P256_Classic_McEliece_348864,92.684893
P256_HQC_128,P256_Classic_McEliece_348864,94.97054
P256_HQC_128,P256_Classic_McEliece_348864,98.21698
P256_HQC_128,P256_Classic_McEliece_348864,90.966115
P256_HQC_128,P256_Classic_McEliece_348864,93.823379
P256_HQC_128,P256_Classic_McEliece_348864,99.152099
P256_HQC_128,P256_Classic_McEliece_348864,94.250893
P256_HQC_128,P256_Classic_McEliece_348864,92.8147
P256_HQC_128,P256_Classic_McEliece_348864,90.481748
P256_HQC_128,P256_Classic_McEliece_348864,99.749625
P256_HQC_128,P256_Classic_McEliece_348864,90.691631
P256_HQC_128,P256_Classic_McEliece_348864,91.297002
P256_HQC_128,P256_Classic_McEliece_348864,95.847138
P256_HQC_128,P256_Classic_McEliece_348864,94.591134
P256_HQC_128,P256_Classic_McEliece_348864,94.639274
P256_HQC_128,P256_Classic_McEliece_348864,91.264093
P256_HQC_128,P256_Classic_McEliece_348864,100.750309
P256_HQC_128,P256_Classic_McEliece_348864,103.424986
P256_HQC_128,P256_Classic_McEliece_348864,92.564659
P256_HQC_128,P256_Classic_McEliece_348864,97.27755
P256_HQC_128,P256_Classic_McEliece_348864,97.789587
P256_HQC_128,P256_Classic_McEliece_348864,97.460397
P256_HQC_128,P256_Classic_McEliece_348864,90.776122
P256_HQC_128,P256_Classic_McEliece_348864,97.028016
P256_HQC_128,P256_Classic_McEliece_348864,98.666471
P256_HQC_128,P256_Classic_McEliece_348864,92.592592
P256_HQC_128,P256_Classic_McEliece_348864,98.838571
P256_HQC_128,P256_Classic_McEliece_348864,92.029044
P256_HQC_128,P256_Classic_McEliece_348864,98.295934
P256_HQC_128,P256_Classic_McEliece_348864,96.775351
P256_HQC_128,P256_Classic_McEliece_348864,97.286256
P256_HQC_128,P256_Classic_McEliece_348864,93.722352
P256_HQC_128,P256_Classic_McEliece_348864,96.146078
P256_HQC_128,P256_Classic_McEliece_348864,93.554025
P256_HQC_128,P256_Classic_McEliece_348864,90.80476
P256_HQC_128,P256_Classic_McEliece_348864,96.075976
P256_HQC_128,P256_Classic_McEliece_348864,93.461126
P256_HQC_128,P256_Classic_McEliece_348864,97.181716
P256_HQC_128,P256_Classic_McEliece_348864,93.187804
P256_HQC_128,P256_Classic_McEliece_348864,94.29227
P256_HQC_128,P256_Classic_McEliece_348864,92.710698
P256_HQC_128,P256_Classic_McEliece_348864,95.88551
P256_HQC_128,P256_Classic_McEliece_348864,92.545495
P256_HQC_128,P256_Classic_McEliece_348864,96.550893
P256_HQC_128,P256_Classic_McEliece_348864,94.10048
P256_HQC_128,P256_Classic_McEliece_348864,94.817393
P256_HQC_128,P256_Classic_McEliece_348864,93.529213
P256_HQC_128,P256_Classic_McEliece_348864,102.603954
P256_HQC_128,P256_Classic_McEliece_348864,95.922948
P256_HQC_128,P256_Classic_McEliece_348864,96.604126
P256_HQC_128,P256_Classic_McEliece_348864,98.830742
P256_HQC_128,P256_Classic_McEliece_348864,91.031832
P256_HQC_128,P256_Classic_McEliece_348864,96.823816
P256_HQC_128,P256_Classic_McEliece_348864,95.098801
P256_HQC_128,P256_Classic_McEliece_348864,94.586598
P256_HQC_128,P256_Classic_McEliece_348864,96.484462
P256_HQC_128,P256_Classic_McEliece_348864,96.280127
P256_HQC_128,P256_Classic_McEliece_348864,98.880547
P256_HQC_128,P256_Classic_McEliece_348864,90.123214
P256_HQC_128,P256_Classic_McEliece_348864,95.902424
P256_HQC_128,P256_Classic_McEliece_348864,90.865309
P256_HQC_128,P256_Classic_McEliece_348864,92.390242
P256_HQC_128,P256_Classic_McEliece_348864,91.411353
P256_HQC_128,P256_Classic_McEliece_348864,93.568102
P256_HQC_128,P256_Classic_McEliece_348864,93.73918
P256_HQC_128,P256_Classic_McEliece_348864,99.197725
P256_HQC_128,P256_Classic_McEliece_348864,92.623786
P256_HQC_128,P256_Classic_McEliece_348864,91.526487
P256_HQC_128,P256_Classic_McEliece_348864,93.796229
P256_HQC_128,P256_Classic_McEliece_348864,92.852806
P256_HQC_128,P256_Classic_McEliece_348864,94.060814
P256_HQC_128,P256_Classic_McEliece_348864,98.167177
P256_HQC_128,P256_Classic_McEliece_348864,94.568643
P256_HQC_128,P256_Classic_McEliece_348864,93.111988
P256_HQC_128,P256_Classic_McEliece_348864,96.187384
P256_HQC_128,P256_Classic_McEliece_348864,90.677416
P256_HQC_128,P256_Classic_McEliece_348864,93.744984
P256_HQC_128,P256_Classic_McEliece_348864,92.693381
P256_HQC_128,P256_Classic_McEliece_348864,98.561083
P256_HQC_128,P256_Classic_McEliece_348864,100.991957
P256_HQC_128,P256_Classic_McEliece_348864,92.04247
P256_HQC_128,P256_Classic_McEliece_348864,93.84772
P256_HQC_128,P256_Classic_McEliece_348864,96.668678
P256_HQC_128,P256_Classic_McEliece_348864,94.549422
P256_HQC_128,P256_Classic_McEliece_348864,92.991248
P256_HQC_128,P256_Classic_McEliece_348864,90.578426
P256_HQC_128,P256_Classic_McEliece_348864,98.636068
P256_HQC_128,P256_Classic_McEliece_348864,96.369305
P256_HQC_128,P256_Classic_McEliece_348864,97.691374
P256_HQC_128,P256_Classic_McEliece_348864,93.373875
P256_HQC_128,P256_Classic_McEliece_348864,99.659802
P256_HQC_128,P256_Classic_McEliece_348864,95.904926
P256_HQC_128,P256_Classic_McEliece_348864,92.491303
P256_HQC_128,P256_Classic_McEliece_348864,95.149535
P256_HQC_128,P256_Classic_McEliece_348864,98.380116
P256_HQC_128,P256_Classic_McEliece_348864,95.02382
P256_HQC_128,P256_Classic_McEliece_348864,95.978917
P256_HQC_128,P256_Classic_McEliece_348864,94.104924
P256_HQC_128,P256_Classic_McEliece_348864,97.906767
P256_HQC_128,P256_Classic_McEliece_348864,95.069724
P256_HQC_128,P256_Classic_McEliece_348864,92.534415
P256_HQC_128,P256_Classic_McEliece_348864,95.024302
P256_HQC_128,P256_Classic_McEliece_348864,98.162602
P256_HQC_128,P256_Classic_McEliece_348864,91.968825
P256_HQC_128,P256_Classic_McEliece_348864,96.908757
P256_HQC_128,P256_Classic_McEliece_348864,97.791229
P256_HQC_128,P256_Classic_McEliece_348864,97.076124
P256_HQC_128,P256_Classic_McEliece_348864,94.886864
P256_HQC_128,P256_Classic_McEliece_348864,93.775155
P256_HQC_128,P256_Classic_McEliece_348864,90.55463
P256_HQC_128,P256_Classic_McEliece_348864,97.199006
P256_HQC_128,P256_Classic_McEliece_348864,95.888382
P256_HQC_128,P256_Classic_McEliece_348864,98.89642
P256_HQC_128,P256_Classic_McEliece_348864,97.203657
P256_HQC_128,P256_Classic_McEliece_348864,94.36191
P256_HQC_128,P256_Classic_McEliece_348864,95.903092
P256_HQC_128,P256_Classic_McEliece_348864,91.282412
P256_HQC_128,P256_Classic_McEliece_348864,95.794123
P256_HQC_128,P256_Classic_McEliece_348864,96.854477
P256_HQC_128,P256_Classic_McEliece_348864,101.792115
P256_HQC_128,P256_Classic_McEliece_348864,97.477262
P256_HQC_128,P256_Classic_McEliece_348864,96.596621
P256_HQC_128,P256_Classic_McEliece_348864,97.445017
P256_HQC_128,P256_Classic_McEliece_348864,99.468466
P256_HQC_128,P256_Classic_McEliece_348864,92.275263
P256_HQC_128,P256_Classic_McEliece_348864,94.801439
P256_HQC_128,P256_Classic_McEliece_348864,92.448749
P256_HQC_128,P256_Classic_McEliece_348864,99.013359
P256_HQC_128,P256_Classic_McEliece_348864,92.346406
P256_HQC_128,P256_Classic_McEliece_348864,98.573587
P256_HQC_128,P256_Classic_McEliece_348864,97.912257
P256_HQC_128,P256_Classic_McEliece_348864,99.997805
P256_HQC_128,P256_Classic_McEliece_348864,97.521769
P256_HQC_128,P256_Classic_McEliece_348864,98.091765
P256_HQC_128,P256_Classic_McEliece_348864,94.119262
P256_HQC_128,P256_Classic_McEliece_348864,98.809285
P256_HQC_128,P256_Classic_McEliece_348864,99.23961
P256_HQC_128,P256_Classic_McEliece_348864,94.078756
P256_HQC_128,P256_Classic_McEliece_348864,95.356822
P256_HQC_128,P256_Classic_McEliece_348864,97.463829
P256_HQC_128,P256_Classic_McEliece_348864,91.185188
P256_HQC_128,P256_Classic_McEliece_348864,96.348766
P256_HQC_128,P256_Classic_McEliece_348864,94.775012
P256_HQC_128,P256_Classic_McEliece_348864,98.807483
P256_HQC_128,P256_Classic_McEliece_348864,95.410699
P256_HQC_128,P256_Classic_McEliece_348864,96.793821
P256_HQC_128,P256_Classic_McEliece_348864,91.761374
P256_HQC_128,P256_Classic_McEliece_348864,98.156363
P256_HQC_128,P256_Classic_McEliece_348864,97.688911
P256_HQC_128,P256_Classic_McEliece_348864,102.205458
P256_HQC_128,P256_Classic_McEliece_348864,88.164366
P256_HQC_128,P256_Classic_McEliece_348864,96.512527
P256_HQC_128,P256_Classic_McEliece_348864,98.012866
P256_HQC_128,P256_Classic_McEliece_348864,99.282169
P256_HQC_128,P256_Classic_McEliece_348864,101.119319
P256_HQC_128,P256_Classic_McEliece_348864,92.398041
P256_HQC_128,P256_Classic_McEliece_348864,96.693581
P256_HQC_128,P256_Classic_McEliece_348864,96.109931
P256_HQC_128,P256_Classic_McEliece_348864,93.055493
P256_HQC_128,P256_Classic_McEliece_348864,98.281348
P256_HQC_128,P256_Classic_McEliece_348864,98.368396
P256_HQC_128,P256_Classic_McEliece_348864,92.670536
P256_HQC_128,P256_Classic_McEliece_348864,101.052031
P256_HQC_128,P256_Classic_McEliece_348864,94.837036
P256_HQC_128,P256_Classic_McEliece_348864,94.886224
P256_HQC_128,P256_Classic_McEliece_348864,96.205863
P256_HQC_128,P256_Classic_McEliece_348864,97.490641
P256_HQC_128,P256_Classic_McEliece_348864,91.508719
P256_HQC_128,P256_Classic_McEliece_348864,98.320194
P256_HQC_128,P256_Classic_McEliece_348864,98.999668
P256_HQC_128,P256_Classic_McEliece_348864,96.134779
P256_HQC_128,P256_Classic_McEliece_348864,90.888094
P256_HQC_128,P256_Classic_McEliece_348864,98.312239
P256_HQC_128,P256_Classic_McEliece_348864,99.524653
P256_HQC_128,P256_Classic_McEliece_348864,94.563034
P256_HQC_128,P256_Classic_McEliece_348864,97.945866
P256_HQC_128,P256_Classic_McEliece_348864,90.680884
P256_HQC_128,P256_Classic_McEliece_348864,91.513012
P256_HQC_128,P256_Classic_McEliece_348864,101.848041
P256_HQC_128,P256_Classic_McEliece_348864,99.202212
P256_HQC_128,P256_Classic_McEliece_348864,94.303259
P256_HQC_128,P256_Classic_McEliece_348864,92.159583
P256_HQC_128,P256_Classic_McEliece_348864,102.077874
P256_HQC_128,P256_Classic_McEliece_348864,103.540263
P256_HQC_128,P256_Classic_McEliece_348864,90.778892
P256_HQC_128,P256_Classic_McEliece_348864,91.084128
P256_HQC_128,P256_Classic_McEliece_348864,100.095082
P256_HQC_128,P256_Classic_McEliece_348864,92.554464
P256_HQC_128,P256_Classic_McEliece_348864,92.931619
P256_HQC_128,P256_Classic_McEliece_348864,92.657469
P256_HQC_128,P256_Classic_McEliece_348864,90.561189
P256_HQC_128,P256_Classic_McEliece_348864,90.676577
P256_HQC_128,P256_Classic_McEliece_348864,96.531634
P256_HQC_128,P256_Classic_McEliece_348864,94.069893
P256_HQC_128,P256_Classic_McEliece_348864,97.256016
P256_HQC_128,P256_Classic_McEliece_348864,97.515847
P256_HQC_128,P256_Classic_McEliece_348864,96.165581
P256_HQC_128,P256_Classic_McEliece_348864,99.968572
P256_HQC_128,P256_Classic_McEliece_348864,93.102806
P256_HQC_128,P256_Classic_McEliece_348864,94.709555
P256_HQC_128,P256_Classic_McEliece_348864,98.465277
P256_HQC_128,P256_Classic_McEliece_348864,93.071425
P256_HQC_128,P256_Classic_McEliece_348864,102.712549
P256_HQC_128,P256_Classic_McEliece_348864,91.504052
P256_HQC_128,P256_Classic_McEliece_348864,93.140111
P256_HQC_128,P256_Classic_McEliece_348864,96.507769
P256_HQC_128,P256_Classic_McEliece_348864,96.445838
P256_HQC_128,P256_Classic_McEliece_348864,93.742284
P256_HQC_128,P256_Classic_McEliece_348864,96.356458
P256_HQC_128,P256_Classic_McEliece_348864,99.691515
P256_HQC_128,P256_Classic_McEliece_348864,93.037122
P256_HQC_128,P256_Classic_McEliece_348864,92.383114
P256_HQC_128,P256_Classic_McEliece_348864,97.837907
P256_HQC_128,P256_Classic_McEliece_348864,93.569103
P256_HQC_128,P256_Classic_McEliece_348864,92.982797
P256_HQC_128,P256_Classic_McEliece_348864,98.47409
P256_HQC_128,P256_Classic_McEliece_348864,91.615085
P256_HQC_128,P256_Classic_McEliece_348864,99.014285
P256_HQC_128,P256_Classic_McEliece_348864,91.427891
P256_HQC_128,P256_Classic_McEliece_348864,98.1355
P256_HQC_128,P256_Classic_McEliece_348864,96.588948
P256_HQC_128,P256_Classic_McEliece_348864,89.988965
P256_HQC_128,P256_Classic_McEliece_348864,95.364226
P256_HQC_128,P256_Classic_McEliece_348864,92.728314
P256_HQC_128,P256_Classic_McEliece_348864,98.80307
P256_HQC_128,P256_Classic_McEliece_348864,98.397319
P256_HQC_128,P256_Classic_McEliece_348864,91.70418
P256_HQC_128,P256_Classic_McEliece_348864,97.562974
P256_HQC_128,P256_Classic_McEliece_348864,92.101379
P256_HQC_128,P256_Classic_McEliece_348864,99.159819
P256_HQC_128,P256_Classic_McEliece_348864,99.337646
P256_HQC_128,P256_Classic_McEliece_348864,98.202778
P256_HQC_128,P256_Classic_McEliece_348864,93.015833
P256_HQC_128,P256_Classic_McEliece_348864,94.873473
P256_HQC_128,P256_Classic_McEliece_348864,102.26037
P256_HQC_128,P256_Classic_McEliece_348864,97.164868
P256_HQC_128,P256_Classic_McEliece_348864,97.976905
P256_HQC_128,P256_Classic_McEliece_348864,98.800878
P256_HQC_128,P256_Classic_McEliece_348864,94.721378
P256_HQC_128,P256_Classic_McEliece_348864,94.09939
P256_HQC_128,P256_Classic_McEliece_348864,93.612804
P256_HQC_128,P256_Classic_McEliece_348864,96.370583
P256_HQC_128,P256_Classic_McEliece_348864,99.782348
P256_HQC_128,P256_Classic_McEliece_348864,89.725051
P256_HQC_128,P256_Classic_McEliece_348864,95.53943
P256_HQC_128,P256_Classic_McEliece_348864,92.539168
P256_HQC_128,P256_Classic_McEliece_348864,97.168363
P256_HQC_128,P256_Classic_McEliece_348864,95.71189
P256_HQC_128,P256_Classic_McEliece_348864,91.893009
P256_HQC_128,P256_Classic_McEliece_348864,96.290199
P256_HQC_128,P256_Classic_McEliece_348864,97.833169
P256_HQC_128,P256_Classic_McEliece_348864,98.423605
P256_HQC_128,P256_Classic_McEliece_348864,95.456484
P256_HQC_128,P256_Classic_McEliece_348864,96.946618
P256_HQC_128,P256_Classic_McEliece_348864,93.145407
P256_HQC_128,P256_Classic_McEliece_348864,96.938403
P256_HQC_128,P256_Classic_McEliece_348864,99.803971
P256_HQC_128,P256_Classic_McEliece_348864,90.831063
P256_HQC_128,P256_Classic_McEliece_348864,92.080929
P256_HQC_128,P256_Classic_McEliece_348864,99.864118
P256_HQC_128,P256_Classic_McEliece_348864,93.701641
P256_HQC_128,P256_Classic_McEliece_348864,99.738397
P256_HQC_128,P256_Classic_McEliece_348864,93.448914
P256_HQC_128,P256_Classic_McEliece_348864,90.519249
P256_HQC_128,P256_Classic_McEliece_348864,99.069044
P256_HQC_128,P256_Classic_McEliece_348864,96.079272
P256_HQC_128,P256_Classic_McEliece_348864,95.480708
P256_HQC_128,P256_Classic_McEliece_348864,99.960195
P256_HQC_128,P256_Classic_McEliece_348864,94.643535
P256_HQC_128,P256_Classic_McEliece_348864,91.944984
P256_HQC_128,P256_Classic_McEliece_348864,104.478481
P256_HQC_128,P256_Classic_McEliece_348864,93.858824
P256_HQC_128,P256_Classic_McEliece_348864,93.004284
P256_HQC_128,P256_Classic_McEliece_348864,97.456139
P256_HQC_128,P256_Classic_McEliece_348864,100.825551
P256_HQC_128,P256_Classic_McEliece_348864,91.51677
P256_HQC_128,P256_Classic_McEliece_348864,97.976425
P256_HQC_128,P256_Classic_McEliece_348864,92.45588
P256_HQC_128,P256_Classic_McEliece_348864,92.557757
P256_HQC_128,P256_Classic_McEliece_348864,96.996542
P256_HQC_128,P256_Classic_McEliece_348864,95.739363
P256_HQC_128,P256_Classic_McEliece_348864,88.796771
P256_HQC_128,P256_Classic_McEliece_348864,100.238846
P256_HQC_128,P256_Classic_McEliece_348864,95.580905
P256_HQC_128,P256_Classic_McEliece_348864,93.456499
P256_HQC_128,P256_Classic_McEliece_348864,98.954794
P256_HQC_128,P256_Classic_McEliece_348864,93.591162
P256_HQC_128,P256_Classic_McEliece_348864,95.105174
P256_HQC_128,P256_Classic_McEliece_348864,96.848502
P256_HQC_128,P256_Classic_McEliece_348864,93.77505
P256_HQC_128,P256_Classic_McEliece_348864,91.64539
P256_HQC_128,P256_Classic_McEliece_348864,92.313045
P256_HQC_128,P256_Classic_McEliece_348864,91.792041
P256_HQC_128,P256_Classic_McEliece_348864,92.323324
P256_HQC_128,P256_Classic_McEliece_348864,97.515425
P256_HQC_128,P256_Classic_McEliece_348864,95.77967
P256_HQC_128,P256_Classic_McEliece_348864,95.532314
P256_HQC_128,P256_Classic_McEliece_348864,97.362002
P256_HQC_128,P256_Classic_McEliece_348864,99.16312
P256_HQC_128,P256_Classic_McEliece_348864,101.561369
P256_HQC_128,P256_Classic_McEliece_348864,97.446327
P256_HQC_128,P256_Classic_McEliece_348864,95.564669
P256_HQC_128,P256_Classic_McEliece_348864,101.169044
P256_HQC_128,P256_Classic_McEliece_348864,93.689991
P256_HQC_128,P256_Classic_McEliece_348864,96.405072
P256_HQC_128,P256_Classic_McEliece_348864,97.782695
P256_HQC_128,P256_Classic_McEliece_348864,96.175832
P256_HQC_128,P256_Classic_McEliece_348864,91.458678
P256_HQC_128,P256_Classic_McEliece_348864,91.460777
P256_HQC_128,P256_Classic_McEliece_348864,99.433908
P256_HQC_128,P256_Classic_McEliece_348864,95.121959
P256_HQC_128,P256_Classic_McEliece_348864,91.266827
P256_HQC_128,P256_Classic_McEliece_348864,96.513169
P256_HQC_128,P256_Classic_McEliece_348864,100.520316
P256_HQC_128,P256_Classic_McEliece_348864,98.152168
P256_HQC_128,P256_Classic_McEliece_348864,101.157207
P256_HQC_128,P256_Classic_McEliece_348864,97.64738
P256_HQC_128,P256_Classic_McEliece_348864,98.927739
P256_HQC_128,P256_Classic_McEliece_348864,93.962009
P256_HQC_128,P256_Classic_McEliece_348864,92.627143
P256_HQC_128,P256_Classic_McEliece_348864,94.642805
P256_HQC_128,P256_Classic_McEliece_348864,97.452033
P256_HQC_128,P256_Classic_McEliece_348864,99.885688
P256_HQC_128,P256_Classic_McEliece_348864,94.588812
P256_HQC_128,P256_Classic_McEliece_348864,98.812785
P256_HQC_128,P256_Classic_McEliece_348864,98.661387
P256_HQC_128,P256_Classic_McEliece_348864,99.327488
P256_HQC_128,P256_Classic_McEliece_348864,93.552192
P256_HQC_128,P256_Classic_McEliece_348864,98.336756
P256_HQC_128,P256_Classic_McEliece_348864,92.700414
P256_HQC_128,P256_Classic_McEliece_348864,97.769138
P256_HQC_128,P256_Classic_McEliece_348864,93.837675
P256_HQC_128,P256_Classic_McEliece_348864,94.916184
P256_HQC_128,P256_Classic_McEliece_348864,95.838102
P256_HQC_128,P256_Classic_McEliece_348864,94.461313
P256_HQC_128,P256_Classic_McEliece_348864,93.920002
P256_HQC_128,P256_Classic_McEliece_348864,100.808342
P256_HQC_128,P256_Classic_McEliece_348864,98.410947
P256_HQC_128,P256_Classic_McEliece_348864,91.054263
P256_HQC_128,P256_Classic_McEliece_348864,94.464004
P256_HQC_128,P256_Classic_McEliece_348864,94.739204
P256_HQC_128,P256_Classic_McEliece_348864,93.595717
P256_HQC_128,P256_Classic_McEliece_348864,93.906106
P256_HQC_128,P256_Classic_McEliece_348864,91.397012
P256_HQC_128,P256_Classic_McEliece_348864,97.105504
P256_HQC_128,P256_Classic_McEliece_348864,92.966724
P256_HQC_128,P256_Classic_McEliece_348864,100.129159
P256_HQC_128,P256_Classic_McEliece_348864,89.723057
P256_HQC_128,P256_Classic_McEliece_348864,91.624937
P256_HQC_128,P256_Classic_McEliece_348864,92.386451
P256_HQC_128,P256_Classic_McEliece_348864,97.759012
P256_HQC_128,P256_Classic_McEliece_348864,95.813121
P256_HQC_128,P256_Classic_McEliece_348864,90.864972
P256_HQC_128,P256_Classic_McEliece_348864,97.038866
P256_HQC_128,P256_Classic_McEliece_348864,97.36729
P256_HQC_128,P256_Classic_McEliece_348864,91.626264
P256_HQC_128,P256_Classic_McEliece_348864,88.201148
P256_HQC_128,P256_Classic_McEliece_348864,100.330291
P256_HQC_128,P256_Classic_McEliece_348864,96.783935
P256_HQC_128,P256_Classic_McEliece_348864,92.738328
P256_HQC_128,P256_Classic_McEliece_348864,100.129141
P256_HQC_128,P256_Classic_McEliece_348864,93.276007
P256_HQC_128,P256_Classic_McEliece_348864,96.019712
P256_HQC_128,P256_Classic_McEliece_348864,94.891256
P256_HQC_128,P256_Classic_McEliece_348864,99.854388
P256_HQC_128,P256_Classic_McEliece_348864,94.52415
P256_HQC_128,P256_Classic_McEliece_348864,95.958481
P256_HQC_128,P256_Classic_McEliece_348864,97.787062
P256_HQC_128,P256_Classic_McEliece_348864,99.131068
P256_HQC_128,P256_Classic_McEliece_348864,93.444044
P256_HQC_128,P256_Classic_McEliece_348864,95.085265
P256_HQC_128,P256_Classic_McEliece_348864,96.708428
P256_HQC_128,P256_Classic_McEliece_348864,95.977323
P256_HQC_128,P256_Classic_McEliece_348864,101.151327
P256_HQC_128,P256_Classic_McEliece_348864,95.180048
P256_HQC_128,P256_Classic_McEliece_348864,92.269495
P256_HQC_128,P256_Classic_McEliece_348864,92.614716
P256_HQC_128,P256_Classic_McEliece_348864,96.719948
P256_HQC_128,P256_Classic_McEliece_348864,97.154258
P256_HQC_128,P256_Classic_McEliece_348864,97.66025
P256_HQC_128,P256_Classic_McEliece_348864,95.826147
P256_HQC_128,P256_Classic_McEliece_348864,97.591314
P256_HQC_128,P256_Classic_McEliece_348864,94.017621
P256_HQC_128,P256_Classic_McEliece_348864,95.908728
P256_BIKE_L1,P256_BIKE_L1,81.464262
P256_BIKE_L1,P256_BIKE_L1,81.122418
P256_BIKE_L1,P256_BIKE_L1,79.708592
P256_BIKE_L1,P256_BIKE_L1,79.996663
P256_BIKE_L1,P256_BIKE_L1,82.805531
P256_BIKE_L1,P256_BIKE_L1,83.263069
P256_BIKE_L1,P256_BIKE_L1,81.811587
P256_BIKE_L1,P256_BIKE_L1,74.814529
P256_BIKE_L1,P256_BIKE_L1,80.542462
P256_BIKE_L1,P256_BIKE_L1,80.899397
P256_BIKE_L1,P256_BIKE_L1,76.478289
P256_BIKE_L1,P256_BIKE_L1,84.2269
P256_BIKE_L1,P256_BIKE_L1,77.457222
P256_BIKE_L1,P256_BIKE_L1,80.666203
P256_BIKE_L1,P256_BIKE_L1,78.864864
P256_BIKE_L1,P256_BIKE_L1,84.109208
P256_BIKE_L1,P256_BIKE_L1,83.494804
P256_BIKE_L1,P256_BIKE_L1,80.635532
P256_BIKE_L1,P256_BIKE_L1,82.181443
P256_BIKE_L1,P256_BIKE_L1,82.332599
P256_BIKE_L1,P256_BIKE_L1,76.703138
P256_BIKE_L1,P256_BIKE_L1,86.183715
P256_BIKE_L1,P256_BIKE_L1,85.999865
P256_BIKE_L1,P256_BIKE_L1,82.359016
P256_BIKE_L1,P256_BIKE_L1,79.311699
P256_BIKE_L1,P256_BIKE_L1,81.450144
P256_BIKE_L1,P256_BIKE_L1,76.664063
P256_BIKE_L1,P256_BIKE_L1,81.371776
P256_BIKE_L1,P256_BIKE_L1,83.43892
P256_BIKE_L1,P256_BIKE_L1,75.946694
P256_BIKE_L1,P256_BIKE_L1,81.819902
P256_BIKE_L1,P256_BIKE_L1,78.072729
P256_BIKE_L1,P256_BIKE_L1,78.220171
P256_BIKE_L1,P256_BIKE_L1,81.750932
P256_BIKE_L1,P256_BIKE_L1,86.940254
P256_BIKE_L1,P256_BIKE_L1,75.019658
P256_BIKE_L1,P256_BIKE_L1,83.400969
P256_BIKE_L1,P256_BIKE_L1,81.947334
P256_BIKE_L1,P256_BIKE_L1,77.476637
P256_BIKE_L1,P256_BIKE_L1,82.772414
P256_BIKE_L1,P256_BIKE_L1,84.243283
P256_BIKE_L1,P256_BIKE_L1,79.604039
P256_BIKE_L1,P256_BIKE_L1,84.076129
P256_BIKE_L1,P256_BIKE_L1,86.675474
P256_BIKE_L1,P256_BIKE_L1,80.945298
P256_BIKE_L1,P256_BIKE_L1,82.630193
P256_BIKE_L1,P256_BIKE_L1,77.600112
P256_BIKE_L1,P256_BIKE_L1,79.814494
P256_BIKE_L1,P256_BIKE_L1,82.863658
P256_BIKE_L1,P256_BIKE_L1,78.400509
P256_BIKE_L1,P256_BIKE_L1,82.19699
P256_BIKE_L1,P256_BIKE_L1,79.806508
P256_BIKE_L1,P256_BIKE_L1,82.04786
P256_BIKE_L1,P256_BIKE_L1,82.606211
P256_BIKE_L1,P256_BIKE_L1,82.21547
P256_BIKE_L1,P256_BIKE_L1,80.761422
P256_BIKE_L1,P256_BIKE_L1,81.082652
P256_BIKE_L1,P256_BIKE_L1,77.704958
P256_BIKE_L1,P256_BIKE_L1,85.854733
P256_BIKE_L1,P256_BIKE_L1,82.409292
P256_BIKE_L1,P256_BIKE_L1,86.005227
P256_BIKE_L1,P256_BIKE_L1,81.871824
P256_BIKE_L1,P256_BIKE_L1,77.867453
P256_BIKE_L1,P256_BIKE_L1,82.026562
P256_BIKE_L1,P256_BIKE_L1,80.737234
P256_BIKE_L1,P256_BIKE_L1,83.681207
P256_BIKE_L1,P256_BIKE_L1,76.843315
P256_BIKE_L1,P256_BIKE_L1,80.122257
P256_BIKE_L1,P256_BIKE_L1,82.90239
P256_BIKE_L1,P256_BIKE_L1,83.437205
P256_BIKE_L1,P256_BIKE_L1,78.168629
P256_BIKE_L1,P256_BIKE_L1,87.666104
P256_BIKE_L1,P256_BIKE_L1,81.995697
P256_BIKE_L1,P256_BIKE_L1,78.313952
P256_BIKE_L1,P256_BIKE_L1,80.335335
P256_BIKE_L1,P256_BIKE_L1,85.195308
P256_BIKE_L1,P256_BIKE_L1,76.165846
P256_BIKE_L1,P256_BIKE_L1,78.87392
P256_BIKE_L1,P256_BIKE_L1,83.982304
P256_BIKE_L1,P256_BIKE_L1,76.166156
P256_BIKE_L1,P256_BIKE_L1,78.571232
P256_BIKE_L1,P256_BIKE_L1,81.715627
P256_BIKE_L1,P256_BIKE_L1,83.361782
P256_BIKE_L1,P256_BIKE_L1,81.030111
P256_BIKE_L1,P256_BIKE_L1,77.558331
P256_BIKE_L1,P256_BIKE_L1,79.179829
P256_BIKE_L1,P256_BIKE_L1,80.823289
P256_BIKE_L1,P256_BIKE_L1,76.659079
P256_BIKE_L1,P256_BIKE_L1,75.864664
P256_BIKE_L1,P256_BIKE_L1,79.256778
P256_BIKE_L1,P256_BIKE_L1,83.66774
P256_BIKE_L1,P256_BIKE_L1,79.146637
P256_BIKE_L1,P256_BIKE_L1,83.69321
P256_BIKE_L1,P256_BIKE_L1,77.618442
P256_BIKE_L1,P256_BIKE_L1,78.408016
P256_BIKE_L1,P256_BIKE_L1,81.689913
P256_BIKE_L1,P256_BIKE_L1,79.375102
P256_BIKE_L1,P256_BIKE_L1,80.293674
P256_BIKE_L1,P256_BIKE_L1,84.126744
P256_BIKE_L1,P256_BIKE_L1,80.041367
P256_BIKE_L1,P256_BIKE_L1,82.411753
P256_BIKE_L1,P256_BIKE_L1,81.801618
P256_BIKE_L1,P256_BIKE_L1,77.800964
P256_BIKE_L1,P256_BIKE_L1,81.899524
P256_BIKE_L1,P256_BIKE_L1,76.287285
P256_BIKE_L1,P256_BIKE_L1,76.444487
P256_BIKE_L1,P256_BIKE_L1,82.713923
P256_BIKE_L1,P256_BIKE_L1,81.755922
P256_BIKE_L1,P256_BIKE_L1,82.434197
P256_BIKE_L1,P256_BIKE_L1,82.222954
P256_BIKE_L1,P256_BIKE_L1,83.742624
P256_BIKE_L1,P256_BIKE_L1,85.897637
P256_BIKE_L1,P256_BIKE_L1,82.336619
P256_BIKE_L1,P256_BIKE_L1,76.310078
P256_BIKE_L1,P256_BIKE_L1,82.02738
P256_BIKE_L1,P256_BIKE_L1,76.405228
P256_BIKE_L1,P256_BIKE_L1,86.674136
P256_BIKE_L1,P256_BIKE_L1,80.220244
P256_BIKE_L1,P256_BIKE_L1,83.967606
P256_BIKE_L1,P256_BIKE_L1,79.435538
P256_BIKE_L1,P256_BIKE_L1,77.266962
P256_BIKE_L1,P256_BIKE_L1,84.061929
P256_BIKE_L1,P256_BIKE_L1,77.519696
P256_BIKE_L1,P256_BIKE_L1,83.84296
P256_BIKE_L1,P256_BIKE_L1,77.638751
P256_BIKE_L1,P256_BIKE_L1,78.079901
P256_BIKE_L1,P256_BIKE_L1,82.340711
P256_BIKE_L1,P256_BIKE_L1,77.124094
P256_BIKE_L1,P256_BIKE_L1,82.348981
P256_BIKE_L1,P256_BIKE_L1,84.788654
P256_BIKE_L1,P256_BIKE_L1,77.535916
P256_BIKE_L1,P256_BIKE_L1,84.241078
P256_BIKE_L1,P256_BIKE_L1,83.416855
P256_BIKE_L1,P256_BIKE_L1,79.977367
P256_BIKE_L1,P256_BIKE_L1,79.948569
P256_BIKE_L1,P256_BIKE_L1,81.117866
P256_BIKE_L1,P256_BIKE_L1,76.380192
P256_BIKE_L1,P256_BIKE_L1,85.039696
P256_BIKE_L1,P256_BIKE_L1,78.879571
P256_BIKE_L1,P256_BIKE_L1,74.533649
P256_BIKE_L1,P256_BIKE_L1,81.948825
P256_BIKE_L1,P256_BIKE_L1,78.560712
P256_BIKE_L1,P256_BIKE_L1,81.980976
P256_BIKE_L1,P256_BIKE_L1,82.279655
P256_BIKE_L1,P256_BIKE_L1,82.103057
P256_BIKE_L1,P256_BIKE_L1,88.108212
P256_BIKE_L1,P256_BIKE_L1,82.709491
P256_BIKE_L1,P256_BIKE_L1,87.689592
P256_BIKE_L1,P256_BIKE_L1,76.117851
P256_BIKE_L1,P256_BIKE_L1,78.112836
P256_BIKE_L1,P256_BIKE_L1,78.108399
P256_BIKE_L1,P256_BIKE_L1,81.699989
P256_BIKE_L1,P256_BIKE_L1,76.697464
P256_BIKE_L1,P256_BIKE_L1,76.121817
P256_BIKE_L1,P256_BIKE_L1,78.51109
P256_BIKE_L1,P256_BIKE_L1,78.117379
P256_BIKE_L1,P256_BIKE_L1,84.050798
P256_BIKE_L1,P256_BIKE_L1,80.808108
P256_BIKE_L1,P256_BIKE_L1,76.740449
P256_BIKE_L1,P256_BIKE_L1,83.528514
P256_BIKE_L1,P256_BIKE_L1,84.486691
P256_BIKE_L1,P256_BIKE_L1,78.862713
P256_BIKE_L1,P256_BIKE_L1,81.053672
P256_BIKE_L1,P256_BIKE_L1,80.928745
P256_BIKE_L1,P256_BIKE_L1,80.254322
P256_BIKE_L1,P256_BIKE_L1,79.356957
P256_BIKE_L1,P256_BIKE_L1,76.705131
P256_BIKE_L1,P256_BIKE_L1,77.700077
P256_BIKE_L1,P256_BIKE_L1,82.59214
P256_BIKE_L1,P256_BIKE_L1,80.490461
P256_BIKE_L1,P256_BIKE_L1,80.461706
P256_BIKE_L1,P256_BIKE_L1,80.04232
P256_BIKE_L1,P256_BIKE_L1,82.363376
P256_BIKE_L1,P256_BIKE_L1,82.048629
P256_BIKE_L1,P256_BIKE_L1,78.348533
P256_BIKE_L1,P256_BIKE_L1,82.716364
P256_BIKE_L1,P256_BIKE_L1,87.010378
P256_BIKE_L1,P256_BIKE_L1,80.023785
P256_BIKE_L1,P256_BIKE_L1,82.279928
P256_BIKE_L1,P256_BIKE_L1,83.273653
P256_BIKE_L1,P256_BIKE_L1,83.218851
P256_BIKE_L1,P256_BIKE_L1,80.519848
P256_BIKE_L1,P256_BIKE_L1,79.361773
P256_BIKE_L1,P256_BIKE_L1,82.916821
P256_BIKE_L1,P256_BIKE_L1,80.441489
P256_BIKE_L1,P256_BIKE_L1,77.067395
P256_BIKE_L1,P256_BIKE_L1,77.168857
P256_BIKE_L1,P256_BIKE_L1,76.61042
P256_BIKE_L1,P256_BIKE_L1,82.44977
P256_BIKE_L1,P256_BIKE_L1,78.960125
P256_BIKE_L1,P256_BIKE_L1,84.588225
P256_BIKE_L1,P256_BIKE_L1,80.135413
P256_BIKE_L1,P256_BIKE_L1,79.66155
P256_BIKE_L1,P256_BIKE_L1,80.809472
P256_BIKE_L1,P256_BIKE_L1,83.025084
P256_BIKE_L1,P256_BIKE_L1,85.095428
P256_BIKE_L1,P256_BIKE_L1,80.336691
P256_BIKE_L1,P256_BIKE_L1,81.84411
P256_BIKE_L1,P256_BIKE_L1,78.611935
P256_BIKE_L1,P256_BIKE_L1,83.20528
P256_BIKE_L1,P256_BIKE_L1,86.6473
P256_BIKE_L1,P256_BIKE_L1,78.797453
P256_BIKE_L1,P256_BIKE_L1,81.796588
P256_BIKE_L1,P256_BIKE_L1,82.49911
P256_BIKE_L1,P256_BIKE_L1,84.521095
P256_BIKE_L1,P256_BIKE_L1,81.943669
P256_BIKE_L1,P256_BIKE_L1,80.390651
P256_BIKE_L1,P256_BIKE_L1,80.024442
P256_BIKE_L1,P256_BIKE_L1,87.393961
P256_BIKE_L1,P256_BIKE_L1,80.935251
P256_BIKE_L1,P256_BIKE_L1,82.676343
P256_BIKE_L1,P256_BIKE_L1,82.087411
P256_BIKE_L1,P256_BIKE_L1,79.846583
P256_BIKE_L1,P256_BIKE_L1,82.769184
P256_BIKE_L1,P256_BIKE_L1,73.957787
P256_BIKE_L1,P256_BIKE_L1,81.356451
P256_BIKE_L1,P256_BIKE_L1,80.709415
P256_BIKE_L1,P256_BIKE_L1,79.918916
P256_BIKE_L1,P256_BIKE_L1,80.235427
P256_BIKE_L1,P256_BIKE_L1,84.264802
P256_BIKE_L1,P256_BIKE_L1,78.033597
P256_BIKE_L1,P256_BIKE_L1,83.684037
P256_BIKE_L1,P256_BIKE_L1,76.335237
P256_BIKE_L1,P256_BIKE_L1,77.79639
P256_BIKE_L1,P256_BIKE_L1,83.424776
P256_BIKE_L1,P256_BIKE_L1,82.670851
P256_BIKE_L1,P256_BIKE_L1,78.405673
P256_BIKE_L1,P256_BIKE_L1,85.929727
P256_BIKE_L1,P256_BIKE_L1,82.01998
P256_BIKE_L1,P256_BIKE_L1,76.767454
P256_BIKE_L1,P256_BIKE_L1,76.616484
P256_BIKE_L1,P256_BIKE_L1,85.301582
P256_BIKE_L1,P256_BIKE_L1,78.129048
P256_BIKE_L1,P256_BIKE_L1,80.138712
P256_BIKE_L1,P256_BIKE_L1,86.435721
P256_BIKE_L1,P256_BIKE_L1,81.591523
P256_BIKE_L1,P256_BIKE_L1,80.742656
P256_BIKE_L1,P256_BIKE_L1,79.7513
P256_BIKE_L1,P256_BIKE_L1,78.87449
P256_BIKE_L1,P256_BIKE_L1,81.45821
P256_BIKE_L1,P256_BIKE_L1,76.863979
P256_BIKE_L1,P256_BIKE_L1,73.808693
P256_BIKE_L1,P256_BIKE_L1,79.13462
P256_BIKE_L1,P256_BIKE_L1,83.317477
P256_BIKE_L1,P256_BIKE_L1,81.898695
P256_BIKE_L1,P256_BIKE_L1,78.050502
P256_BIKE_L1,P256_BIKE_L1,80.796728
P256_BIKE_L1,P256_BIKE_L1,76.503546
P256_BIKE_L1,P256_BIKE_L1,84.945531
P256_BIKE_L1,P256_BIKE_L1,86.259667
P256_BIKE_L1,P256_BIKE_L1,78.33844
P256_BIKE_L1,P256_BIKE_L1,78.549197
P256_BIKE_L1,P256_BIKE_L1,81.628937
P256_BIKE_L1,P256_BIKE_L1,79.992924
P256_BIKE_L1,P256_BIKE_L1,81.111721
P256_BIKE_L1,P256_BIKE_L1,82.365643
P256_BIKE_L1,P256_BIKE_L1,80.547334
P256_BIKE_L1,P256_BIKE_L1,83.358204
P256_BIKE_L1,P256_BIKE_L1,79.403483
P256_BIKE_L1,P256_BIKE_L1,77.71202
P256_BIKE_L1,P256_BIKE_L1,78.537309
P256_BIKE_L1,P256_BIKE_L1,80.337734
P256_BIKE_L1,P256_BIKE_L1,86.053403
P256_BIKE_L1,P256_BIKE_L1,77.53099
P256_BIKE_L1,P256_BIKE_L1,78.648754
P256_BIKE_L1,P256_BIKE_L1,81.079516
P256_BIKE_L1,P256_BIKE_L1,78.092158
P256_BIKE_L1,P256_BIKE_L1,80.494585
P256_BIKE_L1,P256_BIKE_L1,75.8213
P256_BIKE_L1,P256_BIKE_L1,79.630048
P256_BIKE_L1,P256_BIKE_L1,81.364923
P256_BIKE_L1,P256_BIKE_L1,77.517022
P256_BIKE_L1,P256_BIKE_L1,84.706201
P256_BIKE_L1,P256_BIKE_L1,80.558809
P256_BIKE_L1,P256_BIKE_L1,85.204609
P256_BIKE_L1,P256_BIKE_L1,76.539824
P256_BIKE_L1,P256_BIKE_L1,78.886021
P256_BIKE_L1,P256_BIKE_L1,76.277729
P256_BIKE_L1,P256_BIKE_L1,78.998857
P256_BIKE_L1,P256_BIKE_L1,80.707546
P256_BIKE_L1,P256_BIKE_L1,78.950954
P256_BIKE_L1,P256_BIKE_L1,83.597823
P256_BIKE_L1,P256_BIKE_L1,84.821728
P256_BIKE_L1,P256_BIKE_L1,78.987945
P256_BIKE_L1,P256_BIKE_L1,80.178986
P256_BIKE_L1,P256_BIKE_L1,76.041712
P256_BIKE_L1,P256_BIKE_L1,85.655016
P256_BIKE_L1,P256_BIKE_L1,82.08222
P256_BIKE_L1,P256_BIKE_L1,82.259253
P256_BIKE_L1,P256_BIKE_L1,84.685186
P256_BIKE_L1,P256_BIKE_L1,77.910128
P256_BIKE_L1,P256_BIKE_L1,82.943325
P256_BIKE_L1,P256_BIKE_L1,75.942156
P256_BIKE_L1,P256_BIKE_L1,82.328952
P256_BIKE_L1,P256_BIKE_L1,80.176777
P256_BIKE_L1,P256_BIKE_L1,81.22349
P256_BIKE_L1,P256_BIKE_L1,86.278954
P256_BIKE_L1,P256_BIKE_L1,79.000158
P256_BIKE_L1,P256_BIKE_L1,77.496041
P256_BIKE_L1,P256_BIKE_L1,78.270425
P256_BIKE_L1,P256_BIKE_L1,82.021541
P256_BIKE_L1,P256_BIKE_L1,74.98214
P256_BIKE_L1,P256_BIKE_L1,80.71447
P256_BIKE_L1,P256_BIKE_L1,76.392643
P256_BIKE_L1,P256_BIKE_L1,87.997398
P256_BIKE_L1,P256_BIKE_L1,83.901178
P256_BIKE_L1,P256_BIKE_L1,83.989993
P256_BIKE_L1,P256_BIKE_L1,75.789502
P256_BIKE_L1,P256_BIKE_L1,81.337989
P256_BIKE_L1,P256_BIKE_L1,83.28543
P256_BIKE_L1,P256_BIKE_L1,85.949908
P256_BIKE_L1,P256_BIKE_L1,78.611106
P256_BIKE_L1,P256_BIKE_L1,79.231253
P256_BIKE_L1,P256_BIKE_L1,83.838743
P256_BIKE_L1,P256_BIKE_L1,80.728242
P256_BIKE_L1,P256_BIKE_L1,79.810792
P256_BIKE_L1,P256_BIKE_L1,82.475718
P256_BIKE_L1,P256_BIKE_L1,83.529839
P256_BIKE_L1,P256_BIKE_L1,83.414078
P256_BIKE_L1,P256_BIKE_L1,80.715734
P256_BIKE_L1,P256_BIKE_L1,80.236164
P256_BIKE_L1,P256_BIKE_L1,81.273509
P256_BIKE_L1,P256_BIKE_L1,82.541859
P256_BIKE_L1,P256_BIKE_L1,80.083797
P256_BIKE_L1,P256_BIKE_L1,80.451449
P256_BIKE_L1,P256_BIKE_L1,85.295208
P256_BIKE_L1,P256_BIKE_L1,79.278439
P256_BIKE_L1,P256_BIKE_L1,78.135554
P256_BIKE_L1,P256_BIKE_L1,80.243332
P256_BIKE_L1,P256_BIKE_L1,79.174391
P256_BIKE_L1,P256_BIKE_L1,79.984515
P256_BIKE_L1,P256_BIKE_L1,75.973202
P256_BIKE_L1,P256_BIKE_L1,79.155544
P256_BIKE_L1,P256_BIKE_L1,78.832764
P256_BIKE_L1,P256_BIKE_L1,79.443811
P256_BIKE_L1,P256_BIKE_L1,83.688741
P256_BIKE_L1,P256_BIKE_L1,81.530595
P256_BIKE_L1,P256_BIKE_L1,82.424735
P256_BIKE_L1,P256_BIKE_L1,80.854015
P256_BIKE_L1,P256_BIKE_L1,83.846289
P256_BIKE_L1,P256_BIKE_L1,78.076771
P256_BIKE_L1,P256_BIKE_L1,76.915335
P256_BIKE_L1,P256_BIKE_L1,78.7826
P256_BIKE_L1,P256_BIKE_L1,84.831717
P256_BIKE_L1,P256_BIKE_L1,81.34591
P256_BIKE_L1,P256_BIKE_L1,80.36492
P256_BIKE_L1,P256_BIKE_L1,83.006433
P256_BIKE_L1,P256_BIKE_L1,83.226769
P256_BIKE_L1,P256_BIKE_L1,83.325417
P256_BIKE_L1,P256_BIKE_L1,76.156864
P256_BIKE_L1,P256_BIKE_L1,78.881718
P256_BIKE_L1,P256_BIKE_L1,84.535696
P256_BIKE_L1,P256_BIKE_L1,77.151306
P256_BIKE_L1,P256_BIKE_L1,79.069682
P256_BIKE_L1,P256_BIKE_L1,82.109203
P256_BIKE_L1,P256_BIKE_L1,77.4931
P256_BIKE_L1,P256_BIKE_L1,83.334873
P256_BIKE_L1,P256_BIKE_L1,78.50764
P256_BIKE_L1,P256_BIKE_L1,82.917165
P256_BIKE_L1,P256_BIKE_L1,78.700825
P256_BIKE_L1,P256_BIKE_L1,76.380665
P256_BIKE_L1,P256_BIKE_L1,80.477812
P256_BIKE_L1,P256_BIKE_L1,80.250834
P256_BIKE_L1,P256_BIKE_L1,82.172551
P256_BIKE_L1,P256_BIKE_L1,81.977585
P256_BIKE_L1,P256_BIKE_L1,80.339183
P256_BIKE_L1,P256_BIKE_L1,82.628684
P256_BIKE_L1,P256_BIKE_L1,82.818529
P256_BIKE_L1,P256_BIKE_L1,81.597312
P256_BIKE_L1,P256_BIKE_L1,79.378224
P256_BIKE_L1,P256_BIKE_L1,75.721911
P256_BIKE_L1,P256_BIKE_L1,85.060789
P256_BIKE_L1,P256_BIKE_L1,83.518162
P256_BIKE_L1,P256_BIKE_L1,80.31947
P256_BIKE_L1,P256_BIKE_L1,86.403477
P256_BIKE_L1,P256_BIKE_L1,78.618749
P256_BIKE_L1,P256_BIKE_L1,74.29481
P256_BIKE_L1,P256_BIKE_L1,77.55153
P256_BIKE_L1,P256_BIKE_L1,81.145153
P256_BIKE_L1,P256_BIKE_L1,82.525213
P256_BIKE_L1,P256_BIKE_L1,83.279238
P256_BIKE_L1,P256_BIKE_L1,81.836011
P256_BIKE_L1,P256_BIKE_L1,78.024341
P256_BIKE_L1,P256_BIKE_L1,77.396894
P256_BIKE_L1,P256_BIKE_L1,76.858515
P256_BIKE_L1,P256_BIKE_L1,81.596302
P256_BIKE_L1,P256_BIKE_L1,82.116196
P256_BIKE_L1,P256_BIKE_L1,78.987517
P256_BIKE_L1,P256_BIKE_L1,82.0324
P256_BIKE_L1,P256_BIKE_L1,83.818928
P256_BIKE_L1,P256_BIKE_L1,80.373217
P256_BIKE_L1,P256_BIKE_L1,81.008956
P256_BIKE_L1,P256_BIKE_L1,79.277176
P256_BIKE_L1,P256_BIKE_L1,82.008592
P256_BIKE_L1,P256_BIKE_L1,82.736685
P256_BIKE_L1,P256_BIKE_L1,82.889049
P256_BIKE_L1,P256_BIKE_L1,79.514579
P256_BIKE_L1,P256_BIKE_L1,79.947062
P256_BIKE_L1,P256_BIKE_L1,80.405401
P256_BIKE_L1,P256_BIKE_L1,83.449907
P256_BIKE_L1,P256_BIKE_L1,83.673993
P256_BIKE_L1,P256_BIKE_L1,83.51268
P256_BIKE_L1,P256_BIKE_L1,81.523512
P256_BIKE_L1,P256_BIKE_L1,79.346389
P256_BIKE_L1,P256_BIKE_L1,78.379017
P256_BIKE_L1,P256_BIKE_L1,81.505032
P256_BIKE_L1,P256_BIKE_L1,78.330769
P256_BIKE_L1,P256_BIKE_L1,84.351869
P256_BIKE_L1,P256_BIKE_L1,82.497422
P256_BIKE_L1,P256_BIKE_L1,79.560954
P256_BIKE_L1,P256_BIKE_L1,80.296548
P256_BIKE_L1,P256_BIKE_L1,78.264536
P256_BIKE_L1,P256_BIKE_L1,80.933481
P256_BIKE_L1,P256_BIKE_L1,80.777806
P256_BIKE_L1,P256_BIKE_L1,80.671176
P256_BIKE_L1,P256_BIKE_L1,83.576996
P256_BIKE_L1,P256_BIKE_L1,76.544636
P256_BIKE_L1,P256_BIKE_L1,75.38343
P256_BIKE_L1,P256_BIKE_L1,78.249181
P256_BIKE_L1,P256_BIKE_L1,79.855058
P256_BIKE_L1,P256_BIKE_L1,78.487612
P256_BIKE_L1,P256_BIKE_L1,77.336775
P256_BIKE_L1,P256_BIKE_L1,81.008492
P256_BIKE_L1,P256_BIKE_L1,79.427482
P256_BIKE_L1,P256_BIKE_L1,82.748204
P256_BIKE_L1,P256_BIKE_L1,86.513793
P256_BIKE_L1,P256_BIKE_L1,83.989549
P256_BIKE_L1,P256_BIKE_L1,78.682375
P256_BIKE_L1,P256_BIKE_L1,87.499153
P256_BIKE_L1,P256_BIKE_L1,74.121115
P256_BIKE_L1,P256_BIKE_L1,81.306348
P256_BIKE_L1,P256_BIKE_L1,78.296692
P256_BIKE_L1,P256_BIKE_L1,82.090327
P256_BIKE_L1,P256_BIKE_L1,83.279664
P256_BIKE_L1,P256_BIKE_L1,78.819711
P256_BIKE_L1,P256_BIKE_L1,82.089257
P256_BIKE_L1,P256_BIKE_L1,81.532892
P256_BIKE_L1,P256_BIKE_L1,81.609588
P256_BIKE_L1,P256_BIKE_L1,79.321952
P256_BIKE_L1,P256_BIKE_L1,86.256156
P256_BIKE_L1,P256_BIKE_L1,84.254098
P256_BIKE_L1,P256_BIKE_L1,82.154014
P256_BIKE_L1,P256_BIKE_L1,81.546537
P256_BIKE_L1,P256_BIKE_L1,88.201557
P256_BIKE_L1,P256_BIKE_L1,74.743659
P256_BIKE_L1,P256_BIKE_L1,77.309101
P256_BIKE_L1,P256_BIKE_L1,80.030338
P256_BIKE_L1,P256_BIKE_L1,76.790962
P256_BIKE_L1,P256_BIKE_L1,80.803242
P256_BIKE_L1,P256_BIKE_L1,82.605225
P256_BIKE_L1,P256_BIKE_L1,85.959616
P256_BIKE_L1,P256_BIKE_L1,79.341008
P256_BIKE_L1,P256_BIKE_L1,85.704446
P256_BIKE_L1,P256_BIKE_L1,77.86149
P256_BIKE_L1,P256_BIKE_L1,77.060066
P256_BIKE_L1,P256_BIKE_L1,87.110996
P256_BIKE_L1,P256_BIKE_L1,77.509039
P256_BIKE_L1,P256_BIKE_L1,83.547279
P256_BIKE_L1,P256_BIKE_L1,87.938995
P256_BIKE_L1,P256_BIKE_L1,77.380929
P256_BIKE_L1,P256_BIKE_L1,84.928066
P256_BIKE_L1,P256_BIKE_L1,76.944388
P256_BIKE_L1,P256_BIKE_L1,85.425517
P256_BIKE_L1,P256_BIKE_L1,81.327805
P256_BIKE_L1,P256_BIKE_L1,82.36912
P256_BIKE_L1,P256_BIKE_L1,75.373006
P256_BIKE_L1,P256_BIKE_L1,80.948795
P256_BIKE_L1,P256_BIKE_L1,85.366952
P256_BIKE_L1,P256_BIKE_L1,82.999382
P256_BIKE_L1,P256_BIKE_L1,83.751461
P256_BIKE_L1,P256_BIKE_L1,79.56132
P256_BIKE_L1,P256_BIKE_L1,81.223358
P256_BIKE_L1,P256_BIKE_L1,78.689903
P256_BIKE_L1,P256_BIKE_L1,86.664603
P256_BIKE_L1,P256_BIKE_L1,80.101037
P256_BIKE_L1,P256_BIKE_L1,83.783784
P256_BIKE_L1,P256_BIKE_L1,76.887686
P256_BIKE_L1,P256_BIKE_L1,81.453455
P256_BIKE_L1,P256_BIKE_L1,81.507148
P256_BIKE_L1,P256_BIKE_L1,75.769759
P256_BIKE_L1,P256_BIKE_L1,81.038977
P256_BIKE_L1,P256_BIKE_L1,75.430264
P256_BIKE_L1,P256_BIKE_L1,75.832125
P256_BIKE_L1,P256_BIKE_L1,79.085654
P256_BIKE_L1,P256_BIKE_L1,81.096049
P256_BIKE_L1,P256_BIKE_L1,78.346632
P256_BIKE_L1,P256_BIKE_L1,80.138715
P256_BIKE_L1,P256_BIKE_L1,80.659142
P256_BIKE_L1,P256_BIKE_L1,84.315372
P256_BIKE_L1,P256_BIKE_L1,84.458217
P256_BIKE_L1,P256_BIKE_L1,78.177222
P256_BIKE_L1,P256_BIKE_L1,78.889642
P256_BIKE_L1,P256_BIKE_L1,77.638383
P256_BIKE_L1,P256_BIKE_L1,76.165894
P256_BIKE_L1,P256_BIKE_L1,78.987232
P256_BIKE_L1,P256_BIKE_L1,74.17636
P256_BIKE_L1,P256_BIKE_L1,78.483334
P256_BIKE_L1,P256_BIKE_L1,84.215549
P256_BIKE_L1,P256_BIKE_L1,82.908052
P256_BIKE_L1,P256_BIKE_L1,84.70149
P256_BIKE_L1,P256_BIKE_L1,85.654055
P256_BIKE_L1,P256_BIKE_L1,78.179516
P256_BIKE_L1,P256_BIKE_L1,78.617087
P256_BIKE_L1,P256_BIKE_L1,79.515868
P256_BIKE_L1,P256_BIKE_L1,81.043602
P256_BIKE_L1,P256_BIKE_L1,82.227608
P256_BIKE_L1,P256_BIKE_L1,79.094809
P256_BIKE_L1,P256_BIKE_L1,79.223393
P256_BIKE_L1,P256_BIKE_L1,87.169276
P256_BIKE_L1,P256_BIKE_L1,77.165044
P256_BIKE_L1,P256_BIKE_L1,82.757379
P256_BIKE_L1,P256_BIKE_L1,84.260448
P256_BIKE_L1,P256_BIKE_L1,85.741517
P256_BIKE_L1,P256_BIKE_L1,76.864108
P256_BIKE_L1,P256_BIKE_L1,78.436913
P256_BIKE_L1,P256_BIKE_L1,82.8676
P256_BIKE_L1,P256_BIKE_L1,77.087876
P256_BIKE_L1,P256_BIKE_L1,77.292709
P256_BIKE_L1,P256_BIKE_L1,74.594182
P256_BIKE_L1,P256_BIKE_L1,84.345597
P256_BIKE_L1,P256_BIKE_L1,79.556909
P256_BIKE_L1,P256_BIKE_L1,77.373307
P256_BIKE_L1,P256_BIKE_L1,79.791001
P256_BIKE_L1,P256_BIKE_L1,79.537989
P256_BIKE_L1,P256_BIKE_L1,81.178722
P256_BIKE_L1,P256_BIKE_L1,81.48453
P256_BIKE_L1,P256_BIKE_L1,77.738992
P256_BIKE_L1,P256_BIKE_L1,82.35811
P256_BIKE_L1,P256_BIKE_L1,78.806871
P256_BIKE_L1,P256_BIKE_L1,82.572937
P256_BIKE_L1,P256_BIKE_L1,80.947865
P256_BIKE_L1,P256_BIKE_L1,84.54932
P256_BIKE_L1,P256_BIKE_L1,82.843249
P256_BIKE_L1,P256_BIKE_L1,81.664561
P256_BIKE_L1,P256_BIKE_L1,82.226963
P256_BIKE_L1,P256_BIKE_L1,81.952711
P256_BIKE_L1,P256_BIKE_L1,76.769218
P256_BIKE_L1,P256_BIKE_L1,82.395138
P256_BIKE_L1,P256_BIKE_L1,80.3812
P256_BIKE_L1,P256_BIKE_L1,76.998257
P256_BIKE_L1,P256_BIKE_L1,80.088068
P256_BIKE_L1,P256_BIKE_L1,82.650007
P256_BIKE_L1,P256_BIKE_L1,86.321781
P256_BIKE_L1,P256_BIKE_L1,87.767851
P256_BIKE_L1,P256_BIKE_L1,79.880729
P256_BIKE_L1,P256_BIKE_L1,83.172615
P256_BIKE_L1,P256_BIKE_L1,75.738349
P256_BIKE_L1,P256_BIKE_L1,82.799309
P256_BIKE_L1,P256_BIKE_L1,82.253241
P256_BIKE_L1,P256_BIKE_L1,80.200382
P256_BIKE_L1,P256_BIKE_L1,81.251902
P256_BIKE_L1,P256_BIKE_L1,82.011085
P256_BIKE_L1,P256_BIKE_L1,83.831954
P256_BIKE_L1,P256_BIKE_L1,81.26299
P256_BIKE_L1,P256_BIKE_L1,85.495743
P256_BIKE_L1,P256_BIKE_L1,82.994017
P256_BIKE_L1,P256_BIKE_L1,78.929171
P256_BIKE_L1,P256_BIKE_L1,81.510688
P256_BIKE_L1,P256_BIKE_L1,84.16464
P256_BIKE_L1,P256_BIKE_L1,83.920308
P256_BIKE_L1,P256_BIKE_L1,83.476954
P256_BIKE_L1,P256_BIKE_L1,84.599467
P256_BIKE_L1,P256_BIKE_L1,86.321118
P256_BIKE_L1,P256_BIKE_L1,79.062828
P256_BIKE_L1,P256_BIKE_L1,75.477201
P256_BIKE_L1,P256_BIKE_L1,82.408298
P256_BIKE_L1,P256_BIKE_L1,81.934159
P256_BIKE_L1,P256_BIKE_L1,79.35309
P256_BIKE_L1,P256_BIKE_L1,78.277232
P256_BIKE_L1,P256_BIKE_L1,81.112527
P256_BIKE_L1,P256_BIKE_L1,86.373555
P256_BIKE_L1,P256_BIKE_L1,82.624978
P256_BIKE_L1,P256_BIKE_L1,87.754693
P256_BIKE_L1,P256_BIKE_L1,79.866634
P256_BIKE_L1,P256_BIKE_L1,84.859582
P256_BIKE_L1,P256_BIKE_L1,76.563035
P256_BIKE_L1,P256_BIKE_L1,79.354625
P256_BIKE_L1,P256_BIKE_L1,82.132627
P256_BIKE_L1,P256_BIKE_L1,83.207141
P256_BIKE_L1,P256_BIKE_L1,78.100029
P256_BIKE_L1,P256_BIKE_L1,82.356571
P256_BIKE_L1,P256_BIKE_L1,87.19092
P256_BIKE_L1,P256_BIKE_L1,80.303847
P256_BIKE_L1,P256_BIKE_L1,78.303865
P256_BIKE_L1,P256_BIKE_L1,82.266375
P256_BIKE_L1,P256_BIKE_L1,86.010057
P256_BIKE_L1,P256_BIKE_L1,82.234553
P256_BIKE_L1,P256_BIKE_L1,77.221251
P256_BIKE_L1,P256_BIKE_L1,79.6862
P256_BIKE_L1,P256_BIKE_L1,76.55043
P256_BIKE_L1,P256_BIKE_L1,79.2743
P256_BIKE_L1,P256_BIKE_L1,80.213015
P256_BIKE_L1,P256_BIKE_L1,78.475764
P256_BIKE_L1,P256_BIKE_L1,82.208295
P256_BIKE_L1,P256_BIKE_L1,88.21395
P256_BIKE_L1,P256_BIKE_L1,82.131584
P256_BIKE_L1,P256_BIKE_L1,75.961683
P256_BIKE_L1,P256_BIKE_L1,80.257757
P256_BIKE_L1,P256_BIKE_L1,84.206381
P256_BIKE_L1,P256_BIKE_L1,77.359273
P256_BIKE_L1,P256_BIKE_L1,78.054292
P256_BIKE_L1,P256_BIKE_L1,82.588242
P256_BIKE_L1,P256_BIKE_L1,84.191446
P256_BIKE_L1,P256_BIKE_L1,74.955216
P256_BIKE_L1,P256_BIKE_L1,79.5743
P256_BIKE_L1,P256_BIKE_L1,79.939961
P256_BIKE_L1,P256_BIKE_L1,87.524789
P256_BIKE_L1,P256_BIKE_L1,77.826643
P256_BIKE_L1,P256_BIKE_L1,75.495278
P256_BIKE_L1,P256_BIKE_L1,81.932013
P256_BIKE_L1,P256_BIKE_L1,77.06162
P256_BIKE_L1,P256_BIKE_L1,78.229016
P256_BIKE_L1,P256_BIKE_L1,87.023787
P256_BIKE_L1,P256_BIKE_L1,79.882503
P256_BIKE_L1,P256_BIKE_L1,85.439579
P256_BIKE_L1,P256_BIKE_L1,82.301099
P256_BIKE_L1,P256_BIKE_L1,85.087175
P256_BIKE_L1,P256_BIKE_L1,80.955727
P256_BIKE_L1,P256_BIKE_L1,84.731408
P256_BIKE_L1,P256_BIKE_L1,84.163233
P256_BIKE_L1,P256_BIKE_L1,86.296748
P256_BIKE_L1,P256_BIKE_L1,76.624691
P256_BIKE_L1,P256_BIKE_L1,85.813861
P256_BIKE_L1,P256_BIKE_L1,80.413431
P256_BIKE_L1,P256_BIKE_L1,85.092181
P256_BIKE_L1,P256_BIKE_L1,77.033116
P256_BIKE_L1,P256_BIKE_L1,78.122465
P256_BIKE_L1,P256_BIKE_L1,76.922677
P256_BIKE_L1,P256_BIKE_L1,81.969915
P256_BIKE_L1,P256_BIKE_L1,81.307
P256_BIKE_L1,P256_BIKE_L1,80.408671
P256_BIKE_L1,P256_BIKE_L1,83.50557
P256_BIKE_L1,P256_BIKE_L1,80.640297
P256_BIKE_L1,P256_BIKE_L1,74.70736
P256_BIKE_L1,P256_BIKE_L1,82.672099
P256_BIKE_L1,P256_BIKE_L1,80.01789
P256_BIKE_L1,P256_BIKE_L1,80.233476
P256_BIKE_L1,P256_BIKE_L1,82.327068
P256_BIKE_L1,P256_BIKE_L1,86.769274
P256_BIKE_L1,P256_BIKE_L1,82.891352
P256_BIKE_L1,P256_BIKE_L1,82.038389
P256_BIKE_L1,P256_BIKE_L1,83.258779
P256_BIKE_L1,P256_BIKE_L1,83.793953
P256_BIKE_L1,P256_BIKE_L1,81.858187
P256_BIKE_L1,P256_BIKE_L1,80.079783
P256_BIKE_L1,P256_BIKE_L1,77.172244
P256_BIKE_L1,P256_BIKE_L1,82.738063
P256_BIKE_L1,P256_BIKE_L1,82.276165
P256_BIKE_L1,P256_BIKE_L1,78.362602
P256_BIKE_L1,P256_BIKE_L1,77.515256
P256_BIKE_L1,P256_BIKE_L1,81.032637
P256_BIKE_L1,P256_BIKE_L1,80.658546
P256_BIKE_L1,P256_BIKE_L1,79.573499
P256_BIKE_L1,P256_BIKE_L1,83.939332
P256_BIKE_L1,P256_BIKE_L1,84.175093
P256_BIKE_L1,P256_BIKE_L1,86.185179
P256_BIKE_L1,P256_BIKE_L1,78.689602
P256_BIKE_L1,P256_BIKE_L1,79.456016
P256_BIKE_L1,P256_BIKE_L1,83.843594
P256_BIKE_L1,P256_BIKE_L1,82.910973
P256_BIKE_L1,P256_BIKE_L1,77.257533
P256_BIKE_L1,P256_BIKE_L1,81.356952
P256_BIKE_L1,P256_BIKE_L1,82.058247
P256_BIKE_L1,P256_BIKE_L1,77.557268
P256_BIKE_L1,P256_BIKE_L1,77.790136
P256_BIKE_L1,P256_BIKE_L1,84.957456
P256_BIKE_L1,P256_BIKE_L1,79.024331
P256_BIKE_L1,P256_BIKE_L1,77.627713
P256_BIKE_L1,P256_BIKE_L1,77.786606
P256_BIKE_L1,P256_BIKE_L1,78.936209
P256_BIKE_L1,P256_BIKE_L1,83.299365
P256_BIKE_L1,P256_BIKE_L1,77.405512
P256_BIKE_L1,P256_BIKE_L1,83.551262
P256_BIKE_L1,P256_BIKE_L1,82.289091
P256_BIKE_L1,P256_BIKE_L1,76.81565
P256_BIKE_L1,P256_BIKE_L1,77.673255
P256_BIKE_L1,P256_BIKE_L1,79.33123
P256_BIKE_L1,P256_BIKE_L1,74.434372
P256_BIKE_L1,P256_BIKE_L1,82.440566
P256_BIKE_L1,P256_BIKE_L1,81.635889
P256_BIKE_L1,P256_BIKE_L1,83.347891
P256_BIKE_L1,P256_BIKE_L1,80.841783
P256_BIKE_L1,P256_BIKE_L1,76.081591
P256_BIKE_L1,P256_BIKE_L1,78.781722
P256_BIKE_L1,P256_BIKE_L1,87.676593
P256_BIKE_L1,P256_BIKE_L1,82.200161
P256_BIKE_L1,P256_BIKE_L1,82.853147
P256_BIKE_L1,P256_BIKE_L1,77.428507
P256_BIKE_L1,P256_BIKE_L1,80.315358
P256_BIKE_L1,P256_BIKE_L1,80.244447
P256_BIKE_L1,P256_BIKE_L1,83.663662
P256_BIKE_L1,P256_BIKE_L1,79.822804
P256_BIKE_L1,P256_BIKE_L1,80.80179
P256_BIKE_L1,P256_BIKE_L1,79.202938
P256_BIKE_L1,P256_BIKE_L1,80.940682
P256_BIKE_L1,P256_BIKE_L1,81.389819
P256_BIKE_L1,P256_BIKE_L1,77.489288
P256_BIKE_L1,P256_BIKE_L1,80.604993
P256_BIKE_L1,P256_BIKE_L1,79.092759
P256_BIKE_L1,P256_BIKE_L1,80.982932
P256_BIKE_L1,P256_BIKE_L1,83.20532
P256_BIKE_L1,P256_BIKE_L1,81.327434
P256_BIKE_L1,P256_BIKE_L1,83.131692
P256_BIKE_L1,P256_BIKE_L1,80.352364
P256_BIKE_L1,P256_BIKE_L1,81.655198
P256_BIKE_L1,P256_BIKE_L1,80.762494
P256_BIKE_L1,P256_BIKE_L1,83.801632
P256_BIKE_L1,P256_BIKE_L1,77.936693
P256_BIKE_L1,P256_BIKE_L1,80.65298
P256_BIKE_L1,P256_BIKE_L1,76.942156
P256_BIKE_L1,P256_BIKE_L1,80.435623
P256_BIKE_L1,P256_BIKE_L1,75.241987
P256_BIKE_L1,P256_BIKE_L1,77.551146
P256_BIKE_L1,P256_BIKE_L1,81.353986
P256_BIKE_L1,P256_BIKE_L1,83.278903
P256_BIKE_L1,P256_BIKE_L1,82.432713
P256_BIKE_L1,P256_BIKE_L1,85.20046
P256_BIKE_L1,P256_BIKE_L1,79.172121
P256_BIKE_L1,P256_BIKE_L1,81.584824
P256_BIKE_L1,P256_BIKE_L1,78.497743
P256_BIKE_L1,P256_BIKE_L1,83.081409
P256_BIKE_L1,P256_BIKE_L1,87.367911
P256_BIKE_L1,P256_BIKE_L1,82.660622
P256_BIKE_L1,P256_BIKE_L1,88.627993
P256_BIKE_L1,P256_BIKE_L1,78.572777
P256_BIKE_L1,P256_BIKE_L1,85.089501
P256_BIKE_L1,P256_BIKE_L1,75.812664
P256_BIKE_L1,P256_BIKE_L1,82.317491
P256_BIKE_L1,P256_BIKE_L1,81.447857
P256_BIKE_L1,P256_BIKE_L1,78.250492
P256_BIKE_L1,P256_BIKE_L1,83.05465
P256_BIKE_L1,P256_BIKE_L1,75.696253
P256_BIKE_L1,P256_BIKE_L1,78.360801
P256_BIKE_L1,P256_BIKE_L1,80.09781
P256_BIKE_L1,P256_BIKE_L1,84.673236
P256_BIKE_L1,P256_BIKE_L1,83.692017
P256_BIKE_L1,P256_BIKE_L1,83.334157
P256_BIKE_L1,P256_BIKE_L1,82.450866
P256_BIKE_L1,P256_BIKE_L1,78.854535
P256_BIKE_L1,P256_BIKE_L1,82.16181
P256_BIKE_L1,P256_BIKE_L1,83.915069
P256_BIKE_L1,P256_BIKE_L1,84.546458
P256_BIKE_L1,P256_BIKE_L1,82.218367
P256_BIKE_L1,P256_BIKE_L1,79.171177
P256_BIKE_L1,P256_BIKE_L1,82.12604
P256_BIKE_L1,P256_BIKE_L1,84.861404
P256_BIKE_L1,P256_BIKE_L1,85.998587
P256_BIKE_L1,P256_BIKE_L1,77.047322
P256_BIKE_L1,P256_BIKE_L1,78.571636
P256_BIKE_L1,P256_BIKE_L1,83.904422
P256_BIKE_L1,P256_BIKE_L1,81.651905
P256_BIKE_L1,P256_BIKE_L1,84.098666
P256_BIKE_L1,P256_BIKE_L1,82.275131
P256_BIKE_L1,P256_BIKE_L1,78.527383
P256_BIKE_L1,P256_BIKE_L1,80.110934
P256_BIKE_L1,P256_BIKE_L1,83.226875
P256_BIKE_L1,P256_BIKE_L1,85.103822
P256_BIKE_L1,P256_BIKE_L1,84.727517
P256_BIKE_L1,P256_BIKE_L1,82.385251
P256_BIKE_L1,P256_BIKE_L1,77.975847
P256_BIKE_L1,P256_BIKE_L1,75.82881
P256_BIKE_L1,P256_BIKE_L1,82.545435
P256_BIKE_L1,P256_BIKE_L1,81.155035
P256_BIKE_L1,P256_BIKE_L1,86.161038
P256_BIKE_L1,P256_BIKE_L1,83.443933
P256_BIKE_L1,P256_BIKE_L1,81.6188
P256_BIKE_L1,P256_BIKE_L1,79.957109
P256_BIKE_L1,P256_BIKE_L1,79.164001
P256_BIKE_L1,P256_BIKE_L1,77.936022
P256_BIKE_L1,P256_BIKE_L1,81.834883
P256_BIKE_L1,P256_BIKE_L1,76.014082
P256_BIKE_L1,P256_BIKE_L1,84.94272
P256_BIKE_L1,P256_BIKE_L1,83.080709
P256_BIKE_L1,P256_BIKE_L1,76.797843
P256_BIKE_L1,P256_BIKE_L1,83.973391
P256_BIKE_L1,P256_BIKE_L1,80.477571
P256_BIKE_L1,P256_BIKE_L1,84.838133
P256_BIKE_L1,P256_BIKE_L1,78.104233
P256_BIKE_L1,P256_BIKE_L1,77.828397
P256_BIKE_L1,P256_BIKE_L1,88.058698
P256_BIKE_L1,P256_BIKE_L1,78.63143
P256_BIKE_L1,P256_BIKE_L1,79.831101
P256_BIKE_L1,P256_BIKE_L1,77.803275
P256_BIKE_L1,P256_BIKE_L1,76.849314
P256_BIKE_L1,P256_BIKE_L1,83.561303
P256_BIKE_L1,P256_BIKE_L1,85.801557
P256_BIKE_L1,P256_BIKE_L1,81.887353
P256_BIKE_L1,P256_BIKE_L1,75.957685
P256_BIKE_L1,P256_BIKE_L1,81.840808
P256_BIKE_L1,P256_BIKE_L1,84.276773
P256_BIKE_L1,P256_BIKE_L1,81.458892
P256_BIKE_L1,P256_BIKE_L1,83.082773
P256_BIKE_L1,P256_BIKE_L1,79.40855
P256_BIKE_L1,P256_BIKE_L1,84.627222
P256_BIKE_L1,P256_BIKE_L1,75.16886
P256_BIKE_L1,P256_BIKE_L1,83.740371
P256_BIKE_L1,P256_BIKE_L1,74.333161
P256_BIKE_L1,P256_BIKE_L1,82.247726
P256_BIKE_L1,P256_BIKE_L1,80.576861
P256_BIKE_L1,P256_BIKE_L1,83.354726
P256_BIKE_L1,P256_BIKE_L1,82.603015
P256_BIKE_L1,P256_BIKE_L1,76.559106
P256_BIKE_L1,P256_BIKE_L1,86.712595
P256_BIKE_L1,P256_BIKE_L1,83.012617
P256_BIKE_L1,P256_BIKE_L1,83.528313
P256_BIKE_L1,P256_BIKE_L1,86.133673
P256_BIKE_L1,P256_BIKE_L1,77.990313
P256_BIKE_L1,P256_BIKE_L1,76.532842
P256_BIKE_L1,P256_BIKE_L1,76.661556
P256_BIKE_L1,P256_BIKE_L1,82.238872
P256_BIKE_L1,P256_BIKE_L1,81.196553
P256_BIKE_L1,P256_BIKE_L1,83.361292
P256_BIKE_L1,P256_BIKE_L1,81.968034
P256_BIKE_L1,P256_BIKE_L1,76.420839
P256_BIKE_L1,P256_BIKE_L1,82.109174
P256_BIKE_L1,P256_BIKE_L1,82.338108
P256_BIKE_L1,P256_BIKE_L1,86.087213
P256_BIKE_L1,P256_BIKE_L1,79.779912
P256_BIKE_L1,P256_BIKE_L1,76.909478
P256_BIKE_L1,P256_BIKE_L1,80.56359
P256_BIKE_L1,P256_BIKE_L1,77.429332
P256_BIKE_L1,P256_BIKE_L1,78.174581
P256_BIKE_L1,P256_BIKE_L1,79.424834
P256_BIKE_L1,P256_BIKE_L1,76.55663
P256_BIKE_L1,P256_BIKE_L1,82.343295
P256_BIKE_L1,P256_BIKE_L1,80.972561
P256_BIKE_L1,P256_BIKE_L1,79.834254
P256_BIKE_L1,P256_BIKE_L1,79.63793
P256_BIKE_L1,P256_BIKE_L1,81.554371
P256_BIKE_L1,P256_BIKE_L1,78.07824
P256_BIKE_L1,P256_BIKE_L1,83.468451
P256_BIKE_L1,P256_BIKE_L1,78.78718
P256_BIKE_L1,P256_BIKE_L1,76.653232
P256_BIKE_L1,P256_BIKE_L1,83.580272
P256_BIKE_L1,P256_BIKE_L1,79.346545
P256_BIKE_L1,P256_BIKE_L1,79.466224
P256_BIKE_L1,P256_BIKE_L1,81.624591
P256_BIKE_L1,P256_BIKE_L1,77.827054
P256_BIKE_L1,P256_BIKE_L1,82.147165
P256_BIKE_L1,P256_BIKE_L1,80.994184
P256_BIKE_L1,P256_BIKE_L1,75.7724
P256_BIKE_L1,P256_BIKE_L1,81.180375
P256_BIKE_L1,P256_BIKE_L1,82.674409
P256_BIKE_L1,P256_BIKE_L1,75.602999
P256_BIKE_L1,P256_BIKE_L1,78.097501
P256_BIKE_L1,P256_BIKE_L1,82.136865
P256_BIKE_L1,P256_BIKE_L1,76.750936
P256_BIKE_L1,P256_BIKE_L1,78.242472
P256_BIKE_L1,P256_BIKE_L1,76.118712
P256_BIKE_L1,P256_BIKE_L1,77.923496
P256_BIKE_L1,P256_BIKE_L1,82.682244
P256_BIKE_L1,P256_BIKE_L1,78.249842
P256_BIKE_L1,P256_BIKE_L1,83.000446
P256_BIKE_L1,P256_BIKE_L1,80.908948
P256_BIKE_L1,P256_BIKE_L1,75.872201
P256_BIKE_L1,P256_BIKE_L1,82.681754
P256_BIKE_L1,P256_BIKE_L1,83.251231
P256_BIKE_L1,P256_BIKE_L1,76.330773
P256_BIKE_L1,P256_BIKE_L1,85.154882
P256_BIKE_L1,P256_BIKE_L1,80.759768
P256_BIKE_L1,P256_BIKE_L1,77.960668
P256_BIKE_L1,P256_BIKE_L1,83.067899
P256_BIKE_L1,P256_BIKE_L1,74.159231
P256_BIKE_L1,P256_BIKE_L1,81.248176
P256_BIKE_L1,P256_BIKE_L1,78.09661
P256_BIKE_L1,P256_BIKE_L1,77.300442
P256_BIKE_L1,P256_BIKE_L1,83.822689
P256_BIKE_L1,P256_BIKE_L1,79.308768
P256_BIKE_L1,P256_BIKE_L1,78.578035
P256_BIKE_L1,P256_BIKE_L1,82.22518
P256_BIKE_L1,P256_BIKE_L1,84.100902
P256_BIKE_L1,P256_BIKE_L1,78.996783
P256_BIKE_L1,P256_BIKE_L1,82.014576
P256_BIKE_L1,P256_BIKE_L1,78.063315
P256_BIKE_L1,P256_BIKE_L1,81.595361
P256_BIKE_L1,P256_BIKE_L1,84.137598
P256_BIKE_L1,P256_BIKE_L1,79.068461
P256_BIKE_L1,P256_BIKE_L1,78.408501
P256_BIKE_L1,P256_BIKE_L1,75.62072
P256_BIKE_L1,P256_BIKE_L1,82.819001
P256_BIKE_L1,P256_BIKE_L1,81.107235
P256_BIKE_L1,P256_BIKE_L1,78.08871
P256_BIKE_L1,P256_BIKE_L1,79.040067
P256_BIKE_L1,P256_BIKE_L1,74.384074
P256_BIKE_L1,P256_BIKE_L1,78.514821
P256_BIKE_L1,P256_BIKE_L1,81.197736
P256_BIKE_L1,P256_BIKE_L1,83.571056
P256_BIKE_L1,P256_BIKE_L1,81.094558
P256_BIKE_L1,P256_BIKE_L1,81.90509
P256_BIKE_L1,P256_BIKE_L1,81.73215
P256_BIKE_L1,P256_BIKE_L1,77.403785
P256_BIKE_L1,P256_BIKE_L1,82.269523
P256_BIKE_L1,P256_BIKE_L1,81.01927
P256_BIKE_L1,P256_BIKE_L1,83.380657
P256_BIKE_L1,P256_BIKE_L1,78.512384
P256_BIKE_L1,P256_BIKE_L1,82.001366
P256_BIKE_L1,P256_BIKE_L1,81.752789
P256_BIKE_L1,P256_BIKE_L1,78.269124
P256_BIKE_L1,P256_BIKE_L1,82.082066
P256_BIKE_L1,P256_BIKE_L1,81.696215
P256_BIKE_L1,P256_BIKE_L1,76.393108
P256_BIKE_L1,P256_BIKE_L1,77.009647
P256_BIKE_L1,P256_BIKE_L1,77.738405
P256_BIKE_L1,P256_BIKE_L1,82.157979
P256_BIKE_L1,P256_BIKE_L1,80.215717
P256_BIKE_L1,P256_BIKE_L1,82.025295
P256_BIKE_L1,P256_BIKE_L1,76.524518
P256_BIKE_L1,P256_BIKE_L1,74.646705
P256_BIKE_L1,P256_BIKE_L1,77.0977
P256_BIKE_L1,P256_BIKE_L1,78.699308
P256_BIKE_L1,P256_BIKE_L1,82.816529
P256_BIKE_L1,P256_BIKE_L1,87.223824
P256_BIKE_L1,P256_BIKE_L1,78.787533
P256_BIKE_L1,P256_BIKE_L1,79.635612
P256_BIKE_L1,P256_BIKE_L1,82.089043
P256_BIKE_L1,P256_BIKE_L1,86.6328
P256_BIKE_L1,P256_BIKE_L1,80.495552
P256_BIKE_L1,P256_BIKE_L1,76.764052
P256_BIKE_L1,P256_BIKE_L1,83.72163
P256_BIKE_L1,P256_BIKE_L1,78.102495
P256_BIKE_L1,P256_BIKE_L1,83.897537
P256_BIKE_L1,P256_BIKE_L1,82.412915
P256_BIKE_L1,P256_BIKE_L1,79.719849
P256_BIKE_L1,P256_BIKE_L1,77.030645
P256_BIKE_L1,P256_BIKE_L1,77.527605
P256_BIKE_L1,P256_BIKE_L1,81.760488
P256_BIKE_L1,P256_BIKE_L1,81.17027
P256_BIKE_L1,P256_BIKE_L1,81.532651
P256_BIKE_L1,P256_BIKE_L1,83.762562
P256_BIKE_L1,P256_BIKE_L1,81.232108
P256_BIKE_L1,P256_BIKE_L1,82.22593
P256_BIKE_L1,P256_BIKE_L1,77.925976
P256_BIKE_L1,P256_BIKE_L1,82.136595
P256_BIKE_L1,P256_BIKE_L1,87.182097
P256_BIKE_L1,P256_BIKE_L1,82.585479
P256_BIKE_L1,P256_BIKE_L1,81.356027
P256_BIKE_L1,P256_BIKE_L1,81.030384
P256_BIKE_L1,P256_BIKE_L1,82.255007
P256_BIKE_L1,P256_BIKE_L1,77.517747
P256_BIKE_L1,P256_BIKE_L1,76.801342
P256_BIKE_L1,P256_BIKE_L1,75.612048
P256_BIKE_L1,P256_BIKE_L1,76.078954
P256_BIKE_L1,P256_BIKE_L1,75.129858
P256_BIKE_L1,P256_BIKE_L1,81.948364
P256_BIKE_L1,P256_BIKE_L1,84.177852
P256_BIKE_L1,P256_BIKE_L1,82.991235
P256_BIKE_L1,P256_BIKE_L1,84.010408
P256_BIKE_L1,P256_BIKE_L1,76.640937
P256_BIKE_L1,P256_BIKE_L1,81.261765
P256_BIKE_L1,P256_BIKE_L1,76.762846
P256_BIKE_L1,P256_BIKE_L1,82.37533
P256_BIKE_L1,P256_BIKE_L1,78.298809
P256_BIKE_L1,P256_BIKE_L1,77.935478
P256_BIKE_L1,P256_BIKE_L1,77.674187
P256_BIKE_L1,P256_BIKE_L1,82.453625
P256_BIKE_L1,P256_BIKE_L1,78.003695
P256_BIKE_L1,P256_BIKE_L1,79.603922
P256_BIKE_L1,P256_BIKE_L1,83.165375
P256_BIKE_L1,P256_BIKE_L1,87.14953
P256_BIKE_L1,P256_BIKE_L1,83.674846
P256_BIKE_L1,P256_BIKE_L1,78.61881
P256_BIKE_L1,P256_BIKE_L1,81.731534
P256_BIKE_L1,P256_BIKE_L1,86.280338
P256_BIKE_L1,P256_BIKE_L1,77.839388
P256_BIKE_L1,P256_BIKE_L1,80.556756
P256_BIKE_L1,P256_BIKE_L1,80.684493
P256_BIKE_L1,P256_BIKE_L1,87.144799
P256_BIKE_L1,P256_BIKE_L1,85.281236
P256_BIKE_L1,P256_BIKE_L1,77.209135
P256_BIKE_L1,P256_BIKE_L1,81.79164
P256_BIKE_L1,P256_BIKE_L1,81.678677
P256_BIKE_L1,P256_BIKE_L1,82.070123
P256_BIKE_L1,P256_BIKE_L1,79.106227
P256_BIKE_L1,P256_BIKE_L1,83.434642
P256_BIKE_L1,P256_BIKE_L1,78.325187
P256_BIKE_L1,P256_BIKE_L1,77.816591
P256_BIKE_L1,P256_BIKE_L1,84.706851
P256_BIKE_L1,P256_BIKE_L1,82.393978
P256_BIKE_L1,P256_BIKE_L1,78.998875
P256_BIKE_L1,P256_BIKE_L1,81.14985
P256_BIKE_L1,P256_BIKE_L1,80.80955
P256_BIKE_L1,P256_BIKE_L1,76.204923
P256_BIKE_L1,P256_BIKE_L1,82.278056
P256_BIKE_L1,P256_BIKE_L1,82.083275
P256_BIKE_L1,P256_BIKE_L1,80.045605
P256_BIKE_L1,P256_BIKE_L1,78.124173
P256_BIKE_L1,P256_BIKE_L1,83.809757
P256_BIKE_L1,P256_BIKE_L1,83.617939
P256_BIKE_L1,P256_BIKE_L1,79.518899
P256_BIKE_L1,P256_BIKE_L1,82.070113
P256_BIKE_L1,P256_BIKE_L1,80.889575
P256_BIKE_L1,P256_BIKE_L1,82.450251
P256_BIKE_L1,P256_BIKE_L1,82.17454
P256_BIKE_L1,P256_BIKE_L1,77.042843
P256_BIKE_L1,P256_BIKE_L1,80.184311
P256_BIKE_L1,P256_BIKE_L1,82.500959
P256_BIKE_L1,P256_BIKE_L1,79.308015
P256_BIKE_L1,P256_BIKE_L1,79.212954
P256_BIKE_L1,P256_BIKE_L1,84.360797
P256_BIKE_L1,P256_BIKE_L1,79.172723
P256_BIKE_L1,P256_Classic_McEliece_348864,82.272072
P256_BIKE_L1,P256_Classic_McEliece_348864,86.250953
P256_BIKE_L1,P256_Classic_McEliece_348864,86.398935
P256_BIKE_L1,P256_Classic_McEliece_348864,83.273461
P256_BIKE_L1,P256_Classic_McEliece_348864,83.272906
P256_BIKE_L1,P256_Classic_McEliece_348864,81.36352
P256_BIKE_L1,P256_Classic_McEliece_348864,89.03002
P256_BIKE_L1,P256_Classic_McEliece_348864,87.763152
P256_BIKE_L1,P256_Classic_McEliece_348864,83.188174
P256_BIKE_L1,P256_Classic_McEliece_348864,77.888768
P256_BIKE_L1,P256_Classic_McEliece_348864,82.160058
P256_BIKE_L1,P256_Classic_McEliece_348864,77.956942
P256_BIKE_L1,P256_Classic_McEliece_348864,86.166164
P256_BIKE_L1,P256_Classic_McEliece_348864,87.102397
P256_BIKE_L1,P256_Classic_McEliece_348864,81.520144
P256_BIKE_L1,P256_Classic_McEliece_348864,83.710482
P256_BIKE_L1,P256_Classic_McEliece_348864,76.327602
P256_BIKE_L1,P256_Classic_McEliece_348864,82.617159
P256_BIKE_L1,P256_Classic_McEliece_348864,88.599803
P256_BIKE_L1,P256_Classic_McEliece_348864,85.38919
P256_BIKE_L1,P256_Classic_McEliece_348864,84.65558
P256_BIKE_L1,P256_Classic_McEliece_348864,82.460774
P256_BIKE_L1,P256_Classic_McEliece_348864,79.26406
P256_BIKE_L1,P256_Classic_McEliece_348864,81.756105
P256_BIKE_L1,P256_Classic_McEliece_348864,81.174281
P256_BIKE_L1,P256_Classic_McEliece_348864,80.381198
P256_BIKE_L1,P256_Classic_McEliece_348864,87.55307
P256_BIKE_L1,P256_Classic_McEliece_348864,86.772518
P256_BIKE_L1,P256_Classic_McEliece_348864,84.90308
P256_BIKE_L1,P256_Classic_McEliece_348864,84.596291
P256_BIKE_L1,P256_Classic_McEliece_348864,83.743631
P256_BIKE_L1,P256_Classic_McEliece_348864,83.975534
P256_BIKE_L1,P256_Classic_McEliece_348864,83.402423
P256_BIKE_L1,P256_Classic_McEliece_348864,84.431758
P256_BIKE_L1,P256_Classic_McEliece_348864,83.416741
P256_BIKE_L1,P256_Classic_McEliece_348864,80.904885
P256_BIKE_L1,P256_Classic_McEliece_348864,83.829126
P256_BIKE_L1,P256_Classic_McEliece_348864,80.714615
P256_BIKE_L1,P256_Classic_McEliece_348864,76.537672
P256_BIKE_L1,P256_Classic_McEliece_348864,87.491116
P256_BIKE_L1,P256_Classic_McEliece_348864,79.162592
P256_BIKE_L1,P256_Classic_McEliece_348864,81.544532
P256_BIKE_L1,P256_Classic_McEliece_348864,87.000896
P256_BIKE_L1,P256_Classic_McEliece_348864,85.406174
P256_BIKE_L1,P256_Classic_McEliece_348864,82.771399
P256_BIKE_L1,P256_Classic_McEliece_348864,80.792773
P256_BIKE_L1,P256_Classic_McEliece_348864,83.079063
P256_BIKE_L1,P256_Classic_McEliece_348864,81.631949
P256_BIKE_L1,P256_Classic_McEliece_348864,81.449404
P256_BIKE_L1,P256_Classic_McEliece_348864,85.06613
P256_BIKE_L1,P256_Classic_McEliece_348864,85.671745
P256_BIKE_L1,P256_Classic_McEliece_348864,80.609739
P256_BIKE_L1,P256_Classic_McEliece_348864,80.030452
P256_BIKE_L1,P256_Classic_McEliece_348864,80.508225
P256_BIKE_L1,P256_Classic_McEliece_348864,84.747088
P256_BIKE_L1,P256_Classic_McEliece_348864,81.694535
P256_BIKE_L1,P256_Classic_McEliece_348864,88.409932
P256_BIKE_L1,P256_Classic_McEliece_348864,86.768756
P256_BIKE_L1,P256_Classic_McEliece_348864,85.150935
P256_BIKE_L1,P256_Classic_McEliece_348864,83.205082
P256_BIKE_L1,P256_Classic_McEliece_348864,81.963842
P256_BIKE_L1,P256_Classic_McEliece_348864,85.989425
P256_BIKE_L1,P256_Classic_McEliece_348864,78.931566
P256_BIKE_L1,P256_Classic_McEliece_348864,82.317279
P256_BIKE_L1,P256_Classic_McEliece_348864,86.884946
P256_BIKE_L1,P256_Classic_McEliece_348864,84.461518
P256_BIKE_L1,P256_Classic_McEliece_348864,78.626789
P256_BIKE_L1,P256_Classic_McEliece_348864,85.518502
P256_BIKE_L1,P256_Classic_McEliece_348864,80.501668
P256_BIKE_L1,P256_Classic_McEliece_348864,84.430617
P256_BIKE_L1,P256_Classic_McEliece_348864,79.350843
P256_BIKE_L1,P256_Classic_McEliece_348864,81.153139
P256_BIKE_L1,P256_Classic_McEliece_348864,80.756759
P256_BIKE_L1,P256_Classic_McEliece_348864,87.938296
P256_BIKE_L1,P256_Classic_McEliece_348864,87.393523
P256_BIKE_L1,P256_Classic_McEliece_348864,82.319224
P256_BIKE_L1,P256_Classic_McEliece_348864,84.178549
P256_BIKE_L1,P256_Classic_McEliece_348864,86.228548
P256_BIKE_L1,P256_Classic_McEliece_348864,80.377524
P256_BIKE_L1,P256_Classic_McEliece_348864,85.648287
P256_BIKE_L1,P256_Classic_McEliece_348864,81.470558
P256_BIKE_L1,P256_Classic_McEliece_348864,87.93877
P256_BIKE_L1,P256_Classic_McEliece_348864,85.517664
P256_BIKE_L1,P256_Classic_McEliece_348864,78.500661
P256_BIKE_L1,P256_Classic_McEliece_348864,86.687122
P256_BIKE_L1,P256_Classic_McEliece_348864,78.938802
P256_BIKE_L1,P256_Classic_McEliece_348864,87.415324
P256_BIKE_L1,P256_Classic_McEliece_348864,79.154462
P256_BIKE_L1,P256_Classic_McEliece_348864,84.133553
P256_BIKE_L1,P256_Classic_McEliece_348864,82.552197
P256_BIKE_L1,P256_Classic_McEliece_348864,80.708921
P256_BIKE_L1,P256_Classic_McEliece_348864,83.7842
P256_BIKE_L1,P256_Classic_McEliece_348864,86.802039
P256_BIKE_L1,P256_Classic_McEliece_348864,88.551032
P256_BIKE_L1,P256_Classic_McEliece_348864,81.303867
P256_BIKE_L1,P256_Classic_McEliece_348864,81.962076
P256_BIKE_L1,P256_Classic_McEliece_348864,81.196346
P256_BIKE_L1,P256_Classic_McEliece_348864,82.123107
P256_BIKE_L1,P256_Classic_McEliece_348864,82.048436
P256_BIKE_L1,P256_Classic_McEliece_348864,82.94739
P256_BIKE_L1,P256_Classic_McEliece_348864,90.126851
P256_BIKE_L1,P256_Classic_McEliece_348864,88.585095
P256_BIKE_L1,P256_Classic_McEliece_348864,86.461264
P256_BIKE_L1,P256_Classic_McEliece_348864,79.621963
P256_BIKE_L1,P256_Classic_McEliece_348864,83.878693
P256_BIKE_L1,P256_Classic_McEliece_348864,77.127248
P256_BIKE_L1,P256_Classic_McEliece_348864,81.313231
P256_BIKE_L1,P256_Classic_McEliece_348864,78.187021
P256_BIKE_L1,P256_Classic_McEliece_348864,81.659015
P256_BIKE_L1,P256_Classic_McEliece_348864,79.881083
P256_BIKE_L1,P256_Classic_McEliece_348864,83.870492
P256_BIKE_L1,P256_Classic_McEliece_348864,85.121405
P256_BIKE_L1,P256_Classic_McEliece_348864,86.132722
P256_BIKE_L1,P256_Classic_McEliece_348864,77.800834
P256_BIKE_L1,P256_Classic_McEliece_348864,85.216757
P256_BIKE_L1,P256_Classic_McEliece_348864,79.287179
P256_BIKE_L1,P256_Classic_McEliece_348864,83.778731
P256_BIKE_L1,P256_Classic_McEliece_348864,83.918658
P256_BIKE_L1,P256_Classic_McEliece_348864,77.705382
P256_BIKE_L1,P256_Classic_McEliece_348864,84.7489
P256_BIKE_L1,P256_Classic_McEliece_348864,81.399433
P256_BIKE_L1,P256_Classic_McEliece_348864,81.99733
P256_BIKE_L1,P256_Classic_McEliece_348864,84.637813
P256_BIKE_L1,P256_Classic_McEliece_348864,83.297939
P256_BIKE_L1,P256_Classic_McEliece_348864,81.763377
P256_BIKE_L1,P256_Classic_McEliece_348864,87.692706
P256_BIKE_L1,P256_Classic_McEliece_348864,88.723536
P256_BIKE_L1,P256_Classic_McEliece_348864,80.937138
P256_BIKE_L1,P256_Classic_McEliece_348864,79.305447
P256_BIKE_L1,P256_Classic_McEliece_348864,85.835559
P256_BIKE_L1,P256_Classic_McEliece_348864,78.314492
P256_BIKE_L1,P256_Classic_McEliece_348864,87.75336
P256_BIKE_L1,P256_Classic_McEliece_348864,81.418388
P256_BIKE_L1,P256_Classic_McEliece_348864,79.459183
P256_BIKE_L1,P256_Classic_McEliece_348864,81.615247
P256_BIKE_L1,P256_Classic_McEliece_348864,81.609514
P256_BIKE_L1,P256_Classic_McEliece_348864,81.791531
P256_BIKE_L1,P256_Classic_McEliece_348864,89.272732
P256_BIKE_L1,P256_Classic_McEliece_348864,85.796249
P256_BIKE_L1,P256_Classic_McEliece_348864,81.000267
P256_BIKE_L1,P256_Classic_McEliece_348864,85.90379
P256_BIKE_L1,P256_Classic_McEliece_348864,78.301602
P256_BIKE_L1,P256_Classic_McEliece_348864,82.204446
P256_BIKE_L1,P256_Classic_McEliece_348864,82.457618
P256_BIKE_L1,P256_Classic_McEliece_348864,78.51195
P256_BIKE_L1,P256_Classic_McEliece_348864,84.025199
P256_BIKE_L1,P256_Classic_McEliece_348864,84.943104
P256_BIKE_L1,P256_Classic_McEliece_348864,82.787269
P256_BIKE_L1,P256_Classic_McEliece_348864,84.09064
P256_BIKE_L1,P256_Classic_McEliece_348864,80.339321
P256_BIKE_L1,P256_Classic_McEliece_348864,84.741867
P256_BIKE_L1,P256_Classic_McEliece_348864,80.044714
P256_BIKE_L1,P256_Classic_McEliece_348864,84.679812
P256_BIKE_L1,P256_Classic_McEliece_348864,81.160969
P256_BIKE_L1,P256_Classic_McEliece_348864,80.715374
P256_BIKE_L1,P256_Classic_McEliece_348864,79.542873
P256_BIKE_L1,P256_Classic_McEliece_348864,88.076147
P256_BIKE_L1,P256_Classic_McEliece_348864,79.804632
P256_BIKE_L1,P256_Classic_McEliece_348864,83.064941
P256_BIKE_L1,P256_Classic_McEliece_348864,78.668454
P256_BIKE_L1,P256_Classic_McEliece_348864,83.303389
P256_BIKE_L1,P256_Classic_McEliece_348864,87.362941
P256_BIKE_L1,P256_Classic_McEliece_348864,87.311231
P256_BIKE_L1,P256_Classic_McEliece_348864,85.183372
P256_BIKE_L1,P256_Classic_McEliece_348864,86.207563
P256_BIKE_L1,P256_Classic_McEliece_348864,86.622075
P256_BIKE_L1,P256_Classic_McEliece_348864,84.965503
P256_BIKE_L1,P256_Classic_McEliece_348864,87.911121
P256_BIKE_L1,P256_Classic_McEliece_348864,78.735612
P256_BIKE_L1,P256_Classic_McEliece_348864,85.702544
P256_BIKE_L1,P256_Classic_McEliece_348864,84.940574
P256_BIKE_L1,P256_Classic_McEliece_348864,85.980843
P256_BIKE_L1,P256_Classic_McEliece_348864,81.036278
P256_BIKE_L1,P256_Classic_McEliece_348864,84.848649
P256_BIKE_L1,P256_Classic_McEliece_348864,84.35603
P256_BIKE_L1,P256_Classic_McEliece_348864,79.939453
P256_BIKE_L1,P256_Classic_McEliece_348864,81.131129
P256_BIKE_L1,P256_Classic_McEliece_348864,83.749551
P256_BIKE_L1,P256_Classic_McEliece_348864,88.447382
P256_BIKE_L1,P256_Classic_McEliece_348864,84.858823
P256_BIKE_L1,P256_Classic_McEliece_348864,78.158027
P256_BIKE_L1,P256_Classic_McEliece_348864,85.608906
P256_BIKE_L1,P256_Classic_McEliece_348864,83.029115
P256_BIKE_L1,P256_Classic_McEliece_348864,83.476684
P256_BIKE_L1,P256_Classic_McEliece_348864,84.435708
P256_BIKE_L1,P256_Classic_McEliece_348864,87.471667
P256_BIKE_L1,P256_Classic_McEliece_348864,83.801849
P256_BIKE_L1,P256_Classic_McEliece_348864,88.947625
P256_BIKE_L1,P256_Classic_McEliece_348864,84.494611
P256_BIKE_L1,P256_Classic_McEliece_348864,91.204597
P256_BIKE_L1,P256_Classic_McEliece_348864,81.567915
P256_BIKE_L1,P256_Classic_McEliece_348864,79.371632
P256_BIKE_L1,P256_Classic_McEliece_348864,89.500529
P256_BIKE_L1,P256_Classic_McEliece_348864,79.599347
P256_BIKE_L1,P256_Classic_McEliece_348864,85.765243
P256_BIKE_L1,P256_Classic_McEliece_348864,79.742299
P256_BIKE_L1,P256_Classic_McEliece_348864,79.646761
P256_BIKE_L1,P256_Classic_McEliece_348864,84.01016
P256_BIKE_L1,P256_Classic_McEliece_348864,89.595337
P256_BIKE_L1,P256_Classic_McEliece_348864,85.255442
P256_BIKE_L1,P256_Classic_McEliece_348864,85.542222
P256_BIKE_L1,P256_Classic_McEliece_348864,80.236808
P256_BIKE_L1,P256_Classic_McEliece_348864,81.246548
P256_BIKE_L1,P256_Classic_McEliece_348864,78.435201
P256_BIKE_L1,P256_Classic_McEliece_348864,84.821401
P256_BIKE_L1,P256_Classic_McEliece_348864,88.208015
P256_BIKE_L1,P256_Classic_McEliece_348864,87.068711
P256_BIKE_L1,P256_Classic_McEliece_348864,82.87497
P256_BIKE_L1,P256_Classic_McEliece_348864,83.810387
P256_BIKE_L1,P256_Classic_McEliece_348864,77.767868
P256_BIKE_L1,P256_Classic_McEliece_348864,80.134934
P256_BIKE_L1,P256_Classic_McEliece_348864,85.768608
P256_BIKE_L1,P256_Classic_McEliece_348864,83.444469
P256_BIKE_L1,P256_Classic_McEliece_348864,78.957842
P256_BIKE_L1,P256_Classic_McEliece_348864,83.209733
P256_BIKE_L1,P256_Classic_McEliece_348864,82.431652
P256_BIKE_L1,P256_Classic_McEliece_348864,76.648664
P256_BIKE_L1,P256_Classic_McEliece_348864,81.706254
P256_BIKE_L1,P256_Classic_McEliece_348864,81.348705
P256_BIKE_L1,P256_Classic_McEliece_348864,79.664823
P256_BIKE_L1,P256_Classic_McEliece_348864,84.329158
P256_BIKE_L1,P256_Classic_McEliece_348864,80.582489
P256_BIKE_L1,P256_Classic_McEliece_348864,82.878204
P256_BIKE_L1,P256_Classic_McEliece_348864,80.925462
P256_BIKE_L1,P256_Classic_McEliece_348864,84.735856
P256_BIKE_L1,P256_Classic_McEliece_348864,88.265622
P256_BIKE_L1,P256_Classic_McEliece_348864,86.821641
P256_BIKE_L1,P256_Classic_McEliece_348864,81.646179
P256_BIKE_L1,P256_Classic_McEliece_348864,84.704472
P256_BIKE_L1,P256_Classic_McEliece_348864,85.693657
P256_BIKE_L1,P256_Classic_McEliece_348864,85.911958
P256_BIKE_L1,P256_Classic_McEliece_348864,80.971208
P256_BIKE_L1,P256_Classic_McEliece_348864,85.159206
P256_BIKE_L1,P256_Classic_McEliece_348864,82.267181
P256_BIKE_L1,P256_Classic_McEliece_348864,84.556266
P256_BIKE_L1,P256_Classic_McEliece_348864,76.986101
P256_BIKE_L1,P256_Classic_McEliece_348864,79.2438
P256_BIKE_L1,P256_Classic_McEliece_348864,84.644629
P256_BIKE_L1,P256_Classic_McEliece_348864,86.005884
P256_BIKE_L1,P256_Classic_McEliece_348864,83.621114
P256_BIKE_L1,P256_Classic_McEliece_348864,80.340438
P256_BIKE_L1,P256_Classic_McEliece_348864,78.446363
P256_BIKE_L1,P256_Classic_McEliece_348864,84.570816
P256_BIKE_L1,P256_Classic_McEliece_348864,84.480754
P256_BIKE_L1,P256_Classic_McEliece_348864,82.693076
P256_BIKE_L1,P256_Classic_McEliece_348864,84.668548
P256_BIKE_L1,P256_Classic_McEliece_348864,83.023506
P256_BIKE_L1,P256_Classic_McEliece_348864,84.869
P256_BIKE_L1,P256_Classic_McEliece_348864,80.902244
P256_BIKE_L1,P256_Classic_McEliece_348864,82.746826
P256_BIKE_L1,P256_Classic_McEliece_348864,80.590866
P256_BIKE_L1,P256_Classic_McEliece_348864,81.611752
P256_BIKE_L1,P256_Classic_McEliece_348864,78.04284
P256_BIKE_L1,P256_Classic_McEliece_348864,86.993863
P256_BIKE_L1,P256_Classic_McEliece_348864,82.685369
P256_BIKE_L1,P256_Classic_McEliece_348864,85.719657
P256_BIKE_L1,P256_Classic_McEliece_348864,83.422474
P256_BIKE_L1,P256_Classic_McEliece_348864,81.0073
P256_BIKE_L1,P256_Classic_McEliece_348864,77.279195
P256_BIKE_L1,P256_Classic_McEliece_348864,90.31117
P256_BIKE_L1,P256_Classic_McEliece_348864,82.184591
P256_BIKE_L1,P256_Classic_McEliece_348864,80.502044
P256_BIKE_L1,P256_Classic_McEliece_348864,82.457673
P256_BIKE_L1,P256_Classic_McEliece_348864,83.701372
P256_BIKE_L1,P256_Classic_McEliece_348864,85.458619
P256_BIKE_L1,P256_Classic_McEliece_348864,80.389346
P256_BIKE_L1,P256_Classic_McEliece_348864,87.361303
P256_BIKE_L1,P256_Classic_McEliece_348864,81.565173
P256_BIKE_L1,P256_Classic_McEliece_348864,85.427835
P256_BIKE_L1,P256_Classic_McEliece_348864,90.876203
P256_BIKE_L1,P256_Classic_McEliece_348864,81.93631
P256_BIKE_L1,P256_Classic_McEliece_348864,83.303953
P256_BIKE_L1,P256_Classic_McEliece_348864,89.639864
P256_BIKE_L1,P256_Classic_McEliece_348864,90.718592
P256_BIKE_L1,P256_Classic_McEliece_348864,83.103365
P256_BIKE_L1,P256_Classic_McEliece_348864,79.781433
P256_BIKE_L1,P256_Classic_McEliece_348864,83.273483
P256_BIKE_L1,P256_Classic_McEliece_348864,83.137586
P256_BIKE_L1,P256_Classic_McEliece_348864,89.885615
P256_BIKE_L1,P256_Classic_McEliece_348864,83.739618
P256_BIKE_L1,P256_Classic_McEliece_348864,81.518836
P256_BIKE_L1,P256_Classic_McEliece_348864,85.16832
P256_BIKE_L1,P256_Classic_McEliece_348864,89.284025
P256_BIKE_L1,P256_Classic_McEliece_348864,80.609759
P256_BIKE_L1,P256_Classic_McEliece_348864,82.607027
P256_BIKE_L1,P256_Classic_McEliece_348864,84.13141
P256_BIKE_L1,P256_Classic_McEliece_348864,88.976787
P256_BIKE_L1,P256_Classic_McEliece_348864,84.48868
P256_BIKE_L1,P256_Classic_McEliece_348864,86.746191
P256_BIKE_L1,P256_Classic_McEliece_348864,80.68415
P256_BIKE_L1,P256_Classic_McEliece_348864,85.945357
P256_BIKE_L1,P256_Classic_McEliece_348864,83.279161
P256_BIKE_L1,P256_Classic_McEliece_348864,87.125396
P256_BIKE_L1,P256_Classic_McEliece_348864,84.403715
P256_BIKE_L1,P256_Classic_McEliece_348864,80.073127
P256_BIKE_L1,P256_Classic_McEliece_348864,86.865387
P256_BIKE_L1,P256_Classic_McEliece_348864,81.807659
P256_BIKE_L1,P256_Classic_McEliece_348864,78.333176
P256_BIKE_L1,P256_Classic_McEliece_348864,86.540918
P256_BIKE_L1,P256_Classic_McEliece_348864,79.564905
P256_BIKE_L1,P256_Classic_McEliece_348864,77.504208
P256_BIKE_L1,P256_Classic_McEliece_348864,85.109902
P256_BIKE_L1,P256_Classic_McEliece_348864,82.205467
P256_BIKE_L1,P256_Classic_McEliece_348864,85.744467
P256_BIKE_L1,P256_Classic_McEliece_348864,85.689865
P256_BIKE_L1,P256_Classic_McEliece_348864,86.048916
P256_BIKE_L1,P256_Classic_McEliece_348864,85.718795
P256_BIKE_L1,P256_Classic_McEliece_348864,85.77145
P256_BIKE_L1,P256_Classic_McEliece_348864,78.38714
P256_BIKE_L1,P256_Classic_McEliece_348864,83.535535
P256_BIKE_L1,P256_Classic_McEliece_348864,78.787099
P256_BIKE_L1,P256_Classic_McEliece_348864,81.68169
P256_BIKE_L1,P256_Classic_McEliece_348864,82.919809
P256_BIKE_L1,P256_Classic_McEliece_348864,88.97418
P256_BIKE_L1,P256_Classic_McEliece_348864,80.733118
P256_BIKE_L1,P256_Classic_McEliece_348864,85.201239
P256_BIKE_L1,P256_Classic_McEliece_348864,77.507957
P256_BIKE_L1,P256_Classic_McEliece_348864,83.535174
P256_BIKE_L1,P256_Classic_McEliece_348864,80.348608
P256_BIKE_L1,P256_Classic_McEliece_348864,81.927916
P256_BIKE_L1,P256_Classic_McEliece_348864,85.894009
P256_BIKE_L1,P256_Classic_McEliece_348864,84.281715
P256_BIKE_L1,P256_Classic_McEliece_348864,85.190938
P256_BIKE_L1,P256_Classic_McEliece_348864,84.509335
P256_BIKE_L1,P256_Classic_McEliece_348864,81.010692
P256_BIKE_L1,P256_Classic_McEliece_348864,86.93219
P256_BIKE_L1,P256_Classic_McEliece_348864,84.79656
P256_BIKE_L1,P256_Classic_McEliece_348864,80.666069
P256_BIKE_L1,P256_Classic_McEliece_348864,81.265897
P256_BIKE_L1,P256_Classic_McEliece_348864,80.326828
P256_BIKE_L1,P256_Classic_McEliece_348864,81.78942
P256_BIKE_L1,P256_Classic_McEliece_348864,79.147529
P256_BIKE_L1,P256_Classic_McEliece_348864,80.539271
P256_BIKE_L1,P256_Classic_McEliece_348864,83.093067
P256_BIKE_L1,P256_Classic_McEliece_348864,77.378276
P256_BIKE_L1,P256_Classic_McEliece_348864,88.960557
P256_BIKE_L1,P256_Classic_McEliece_348864,86.069902
P256_BIKE_L1,P256_Classic_McEliece_348864,83.753245
P256_BIKE_L1,P256_Classic_McEliece_348864,79.756872
P256_BIKE_L1,P256_Classic_McEliece_348864,83.744112
P256_BIKE_L1,P256_Classic_McEliece_348864,85.255226
P256_BIKE_L1,P256_Classic_McEliece_348864,86.206378
P256_BIKE_L1,P256_Classic_McEliece_348864,81.327815
P256_BIKE_L1,P256_Classic_McEliece_348864,86.80456
P256_BIKE_L1,P256_Classic_McEliece_348864,79.183772
P256_BIKE_L1,P256_Classic_McEliece_348864,77.839527
P256_BIKE_L1,P256_Classic_McEliece_348864,84.427366
P256_BIKE_L1,P256_Classic_McEliece_348864,80.026132
P256_BIKE_L1,P256_Classic_McEliece_348864,82.357565
P256_BIKE_L1,P256_Classic_McEliece_348864,79.671096
P256_BIKE_L1,P256_Classic_McEliece_348864,81.582267
P256_BIKE_L1,P256_Classic_McEliece_348864,84.643472
P256_BIKE_L1,P256_Classic_McEliece_348864,80.712681
P256_BIKE_L1,P256_Classic_McEliece_348864,86.589252
P256_BIKE_L1,P256_Classic_McEliece_348864,86.783057
P256_BIKE_L1,P256_Classic_McEliece_348864,85.150259
P256_BIKE_L1,P256_Classic_McEliece_348864,87.705832
P256_BIKE_L1,P256_Classic_McEliece_348864,78.441014
P256_BIKE_L1,P256_Classic_McEliece_348864,80.276431
P256_BIKE_L1,P256_Classic_McEliece_348864,83.121876
P256_BIKE_L1,P256_Classic_McEliece_348864,80.001778
P256_BIKE_L1,P256_Classic_McEliece_348864,84.665852
P256_BIKE_L1,P256_Classic_McEliece_348864,80.848686
P256_BIKE_L1,P256_Classic_McEliece_348864,77.109975
P256_BIKE_L1,P256_Classic_McEliece_348864,79.175625
P256_BIKE_L1,P256_Classic_McEliece_348864,83.368948
P256_BIKE_L1,P256_Classic_McEliece_348864,81.256425
P256_BIKE_L1,P256_Classic_McEliece_348864,84
P256_BIKE_L1,P256_Classic_McEliece_348864,85.888275
P256_BIKE_L1,P256_Classic_McEliece_348864,78.15274
P256_BIKE_L1,P256_Classic_McEliece_348864,88.067908
P256_BIKE_L1,P256_Classic_McEliece_348864,86.738739
P256_BIKE_L1,P256_Classic_McEliece_348864,80.962577
P256_BIKE_L1,P256_Classic_McEliece_348864,81.363516
P256_BIKE_L1,P256_Classic_McEliece_348864,89.277636
P256_BIKE_L1,P256_Classic_McEliece_348864,85.132601
P256_BIKE_L1,P256_Classic_McEliece_348864,77.261926
P256_BIKE_L1,P256_Classic_McEliece_348864,83.439533
P256_BIKE_L1,P256_Classic_McEliece_348864,82.629749
P256_BIKE_L1,P256_Classic_McEliece_348864,80.603303
P256_BIKE_L1,P256_Classic_McEliece_348864,79.872878
P256_BIKE_L1,P256_Classic_McEliece_348864,82.347747
P256_BIKE_L1,P256_Classic_McEliece_348864,77.610197
P256_BIKE_L1,P256_Classic_McEliece_348864,88.888253
P256_BIKE_L1,P256_Classic_McEliece_348864,82.924936
P256_BIKE_L1,P256_Classic_McEliece_348864,79.85962
P256_BIKE_L1,P256_Classic_McEliece_348864,85.748623
P256_BIKE_L1,P256_Classic_McEliece_348864,79.514456
P256_BIKE_L1,P256_Classic_McEliece_348864,77.198863
P256_BIKE_L1,P256_Classic_McEliece_348864,84.385517
P256_BIKE_L1,P256_Classic_McEliece_348864,87.643374
P256_BIKE_L1,P256_Classic_McEliece_348864,80.764751
P256_BIKE_L1,P256_Classic_McEliece_348864,86.341706
P256_BIKE_L1,P256_Classic_McEliece_348864,82.32435
P256_BIKE_L1,P256_Classic_McEliece_348864,84.493111
P256_BIKE_L1,P256_Classic_McEliece_348864,81.530914
P256_BIKE_L1,P256_Classic_McEliece_348864,89.92239
P256_BIKE_L1,P256_Classic_McEliece_348864,86.268592
P256_BIKE_L1,P256_Classic_McEliece_348864,84.88674
P256_BIKE_L1,P256_Classic_McEliece_348864,83.708138
P256_BIKE_L1,P256_Classic_McEliece_348864,83.735874
P256_BIKE_L1,P256_Classic_McEliece_348864,89.355308
P256_BIKE_L1,P256_Classic_McEliece_348864,88.461249
P256_BIKE_L1,P256_Classic_McEliece_348864,82.511926
P256_BIKE_L1,P256_Classic_McEliece_348864,86.569939
P256_BIKE_L1,P256_Classic_McEliece_348864,79.469178
P256_BIKE_L1,P256_Classic_McEliece_348864,86.027034
P256_BIKE_L1,P256_Classic_McEliece_348864,84.310635
P256_BIKE_L1,P256_Classic_McEliece_348864,78.494377
P256_BIKE_L1,P256_Classic_McEliece_348864,84.993532
P256_BIKE_L1,P256_Classic_McEliece_348864,76.397987
P256_BIKE_L1,P256_Classic_McEliece_348864,79.070317
P256_BIKE_L1,P256_Classic_McEliece_348864,85.380003
P256_BIKE_L1,P256_Classic_McEliece_348864,83.845566
P256_BIKE_L1,P256_Classic_McEliece_348864,85.809376
P256_BIKE_L1,P256_Classic_McEliece_348864,85.268316
P256_BIKE_L1,P256_Classic_McEliece_348864,82.071089
P256_BIKE_L1,P256_Classic_McEliece_348864,83.28877
P256_BIKE_L1,P256_Classic_McEliece_348864,87.650678
P256_BIKE_L1,P256_Classic_McEliece_348864,88.796075
P256_BIKE_L1,P256_Classic_McEliece_348864,79.863552
P256_BIKE_L1,P256_Classic_McEliece_348864,90.248302
P256_BIKE_L1,P256_Classic_McEliece_348864,79.47854
P256_BIKE_L1,P256_Classic_McEliece_348864,86.27682
P256_BIKE_L1,P256_Classic_McEliece_348864,83.492488
P256_BIKE_L1,P256_Classic_McEliece_348864,81.360815
P256_BIKE_L1,P256_Classic_McEliece_348864,87.300711
P256_BIKE_L1,P256_Classic_McEliece_348864,82.749739
P256_BIKE_L1,P256_Classic_McEliece_348864,82.133837
P256_BIKE_L1,P256_Classic_McEliece_348864,82.876574
P256_BIKE_L1,P256_Classic_McEliece_348864,86.28003
P256_BIKE_L1,P256_Classic_McEliece_348864,81.300233
P256_BIKE_L1,P256_Classic_McEliece_348864,85.026404
P256_BIKE_L1,P256_Classic_McEliece_348864,82.560741
P256_BIKE_L1,P256_Classic_McEliece_348864,83.330335
P256_BIKE_L1,P256_Classic_McEliece_348864,81.942744
P256_BIKE_L1,P256_Classic_McEliece_348864,88.231464
P256_BIKE_L1,P256_Classic_McEliece_348864,89.042726
P256_BIKE_L1,P256_Classic_McEliece_348864,87.702976
P256_BIKE_L1,P256_Classic_McEliece_348864,78.373832
P256_BIKE_L1,P256_Classic_McEliece_348864,78.890254
P256_BIKE_L1,P256_Classic_McEliece_348864,83.791625
P256_BIKE_L1,P256_Classic_McEliece_348864,80.621864
P256_BIKE_L1,P256_Classic_McEliece_348864,80.426899
P256_BIKE_L1,P256_Classic_McEliece_348864,78.869799
P256_BIKE_L1,P256_Classic_McEliece_348864,86.524541
P256_BIKE_L1,P256_Classic_McEliece_348864,85.258878
P256_BIKE_L1,P256_Classic_McEliece_348864,83.111198
P256_BIKE_L1,P256_Classic_McEliece_348864,83.917701
P256_BIKE_L1,P256_Classic_McEliece_348864,85.960186
P256_BIKE_L1,P256_Classic_McEliece_348864,78.28763
P256_BIKE_L1,P256_Classic_McEliece_348864,84.416875
P256_BIKE_L1,P256_Classic_McEliece_348864,82.600038
P256_BIKE_L1,P256_Classic_McEliece_348864,80.582961
P256_BIKE_L1,P256_Classic_McEliece_348864,82.237016
P256_BIKE_L1,P256_Classic_McEliece_348864,88.498238
P256_BIKE_L1,P256_Classic_McEliece_348864,87.992631
P256_BIKE_L1,P256_Classic_McEliece_348864,80.38914
P256_BIKE_L1,P256_Classic_McEliece_348864,81.284804
P256_BIKE_L1,P256_Classic_McEliece_348864,84.182377
P256_BIKE_L1,P256_Classic_McEliece_348864,84.67842
P256_BIKE_L1,P256_Classic_McEliece_348864,86.543281
P256_BIKE_L1,P256_Classic_McEliece_348864,82.630367
P256_BIKE_L1,P256_Classic_McEliece_348864,89.290716
P256_BIKE_L1,P256_Classic_McEliece_348864,87.975524
P256_BIKE_L1,P256_Classic_McEliece_348864,80.071801
P256_BIKE_L1,P256_Classic_McEliece_348864,82.868205
P256_BIKE_L1,P256_Classic_McEliece_348864,89.79667
P256_BIKE_L1,P256_Classic_McEliece_348864,82.347774
P256_BIKE_L1,P256_Classic_McEliece_348864,82.845216
P256_BIKE_L1,P256_Classic_McEliece_348864,79.631195
P256_BIKE_L1,P256_Classic_McEliece_348864,85.788302
P256_BIKE_L1,P256_Classic_McEliece_348864,86.688206
P256_BIKE_L1,P256_Classic_McEliece_348864,79.276888
P256_BIKE_L1,P256_Classic_McEliece_348864,77.722664
P256_BIKE_L1,P256_Classic_McEliece_348864,82.131417
P256_BIKE_L1,P256_Classic_McEliece_348864,82.424463
P256_BIKE_L1,P256_Classic_McEliece_348864,82.3074
P256_BIKE_L1,P256_Classic_McEliece_348864,79.982971
P256_BIKE_L1,P256_Classic_McEliece_348864,87.992467
P256_BIKE_L1,P256_Classic_McEliece_348864,81.604258
P256_BIKE_L1,P256_Classic_McEliece_348864,79.153192
P256_BIKE_L1,P256_Classic_McEliece_348864,84.39176
P256_BIKE_L1,P256_Classic_McEliece_348864,89.379944
P256_BIKE_L1,P256_Classic_McEliece_348864,85.015609
P256_BIKE_L1,P256_Classic_McEliece_348864,83.197382
P256_BIKE_L1,P256_Classic_McEliece_348864,87.854971
P256_BIKE_L1,P256_Classic_McEliece_348864,84.911425
P256_BIKE_L1,P256_Classic_McEliece_348864,82.605408
P256_BIKE_L1,P256_Classic_McEliece_348864,81.535867
P256_BIKE_L1,P256_Classic_McEliece_348864,80.212012
P256_BIKE_L1,P256_Classic_McEliece_348864,79.629844
P256_BIKE_L1,P256_Classic_McEliece_348864,85.36484
P256_BIKE_L1,P256_Classic_McEliece_348864,78.221039
P256_BIKE_L1,P256_Classic_McEliece_348864,84.481324
P256_BIKE_L1,P256_Classic_McEliece_348864,83.064771
P256_BIKE_L1,P256_Classic_McEliece_348864,86.358038
P256_BIKE_L1,P256_Classic_McEliece_348864,82.091945
P256_BIKE_L1,P256_Classic_McEliece_348864,85.195967
P256_BIKE_L1,P256_Classic_McEliece_348864,78.024796
P256_BIKE_L1,P256_Classic_McEliece_348864,85.936783
P256_BIKE_L1,P256_Classic_McEliece_348864,80.875856
P256_BIKE_L1,P256_Classic_McEliece_348864,87.231526
P256_BIKE_L1,P256_Classic_McEliece_348864,81.626621
P256_BIKE_L1,P256_Classic_McEliece_348864,79.283248
P256_BIKE_L1,P256_Classic_McEliece_348864,79.596725
P256_BIKE_L1,P256_Classic_McEliece_348864,83.033425
P256_BIKE_L1,P256_Classic_McEliece_348864,84.381021
P256_BIKE_L1,P256_Classic_McEliece_348864,79.129044
P256_BIKE_L1,P256_Classic_McEliece_348864,90.236011
P256_BIKE_L1,P256_Classic_McEliece_348864,89.770312
P256_BIKE_L1,P256_Classic_McEliece_348864,81.703208
P256_BIKE_L1,P256_Classic_McEliece_348864,85.047288
P256_BIKE_L1,P256_Classic_McEliece_348864,86.33414
P256_BIKE_L1,P256_Classic_McEliece_348864,79.155509
P256_BIKE_L1,P256_Classic_McEliece_348864,82.064111
P256_BIKE_L1,P256_Classic_McEliece_348864,82.031347
P256_BIKE_L1,P256_Classic_McEliece_348864,81.972754
P256_BIKE_L1,P256_Classic_McEliece_348864,77.687433
P256_BIKE_L1,P256_Classic_McEliece_348864,84.520457
P256_BIKE_L1,P256_Classic_McEliece_348864,83.515576
P256_BIKE_L1,P256_Classic_McEliece_348864,83.660405
P256_BIKE_L1,P256_Classic_McEliece_348864,90.163219
P256_BIKE_L1,P256_Classic_McEliece_348864,87.376018
P256_BIKE_L1,P256_Classic_McEliece_348864,79.935193
P256_BIKE_L1,P256_Classic_McEliece_348864,80.33715
P256_BIKE_L1,P256_Classic_McEliece_348864,88.79258
P256_BIKE_L1,P256_Classic_McEliece_348864,88.047327
P256_BIKE_L1,P256_Classic_McEliece_348864,85.00695
P256_BIKE_L1,P256_Classic_McEliece_348864,82.504046
P256_BIKE_L1,P256_Classic_McEliece_348864,82.59462
P256_BIKE_L1,P256_Classic_McEliece_348864,80.571182
P256_BIKE_L1,P256_Classic_McEliece_348864,86.098479
P256_BIKE_L1,P256_Classic_McEliece_348864,82.426879
P256_BIKE_L1,P256_Classic_McEliece_348864,88.786831
P256_BIKE_L1,P256_Classic_McEliece_348864,84.760476
P256_BIKE_L1,P256_Classic_McEliece_348864,85.393597
P256_BIKE_L1,P256_Classic_McEliece_348864,86.421704
P256_BIKE_L1,P256_Classic_McEliece_348864,85.168095
P256_BIKE_L1,P256_Classic_McEliece_348864,81.851816
P256_BIKE_L1,P256_Classic_McEliece_348864,82.805833
P256_BIKE_L1,P256_Classic_McEliece_348864,82.297919
P256_BIKE_L1,P256_Classic_McEliece_348864,83.97771
P256_BIKE_L1,P256_Classic_McEliece_348864,86.662803
P256_BIKE_L1,P256_Classic_McEliece_348864,82.035371
P256_BIKE_L1,P256_Classic_McEliece_348864,86.65907
P256_BIKE_L1,P256_Classic_McEliece_348864,82.49638
P256_BIKE_L1,P256_Classic_McEliece_348864,80.249951
P256_BIKE_L1,P256_Classic_McEliece_348864,84.977271
P256_BIKE_L1,P256_Classic_McEliece_348864,79.448876
P256_BIKE_L1,P256_Classic_McEliece_348864,81.462784
P256_BIKE_L1,P256_Classic_McEliece_348864,81.342395
P256_BIKE_L1,P256_Classic_McEliece_348864,80.727667
P256_BIKE_L1,P256_Classic_McEliece_348864,79.146064
P256_BIKE_L1,P256_Classic_McEliece_348864,82.185115
P256_BIKE_L1,P256_Classic_McEliece_348864,81.929556
P256_BIKE_L1,P256_Classic_McEliece_348864,81.979323
P256_BIKE_L1,P256_Classic_McEliece_348864,83.182215
P256_BIKE_L1,P256_Classic_McEliece_348864,80.014604
P256_BIKE_L1,P256_Classic_McEliece_348864,84.840102
P256_BIKE_L1,P256_Classic_McEliece_348864,83.206517
P256_BIKE_L1,P256_Classic_McEliece_348864,85.423067
P256_BIKE_L1,P256_Classic_McEliece_348864,87.695012
P256_BIKE_L1,P256_Classic_McEliece_348864,88.024315
P256_BIKE_L1,P256_Classic_McEliece_348864,84.110591
P256_BIKE_L1,P256_Classic_McEliece_348864,78.722216
P256_BIKE_L1,P256_Classic_McEliece_348864,81.463236
P256_BIKE_L1,P256_Classic_McEliece_348864,82.690309
P256_BIKE_L1,P256_Classic_McEliece_348864,80.850666
P256_BIKE_L1,P256_Classic_McEliece_348864,83.920018
P256_BIKE_L1,P256_Classic_McEliece_348864,76.805948
P256_BIKE_L1,P256_Classic_McEliece_348864,85.730653
P256_BIKE_L1,P256_Classic_McEliece_348864,79.540048
P256_BIKE_L1,P256_Classic_McEliece_348864,85.164352
P256_BIKE_L1,P256_Classic_McEliece_348864,82.968458
P256_BIKE_L1,P256_Classic_McEliece_348864,84.125491
P256_BIKE_L1,P256_Classic_McEliece_348864,83.282425
P256_BIKE_L1,P256_Classic_McEliece_348864,79.466015
P256_BIKE_L1,P256_Classic_McEliece_348864,91.188916
P256_BIKE_L1,P256_Classic_McEliece_348864,81.830976
P256_BIKE_L1,P256_Classic_McEliece_348864,82.01404
P256_BIKE_L1,P256_Classic_McEliece_348864,87.99232
P256_BIKE_L1,P256_Classic_McEliece_348864,85.662889
P256_BIKE_L1,P256_Classic_McEliece_348864,88.164636
P256_BIKE_L1,P256_Classic_McEliece_348864,79.548311
P256_BIKE_L1,P256_Classic_McEliece_348864,85.150627
P256_BIKE_L1,P256_Classic_McEliece_348864,80.616842
P256_BIKE_L1,P256_Classic_McEliece_348864,79.590765
P256_BIKE_L1,P256_Classic_McEliece_348864,87.8209
P256_BIKE_L1,P256_Classic_McEliece_348864,81.961776
P256_BIKE_L1,P256_Classic_McEliece_348864,80.150296
P256_BIKE_L1,P256_Classic_McEliece_348864,78.16926
P256_BIKE_L1,P256_Classic_McEliece_348864,85.101427
P256_BIKE_L1,P256_Classic_McEliece_348864,90.636598
P256_BIKE_L1,P256_Classic_McEliece_348864,78.562245
P256_BIKE_L1,P256_Classic_McEliece_348864,87.679947
P256_BIKE_L1,P256_Classic_McEliece_348864,78.41291
P256_BIKE_L1,P256_Classic_McEliece_348864,84.380741
P256_BIKE_L1,P256_Classic_McEliece_348864,82.563829
P256_BIKE_L1,P256_Classic_McEliece_348864,81.788594
P256_BIKE_L1,P256_Classic_McEliece_348864,83.337612
P256_BIKE_L1,P256_Classic_McEliece_348864,79.283045
P256_BIKE_L1,P256_Classic_McEliece_348864,81.855125
P256_BIKE_L1,P256_Classic_McEliece_348864,83.249366
P256_BIKE_L1,P256_Classic_McEliece_348864,79.551814
P256_BIKE_L1,P256_Classic_McEliece_348864,78.379553
P256_BIKE_L1,P256_Classic_McEliece_348864,82.421722
P256_BIKE_L1,P256_Classic_McEliece_348864,90.946132
P256_BIKE_L1,P256_Classic_McEliece_348864,85.353823
P256_BIKE_L1,P256_Classic_McEliece_348864,86.399023
P256_BIKE_L1,P256_Classic_McEliece_348864,84.099056
P256_BIKE_L1,P256_Classic_McEliece_348864,85.424271
P256_BIKE_L1,P256_Classic_McEliece_348864,90.163439
P256_BIKE_L1,P256_Classic_McEliece_348864,83.545846
P256_BIKE_L1,P256_Classic_McEliece_348864,84.48388
P256_BIKE_L1,P256_Classic_McEliece_348864,79.958282
P256_BIKE_L1,P256_Classic_McEliece_348864,80.981485
P256_BIKE_L1,P256_Classic_McEliece_348864,83.160672
P256_BIKE_L1,P256_Classic_McEliece_348864,83.328742
P256_BIKE_L1,P256_Classic_McEliece_348864,84.204083
P256_BIKE_L1,P256_Classic_McEliece_348864,83.208383
P256_BIKE_L1,P256_Classic_McEliece_348864,78.901729
P256_BIKE_L1,P256_Classic_McEliece_348864,79.796701
P256_BIKE_L1,P256_Classic_McEliece_348864,86.97519
P256_BIKE_L1,P256_Classic_McEliece_348864,75.893138
P256_BIKE_L1,P256_Classic_McEliece_348864,83.45552
P256_BIKE_L1,P256_Classic_McEliece_348864,89.586485
P256_BIKE_L1,P256_Classic_McEliece_348864,85.078281
P256_BIKE_L1,P256_Classic_McEliece_348864,81.968887
P256_BIKE_L1,P256_Classic_McEliece_348864,87.632072
P256_BIKE_L1,P256_Classic_McEliece_348864,83.68978
P256_BIKE_L1,P256_Classic_McEliece_348864,91.1647
P256_BIKE_L1,P256_Classic_McEliece_348864,88.139613
P256_BIKE_L1,P256_Classic_McEliece_348864,86.143346
P256_BIKE_L1,P256_Classic_McEliece_348864,84.982672
P256_BIKE_L1,P256_Classic_McEliece_348864,87.02733
P256_BIKE_L1,P256_Classic_McEliece_348864,85.041471
P256_BIKE_L1,P256_Classic_McEliece_348864,90.398972
P256_BIKE_L1,P256_Classic_McEliece_348864,87.109631
P256_BIKE_L1,P256_Classic_McEliece_348864,81.341311
P256_BIKE_L1,P256_Classic_McEliece_348864,77.399469
P256_BIKE_L1,P256_Classic_McEliece_348864,79.184564
P256_BIKE_L1,P256_Classic_McEliece_348864,82.057816
P256_BIKE_L1,P256_Classic_McEliece_348864,82.101915
P256_BIKE_L1,P256_Classic_McEliece_348864,81.225346
P256_BIKE_L1,P256_Classic_McEliece_348864,82.09592
P256_BIKE_L1,P256_Classic_McEliece_348864,83.218296
P256_BIKE_L1,P256_Classic_McEliece_348864,79.306691
P256_BIKE_L1,P256_Classic_McEliece_348864,80.784426
P256_BIKE_L1,P256_Classic_McEliece_348864,85.359086
P256_BIKE_L1,P256_Classic_McEliece_348864,86.798507
P256_BIKE_L1,P256_Classic_McEliece_348864,84.942478
P256_BIKE_L1,P256_Classic_McEliece_348864,78.710739
P256_BIKE_L1,P256_Classic_McEliece_348864,81.23908
P256_BIKE_L1,P256_Classic_McEliece_348864,85.274912
P256_BIKE_L1,P256_Classic_McEliece_348864,82.888362
P256_BIKE_L1,P256_Classic_McEliece_348864,85.646317
P256_BIKE_L1,P256_Classic_McEliece_348864,86.242977
P256_BIKE_L1,P256_Classic_McEliece_348864,86.181919
P256_BIKE_L1,P256_Classic_McEliece_348864,82.520653
P256_BIKE_L1,P256_Classic_McEliece_348864,78.867199
P256_BIKE_L1,P256_Classic_McEliece_348864,86.424079
P256_BIKE_L1,P256_Classic_McEliece_348864,83.764387
P256_BIKE_L1,P256_Classic_McEliece_348864,85.590196
P256_BIKE_L1,P256_Classic_McEliece_348864,86.853762
P256_BIKE_L1,P256_Classic_McEliece_348864,82.984405
P256_BIKE_L1,P256_Classic_McEliece_348864,76.775304
P256_BIKE_L1,P256_Classic_McEliece_348864,89.35397
P256_BIKE_L1,P256_Classic_McEliece_348864,80.774479
P256_BIKE_L1,P256_Classic_McEliece_348864,87.227454
P256_BIKE_L1,P256_Classic_McEliece_348864,84.676305
P256_BIKE_L1,P256_Classic_McEliece_348864,89.843558
P256_BIKE_L1,P256_Classic_McEliece_348864,82.849216
P256_BIKE_L1,P256_Classic_McEliece_348864,89.037091
P256_BIKE_L1,P256_Classic_McEliece_348864,85.646057
P256_BIKE_L1,P256_Classic_McEliece_348864,82.645129
P256_BIKE_L1,P256_Classic_McEliece_348864,85.870206
P256_BIKE_L1,P256_Classic_McEliece_348864,87.071683
P256_BIKE_L1,P256_Classic_McEliece_348864,87.810521
P256_BIKE_L1,P256_Classic_McEliece_348864,84.583856
P256_BIKE_L1,P256_Classic_McEliece_348864,79.033354
P256_BIKE_L1,P256_Classic_McEliece_348864,81.221592
P256_BIKE_L1,P256_Classic_McEliece_348864,86.429796
P256_BIKE_L1,P256_Classic_McEliece_348864,86.0995
P256_BIKE_L1,P256_Classic_McEliece_348864,82.723433
P256_BIKE_L1,P256_Classic_McEliece_348864,88.910992
P256_BIKE_L1,P256_Classic_McEliece_348864,82.726991
P256_BIKE_L1,P256_Classic_McEliece_348864,86.643481
P256_BIKE_L1,P256_Classic_McEliece_348864,90.951027
P256_BIKE_L1,P256_Classic_McEliece_348864,82.15794
P256_BIKE_L1,P256_Classic_McEliece_348864,80.040303
P256_BIKE_L1,P256_Classic_McEliece_348864,81.997622
P256_BIKE_L1,P256_Classic_McEliece_348864,79.065295
P256_BIKE_L1,P256_Classic_McEliece_348864,84.538327
P256_BIKE_L1,P256_Classic_McEliece_348864,79.826056
P256_BIKE_L1,P256_Classic_McEliece_348864,80.316309
P256_BIKE_L1,P256_Classic_McEliece_348864,83.702373
P256_BIKE_L1,P256_Classic_McEliece_348864,82.629055
P256_BIKE_L1,P256_Classic_McEliece_348864,86.430135
P256_BIKE_L1,P256_Classic_McEliece_348864,87.198589
P256_BIKE_L1,P256_Classic_McEliece_348864,86.416447
P256_BIKE_L1,P256_Classic_McEliece_348864,85.436065
P256_BIKE_L1,P256_Classic_McEliece_348864,82.831007
P256_BIKE_L1,P256_Classic_McEliece_348864,85.013064
P256_BIKE_L1,P256_Classic_McEliece_348864,82.966099
P256_BIKE_L1,P256_Classic_McEliece_348864,89.666373
P256_BIKE_L1,P256_Classic_McEliece_348864,86.716703
P256_BIKE_L1,P256_Classic_McEliece_348864,84.937074
P256_BIKE_L1,P256_Classic_McEliece_348864,82.200542
P256_BIKE_L1,P256_Classic_McEliece_348864,86.586968
P256_BIKE_L1,P256_Classic_McEliece_348864,85.242376
P256_BIKE_L1,P256_Classic_McEliece_348864,87.327219
P256_BIKE_L1,P256_Classic_McEliece_348864,84.727828
P256_BIKE_L1,P256_Classic_McEliece_348864,79.214238
P256_BIKE_L1,P256_Classic_McEliece_348864,84.087093
P256_BIKE_L1,P256_Classic_McEliece_348864,90.064548
P256_BIKE_L1,P256_Classic_McEliece_348864,79.597812
P256_BIKE_L1,P256_Classic_McEliece_348864,86.725705
P256_BIKE_L1,P256_Classic_McEliece_348864,86.514537
P256_BIKE_L1,P256_Classic_McEliece_348864,80.479364
P256_BIKE_L1,P256_Classic_McEliece_348864,78.735225
P256_BIKE_L1,P256_Classic_McEliece_348864,84.718373
P256_BIKE_L1,P256_Classic_McEliece_348864,86.665465
P256_BIKE_L1,P256_Classic_McEliece_348864,81.050996
P256_BIKE_L1,P256_Classic_McEliece_348864,78.240765
P256_BIKE_L1,P256_Classic_McEliece_348864,86.89273
P256_BIKE_L1,P256_Classic_McEliece_348864,87.677336
P256_BIKE_L1,P256_Classic_McEliece_348864,84.494524
P256_BIKE_L1,P256_Classic_McEliece_348864,78.644077
P256_BIKE_L1,P256_Classic_McEliece_348864,88.682922
P256_BIKE_L1,P256_Classic_McEliece_348864,88.712734
P256_BIKE_L1,P256_Classic_McEliece_348864,84.966968
P256_BIKE_L1,P256_Classic_McEliece_348864,86.472972
P256_BIKE_L1,P256_Classic_McEliece_348864,82.676655
P256_BIKE_L1,P256_Classic_McEliece_348864,82.738945
P256_BIKE_L1,P256_Classic_McEliece_348864,88.280667
P256_BIKE_L1,P256_Classic_McEliece_348864,80.292257
P256_BIKE_L1,P256_Classic_McEliece_348864,82.951748
P256_BIKE_L1,P256_Classic_McEliece_348864,80.626104
P256_BIKE_L1,P256_Classic_McEliece_348864,81.051261
P256_BIKE_L1,P256_Classic_McEliece_348864,85.344598
P256_BIKE_L1,P256_Classic_McEliece_348864,83.710888
P256_BIKE_L1,P256_Classic_McEliece_348864,82.452536
P256_BIKE_L1,P256_Classic_McEliece_348864,79.943052
P256_BIKE_L1,P256_Classic_McEliece_348864,86.927685
P256_BIKE_L1,P256_Classic_McEliece_348864,81.203314
P256_BIKE_L1,P256_Classic_McEliece_348864,79.193691
P256_BIKE_L1,P256_Classic_McEliece_348864,80.646435
P256_BIKE_L1,P256_Classic_McEliece_348864,85.732381
P256_BIKE_L1,P256_Classic_McEliece_348864,84.800749
P256_BIKE_L1,P256_Classic_McEliece_348864,80.752383
P256_BIKE_L1,P256_Classic_McEliece_348864,79.4297
P256_BIKE_L1,P256_Classic_McEliece_348864,82.634528
P256_BIKE_L1,P256_Classic_McEliece_348864,84.507871
P256_BIKE_L1,P256_Classic_McEliece_348864,76.746511
P256_BIKE_L1,P256_Classic_McEliece_348864,79.070767
P256_BIKE_L1,P256_Classic_McEliece_348864,85.615253
P256_BIKE_L1,P256_Classic_McEliece_348864,83.636983
P256_BIKE_L1,P256_Classic_McEliece_348864,82.702229
P256_BIKE_L1,P256_Classic_McEliece_348864,88.441384
P256_BIKE_L1,P256_Classic_McEliece_348864,86.362716
P256_BIKE_L1,P256_Classic_McEliece_348864,80.89761
P256_BIKE_L1,P256_Classic_McEliece_348864,79.884577
P256_BIKE_L1,P256_Classic_McEliece_348864,86.775276
P256_BIKE_L1,P256_Classic_McEliece_348864,84.27444
P256_BIKE_L1,P256_Classic_McEliece_348864,81.065581
P256_BIKE_L1,P256_Classic_McEliece_348864,88.207759
P256_BIKE_L1,P256_Classic_McEliece_348864,81.501278
P256_BIKE_L1,P256_Classic_McEliece_348864,83.051338
P256_BIKE_L1,P256_Classic_McEliece_348864,79.553955
P256_BIKE_L1,P256_Classic_McEliece_348864,80.069077
P256_BIKE_L1,P256_Classic_McEliece_348864,82.500961
P256_BIKE_L1,P256_Classic_McEliece_348864,84.932769
P256_BIKE_L1,P256_Classic_McEliece_348864,83.854728
P256_BIKE_L1,P256_Classic_McEliece_348864,84.722906
P256_BIKE_L1,P256_Classic_McEliece_348864,77.480056
P256_BIKE_L1,P256_Classic_McEliece_348864,83.186976
P256_BIKE_L1,P256_Classic_McEliece_348864,83.535443
P256_BIKE_L1,P256_Classic_McEliece_348864,86.426031
P256_BIKE_L1,P256_Classic_McEliece_348864,85.739009
P256_BIKE_L1,P256_Classic_McEliece_348864,81.498656
P256_BIKE_L1,P256_Classic_McEliece_348864,83.494395
P256_BIKE_L1,P256_Classic_McEliece_348864,82.427771
P256_BIKE_L1,P256_Classic_McEliece_348864,80.927924
P256_BIKE_L1,P256_Classic_McEliece_348864,85.246596
P256_BIKE_L1,P256_Classic_McEliece_348864,91.456466
P256_BIKE_L1,P256_Classic_McEliece_348864,83.752113
P256_BIKE_L1,P256_Classic_McEliece_348864,78.402863
P256_BIKE_L1,P256_Classic_McEliece_348864,83.092291
P256_BIKE_L1,P256_Classic_McEliece_348864,80.425458
P256_BIKE_L1,P256_Classic_McEliece_348864,83.365845
P256_BIKE_L1,P256_Classic_McEliece_348864,83.742459
P256_BIKE_L1,P256_Classic_McEliece_348864,81.419445
P256_BIKE_L1,P256_Classic_McEliece_348864,79.10777
P256_BIKE_L1,P256_Classic_McEliece_348864,84.782704
P256_BIKE_L1,P256_Classic_McEliece_348864,82.44288
P256_BIKE_L1,P256_Classic_McEliece_348864,86.976061
P256_BIKE_L1,P256_Classic_McEliece_348864,89.451042
P256_BIKE_L1,P256_Classic_McEliece_348864,87.238684
P256_BIKE_L1,P256_Classic_McEliece_348864,83.081146
P256_BIKE_L1,P256_Classic_McEliece_348864,85.03094
P256_BIKE_L1,P256_Classic_McEliece_348864,83.879555
P256_BIKE_L1,P256_Classic_McEliece_348864,86.475949
P256_BIKE_L1,P256_Classic_McEliece_348864,81.024075
P256_BIKE_L1,P256_Classic_McEliece_348864,81.961752
P256_BIKE_L1,P256_Classic_McEliece_348864,81.382973
P256_BIKE_L1,P256_Classic_McEliece_348864,88.99141
P256_BIKE_L1,P256_Classic_McEliece_348864,79.894513
P256_BIKE_L1,P256_Classic_McEliece_348864,83.343257
P256_BIKE_L1,P256_Classic_McEliece_348864,82.590765
P256_BIKE_L1,P256_Classic_McEliece_348864,90.156152
P256_BIKE_L1,P256_Classic_McEliece_348864,83.442769
P256_BIKE_L1,P256_Classic_McEliece_348864,83.663287
P256_BIKE_L1,P256_Classic_McEliece_348864,83.923368
P256_BIKE_L1,P256_Classic_McEliece_348864,82.396112
P256_BIKE_L1,P256_Classic_McEliece_348864,82.174436
P256_BIKE_L1,P256_Classic_McEliece_348864,84.885947
P256_BIKE_L1,P256_Classic_McEliece_348864,80.622374
P256_BIKE_L1,P256_Classic_McEliece_348864,82.815511
P256_BIKE_L1,P256_Classic_McEliece_348864,80.561378
P256_BIKE_L1,P256_Classic_McEliece_348864,80.132437
P256_BIKE_L1,P256_Classic_McEliece_348864,81.433201
P256_BIKE_L1,P256_Classic_McEliece_348864,85.435985
P256_BIKE_L1,P256_Classic_McEliece_348864,82.238614
P256_BIKE_L1,P256_Classic_McEliece_348864,87.126085
P256_BIKE_L1,P256_Classic_McEliece_348864,85.348311
P256_BIKE_L1,P256_Classic_McEliece_348864,77.727605
P256_BIKE_L1,P256_Classic_McEliece_348864,85.175756
P256_BIKE_L1,P256_Classic_McEliece_348864,84.108366
P256_BIKE_L1,P256_Classic_McEliece_348864,86.501717
P256_BIKE_L1,P256_Classic_McEliece_348864,82.794041
P256_BIKE_L1,P256_Classic_McEliece_348864,83.937872
P256_BIKE_L1,P256_Classic_McEliece_348864,80.76347
P256_BIKE_L1,P256_Classic_McEliece_348864,83.977717
P256_BIKE_L1,P256_Classic_McEliece_348864,89.080129
P256_BIKE_L1,P256_Classic_McEliece_348864,83.66754
P256_BIKE_L1,P256_Classic_McEliece_348864,85.144076
P256_BIKE_L1,P256_Classic_McEliece_348864,80.740231
P256_BIKE_L1,P256_Classic_McEliece_348864,86.849241
P256_BIKE_L1,P256_Classic_McEliece_348864,86.666148
P256_BIKE_L1,P256_Classic_McEliece_348864,81.719092
P256_BIKE_L1,P256_Classic_McEliece_348864,84.173089
P256_BIKE_L1,P256_Classic_McEliece_348864,83.085679
P256_BIKE_L1,P256_Classic_McEliece_348864,79.697836
P256_BIKE_L1,P256_Classic_McEliece_348864,81.13101
P256_BIKE_L1,P256_Classic_McEliece_348864,84.736062
P256_BIKE_L1,P256_Classic_McEliece_348864,83.352946
P256_BIKE_L1,P256_Classic_McEliece_348864,79.403759
P256_BIKE_L1,P256_Classic_McEliece_348864,88.501459
P256_BIKE_L1,P256_Classic_McEliece_348864,84.941436
P256_BIKE_L1,P256_Classic_McEliece_348864,84.174596
P256_BIKE_L1,P256_Classic_McEliece_348864,80.197437
P256_BIKE_L1,P256_Classic_McEliece_348864,85.953334
P256_BIKE_L1,P256_Classic_McEliece_348864,82.468557
P256_BIKE_L1,P256_Classic_McEliece_348864,83.063053
P256_BIKE_L1,P256_Classic_McEliece_348864,84.838645
P256_BIKE_L1,P256_Classic_McEliece_348864,85.126769
P256_BIKE_L1,P256_Classic_McEliece_348864,86.379787
P256_BIKE_L1,P256_Classic_McEliece_348864,80.72964
P256_BIKE_L1,P256_Classic_McEliece_348864,81.905169
P256_BIKE_L1,P256_Classic_McEliece_348864,79.690693
P256_BIKE_L1,P256_Classic_McEliece_348864,82.711656
P256_BIKE_L1,P256_Classic_McEliece_348864,82.238852
P256_BIKE_L1,P256_Classic_McEliece_348864,84.43312
P256_BIKE_L1,P256_Classic_McEliece_348864,90.01814
P256_BIKE_L1,P256_Classic_McEliece_348864,84.7335
P256_BIKE_L1,P256_Classic_McEliece_348864,78.506796
P256_BIKE_L1,P256_Classic_McEliece_348864,84.572877
P256_BIKE_L1,P256_Classic_McEliece_348864,81.381165
P256_BIKE_L1,P256_Classic_McEliece_348864,82.748892
P256_BIKE_L1,P256_Classic_McEliece_348864,83.17631
P256_BIKE_L1,P256_Classic_McEliece_348864,80.949336
P256_BIKE_L1,P256_Classic_McEliece_348864,83.961939
P256_BIKE_L1,P256_Classic_McEliece_348864,89.058127
P256_BIKE_L1,P256_Classic_McEliece_348864,91.5725
P256_BIKE_L1,P256_Classic_McEliece_348864,90.397579
P256_BIKE_L1,P256_Classic_McEliece_348864,81.256341
P256_BIKE_L1,P256_Classic_McEliece_348864,79.290891
P256_BIKE_L1,P256_Classic_McEliece_348864,84.938435
P256_BIKE_L1,P256_Classic_McEliece_348864,85.915706
P256_BIKE_L1,P256_Classic_McEliece_348864,84.150673
P256_BIKE_L1,P256_Classic_McEliece_348864,84.710985
P256_BIKE_L1,P256_Classic_McEliece_348864,85.111826
P256_BIKE_L1,P256_Classic_McEliece_348864,79.640837
P256_BIKE_L1,P256_Classic_McEliece_348864,86.031205
P256_BIKE_L1,P256_Classic_McEliece_348864,84.995437
P256_BIKE_L1,P256_Classic_McEliece_348864,80.769037
P256_BIKE_L1,P256_Classic_McEliece_348864,80.933739
P256_BIKE_L1,P256_Classic_McEliece_348864,84.987169
P256_BIKE_L1,P256_Classic_McEliece_348864,81.934801
P256_BIKE_L1,P256_Classic_McEliece_348864,83.259058
P256_BIKE_L1,P256_Classic_McEliece_348864,78.354076
P256_BIKE_L1,P256_Classic_McEliece_348864,83.626673
P256_BIKE_L1,P256_Classic_McEliece_348864,78.897796
P256_BIKE_L1,P256_Classic_McEliece_348864,83.881478
P256_BIKE_L1,P256_Classic_McEliece_348864,88.820088
P256_BIKE_L1,P256_Classic_McEliece_348864,84.822679
P256_BIKE_L1,P256_Classic_McEliece_348864,80.280261
P256_BIKE_L1,P256_Classic_McEliece_348864,85.112568
P256_BIKE_L1,P256_Classic_McEliece_348864,84.441642
P256_BIKE_L1,P256_Classic_McEliece_348864,76.604359
P256_BIKE_L1,P256_Classic_McEliece_348864,84.18895
P256_BIKE_L1,P256_Classic_McEliece_348864,86.573275
P256_BIKE_L1,P256_Classic_McEliece_348864,82.722062
P256_BIKE_L1,P256_Classic_McEliece_348864,83.518417
P256_BIKE_L1,P256_Classic_McEliece_348864,80.777423
P256_BIKE_L1,P256_Classic_McEliece_348864,85.714288
P256_BIKE_L1,P256_Classic_McEliece_348864,80.542861
P256_BIKE_L1,P256_Classic_McEliece_348864,79.036107
P256_BIKE_L1,P256_Classic_McEliece_348864,85.764518
P256_BIKE_L1,P256_Classic_McEliece_348864,84.404309
P256_BIKE_L1,P256_Classic_McEliece_348864,83.762691
P256_BIKE_L1,P256_Classic_McEliece_348864,84.642754
P256_BIKE_L1,P256_Classic_McEliece_348864,80.497788
P256_BIKE_L1,P256_Classic_McEliece_348864,82.740252
P256_BIKE_L1,P256_Classic_McEliece_348864,84.385474
P256_BIKE_L1,P256_Classic_McEliece_348864,85.597283
P256_BIKE_L1,P256_Classic_McEliece_348864,85.560064
P256_BIKE_L1,P256_Classic_McEliece_348864,83.048605
P256_BIKE_L1,P256_Classic_McEliece_348864,83.153675
P256_BIKE_L1,P256_Classic_McEliece_348864,83.064591
P256_BIKE_L1,P256_Classic_McEliece_348864,84.726393
P256_BIKE_L1,P256_Classic_McEliece_348864,80.834839
P256_BIKE_L1,P256_Classic_McEliece_348864,84.820105
P256_BIKE_L1,P256_Classic_McEliece_348864,80.206281
P256_BIKE_L1,P256_Classic_McEliece_348864,80.970482
P256_BIKE_L1,P256_Classic_McEliece_348864,81.301659
P256_BIKE_L1,P256_Classic_McEliece_348864,82.353967
P256_BIKE_L1,P256_Classic_McEliece_348864,84.571186
P256_BIKE_L1,P256_Classic_McEliece_348864,80.910197
P256_BIKE_L1,P256_Classic_McEliece_348864,85.918504
P256_BIKE_L1,P256_Classic_McEliece_348864,79.244067
P256_BIKE_L1,P256_Classic_McEliece_348864,85.081716
P256_BIKE_L1,P256_Classic_McEliece_348864,86.850639
P256_BIKE_L1,P256_Classic_McEliece_348864,84.688842
P256_BIKE_L1,P256_Classic_McEliece_348864,80.147871
P256_BIKE_L1,P256_Classic_McEliece_348864,84.550775
P256_BIKE_L1,P256_Classic_McEliece_348864,80.900025
P256_BIKE_L1,P256_Classic_McEliece_348864,81.685701
P256_BIKE_L1,P256_Classic_McEliece_348864,80.970948
P256_BIKE_L1,P256_Classic_McEliece_348864,85.548173
P256_BIKE_L1,P256_Classic_McEliece_348864,83.99088
P256_BIKE_L1,P256_Classic_McEliece_348864,85.726272
P256_BIKE_L1,P256_Classic_McEliece_348864,79.289396
P256_BIKE_L1,P256_Classic_McEliece_348864,78.879509
P256_BIKE_L1,P256_Classic_McEliece_348864,78.332984
P256_BIKE_L1,P256_Classic_McEliece_348864,86.719549
P256_BIKE_L1,P256_Classic_McEliece_348864,84.872139
P256_BIKE_L1,P256_Classic_McEliece_348864,86.202399
P256_BIKE_L1,P256_Classic_McEliece_348864,78.619996
P256_BIKE_L1,P256_Classic_McEliece_348864,80.016366
P256_BIKE_L1,P256_Classic_McEliece_348864,78.921667
P256_BIKE_L1,P256_Classic_McEliece_348864,80.183283
P256_BIKE_L1,P256_Classic_McEliece_348864,87.928179
P256_BIKE_L1,P256_Classic_McEliece_348864,83.08749
P256_BIKE_L1,P256_Classic_McEliece_348864,81.330334
P256_BIKE_L1,P256_Classic_McEliece_348864,84.487706
P256_BIKE_L1,P256_Classic_McEliece_348864,80.205788
P256_BIKE_L1,P256_Classic_McEliece_348864,82.226852
P256_BIKE_L1,P256_Classic_McEliece_348864,83.0612
P256_BIKE_L1,P256_Classic_McEliece_348864,77.245864
P256_BIKE_L1,P256_Classic_McEliece_348864,83.190471
P256_BIKE_L1,P256_Classic_McEliece_348864,87.30005
P256_BIKE_L1,P256_Classic_McEliece_348864,82.774479
P256_BIKE_L1,P256_Classic_McEliece_348864,84.391934
P256_BIKE_L1,P256_Classic_McEliece_348864,82.650963
P256_BIKE_L1,P256_Classic_McEliece_348864,78.114617
P256_BIKE_L1,P256_Classic_McEliece_348864,88.930942
P256_BIKE_L1,P256_Classic_McEliece_348864,86.377848
P256_BIKE_L1,P256_Classic_McEliece_348864,84.606475
P256_BIKE_L1,P256_Classic_McEliece_348864,83.409993
P256_BIKE_L1,P256_Classic_McEliece_348864,88.042671
P256_BIKE_L1,P256_Classic_McEliece_348864,80.557966
P256_BIKE_L1,P256_Classic_McEliece_348864,83.795235
P256_BIKE_L1,P256_Classic_McEliece_348864,82.26507
P256_BIKE_L1,P256_Classic_McEliece_348864,81.557397
P256_BIKE_L1,P256_Classic_McEliece_348864,82.584492
P256_BIKE_L1,P256_Classic_McEliece_348864,85.134971
P256_BIKE_L1,P256_Classic_McEliece_348864,80.577048
P256_BIKE_L1,P256_Classic_McEliece_348864,85.844041
P256_BIKE_L1,P256_Classic_McEliece_348864,85.504211
P256_BIKE_L1,P256_Classic_McEliece_348864,85.704377
P256_BIKE_L1,P256_Classic_McEliece_348864,84.521083
P256_BIKE_L1,P256_Classic_McEliece_348864,84.66312
P256_BIKE_L1,P256_Classic_McEliece_348864,82.821744
P256_BIKE_L1,P256_Classic_McEliece_348864,85.02156
P256_BIKE_L1,P256_Classic_McEliece_348864,76.847026
P256_BIKE_L1,P256_Classic_McEliece_348864,86.802009
P256_BIKE_L1,P256_Classic_McEliece_348864,88.594165
P256_BIKE_L1,P256_Classic_McEliece_348864,79.375426
P256_BIKE_L1,P256_Classic_McEliece_348864,86.909383
P256_BIKE_L1,P256_Classic_McEliece_348864,85.144092
P256_BIKE_L1,P256_Classic_McEliece_348864,83.559651
P256_BIKE_L1,P256_Classic_McEliece_348864,81.029585
P256_BIKE_L1,P256_Classic_McEliece_348864,80.51476
P256_BIKE_L1,P256_Classic_McEliece_348864,79.684767
P256_BIKE_L1,P256_Classic_McEliece_348864,83.041222
P256_BIKE_L1,P256_Classic_McEliece_348864,82.485974
P256_BIKE_L1,P256_Classic_McEliece_348864,89.352362
P256_BIKE_L1,P256_Classic_McEliece_348864,83.600212
P384_HQC_192,P384_HQC_192,154.033085
P384_HQC_192,P384_HQC_192,154.927371
P384_HQC_192,P384_HQC_192,156.194757
P384_HQC_192,P384_HQC_192,154.628653
P384_HQC_192,P384_HQC_192,149.107056
P384_HQC_192,P384_HQC_192,159.813117
P384_HQC_192,P384_HQC_192,153.733771
P384_HQC_192,P384_HQC_192,156.03479
P384_HQC_192,P384_HQC_192,152.148794
P384_HQC_192,P384_HQC_192,156.854092
P384_HQC_192,P384_HQC_192,155.023674
P384_HQC_192,P384_HQC_192,157.061325
P384_HQC_192,P384_HQC_192,152.218272
P384_HQC_192,P384_HQC_192,153.036455
P384_HQC_192,P384_HQC_192,152.626105
P384_HQC_192,P384_HQC_192,157.226968
P384_HQC_192,P384_HQC_192,154.785516
P384_HQC_192,P384_HQC_192,155.630013
P384_HQC_192,P384_HQC_192,153.615513
P384_HQC_192,P384_HQC_192,158.803829
P384_HQC_192,P384_HQC_192,156.925004
P384_HQC_192,P384_HQC_192,154.884541
P384_HQC_192,P384_HQC_192,150.297528
P384_HQC_192,P384_HQC_192,156.980361
P384_HQC_192,P384_HQC_192,155.132596
P384_HQC_192,P384_HQC_192,158.405939
P384_HQC_192,P384_HQC_192,152.707725
P384_HQC_192,P384_HQC_192,155.823433
P384_HQC_192,P384_HQC_192,156.882338
P384_HQC_192,P384_HQC_192,153.761726
P384_HQC_192,P384_HQC_192,156.445946
P384_HQC_192,P384_HQC_192,158.156982
P384_HQC_192,P384_HQC_192,152.595064
P384_HQC_192,P384_HQC_192,155.800176
P384_HQC_192,P384_HQC_192,152.142383
P384_HQC_192,P384_HQC_192,153.242425
P384_HQC_192,P384_HQC_192,155.185729
P384_HQC_192,P384_HQC_192,155.388187
P384_HQC_192,P384_HQC_192,154.813048
P384_HQC_192,P384_HQC_192,161.575477
P384_HQC_192,P384_HQC_192,154.903423
P384_HQC_192,P384_HQC_192,157.610752
P384_HQC_192,P384_HQC_192,149.699959
P384_HQC_192,P384_HQC_192,154.788371
P384_HQC_192,P384_HQC_192,155.060612
P384_HQC_192,P384_HQC_192,156.11972
P384_HQC_192,P384_HQC_192,149.965148
P384_HQC_192,P384_HQC_192,154.088086
P384_HQC_192,P384_HQC_192,161.47687
P384_HQC_192,P384_HQC_192,158.796191
P384_HQC_192,P384_HQC_192,158.878569
P384_HQC_192,P384_HQC_192,156.002439
P384_HQC_192,P384_HQC_192,155.524785
P384_HQC_192,P384_HQC_192,151.544959
P384_HQC_192,P384_HQC_192,154.782281
P384_HQC_192,P384_HQC_192,153.69854
P384_HQC_192,P384_HQC_192,157.361301
P384_HQC_192,P384_HQC_192,155.500668
P384_HQC_192,P384_HQC_192,151.850558
P384_HQC_192,P384_HQC_192,160.226902
P384_HQC_192,P384_HQC_192,151.691355
P384_HQC_192,P384_HQC_192,162.741128
P384_HQC_192,P384_HQC_192,151.747585
P384_HQC_192,P384_HQC_192,155.122579
P384_HQC_192,P384_HQC_192,154.543608
P384_HQC_192,P384_HQC_192,157.562902
P384_HQC_192,P384_HQC_192,156.854493
P384_HQC_192,P384_HQC_192,150.542052
P384_HQC_192,P384_HQC_192,157.907219
P384_HQC_192,P384_HQC_192,159.447429
P384_HQC_192,P384_HQC_192,150.493248
P384_HQC_192,P384_HQC_192,153.010838
P384_HQC_192,P384_HQC_192,159.431403
P384_HQC_192,P384_HQC_192,155.209193
P384_HQC_192,P384_HQC_192,154.717917
P384_HQC_192,P384_HQC_192,152.489422
P384_HQC_192,P384_HQC_192,151.328311
P384_HQC_192,P384_HQC_192,154.484015
P384_HQC_192,P384_HQC_192,157.813657
P384_HQC_192,P384_HQC_192,154.784253
P384_HQC_192,P384_HQC_192,160.835692
P384_HQC_192,P384_HQC_192,155.878771
P384_HQC_192,P384_HQC_192,151.190076
P384_HQC_192,P384_HQC_192,151.896555
P384_HQC_192,P384_HQC_192,149.859017
P384_HQC_192,P384_HQC_192,150.430866
P384_HQC_192,P384_HQC_192,154.316488
P384_HQC_192,P384_HQC_192,150.664168
P384_HQC_192,P384_HQC_192,158.729921
P384_HQC_192,P384_HQC_192,155.859114
P384_HQC_192,P384_HQC_192,158.928374
P384_HQC_192,P384_HQC_192,151.861229
P384_HQC_192,P384_HQC_192,154.651986
P384_HQC_192,P384_HQC_192,156.616604
P384_HQC_192,P384_HQC_192,150.135419
P384_HQC_192,P384_HQC_192,150.200115
P384_HQC_192,P384_HQC_192,155.801641
P384_HQC_192,P384_HQC_192,148.124487
P384_HQC_192,P384_HQC_192,150.865355
P384_HQC_192,P384_HQC_192,155.332297
P384_HQC_192,P384_HQC_192,152.67703
P384_HQC_192,P384_HQC_192,152.596241
P384_HQC_192,P384_HQC_192,156.411062
P384_HQC_192,P384_HQC_192,154.536298
P384_HQC_192,P384_HQC_192,158.18479
P384_HQC_192,P384_HQC_192,152.428961
P384_HQC_192,P384_HQC_192,155.002047
P384_HQC_192,P384_HQC_192,155.438686
P384_HQC_192,P384_HQC_192,154.278588
P384_HQC_192,P384_HQC_192,156.789478
P384_HQC_192,P384_HQC_192,155.381467
P384_HQC_192,P384_HQC_192,151.243186
P384_HQC_192,P384_HQC_192,150.733814
P384_HQC_192,P384_HQC_192,154.882971
P384_HQC_192,P384_HQC_192,154.835671
P384_HQC_192,P384_HQC_192,150.612052
P384_HQC_192,P384_HQC_192,152.83745
P384_HQC_192,P384_HQC_192,154.315571
P384_HQC_192,P384_HQC_192,152.231011
P384_HQC_192,P384_HQC_192,157.460591
P384_HQC_192,P384_HQC_192,155.734254
P384_HQC_192,P384_HQC_192,155.248717
P384_HQC_192,P384_HQC_192,149.739509
P384_HQC_192,P384_HQC_192,151.066813
P384_HQC_192,P384_HQC_192,156.373002
P384_HQC_192,P384_HQC_192,157.363231
P384_HQC_192,P384_HQC_192,160.245949
P384_HQC_192,P384_HQC_192,152.252891
P384_HQC_192,P384_HQC_192,150.912993
P384_HQC_192,P384_HQC_192,153.915722
P384_HQC_192,P384_HQC_192,156.030173
P384_HQC_192,P384_HQC_192,153.245064
P384_HQC_192,P384_HQC_192,160.115231
P384_HQC_192,P384_HQC_192,157.510785
P384_HQC_192,P384_HQC_192,152.041106
P384_HQC_192,P384_HQC_192,158.056858
P384_HQC_192,P384_HQC_192,150.719337
P384_HQC_192,P384_HQC_192,160.567385
P384_HQC_192,P384_HQC_192,150.592476
P384_HQC_192,P384_HQC_192,155.544483
P384_HQC_192,P384_HQC_192,154.318249
P384_HQC_192,P384_HQC_192,151.053793
P384_HQC_192,P384_HQC_192,156.902951
P384_HQC_192,P384_HQC_192,159.721945
P384_HQC_192,P384_HQC_192,157.687481
P384_HQC_192,P384_HQC_192,157.64163
P384_HQC_192,P384_HQC_192,156.421402
P384_HQC_192,P384_HQC_192,151.756176
P384_HQC_192,P384_HQC_192,154.028578
P384_HQC_192,P384_HQC_192,154.015003
P384_HQC_192,P384_HQC_192,152.221732
P384_HQC_192,P384_HQC_192,157.105861
P384_HQC_192,P384_HQC_192,155.717704
P384_HQC_192,P384_HQC_192,157.13768
P384_HQC_192,P384_HQC_192,157.188213
P384_HQC_192,P384_HQC_192,157.288473
P384_HQC_192,P384_HQC_192,151.319988
P384_HQC_192,P384_HQC_192,148.530417
P384_HQC_192,P384_HQC_192,154.628516
P384_HQC_192,P384_HQC_192,157.011785
P384_HQC_192,P384_HQC_192,151.770231
P384_HQC_192,P384_HQC_192,153.089995
P384_HQC_192,P384_HQC_192,156.525852
P384_HQC_192,P384_HQC_192,157.684393
P384_HQC_192,P384_HQC_192,158.586098
P384_HQC_192,P384_HQC_192,155.841275
P384_HQC_192,P384_HQC_192,158.145351
P384_HQC_192,P384_HQC_192,154.419899
P384_HQC_192,P384_HQC_192,156.18811
P384_HQC_192,P384_HQC_192,155.333081
P384_HQC_192,P384_HQC_192,157.994977
P384_HQC_192,P384_HQC_192,158.998454
P384_HQC_192,P384_HQC_192,154.224897
P384_HQC_192,P384_HQC_192,153.320976
P384_HQC_192,P384_HQC_192,154.910894
P384_HQC_192,P384_HQC_192,148.939952
P384_HQC_192,P384_HQC_192,158.077471
P384_HQC_192,P384_HQC_192,156.223147
P384_HQC_192,P384_HQC_192,154.277297
P384_HQC_192,P384_HQC_192,154.864207
P384_HQC_192,P384_HQC_192,155.013172
P384_HQC_192,P384_HQC_192,155.941415
P384_HQC_192,P384_HQC_192,151.882123
P384_HQC_192,P384_HQC_192,161.704329
P384_HQC_192,P384_HQC_192,155.769043
P384_HQC_192,P384_HQC_192,151.550404
P384_HQC_192,P384_HQC_192,156.92681
P384_HQC_192,P384_HQC_192,153.435903
P384_HQC_192,P384_HQC_192,155.962168
P384_HQC_192,P384_HQC_192,151.564692
P384_HQC_192,P384_HQC_192,156.563306
P384_HQC_192,P384_HQC_192,150.72195
P384_HQC_192,P384_HQC_192,156.378396
P384_HQC_192,P384_HQC_192,152.261144
P384_HQC_192,P384_HQC_192,157.34013
P384_HQC_192,P384_HQC_192,153.538583
P384_HQC_192,P384_HQC_192,159.942924
P384_HQC_192,P384_HQC_192,152.931544
P384_HQC_192,P384_HQC_192,159.658582
P384_HQC_192,P384_HQC_192,153.250846
P384_HQC_192,P384_HQC_192,151.697929
P384_HQC_192,P384_HQC_192,154.140684
P384_HQC_192,P384_HQC_192,157.22152
P384_HQC_192,P384_HQC_192,160.432155
P384_HQC_192,P384_HQC_192,152.564692
P384_HQC_192,P384_HQC_192,153.405683
P384_HQC_192,P384_HQC_192,157.105357
P384_HQC_192,P384_HQC_192,157.035892
P384_HQC_192,P384_HQC_192,158.176615
P384_HQC_192,P384_HQC_192,157.448462
P384_HQC_192,P384_HQC_192,159.639012
P384_HQC_192,P384_HQC_192,155.002829
P384_HQC_192,P384_HQC_192,159.468243
P384_HQC_192,P384_HQC_192,155.176308
P384_HQC_192,P384_HQC_192,153.412164
P384_HQC_192,P384_HQC_192,153.323932
P384_HQC_192,P384_HQC_192,162.136716
P384_HQC_192,P384_HQC_192,151.919915
P384_HQC_192,P384_HQC_192,150.338313
P384_HQC_192,P384_HQC_192,152.221638
P384_HQC_192,P384_HQC_192,153.779798
P384_HQC_192,P384_HQC_192,153.955428
P384_HQC_192,P384_HQC_192,153.182854
P384_HQC_192,P384_HQC_192,152.982812
P384_HQC_192,P384_HQC_192,157.309608
P384_HQC_192,P384_HQC_192,156.450449
P384_HQC_192,P384_HQC_192,154.408012
P384_HQC_192,P384_HQC_192,156.454288
P384_HQC_192,P384_HQC_192,156.269774
P384_HQC_192,P384_HQC_192,153.076171
P384_HQC_192,P384_HQC_192,156.519098
P384_HQC_192,P384_HQC_192,156.363753
P384_HQC_192,P384_HQC_192,152.342481
P384_HQC_192,P384_HQC_192,150.855787
P384_HQC_192,P384_HQC_192,154.566421
P384_HQC_192,P384_HQC_192,153.681308
P384_HQC_192,P384_HQC_192,159.949789
P384_HQC_192,P384_HQC_192,159.705565
P384_HQC_192,P384_HQC_192,160.002273
P384_HQC_192,P384_HQC_192,161.312971
P384_HQC_192,P384_HQC_192,152.079538
P384_HQC_192,P384_HQC_192,156.316933
P384_HQC_192,P384_HQC_192,149.334594
P384_HQC_192,P384_HQC_192,157.905702
P384_HQC_192,P384_HQC_192,155.641842
P384_HQC_192,P384_HQC_192,154.828109
P384_HQC_192,P384_HQC_192,155.091598
P384_HQC_192,P384_HQC_192,151.304224
P384_HQC_192,P384_HQC_192,155.456319
P384_HQC_192,P384_HQC_192,154.121071
P384_HQC_192,P384_HQC_192,155.672831
P384_HQC_192,P384_HQC_192,158.032476
P384_HQC_192,P384_HQC_192,153.651798
P384_HQC_192,P384_HQC_192,156.977153
P384_HQC_192,P384_HQC_192,155.345927
P384_HQC_192,P384_HQC_192,155.798173
P384_HQC_192,P384_HQC_192,151.892163
P384_HQC_192,P384_HQC_192,156.809109
P384_HQC_192,P384_HQC_192,156.973753
P384_HQC_192,P384_HQC_192,154.459225
P384_HQC_192,P384_HQC_192,153.039582
P384_HQC_192,P384_HQC_192,158.985314
P384_HQC_192,P384_HQC_192,157.745081
P384_HQC_192,P384_HQC_192,157.78095
P384_HQC_192,P384_HQC_192,150.436034
P384_HQC_192,P384_HQC_192,153.498231
P384_HQC_192,P384_HQC_192,155.223051
P384_HQC_192,P384_HQC_192,153.298149
P384_HQC_192,P384_HQC_192,156.688999
P384_HQC_192,P384_HQC_192,157.920275
P384_HQC_192,P384_HQC_192,150.723037
P384_HQC_192,P384_HQC_192,155.654356
P384_HQC_192,P384_HQC_192,158.630553
P384_HQC_192,P384_HQC_192,151.937292
P384_HQC_192,P384_HQC_192,156.547615
P384_HQC_192,P384_HQC_192,157.54076
P384_HQC_192,P384_HQC_192,156.653303
P384_HQC_192,P384_HQC_192,158.397563
P384_HQC_192,P384_HQC_192,156.197716
P384_HQC_192,P384_HQC_192,159.583213
P384_HQC_192,P384_HQC_192,153.942719
P384_HQC_192,P384_HQC_192,151.236643
P384_HQC_192,P384_HQC_192,157.621236
P384_HQC_192,P384_HQC_192,155.012583
P384_HQC_192,P384_HQC_192,161.708595
P384_HQC_192,P384_HQC_192,154.574552
P384_HQC_192,P384_HQC_192,150.12858
P384_HQC_192,P384_HQC_192,157.990314
P384_HQC_192,P384_HQC_192,156.490095
P384_HQC_192,P384_HQC_192,157.099685
P384_HQC_192,P384_HQC_192,148.691862
P384_HQC_192,P384_HQC_192,151.85785
P384_HQC_192,P384_HQC_192,155.517829
P384_HQC_192,P384_HQC_192,158.147446
P384_HQC_192,P384_HQC_192,154.837765
P384_HQC_192,P384_HQC_192,153.902551
P384_HQC_192,P384_HQC_192,157.875089
P384_HQC_192,P384_HQC_192,158.107618
P384_HQC_192,P384_HQC_192,157.346463
P384_HQC_192,P384_HQC_192,153.078554
P384_HQC_192,P384_HQC_192,155.069202
P384_HQC_192,P384_HQC_192,152.154841
P384_HQC_192,P384_HQC_192,158.797728
P384_HQC_192,P384_HQC_192,157.165827
P384_HQC_192,P384_HQC_192,155.735218
P384_HQC_192,P384_HQC_192,156.245491
P384_HQC_192,P384_HQC_192,151.402956
P384_HQC_192,P384_HQC_192,151.291909
P384_HQC_192,P384_HQC_192,156.46476
P384_HQC_192,P384_HQC_192,154.506457
P384_HQC_192,P384_HQC_192,151.612022
P384_HQC_192,P384_HQC_192,150.651343
P384_HQC_192,P384_HQC_192,151.552445
P384_HQC_192,P384_HQC_192,155.997975
P384_HQC_192,P384_HQC_192,153.581993
P384_HQC_192,P384_HQC_192,156.940489
P384_HQC_192,P384_HQC_192,158.429362
P384_HQC_192,P384_HQC_192,156.206275
P384_HQC_192,P384_HQC_192,156.520056
P384_HQC_192,P384_HQC_192,153.802203
P384_HQC_192,P384_HQC_192,158.503395
P384_HQC_192,P384_HQC_192,158.496884
P384_HQC_192,P384_HQC_192,153.050598
P384_HQC_192,P384_HQC_192,156.084588
P384_HQC_192,P384_HQC_192,154.214946
P384_HQC_192,P384_HQC_192,158.510883
P384_HQC_192,P384_HQC_192,151.620993
P384_HQC_192,P384_HQC_192,154.260466
P384_HQC_192,P384_HQC_192,155.732446
P384_HQC_192,P384_HQC_192,156.454937
P384_HQC_192,P384_HQC_192,152.303815
P384_HQC_192,P384_HQC_192,151.87338
P384_HQC_192,P384_HQC_192,152.108987
P384_HQC_192,P384_HQC_192,150.27029
P384_HQC_192,P384_HQC_192,151.066401
P384_HQC_192,P384_HQC_192,151.80811
P384_HQC_192,P384_HQC_192,154.040976
P384_HQC_192,P384_HQC_192,157.346288
P384_HQC_192,P384_HQC_192,153.595695
P384_HQC_192,P384_HQC_192,155.774656
P384_HQC_192,P384_HQC_192,156.313147
P384_HQC_192,P384_HQC_192,160.624841
P384_HQC_192,P384_HQC_192,159.384121
P384_HQC_192,P384_HQC_192,152.196441
P384_HQC_192,P384_HQC_192,157.048888
P384_HQC_192,P384_HQC_192,156.190221
P384_HQC_192,P384_HQC_192,153.824254
P384_HQC_192,P384_HQC_192,154.995924
P384_HQC_192,P384_HQC_192,152.181677
P384_HQC_192,P384_HQC_192,155.034225
P384_HQC_192,P384_HQC_192,155.689792
P384_HQC_192,P384_HQC_192,151.174752
P384_HQC_192,P384_HQC_192,157.537583
P384_HQC_192,P384_HQC_192,152.62695
P384_HQC_192,P384_HQC_192,152.328965
P384_HQC_192,P384_HQC_192,155.790178
P384_HQC_192,P384_HQC_192,158.943782
P384_HQC_192,P384_HQC_192,160.298339
P384_HQC_192,P384_HQC_192,158.238466
P384_HQC_192,P384_HQC_192,161.676038
P384_HQC_192,P384_HQC_192,157.342331
P384_HQC_192,P384_HQC_192,154.100556
P384_HQC_192,P384_HQC_192,154.05758
P384_HQC_192,P384_HQC_192,156.421769
P384_HQC_192,P384_HQC_192,150.64349
P384_HQC_192,P384_HQC_192,152.755118
P384_HQC_192,P384_HQC_192,158.814247
P384_HQC_192,P384_HQC_192,160.539458
P384_HQC_192,P384_HQC_192,153.894373
P384_HQC_192,P384_HQC_192,155.553216
P384_HQC_192,P384_HQC_192,149.349867
P384_HQC_192,P384_HQC_192,150.872009
P384_HQC_192,P384_HQC_192,155.262584
P384_HQC_192,P384_HQC_192,157.609884
P384_HQC_192,P384_HQC_192,151.46317
P384_HQC_192,P384_HQC_192,157.59429
P384_HQC_192,P384_HQC_192,149.764901
P384_HQC_192,P384_HQC_192,157.564168
P384_HQC_192,P384_HQC_192,157.081167
P384_HQC_192,P384_HQC_192,159.675613
P384_HQC_192,P384_HQC_192,155.768425
P384_HQC_192,P384_HQC_192,157.731625
P384_HQC_192,P384_HQC_192,152.699951
P384_HQC_192,P384_HQC_192,157.013902
P384_HQC_192,P384_HQC_192,152.916742
P384_HQC_192,P384_HQC_192,157.528777
P384_HQC_192,P384_HQC_192,154.789924
P384_HQC_192,P384_HQC_192,154.65606
P384_HQC_192,P384_HQC_192,151.829001
P384_HQC_192,P384_HQC_192,154.82707
P384_HQC_192,P384_HQC_192,159.585446
P384_HQC_192,P384_HQC_192,150.276477
P384_HQC_192,P384_HQC_192,158.310162
P384_HQC_192,P384_HQC_192,152.630506
P384_HQC_192,P384_HQC_192,154.691799
P384_HQC_192,P384_HQC_192,158.925045
P384_HQC_192,P384_HQC_192,160.803771
P384_HQC_192,P384_HQC_192,154.004283
P384_HQC_192,P384_HQC_192,156.205254
P384_HQC_192,P384_HQC_192,158.460093
P384_HQC_192,P384_HQC_192,152.661408
P384_HQC_192,P384_HQC_192,156.840365
P384_HQC_192,P384_HQC_192,157.003569
P384_HQC_192,P384_HQC_192,160.91541
P384_HQC_192,P384_HQC_192,153.41419
P384_HQC_192,P384_HQC_192,156.746354
P384_HQC_192,P384_HQC_192,157.976552
P384_HQC_192,P384_HQC_192,157.499745
P384_HQC_192,P384_HQC_192,152.176083
P384_HQC_192,P384_HQC_192,146.719815
P384_HQC_192,P384_HQC_192,154.977777
P384_HQC_192,P384_HQC_192,156.901341
P384_HQC_192,P384_HQC_192,153.123814
P384_HQC_192,P384_HQC_192,150.718265
P384_HQC_192,P384_HQC_192,154.076545
P384_HQC_192,P384_HQC_192,153.790959
P384_HQC_192,P384_HQC_192,156.677197
P384_HQC_192,P384_HQC_192,154.945913
P384_HQC_192,P384_HQC_192,151.334772
P384_HQC_192,P384_HQC_192,152.33344
P384_HQC_192,P384_HQC_192,152.147818
P384_HQC_192,P384_HQC_192,158.349365
P384_HQC_192,P384_HQC_192,150.697937
P384_HQC_192,P384_HQC_192,157.659506
P384_HQC_192,P384_HQC_192,157.236678
P384_HQC_192,P384_HQC_192,156.254737
P384_HQC_192,P384_HQC_192,151.203244
P384_HQC_192,P384_HQC_192,150.365615
P384_HQC_192,P384_HQC_192,155.624753
P384_HQC_192,P384_HQC_192,156.818248
P384_HQC_192,P384_HQC_192,153.031194
P384_HQC_192,P384_HQC_192,156.381337
P384_HQC_192,P384_HQC_192,156.194342
P384_HQC_192,P384_HQC_192,155.612371
P384_HQC_192,P384_HQC_192,154.242321
P384_HQC_192,P384_HQC_192,157.362858
P384_HQC_192,P384_HQC_192,158.519883
P384_HQC_192,P384_HQC_192,161.36499
P384_HQC_192,P384_HQC_192,160.298629
P384_HQC_192,P384_HQC_192,155.832769
P384_HQC_192,P384_HQC_192,154.556921
P384_HQC_192,P384_HQC_192,157.581917
P384_HQC_192,P384_HQC_192,154.001228
P384_HQC_192,P384_HQC_192,150.760026
P384_HQC_192,P384_HQC_192,159.016855
P384_HQC_192,P384_HQC_192,150.804679
P384_HQC_192,P384_HQC_192,158.116019
P384_HQC_192,P384_HQC_192,150.472132
P384_HQC_192,P384_HQC_192,154.044985
P384_HQC_192,P384_HQC_192,161.622628
P384_HQC_192,P384_HQC_192,156.066184
P384_HQC_192,P384_HQC_192,151.016742
P384_HQC_192,P384_HQC_192,153.902719
P384_HQC_192,P384_HQC_192,157.114564
P384_HQC_192,P384_HQC_192,155.577535
P384_HQC_192,P384_HQC_192,150.415184
P384_HQC_192,P384_HQC_192,152.513508
P384_HQC_192,P384_HQC_192,157.431268
P384_HQC_192,P384_HQC_192,161.01706
P384_HQC_192,P384_HQC_192,153.296994
P384_HQC_192,P384_HQC_192,155.109992
P384_HQC_192,P384_HQC_192,155.392184
P384_HQC_192,P384_HQC_192,153.14908
P384_HQC_192,P384_HQC_192,148.226408
P384_HQC_192,P384_HQC_192,149.781853
P384_HQC_192,P384_HQC_192,151.507152
P384_HQC_192,P384_HQC_192,149.769203
P384_HQC_192,P384_HQC_192,155.211405
P384_HQC_192,P384_HQC_192,154.173594
P384_HQC_192,P384_HQC_192,152.373801
P384_HQC_192,P384_HQC_192,158.770516
P384_HQC_192,P384_HQC_192,150.633808
P384_HQC_192,P384_HQC_192,155.185063
P384_HQC_192,P384_HQC_192,153.220257
P384_HQC_192,P384_HQC_192,155.377087
P384_HQC_192,P384_HQC_192,148.563654
P384_HQC_192,P384_HQC_192,160.330488
P384_HQC_192,P384_HQC_192,154.083404
P384_HQC_192,P384_HQC_192,154.664579
P384_HQC_192,P384_HQC_192,156.454861
P384_HQC_192,P384_HQC_192,155.308789
P384_HQC_192,P384_HQC_192,158.894081
P384_HQC_192,P384_HQC_192,158.1331
P384_HQC_192,P384_HQC_192,154.844335
P384_HQC_192,P384_HQC_192,155.167512
P384_HQC_192,P384_HQC_192,149.895985
P384_HQC_192,P384_HQC_192,157.930657
P384_HQC_192,P384_HQC_192,152.281447
P384_HQC_192,P384_HQC_192,156.027073
P384_HQC_192,P384_HQC_192,158.467151
P384_HQC_192,P384_HQC_192,153.354162
P384_HQC_192,P384_HQC_192,155.092881
P384_HQC_192,P384_HQC_192,151.282875
P384_HQC_192,P384_HQC_192,153.221662
P384_HQC_192,P384_HQC_192,155.992566
P384_HQC_192,P384_HQC_192,151.266034
P384_HQC_192,P384_HQC_192,153.893652
P384_HQC_192,P384_HQC_192,151.033258
P384_HQC_192,P384_HQC_192,151.721522
P384_HQC_192,P384_HQC_192,156.757709
P384_HQC_192,P384_HQC_192,155.678626
P384_HQC_192,P384_HQC_192,154.802964
P384_HQC_192,P384_HQC_192,159.974211
P384_HQC_192,P384_HQC_192,149.70564
P384_HQC_192,P384_HQC_192,158.108057
P384_HQC_192,P384_HQC_192,151.864368
P384_HQC_192,P384_HQC_192,158.705134
P384_HQC_192,P384_HQC_192,150.673162
P384_HQC_192,P384_HQC_192,156.437163
P384_HQC_192,P384_HQC_192,155.077113
P384_HQC_192,P384_HQC_192,151.280741
P384_HQC_192,P384_HQC_192,155.811654
P384_HQC_192,P384_HQC_192,151.324954
P384_HQC_192,P384_HQC_192,162.079818
P384_HQC_192,P384_HQC_192,158.263839
P384_HQC_192,P384_HQC_192,155.066839
P384_HQC_192,P384_HQC_192,154.724638
P384_HQC_192,P384_HQC_192,154.670953
P384_HQC_192,P384_HQC_192,153.726044
P384_HQC_192,P384_HQC_192,157.470724
P384_HQC_192,P384_HQC_192,158.724032
P384_HQC_192,P384_HQC_192,159.004303
P384_HQC_192,P384_HQC_192,158.862483
P384_HQC_192,P384_HQC_192,156.563356
P384_HQC_192,P384_HQC_192,155.428575
P384_HQC_192,P384_HQC_192,155.880242
P384_HQC_192,P384_HQC_192,157.487487
P384_HQC_192,P384_HQC_192,151.841872
P384_HQC_192,P384_HQC_192,157.533182
P384_HQC_192,P384_HQC_192,149.773686
P384_HQC_192,P384_HQC_192,153.799889
P384_HQC_192,P384_HQC_192,161.286085
P384_HQC_192,P384_HQC_192,152.809687
P384_HQC_192,P384_HQC_192,159.474073
P384_HQC_192,P384_HQC_192,156.817287
P384_HQC_192,P384_HQC_192,157.756024
P384_HQC_192,P384_HQC_192,151.526665
P384_HQC_192,P384_HQC_192,151.851436
P384_HQC_192,P384_HQC_192,157.998615
P384_HQC_192,P384_HQC_192,156.570648
P384_HQC_192,P384_HQC_192,156.523168
P384_HQC_192,P384_HQC_192,152.820921
P384_HQC_192,P384_HQC_192,151.779644
P384_HQC_192,P384_HQC_192,155.846254
P384_HQC_192,P384_HQC_192,157.194909
P384_HQC_192,P384_HQC_192,151.084041
P384_HQC_192,P384_HQC_192,158.45028
P384_HQC_192,P384_HQC_192,155.075291
P384_HQC_192,P384_HQC_192,158.096029
P384_HQC_192,P384_HQC_192,153.618314
P384_HQC_192,P384_HQC_192,158.67731
P384_HQC_192,P384_HQC_192,155.418209
P384_HQC_192,P384_HQC_192,153.869415
P384_HQC_192,P384_HQC_192,154.04779
P384_HQC_192,P384_HQC_192,157.591866
P384_HQC_192,P384_HQC_192,158.607831
P384_HQC_192,P384_HQC_192,157.610395
P384_HQC_192,P384_HQC_192,152.436311
P384_HQC_192,P384_HQC_192,155.606756
P384_HQC_192,P384_HQC_192,161.300638
P384_HQC_192,P384_HQC_192,154.916773
P384_HQC_192,P384_HQC_192,158.995921
P384_HQC_192,P384_HQC_192,154.77555
P384_HQC_192,P384_HQC_192,161.00706
P384_HQC_192,P384_HQC_192,151.257535
P384_HQC_192,P384_HQC_192,158.663396
P384_HQC_192,P384_HQC_192,152.702998
P384_HQC_192,P384_HQC_192,157.517049
P384_HQC_192,P384_HQC_192,156.504401
P384_HQC_192,P384_HQC_192,158.435228
P384_HQC_192,P384_HQC_192,152.231051
P384_HQC_192,P384_HQC_192,158.085913
P384_HQC_192,P384_HQC_192,157.374777
P384_HQC_192,P384_HQC_192,156.005345
P384_HQC_192,P384_HQC_192,155.02272
P384_HQC_192,P384_HQC_192,158.902207
P384_HQC_192,P384_HQC_192,158.390003
P384_HQC_192,P384_HQC_192,160.962342
P384_HQC_192,P384_HQC_192,157.204845
P384_HQC_192,P384_HQC_192,152.23043
P384_HQC_192,P384_HQC_192,154.864707
P384_HQC_192,P384_HQC_192,156.678842
P384_HQC_192,P384_HQC_192,157.329777
P384_HQC_192,P384_HQC_192,152.657944
P384_HQC_192,P384_HQC_192,160.669843
P384_HQC_192,P384_HQC_192,153.950209
P384_HQC_192,P384_HQC_192,155.917325
P384_HQC_192,P384_HQC_192,158.698766
P384_HQC_192,P384_HQC_192,156.574575
P384_HQC_192,P384_HQC_192,157.846004
P384_HQC_192,P384_HQC_192,158.817093
P384_HQC_192,P384_HQC_192,151.679261
P384_HQC_192,P384_HQC_192,162.261408
P384_HQC_192,P384_HQC_192,156.198967
P384_HQC_192,P384_HQC_192,152.845711
P384_HQC_192,P384_HQC_192,161.941751
P384_HQC_192,P384_HQC_192,160.18956
P384_HQC_192,P384_HQC_192,166.088453
P384_HQC_192,P384_HQC_192,155.794784
P384_HQC_192,P384_HQC_192,157.03357
P384_HQC_192,P384_HQC_192,154.894312
P384_HQC_192,P384_HQC_192,155.21325
P384_HQC_192,P384_HQC_192,155.531608
P384_HQC_192,P384_HQC_192,155.497452
P384_HQC_192,P384_HQC_192,150.750225
P384_HQC_192,P384_HQC_192,152.331458
P384_HQC_192,P384_HQC_192,155.501401
P384_HQC_192,P384_HQC_192,153.585745
P384_HQC_192,P384_HQC_192,153.139024
P384_HQC_192,P384_HQC_192,150.953115
P384_HQC_192,P384_HQC_192,161.211262
P384_HQC_192,P384_HQC_192,155.41694
P384_HQC_192,P384_HQC_192,156.596061
P384_HQC_192,P384_HQC_192,152.074459
P384_HQC_192,P384_HQC_192,156.300103
P384_HQC_192,P384_HQC_192,153.000727
P384_HQC_192,P384_HQC_192,151.464608
P384_HQC_192,P384_HQC_192,152.193413
P384_HQC_192,P384_HQC_192,163.068118
P384_HQC_192,P384_HQC_192,155.932981
P384_HQC_192,P384_HQC_192,153.334679
P384_HQC_192,P384_HQC_192,157.472631
P384_HQC_192,P384_HQC_192,154.104955
P384_HQC_192,P384_HQC_192,161.020761
P384_HQC_192,P384_HQC_192,152.448104
P384_HQC_192,P384_HQC_192,157.496177
P384_HQC_192,P384_HQC_192,155.305417
P384_HQC_192,P384_HQC_192,157.021107
P384_HQC_192,P384_HQC_192,153.931185
P384_HQC_192,P384_HQC_192,157.324617
P384_HQC_192,P384_HQC_192,158.269012
P384_HQC_192,P384_HQC_192,152.97744
P384_HQC_192,P384_HQC_192,157.612798
P384_HQC_192,P384_HQC_192,156.869972
P384_HQC_192,P384_HQC_192,153.50519
P384_HQC_192,P384_HQC_192,151.877346
P384_HQC_192,P384_HQC_192,161.188477
P384_HQC_192,P384_HQC_192,151.474833
P384_HQC_192,P384_HQC_192,151.352105
P384_HQC_192,P384_HQC_192,157.412056
P384_HQC_192,P384_HQC_192,154.303172
P384_HQC_192,P384_HQC_192,156.807465
P384_HQC_192,P384_HQC_192,154.537137
P384_HQC_192,P384_HQC_192,151.94586
P384_HQC_192,P384_HQC_192,154.142935
P384_HQC_192,P384_HQC_192,153.6419
P384_HQC_192,P384_HQC_192,155.289967
P384_HQC_192,P384_HQC_192,152.861829
P384_HQC_192,P384_HQC_192,157.164668
P384_HQC_192,P384_HQC_192,156.826205
P384_HQC_192,P384_HQC_192,154.309452
P384_HQC_192,P384_HQC_192,153.017846
P384_HQC_192,P384_HQC_192,152.342733
P384_HQC_192,P384_HQC_192,154.208912
P384_HQC_192,P384_HQC_192,158.89104
P384_HQC_192,P384_HQC_192,152.385525
P384_HQC_192,P384_HQC_192,157.258472
P384_HQC_192,P384_HQC_192,157.03593
P384_HQC_192,P384_HQC_192,155.728864
P384_HQC_192,P384_HQC_192,156.780254
P384_HQC_192,P384_HQC_192,154.163939
P384_HQC_192,P384_HQC_192,155.67349
P384_HQC_192,P384_HQC_192,152.304939
P384_HQC_192,P384_HQC_192,152.307571
P384_HQC_192,P384_HQC_192,156.556944
P384_HQC_192,P384_HQC_192,155.075324
P384_HQC_192,P384_HQC_192,155.928574
P384_HQC_192,P384_HQC_192,159.367795
P384_HQC_192,P384_HQC_192,149.763885
P384_HQC_192,P384_HQC_192,157.128179
P384_HQC_192,P384_HQC_192,157.166801
P384_HQC_192,P384_HQC_192,162.695349
P384_HQC_192,P384_HQC_192,147.668252
P384_HQC_192,P384_HQC_192,155.971639
P384_HQC_192,P384_HQC_192,157.345095
P384_HQC_192,P384_HQC_192,156.106623
P384_HQC_192,P384_HQC_192,153.018803
P384_HQC_192,P384_HQC_192,155.668249
P384_HQC_192,P384_HQC_192,159.143449
P384_HQC_192,P384_HQC_192,160.132696
P384_HQC_192,P384_HQC_192,148.777307
P384_HQC_192,P384_HQC_192,161.690576
P384_HQC_192,P384_HQC_192,155.883809
P384_HQC_192,P384_HQC_192,149.863214
P384_HQC_192,P384_HQC_192,154.357326
P384_HQC_192,P384_HQC_192,154.772504
P384_HQC_192,P384_HQC_192,153.343775
P384_HQC_192,P384_HQC_192,157.239403
P384_HQC_192,P384_HQC_192,153.448484
P384_HQC_192,P384_HQC_192,153.131887
P384_HQC_192,P384_HQC_192,159.383565
P384_HQC_192,P384_HQC_192,154.620354
P384_HQC_192,P384_HQC_192,155.129649
P384_HQC_192,P384_HQC_192,155.967157
P384_HQC_192,P384_HQC_192,153.499875
P384_HQC_192,P384_HQC_192,158.450647
P384_HQC_192,P384_HQC_192,158.575442
P384_HQC_192,P384_HQC_192,153.312831
P384_HQC_192,P384_HQC_192,153.647978
P384_HQC_192,P384_HQC_192,151.48169
P384_HQC_192,P384_HQC_192,153.162519
P384_HQC_192,P384_HQC_192,156.494507
P384_HQC_192,P384_HQC_192,155.331579
P384_HQC_192,P384_HQC_192,160.991591
P384_HQC_192,P384_HQC_192,161.073832
P384_HQC_192,P384_HQC_192,151.352424
P384_HQC_192,P384_HQC_192,157.363833
P384_HQC_192,P384_HQC_192,160.697895
P384_HQC_192,P384_HQC_192,156.611064
P384_HQC_192,P384_HQC_192,154.798488
P384_HQC_192,P384_HQC_192,158.935418
P384_HQC_192,P384_HQC_192,151.837881
P384_HQC_192,P384_HQC_192,157.929064
P384_HQC_192,P384_HQC_192,155.630436
P384_HQC_192,P384_HQC_192,155.401046
P384_HQC_192,P384_HQC_192,156.958601
P384_HQC_192,P384_HQC_192,154.440811
P384_HQC_192,P384_HQC_192,152.69872
P384_HQC_192,P384_HQC_192,159.96009
P384_HQC_192,P384_HQC_192,157.93088
P384_HQC_192,P384_HQC_192,155.9142
P384_HQC_192,P384_HQC_192,156.63574
P384_HQC_192,P384_HQC_192,156.18304
P384_HQC_192,P384_HQC_192,153.164056
P384_HQC_192,P384_HQC_192,154.16221
P384_HQC_192,P384_HQC_192,156.651826
P384_HQC_192,P384_HQC_192,152.441997
P384_HQC_192,P384_HQC_192,153.21664
P384_HQC_192,P384_HQC_192,152.557673
P384_HQC_192,P384_HQC_192,152.97668
P384_HQC_192,P384_HQC_192,155.146144
P384_HQC_192,P384_HQC_192,156.090779
P384_HQC_192,P384_HQC_192,157.866692
P384_HQC_192,P384_HQC_192,149.686714
P384_HQC_192,P384_HQC_192,157.238421
P384_HQC_192,P384_HQC_192,151.216649
P384_HQC_192,P384_HQC_192,157.81679
P384_HQC_192,P384_HQC_192,155.303376
P384_HQC_192,P384_HQC_192,155.269093
P384_HQC_192,P384_HQC_192,153.121366
P384_HQC_192,P384_HQC_192,151.667077
P384_HQC_192,P384_HQC_192,154.6377
P384_HQC_192,P384_HQC_192,156.144875
P384_HQC_192,P384_HQC_192,157.33296
P384_HQC_192,P384_HQC_192,153.192394
P384_HQC_192,P384_HQC_192,154.088426
P384_HQC_192,P384_HQC_192,161.779705
P384_HQC_192,P384_HQC_192,163.506839
P384_HQC_192,P384_HQC_192,154.35875
P384_HQC_192,P384_HQC_192,157.149462
P384_HQC_192,P384_HQC_192,154.349693
P384_HQC_192,P384_HQC_192,153.729238
P384_HQC_192,P384_HQC_192,157.034715
P384_HQC_192,P384_HQC_192,153.887099
P384_HQC_192,P384_HQC_192,157.658696
P384_HQC_192,P384_HQC_192,153.811597
P384_HQC_192,P384_HQC_192,159.622079
P384_HQC_192,P384_HQC_192,158.29831
P384_HQC_192,P384_HQC_192,155.907565
P384_HQC_192,P384_HQC_192,147.689053
P384_HQC_192,P384_HQC_192,156.419172
P384_HQC_192,P384_HQC_192,156.6129
P384_HQC_192,P384_HQC_192,158.391492
P384_HQC_192,P384_HQC_192,158.196647
P384_HQC_192,P384_HQC_192,151.95322
P384_HQC_192,P384_HQC_192,152.93149
P384_HQC_192,P384_HQC_192,155.759971
P384_HQC_192,P384_HQC_192,160.164659
P384_HQC_192,P384_HQC_192,151.236973
P384_HQC_192,P384_HQC_192,158.923644
P384_HQC_192,P384_HQC_192,148.379185
P384_HQC_192,P384_HQC_192,156.775558
P384_HQC_192,P384_HQC_192,159.854431
P384_HQC_192,P384_HQC_192,154.541666
P384_HQC_192,P384_HQC_192,152.7753
P384_HQC_192,P384_HQC_192,157.139843
P384_HQC_192,P384_HQC_192,154.528264
P384_HQC_192,P384_HQC_192,155.251049
P384_HQC_192,P384_HQC_192,150.570536
P384_HQC_192,P384_HQC_192,155.558644
P384_HQC_192,P384_HQC_192,152.850317
P384_HQC_192,P384_HQC_192,161.518149
P384_HQC_192,P384_HQC_192,154.493504
P384_HQC_192,P384_HQC_192,160.042864
P384_HQC_192,P384_HQC_192,157.128617
P384_HQC_192,P384_HQC_192,155.802712
P384_HQC_192,P384_HQC_192,152.223788
P384_HQC_192,P384_HQC_192,155.745706
P384_HQC_192,P384_HQC_192,153.804436
P384_HQC_192,P384_HQC_192,153.025904
P384_HQC_192,P384_HQC_192,157.538138
P384_HQC_192,P384_HQC_192,149.146475
P384_HQC_192,P384_HQC_192,157.378937
P384_HQC_192,P384_HQC_192,160.112005
P384_HQC_192,P384_HQC_192,152.443485
P384_HQC_192,P384_HQC_192,154.673365
P384_HQC_192,P384_HQC_192,154.710907
P384_HQC_192,P384_HQC_192,157.546351
P384_HQC_192,P384_HQC_192,155.966458
P384_HQC_192,P384_HQC_192,155.116974
P384_HQC_192,P384_HQC_192,153.631214
P384_HQC_192,P384_HQC_192,157.794688
P384_HQC_192,P384_HQC_192,161.85685
P384_HQC_192,P384_HQC_192,157.02357
P384_HQC_192,P384_HQC_192,157.151565
P384_HQC_192,P384_HQC_192,153.332683
P384_HQC_192,P384_HQC_192,158.369128
P384_HQC_192,P384_HQC_192,156.056768
P384_HQC_192,P384_HQC_192,162.630824
P384_HQC_192,P384_HQC_192,154.337635
P384_HQC_192,P384_HQC_192,152.665839
P384_HQC_192,P384_HQC_192,157.764723
P384_HQC_192,P384_HQC_192,153.81442
P384_HQC_192,P384_HQC_192,156.887276
P384_HQC_192,P384_HQC_192,157.320825
P384_HQC_192,P384_HQC_192,149.776361
P384_HQC_192,P384_HQC_192,158.657187
P384_HQC_192,P384_HQC_192,160.786469
P384_HQC_192,P384_HQC_192,157.265573
P384_HQC_192,P384_HQC_192,151.060428
P384_HQC_192,P384_HQC_192,151.163531
P384_HQC_192,P384_HQC_192,156.161031
P384_HQC_192,P384_HQC_192,156.557731
P384_HQC_192,P384_HQC_192,157.002693
P384_HQC_192,P384_HQC_192,153.813333
P384_HQC_192,P384_HQC_192,157.136956
P384_HQC_192,P384_HQC_192,159.411983
P384_HQC_192,P384_HQC_192,151.908359
P384_HQC_192,P384_HQC_192,148.256811
P384_HQC_192,P384_HQC_192,155.20509
P384_HQC_192,P384_HQC_192,153.345161
P384_HQC_192,P384_HQC_192,155.290849
P384_HQC_192,P384_HQC_192,152.097787
P384_HQC_192,P384_HQC_192,158.385422
P384_HQC_192,P384_HQC_192,155.452259
P384_HQC_192,P384_HQC_192,158.465398
P384_HQC_192,P384_HQC_192,157.82089
P384_HQC_192,P384_HQC_192,157.527484
P384_HQC_192,P384_HQC_192,155.460284
P384_HQC_192,P384_HQC_192,155.228124
P384_HQC_192,P384_HQC_192,154.055501
P384_HQC_192,P384_HQC_192,155.59329
P384_HQC_192,P384_HQC_192,158.120926
P384_HQC_192,P384_HQC_192,160.742725
P384_HQC_192,P384_HQC_192,160.204989
P384_HQC_192,P384_HQC_192,160.519532
P384_HQC_192,P384_HQC_192,161.960088
P384_HQC_192,P384_HQC_192,157.855069
P384_HQC_192,P384_HQC_192,157.058581
P384_HQC_192,P384_HQC_192,157.548722
P384_HQC_192,P384_HQC_192,153.702318
P384_HQC_192,P384_HQC_192,154.091672
P384_HQC_192,P384_HQC_192,156.670997
P384_HQC_192,P384_HQC_192,156.052844
P384_HQC_192,P384_HQC_192,155.686837
P384_HQC_192,P384_HQC_192,165.346906
P384_HQC_192,P384_HQC_192,159.99155
P384_HQC_192,P384_HQC_192,154.301636
P384_HQC_192,P384_HQC_192,149.860824
P384_HQC_192,P384_HQC_192,157.086565
P384_HQC_192,P384_HQC_192,155.594915
P384_HQC_192,P384_HQC_192,152.937635
P384_HQC_192,P384_HQC_192,151.805553
P384_HQC_192,P384_HQC_192,155.879964
P384_HQC_192,P384_HQC_192,153.959515
P384_HQC_192,P384_HQC_192,155.607525
P384_HQC_192,P384_HQC_192,154.478844
P384_HQC_192,P384_HQC_192,150.85472
P384_HQC_192,P384_HQC_192,155.531166
P384_HQC_192,P384_HQC_192,155.397764
P384_HQC_192,P384_HQC_192,155.609562
P384_HQC_192,P384_HQC_192,151.466614
P384_HQC_192,P384_HQC_192,151.580579
P384_HQC_192,P384_HQC_192,152.715516
P384_HQC_192,P384_HQC_192,151.744083
P384_HQC_192,P384_HQC_192,153.325467
P384_HQC_192,P384_HQC_192,153.160603
P384_HQC_192,P384_HQC_192,153.410916
P384_HQC_192,P384_HQC_192,157.045859
P384_HQC_192,P384_HQC_192,157.62783
P384_HQC_192,P384_HQC_192,152.492371
P384_HQC_192,P384_HQC_192,149.016656
P384_HQC_192,P384_HQC_192,151.783254
P384_HQC_192,P384_HQC_192,155.750083
P384_HQC_192,P384_HQC_192,155.242989
P384_HQC_192,P384_HQC_192,158.184309
P384_HQC_192,P384_HQC_192,153.738886
P384_HQC_192,P384_HQC_192,155.653927
P384_HQC_192,P384_HQC_192,156.033164
P384_HQC_192,P384_HQC_192,156.886041
P384_HQC_192,P384_HQC_192,151.626446
P384_HQC_192,P384_HQC_192,156.854342
P384_HQC_192,P384_HQC_192,152.722588
P384_HQC_192,P384_HQC_192,153.313724
P384_HQC_192,P384_HQC_192,151.125454
P384_HQC_192,P384_HQC_192,157.29261
P384_HQC_192,P384_HQC_192,157.703791
P384_HQC_192,P384_HQC_192,157.0944
P384_HQC_192,P384_HQC_192,153.381758
P384_HQC_192,P384_HQC_192,159.308338
P384_HQC_192,P384_HQC_192,157.317027
P384_HQC_192,P384_HQC_192,162.281866
P384_HQC_192,P384_HQC_192,156.93384
P384_HQC_192,P384_HQC_192,161.400327
P384_HQC_192,P384_HQC_192,150.942207
P384_HQC_192,P384_HQC_192,153.134847
P384_HQC_192,P384_HQC_192,153.58434
P384_HQC_192,P384_HQC_192,158.871459
P384_HQC_192,P384_HQC_192,156.30948
P384_HQC_192,P384_HQC_192,152.100818
P384_HQC_192,P384_HQC_192,149.861329
P384_HQC_192,P384_HQC_192,157.862636
P384_HQC_192,P384_HQC_192,150.801883
P384_HQC_192,P384_HQC_192,152.275161
P384_HQC_192,P384_HQC_192,158.222165
P384_HQC_192,P384_HQC_192,152.780222
P384_HQC_192,P384_HQC_192,158.638844
P384_HQC_192,P384_HQC_192,154.679552
P384_HQC_192,P384_HQC_192,158.107
P384_HQC_192,P384_HQC_192,158.481257
P384_HQC_192,P384_HQC_192,160.340497
P384_HQC_192,P384_HQC_192,157.86124
P384_HQC_192,P384_HQC_192,156.88531
P384_HQC_192,P384_HQC_192,158.186359
P384_HQC_192,P384_HQC_192,155.010627
P384_HQC_192,P384_HQC_192,153.277139
P384_HQC_192,P384_HQC_192,156.454465
P384_HQC_192,P384_HQC_192,154.883824
P384_HQC_192,P384_HQC_192,150.303575
P384_HQC_192,P384_HQC_192,155.511386
P384_HQC_192,P384_HQC_192,157.064856
P384_HQC_192,P384_HQC_192,151.57072
P384_HQC_192,P384_HQC_192,153.994964
P384_HQC_192,P384_HQC_192,157.174386
P384_HQC_192,P384_HQC_192,158.270808
P384_HQC_192,P384_HQC_192,158.882676
P384_HQC_192,P384_HQC_192,153.554321
P384_HQC_192,P384_HQC_192,155.354321
P384_HQC_192,P384_HQC_192,156.170428
P384_HQC_192,P384_HQC_192,156.213358
P384_HQC_192,P384_HQC_192,159.091763
P384_HQC_192,P384_HQC_192,159.002178
P384_HQC_192,P384_HQC_192,154.231317
P384_HQC_192,P384_HQC_192,149.205833
P384_HQC_192,P384_HQC_192,157.398097
P384_HQC_192,P384_HQC_192,160.311463
P384_HQC_192,P384_HQC_192,150.283404
P384_HQC_192,P384_HQC_192,157.684762
P384_HQC_192,P384_HQC_192,157.061297
P384_HQC_192,P384_HQC_192,158.840045
P384_HQC_192,P384_HQC_192,152.839889
P384_HQC_192,P384_HQC_192,150.972526
P384_HQC_192,P384_HQC_192,158.713487
P384_HQC_192,P384_HQC_192,155.257632
P384_HQC_192,P384_HQC_192,156.041358
P384_HQC_192,P384_HQC_192,153.472359
P384_HQC_192,P384_HQC_192,157.880139
P384_HQC_192,P384_HQC_192,157.998081
P384_HQC_192,P384_HQC_192,151.032016
P384_HQC_192,P384_HQC_192,157.76045
P384_HQC_192,P384_HQC_192,158.846548
P384_HQC_192,P384_HQC_192,152.833281
P384_HQC_192,P384_HQC_192,156.221219
P384_HQC_192,P384_HQC_192,153.706889
P384_HQC_192,P384_HQC_192,158.558965
P384_HQC_192,P384_HQC_192,147.629654
P384_HQC_192,P384_HQC_192,160.862884
P384_HQC_192,P384_HQC_192,156.504661
P384_HQC_192,P384_HQC_192,154.765055
P384_HQC_192,P384_HQC_192,157.542722
P384_HQC_192,P384_HQC_192,155.983085
P384_HQC_192,P384_HQC_192,156.957449
P384_HQC_192,P384_HQC_192,152.250402
P384_HQC_192,P384_HQC_192,153.304596
P384_HQC_192,P384_HQC_192,156.926087
P384_HQC_192,P384_HQC_192,152.975047
P384_HQC_192,P384_HQC_192,155.489956
P384_HQC_192,P384_HQC_192,153.167893
P384_HQC_192,P384_HQC_192,156.465809
P384_HQC_192,P384_HQC_192,153.846816
P384_HQC_192,P384_HQC_192,152.649355
P384_HQC_192,P384_HQC_192,153.357021
P384_HQC_192,P384_HQC_192,155.835223
P384_HQC_192,P384_HQC_192,154.72182
P384_HQC_192,P384_HQC_192,155.777617
P384_HQC_192,P384_HQC_192,159.657317
P384_HQC_192,P384_HQC_192,162.272313
P384_HQC_192,P384_HQC_192,157.285936
P384_HQC_192,P384_HQC_192,155.405492
P384_HQC_192,P384_HQC_192,155.319654
P384_HQC_192,P384_HQC_192,152.882932
P384_HQC_192,P384_HQC_192,161.915162
P384_HQC_192,P384_HQC_192,154.172924
P384_HQC_192,P384_HQC_192,154.899673
P384_HQC_192,P384_HQC_192,155.762709
P384_HQC_192,P384_HQC_192,153.203686
P384_HQC_192,P384_HQC_192,156.010873
P384_HQC_192,P384_HQC_192,158.526702
P384_HQC_192,P384_HQC_192,151.215152
P384_HQC_192,P384_HQC_192,151.290895
P384_HQC_192,P384_Classic_McEliece_460896,129.875236
P384_HQC_192,P384_Classic_McEliece_460896,125.727243
P384_HQC_192,P384_Classic_McEliece_460896,122.592326
P384_HQC_192,P384_Classic_McEliece_460896,127.510773
P384_HQC_192,P384_Classic_McEliece_460896,127.511418
P384_HQC_192,P384_Classic_McEliece_460896,123.780717
P384_HQC_192,P384_Classic_McEliece_460896,127.279878
P384_HQC_192,P384_Classic_McEliece_460896,120.758537
P384_HQC_192,P384_Classic_McEliece_460896,121.235241
P384_HQC_192,P384_Classic_McEliece_460896,124.597741
P384_HQC_192,P384_Classic_McEliece_460896,124.336795
P384_HQC_192,P384_Classic_McEliece_460896,121.048838
P384_HQC_192,P384_Classic_McEliece_460896,124.191766
P384_HQC_192,P384_Classic_McEliece_460896,132.050734
P384_HQC_192,P384_Classic_McEliece_460896,130.319966
P384_HQC_192,P384_Classic_McEliece_460896,130.550686
P384_HQC_192,P384_Classic_McEliece_460896,131.101016
P384_HQC_192,P384_Classic_McEliece_460896,129.162382
P384_HQC_192,P384_Classic_McEliece_460896,126.759931
P384_HQC_192,P384_Classic_McEliece_460896,125.204876
P384_HQC_192,P384_Classic_McEliece_460896,121.459981
P384_HQC_192,P384_Classic_McEliece_460896,127.972674
P384_HQC_192,P384_Classic_McEliece_460896,127.835279
P384_HQC_192,P384_Classic_McEliece_460896,122.159266
P384_HQC_192,P384_Classic_McEliece_460896,120.610658
P384_HQC_192,P384_Classic_McEliece_460896,129.931201
P384_HQC_192,P384_Classic_McEliece_460896,122.783341
P384_HQC_192,P384_Classic_McEliece_460896,126.46414
P384_HQC_192,P384_Classic_McEliece_460896,126.865859
P384_HQC_192,P384_Classic_McEliece_460896,128.301726
P384_HQC_192,P384_Classic_McEliece_460896,122.812932
P384_HQC_192,P384_Classic_McEliece_460896,126.486918
P384_HQC_192,P384_Classic_McEliece_460896,126.931078
P384_HQC_192,P384_Classic_McEliece_460896,122.621508
P384_HQC_192,P384_Classic_McEliece_460896,118.937759
P384_HQC_192,P384_Classic_McEliece_460896,133.135139
P384_HQC_192,P384_Classic_McEliece_460896,124.529432
P384_HQC_192,P384_Classic_McEliece_460896,122.838511
P384_HQC_192,P384_Classic_McEliece_460896,131.619633
P384_HQC_192,P384_Classic_McEliece_460896,127.512042
P384_HQC_192,P384_Classic_McEliece_460896,124.638766
P384_HQC_192,P384_Classic_McEliece_460896,120.223
P384_HQC_192,P384_Classic_McEliece_460896,132.899069
P384_HQC_192,P384_Classic_McEliece_460896,128.98525
P384_HQC_192,P384_Classic_McEliece_460896,123.044097
P384_HQC_192,P384_Classic_McEliece_460896,125.719199
P384_HQC_192,P384_Classic_McEliece_460896,123.659325
P384_HQC_192,P384_Classic_McEliece_460896,122.07438
P384_HQC_192,P384_Classic_McEliece_460896,130.280401
P384_HQC_192,P384_Classic_McEliece_460896,119.406511
P384_HQC_192,P384_Classic_McEliece_460896,132.336158
P384_HQC_192,P384_Classic_McEliece_460896,120.073198
P384_HQC_192,P384_Classic_McEliece_460896,122.939835
P384_HQC_192,P384_Classic_McEliece_460896,124.280035
P384_HQC_192,P384_Classic_McEliece_460896,129.330029
P384_HQC_192,P384_Classic_McEliece_460896,129.278644
P384_HQC_192,P384_Classic_McEliece_460896,126.238772
P384_HQC_192,P384_Classic_McEliece_460896,125.117976
P384_HQC_192,P384_Classic_McEliece_460896,125.826138
P384_HQC_192,P384_Classic_McEliece_460896,126.577588
P384_HQC_192,P384_Classic_McEliece_460896,123.348859
P384_HQC_192,P384_Classic_McEliece_460896,127.391128
P384_HQC_192,P384_Classic_McEliece_460896,125.781918
P384_HQC_192,P384_Classic_McEliece_460896,122.081771
P384_HQC_192,P384_Classic_McEliece_460896,125.504319
P384_HQC_192,P384_Classic_McEliece_460896,129.863292
P384_HQC_192,P384_Classic_McEliece_460896,131.62626
P384_HQC_192,P384_Classic_McEliece_460896,129.109654
P384_HQC_192,P384_Classic_McEliece_460896,125.852661
P384_HQC_192,P384_Classic_McEliece_460896,126.921794
P384_HQC_192,P384_Classic_McEliece_460896,125.823434
P384_HQC_192,P384_Classic_McEliece_460896,122.930978
P384_HQC_192,P384_Classic_McEliece_460896,132.636362
P384_HQC_192,P384_Classic_McEliece_460896,129.616696
P384_HQC_192,P384_Classic_McEliece_460896,132.195655
P384_HQC_192,P384_Classic_McEliece_460896,122.488381
P384_HQC_192,P384_Classic_McEliece_460896,128.474127
P384_HQC_192,P384_Classic_McEliece_460896,127.836872
P384_HQC_192,P384_Classic_McEliece_460896,120.784964
P384_HQC_192,P384_Classic_McEliece_460896,121.643133
P384_HQC_192,P384_Classic_McEliece_460896,127.647231
P384_HQC_192,P384_Classic_McEliece_460896,125.021261
P384_HQC_192,P384_Classic_McEliece_460896,120.122777
P384_HQC_192,P384_Classic_McEliece_460896,127.418238
P384_HQC_192,P384_Classic_McEliece_460896,124.947043
P384_HQC_192,P384_Classic_McEliece_460896,123.161835
P384_HQC_192,P384_Classic_McEliece_460896,129.064222
P384_HQC_192,P384_Classic_McEliece_460896,125.41019
P384_HQC_192,P384_Classic_McEliece_460896,129.333146
P384_HQC_192,P384_Classic_McEliece_460896,122.833145
P384_HQC_192,P384_Classic_McEliece_460896,127.840219
P384_HQC_192,P384_Classic_McEliece_460896,125.478602
P384_HQC_192,P384_Classic_McEliece_460896,129.108691
P384_HQC_192,P384_Classic_McEliece_460896,127.206629
P384_HQC_192,P384_Classic_McEliece_460896,126.71426
P384_HQC_192,P384_Classic_McEliece_460896,123.251715
P384_HQC_192,P384_Classic_McEliece_460896,128.25663
P384_HQC_192,P384_Classic_McEliece_460896,125.186463
P384_HQC_192,P384_Classic_McEliece_460896,133.177551
P384_HQC_192,P384_Classic_McEliece_460896,121.628655
P384_HQC_192,P384_Classic_McEliece_460896,128.498044
P384_HQC_192,P384_Classic_McEliece_460896,125.861395
P384_HQC_192,P384_Classic_McEliece_460896,123.61661
P384_HQC_192,P384_Classic_McEliece_460896,123.983566
P384_HQC_192,P384_Classic_McEliece_460896,129.144239
P384_HQC_192,P384_Classic_McEliece_460896,122.170409
P384_HQC_192,P384_Classic_McEliece_460896,130.429812
P384_HQC_192,P384_Classic_McEliece_460896,127.065821
P384_HQC_192,P384_Classic_McEliece_460896,126.115008
P384_HQC_192,P384_Classic_McEliece_460896,121.979352
P384_HQC_192,P384_Classic_McEliece_460896,133.119634
P384_HQC_192,P384_Classic_McEliece_460896,125.781335
P384_HQC_192,P384_Classic_McEliece_460896,121.583302
P384_HQC_192,P384_Classic_McEliece_460896,125.020572
P384_HQC_192,P384_Classic_McEliece_460896,122.191895
P384_HQC_192,P384_Classic_McEliece_460896,131.396445
P384_HQC_192,P384_Classic_McEliece_460896,128.115443
P384_HQC_192,P384_Classic_McEliece_460896,128.530622
P384_HQC_192,P384_Classic_McEliece_460896,127.363839
P384_HQC_192,P384_Classic_McEliece_460896,125.179043
P384_HQC_192,P384_Classic_McEliece_460896,125.879118
P384_HQC_192,P384_Classic_McEliece_460896,122.645112
P384_HQC_192,P384_Classic_McEliece_460896,125.573694
P384_HQC_192,P384_Classic_McEliece_460896,123.07363
P384_HQC_192,P384_Classic_McEliece_460896,125.539455
P384_HQC_192,P384_Classic_McEliece_460896,125.15022
P384_HQC_192,P384_Classic_McEliece_460896,132.885043
P384_HQC_192,P384_Classic_McEliece_460896,130.142731
P384_HQC_192,P384_Classic_McEliece_460896,121.389966
P384_HQC_192,P384_Classic_McEliece_460896,129.774304
P384_HQC_192,P384_Classic_McEliece_460896,129.796878
P384_HQC_192,P384_Classic_McEliece_460896,122.010082
P384_HQC_192,P384_Classic_McEliece_460896,129.128703
P384_HQC_192,P384_Classic_McEliece_460896,128.612849
P384_HQC_192,P384_Classic_McEliece_460896,126.228986
P384_HQC_192,P384_Classic_McEliece_460896,131.294096
P384_HQC_192,P384_Classic_McEliece_460896,127.868396
P384_HQC_192,P384_Classic_McEliece_460896,123.919781
P384_HQC_192,P384_Classic_McEliece_460896,128.803266
P384_HQC_192,P384_Classic_McEliece_460896,123.19243
P384_HQC_192,P384_Classic_McEliece_460896,123.150461
P384_HQC_192,P384_Classic_McEliece_460896,122.449079
P384_HQC_192,P384_Classic_McEliece_460896,128.497534
P384_HQC_192,P384_Classic_McEliece_460896,121.800653
P384_HQC_192,P384_Classic_McEliece_460896,127.499882
P384_HQC_192,P384_Classic_McEliece_460896,125.938511
P384_HQC_192,P384_Classic_McEliece_460896,127.55025
P384_HQC_192,P384_Classic_McEliece_460896,129.637462
P384_HQC_192,P384_Classic_McEliece_460896,124.46071
P384_HQC_192,P384_Classic_McEliece_460896,122.816445
P384_HQC_192,P384_Classic_McEliece_460896,122.077214
P384_HQC_192,P384_Classic_McEliece_460896,125.472121
P384_HQC_192,P384_Classic_McEliece_460896,122.719077
P384_HQC_192,P384_Classic_McEliece_460896,124.907218
P384_HQC_192,P384_Classic_McEliece_460896,125.589268
P384_HQC_192,P384_Classic_McEliece_460896,122.305406
P384_HQC_192,P384_Classic_McEliece_460896,123.998183
P384_HQC_192,P384_Classic_McEliece_460896,132.182824
P384_HQC_192,P384_Classic_McEliece_460896,131.299745
P384_HQC_192,P384_Classic_McEliece_460896,128.579609
P384_HQC_192,P384_Classic_McEliece_460896,124.542159
P384_HQC_192,P384_Classic_McEliece_460896,128.927308
P384_HQC_192,P384_Classic_McEliece_460896,128.906218
P384_HQC_192,P384_Classic_McEliece_460896,125.156728
P384_HQC_192,P384_Classic_McEliece_460896,126.605831
P384_HQC_192,P384_Classic_McEliece_460896,127.566581
P384_HQC_192,P384_Classic_McEliece_460896,123.018438
P384_HQC_192,P384_Classic_McEliece_460896,129.51253
P384_HQC_192,P384_Classic_McEliece_460896,123.485342
P384_HQC_192,P384_Classic_McEliece_460896,126.868305
P384_HQC_192,P384_Classic_McEliece_460896,124.552994
P384_HQC_192,P384_Classic_McEliece_460896,131.2598
P384_HQC_192,P384_Classic_McEliece_460896,135.952414
P384_HQC_192,P384_Classic_McEliece_460896,124.442564
P384_HQC_192,P384_Classic_McEliece_460896,126.432884
P384_HQC_192,P384_Classic_McEliece_460896,129.12638
P384_HQC_192,P384_Classic_McEliece_460896,127.843604
P384_HQC_192,P384_Classic_McEliece_460896,133.76071
P384_HQC_192,P384_Classic_McEliece_460896,126.345592
P384_HQC_192,P384_Classic_McEliece_460896,119.885111
P384_HQC_192,P384_Classic_McEliece_460896,132.609128
P384_HQC_192,P384_Classic_McEliece_460896,132.479413
P384_HQC_192,P384_Classic_McEliece_460896,119.830826
P384_HQC_192,P384_Classic_McEliece_460896,122.701619
P384_HQC_192,P384_Classic_McEliece_460896,127.203073
P384_HQC_192,P384_Classic_McEliece_460896,130.308644
P384_HQC_192,P384_Classic_McEliece_460896,125.840131
P384_HQC_192,P384_Classic_McEliece_460896,120.680405
P384_HQC_192,P384_Classic_McEliece_460896,126.077427
P384_HQC_192,P384_Classic_McEliece_460896,119.666291
P384_HQC_192,P384_Classic_McEliece_460896,131.891598
P384_HQC_192,P384_Classic_McEliece_460896,125.441298
P384_HQC_192,P384_Classic_McEliece_460896,131.522941
P384_HQC_192,P384_Classic_McEliece_460896,125.154576
P384_HQC_192,P384_Classic_McEliece_460896,130.156047
P384_HQC_192,P384_Classic_McEliece_460896,123.73743
P384_HQC_192,P384_Classic_McEliece_460896,124.987729
P384_HQC_192,P384_Classic_McEliece_460896,124.47344
P384_HQC_192,P384_Classic_McEliece_460896,122.354972
P384_HQC_192,P384_Classic_McEliece_460896,122.663494
P384_HQC_192,P384_Classic_McEliece_460896,125.400422
P384_HQC_192,P384_Classic_McEliece_460896,124.390395
P384_HQC_192,P384_Classic_McEliece_460896,123.223189
P384_HQC_192,P384_Classic_McEliece_460896,124.39809
P384_HQC_192,P384_Classic_McEliece_460896,123.80391
P384_HQC_192,P384_Classic_McEliece_460896,122.748254
P384_HQC_192,P384_Classic_McEliece_460896,125.954393
P384_HQC_192,P384_Classic_McEliece_460896,127.094333
P384_HQC_192,P384_Classic_McEliece_460896,127.224079
P384_HQC_192,P384_Classic_McEliece_460896,131.491859
P384_HQC_192,P384_Classic_McEliece_460896,123.875601
P384_HQC_192,P384_Classic_McEliece_460896,121.962365
P384_HQC_192,P384_Classic_McEliece_460896,129.440249
P384_HQC_192,P384_Classic_McEliece_460896,126.03531
P384_HQC_192,P384_Classic_McEliece_460896,123.769476
P384_HQC_192,P384_Classic_McEliece_460896,124.901724
P384_HQC_192,P384_Classic_McEliece_460896,127.216945
P384_HQC_192,P384_Classic_McEliece_460896,123.773648
P384_HQC_192,P384_Classic_McEliece_460896,120.881189
P384_HQC_192,P384_Classic_McEliece_460896,124.392802
P384_HQC_192,P384_Classic_McEliece_460896,125.204693
P384_HQC_192,P384_Classic_McEliece_460896,127.787902
P384_HQC_192,P384_Classic_McEliece_460896,126.39488
P384_HQC_192,P384_Classic_McEliece_460896,129.106572
P384_HQC_192,P384_Classic_McEliece_460896,123.415119
P384_HQC_192,P384_Classic_McEliece_460896,127.718683
P384_HQC_192,P384_Classic_McEliece_460896,124.157343
P384_HQC_192,P384_Classic_McEliece_460896,124.736533
P384_HQC_192,P384_Classic_McEliece_460896,125.989785
P384_HQC_192,P384_Classic_McEliece_460896,127.517152
P384_HQC_192,P384_Classic_McEliece_460896,129.046021
P384_HQC_192,P384_Classic_McEliece_460896,122.883434
P384_HQC_192,P384_Classic_McEliece_460896,123.769969
P384_HQC_192,P384_Classic_McEliece_460896,121.511311
P384_HQC_192,P384_Classic_McEliece_460896,125.771518
P384_HQC_192,P384_Classic_McEliece_460896,128.132638
P384_HQC_192,P384_Classic_McEliece_460896,121.745426
P384_HQC_192,P384_Classic_McEliece_460896,126.347793
P384_HQC_192,P384_Classic_McEliece_460896,133.129055
P384_HQC_192,P384_Classic_McEliece_460896,127.340825
P384_HQC_192,P384_Classic_McEliece_460896,121.874697
P384_HQC_192,P384_Classic_McEliece_460896,124.384847
P384_HQC_192,P384_Classic_McEliece_460896,120.199582
P384_HQC_192,P384_Classic_McEliece_460896,129.005379
P384_HQC_192,P384_Classic_McEliece_460896,126.851605
P384_HQC_192,P384_Classic_McEliece_460896,124.936111
P384_HQC_192,P384_Classic_McEliece_460896,126.590448
P384_HQC_192,P384_Classic_McEliece_460896,122.696719
P384_HQC_192,P384_Classic_McEliece_460896,127.977373
P384_HQC_192,P384_Classic_McEliece_460896,128.325268
P384_HQC_192,P384_Classic_McEliece_460896,128.593989
P384_HQC_192,P384_Classic_McEliece_460896,120.902857
P384_HQC_192,P384_Classic_McEliece_460896,125.178539
P384_HQC_192,P384_Classic_McEliece_460896,125.713714
P384_HQC_192,P384_Classic_McEliece_460896,128.609363
P384_HQC_192,P384_Classic_McEliece_460896,127.868921
P384_HQC_192,P384_Classic_McEliece_460896,123.068333
P384_HQC_192,P384_Classic_McEliece_460896,130.044325
P384_HQC_192,P384_Classic_McEliece_460896,127.757091
P384_HQC_192,P384_Classic_McEliece_460896,129.817605
P384_HQC_192,P384_Classic_McEliece_460896,126.227017
P384_HQC_192,P384_Classic_McEliece_460896,129.100372
P384_HQC_192,P384_Classic_McEliece_460896,128.772936
P384_HQC_192,P384_Classic_McEliece_460896,121.937955
P384_HQC_192,P384_Classic_McEliece_460896,133.481906
P384_HQC_192,P384_Classic_McEliece_460896,125.163515
P384_HQC_192,P384_Classic_McEliece_460896,128.635171
P384_HQC_192,P384_Classic_McEliece_460896,129.469905
P384_HQC_192,P384_Classic_McEliece_460896,127.786772
P384_HQC_192,P384_Classic_McEliece_460896,123.007906
P384_HQC_192,P384_Classic_McEliece_460896,127.619616
P384_HQC_192,P384_Classic_McEliece_460896,127.831233
P384_HQC_192,P384_Classic_McEliece_460896,127.564234
P384_HQC_192,P384_Classic_McEliece_460896,123.172233
P384_HQC_192,P384_Classic_McEliece_460896,121.716621
P384_HQC_192,P384_Classic_McEliece_460896,122.408662
P384_HQC_192,P384_Classic_McEliece_460896,129.427725
P384_HQC_192,P384_Classic_McEliece_460896,129.200964
P384_HQC_192,P384_Classic_McEliece_460896,130.250877
P384_HQC_192,P384_Classic_McEliece_460896,126.202286
P384_HQC_192,P384_Classic_McEliece_460896,126.468822
P384_HQC_192,P384_Classic_McEliece_460896,126.224533
P384_HQC_192,P384_Classic_McEliece_460896,124.699515
P384_HQC_192,P384_Classic_McEliece_460896,127.995453
P384_HQC_192,P384_Classic_McEliece_460896,127.759547
P384_HQC_192,P384_Classic_McEliece_460896,124.344241
P384_HQC_192,P384_Classic_McEliece_460896,128.945782
P384_HQC_192,P384_Classic_McEliece_460896,127.171246
P384_HQC_192,P384_Classic_McEliece_460896,126.615019
P384_HQC_192,P384_Classic_McEliece_460896,128.722471
P384_HQC_192,P384_Classic_McEliece_460896,123.105427
P384_HQC_192,P384_Classic_McEliece_460896,122.740897
P384_HQC_192,P384_Classic_McEliece_460896,124.893975
P384_HQC_192,P384_Classic_McEliece_460896,125.295316
P384_HQC_192,P384_Classic_McEliece_460896,132.658297
P384_HQC_192,P384_Classic_McEliece_460896,121.952719
P384_HQC_192,P384_Classic_McEliece_460896,127.940631
P384_HQC_192,P384_Classic_McEliece_460896,125.487296
P384_HQC_192,P384_Classic_McEliece_460896,125.678201
P384_HQC_192,P384_Classic_McEliece_460896,126.377631
P384_HQC_192,P384_Classic_McEliece_460896,123.150557
P384_HQC_192,P384_Classic_McEliece_460896,127.646648
P384_HQC_192,P384_Classic_McEliece_460896,128.455998
P384_HQC_192,P384_Classic_McEliece_460896,125.413037
P384_HQC_192,P384_Classic_McEliece_460896,128.841207
P384_HQC_192,P384_Classic_McEliece_460896,123.410316
P384_HQC_192,P384_Classic_McEliece_460896,123.126316
P384_HQC_192,P384_Classic_McEliece_460896,123.389896
P384_HQC_192,P384_Classic_McEliece_460896,129.261016
P384_HQC_192,P384_Classic_McEliece_460896,133.236001
P384_HQC_192,P384_Classic_McEliece_460896,133.063483
P384_HQC_192,P384_Classic_McEliece_460896,128.532942
P384_HQC_192,P384_Classic_McEliece_460896,129.351623
P384_HQC_192,P384_Classic_McEliece_460896,122.65566
P384_HQC_192,P384_Classic_McEliece_460896,119.600377
P384_HQC_192,P384_Classic_McEliece_460896,128.896002
P384_HQC_192,P384_Classic_McEliece_460896,125.806832
P384_HQC_192,P384_Classic_McEliece_460896,126.455275
P384_HQC_192,P384_Classic_McEliece_460896,128.495647
P384_HQC_192,P384_Classic_McEliece_460896,127.990957
P384_HQC_192,P384_Classic_McEliece_460896,126.845128
P384_HQC_192,P384_Classic_McEliece_460896,127.926292
P384_HQC_192,P384_Classic_McEliece_460896,129.905032
P384_HQC_192,P384_Classic_McEliece_460896,123.699742
P384_HQC_192,P384_Classic_McEliece_460896,132.439172
P384_HQC_192,P384_Classic_McEliece_460896,133.899792
P384_HQC_192,P384_Classic_McEliece_460896,131.115644
P384_HQC_192,P384_Classic_McEliece_460896,122.891478
P384_HQC_192,P384_Classic_McEliece_460896,127.611998
P384_HQC_192,P384_Classic_McEliece_460896,130.710774
P384_HQC_192,P384_Classic_McEliece_460896,121.712499
P384_HQC_192,P384_Classic_McEliece_460896,124.243251
P384_HQC_192,P384_Classic_McEliece_460896,126.70958
P384_HQC_192,P384_Classic_McEliece_460896,127.604321
P384_HQC_192,P384_Classic_McEliece_460896,127.370004
P384_HQC_192,P384_Classic_McEliece_460896,122.496002
P384_HQC_192,P384_Classic_McEliece_460896,127.608042
P384_HQC_192,P384_Classic_McEliece_460896,127.58162
P384_HQC_192,P384_Classic_McEliece_460896,127.216101
P384_HQC_192,P384_Classic_McEliece_460896,126.210944
P384_HQC_192,P384_Classic_McEliece_460896,125.979188
P384_HQC_192,P384_Classic_McEliece_460896,125.286907
P384_HQC_192,P384_Classic_McEliece_460896,132.270361
P384_HQC_192,P384_Classic_McEliece_460896,126.500912
P384_HQC_192,P384_Classic_McEliece_460896,123.287071
P384_HQC_192,P384_Classic_McEliece_460896,125.054779
P384_HQC_192,P384_Classic_McEliece_460896,128.818495
P384_HQC_192,P384_Classic_McEliece_460896,132.335473
P384_HQC_192,P384_Classic_McEliece_460896,133.362939
P384_HQC_192,P384_Classic_McEliece_460896,122.884417
P384_HQC_192,P384_Classic_McEliece_460896,125.508144
P384_HQC_192,P384_Classic_McEliece_460896,135.38361
P384_HQC_192,P384_Classic_McEliece_460896,122.638747
P384_HQC_192,P384_Classic_McEliece_460896,133.78109
P384_HQC_192,P384_Classic_McEliece_460896,130.258053
P384_HQC_192,P384_Classic_McEliece_460896,131.659706
P384_HQC_192,P384_Classic_McEliece_460896,125.126878
P384_HQC_192,P384_Classic_McEliece_460896,121.614321
P384_HQC_192,P384_Classic_McEliece_460896,124.799891
P384_HQC_192,P384_Classic_McEliece_460896,125.512963
P384_HQC_192,P384_Classic_McEliece_460896,133.092769
P384_HQC_192,P384_Classic_McEliece_460896,128.158253
P384_HQC_192,P384_Classic_McEliece_460896,128.179259
P384_HQC_192,P384_Classic_McEliece_460896,125.736496
P384_HQC_192,P384_Classic_McEliece_460896,128.434118
P384_HQC_192,P384_Classic_McEliece_460896,132.585987
P384_HQC_192,P384_Classic_McEliece_460896,130.752047
P384_HQC_192,P384_Classic_McEliece_460896,125.260276
P384_HQC_192,P384_Classic_McEliece_460896,125.975193
P384_HQC_192,P384_Classic_McEliece_460896,132.625309
P384_HQC_192,P384_Classic_McEliece_460896,127.120178
P384_HQC_192,P384_Classic_McEliece_460896,125.079964
P384_HQC_192,P384_Classic_McEliece_460896,125.478593
P384_HQC_192,P384_Classic_McEliece_460896,122.474645
P384_HQC_192,P384_Classic_McEliece_460896,133.562512
P384_HQC_192,P384_Classic_McEliece_460896,120.552531
P384_HQC_192,P384_Classic_McEliece_460896,122.934299
P384_HQC_192,P384_Classic_McEliece_460896,126.331062
P384_HQC_192,P384_Classic_McEliece_460896,123.108897
P384_HQC_192,P384_Classic_McEliece_460896,121.911719
P384_HQC_192,P384_Classic_McEliece_460896,131.640224
P384_HQC_192,P384_Classic_McEliece_460896,129.893805
P384_HQC_192,P384_Classic_McEliece_460896,126.614276
P384_HQC_192,P384_Classic_McEliece_460896,127.27657
P384_HQC_192,P384_Classic_McEliece_460896,125.209775
P384_HQC_192,P384_Classic_McEliece_460896,124.089115
P384_HQC_192,P384_Classic_McEliece_460896,128.868036
P384_HQC_192,P384_Classic_McEliece_460896,125.119388
P384_HQC_192,P384_Classic_McEliece_460896,123.682062
P384_HQC_192,P384_Classic_McEliece_460896,126.763231
P384_HQC_192,P384_Classic_McEliece_460896,128.615341
P384_HQC_192,P384_Classic_McEliece_460896,126.702153
P384_HQC_192,P384_Classic_McEliece_460896,122.429796
P384_HQC_192,P384_Classic_McEliece_460896,128.862541
P384_HQC_192,P384_Classic_McEliece_460896,130.001933
P384_HQC_192,P384_Classic_McEliece_460896,123.384075
P384_HQC_192,P384_Classic_McEliece_460896,127.81676
P384_HQC_192,P384_Classic_McEliece_460896,121.542077
P384_HQC_192,P384_Classic_McEliece_460896,134.018759
P384_HQC_192,P384_Classic_McEliece_460896,128.072229
P384_HQC_192,P384_Classic_McEliece_460896,126.670121
P384_HQC_192,P384_Classic_McEliece_460896,125.057255
P384_HQC_192,P384_Classic_McEliece_460896,125.453492
P384_HQC_192,P384_Classic_McEliece_460896,132.506797
P384_HQC_192,P384_Classic_McEliece_460896,124.89855
P384_HQC_192,P384_Classic_McEliece_460896,125.81027
P384_HQC_192,P384_Classic_McEliece_460896,124.026747
P384_HQC_192,P384_Classic_McEliece_460896,127.191214
P384_HQC_192,P384_Classic_McEliece_460896,122.52109
P384_HQC_192,P384_Classic_McEliece_460896,124.062756
P384_HQC_192,P384_Classic_McEliece_460896,125.946941
P384_HQC_192,P384_Classic_McEliece_460896,129.403284
P384_HQC_192,P384_Classic_McEliece_460896,123.937588
P384_HQC_192,P384_Classic_McEliece_460896,125.542945
P384_HQC_192,P384_Classic_McEliece_460896,125.595506
P384_HQC_192,P384_Classic_McEliece_460896,122.462855
P384_HQC_192,P384_Classic_McEliece_460896,129.310296
P384_HQC_192,P384_Classic_McEliece_460896,128.38008
P384_HQC_192,P384_Classic_McEliece_460896,126.660339
P384_HQC_192,P384_Classic_McEliece_460896,130.400878
P384_HQC_192,P384_Classic_McEliece_460896,128.25001
P384_HQC_192,P384_Classic_McEliece_460896,128.761474
P384_HQC_192,P384_Classic_McEliece_460896,126.995584
P384_HQC_192,P384_Classic_McEliece_460896,127.233481
P384_HQC_192,P384_Classic_McEliece_460896,129.134034
P384_HQC_192,P384_Classic_McEliece_460896,124.485346
P384_HQC_192,P384_Classic_McEliece_460896,119.311369
P384_HQC_192,P384_Classic_McEliece_460896,125.962848
P384_HQC_192,P384_Classic_McEliece_460896,131.190089
P384_HQC_192,P384_Classic_McEliece_460896,128.042766
P384_HQC_192,P384_Classic_McEliece_460896,129.614371
P384_HQC_192,P384_Classic_McEliece_460896,129.193024
P384_HQC_192,P384_Classic_McEliece_460896,123.320375
P384_HQC_192,P384_Classic_McEliece_460896,125.458128
P384_HQC_192,P384_Classic_McEliece_460896,125.774925
P384_HQC_192,P384_Classic_McEliece_460896,124.745828
P384_HQC_192,P384_Classic_McEliece_460896,131.359663
P384_HQC_192,P384_Classic_McEliece_460896,127.08732
P384_HQC_192,P384_Classic_McEliece_460896,118.488396
P384_HQC_192,P384_Classic_McEliece_460896,123.12167
P384_HQC_192,P384_Classic_McEliece_460896,129.50789
P384_HQC_192,P384_Classic_McEliece_460896,121.899636
P384_HQC_192,P384_Classic_McEliece_460896,125.600114
P384_HQC_192,P384_Classic_McEliece_460896,120.963347
P384_HQC_192,P384_Classic_McEliece_460896,129.079715
P384_HQC_192,P384_Classic_McEliece_460896,126.422965
P384_HQC_192,P384_Classic_McEliece_460896,127.933846
P384_HQC_192,P384_Classic_McEliece_460896,129.191832
P384_HQC_192,P384_Classic_McEliece_460896,125.686273
P384_HQC_192,P384_Classic_McEliece_460896,119.514503
P384_HQC_192,P384_Classic_McEliece_460896,127.396974
P384_HQC_192,P384_Classic_McEliece_460896,127.282193
P384_HQC_192,P384_Classic_McEliece_460896,126.888819
P384_HQC_192,P384_Classic_McEliece_460896,125.718327
P384_HQC_192,P384_Classic_McEliece_460896,132.059555
P384_HQC_192,P384_Classic_McEliece_460896,131.078699
P384_HQC_192,P384_Classic_McEliece_460896,121.655256
P384_HQC_192,P384_Classic_McEliece_460896,127.010969
P384_HQC_192,P384_Classic_McEliece_460896,130.807551
P384_HQC_192,P384_Classic_McEliece_460896,125.853991
P384_HQC_192,P384_Classic_McEliece_460896,120.182973
P384_HQC_192,P384_Classic_McEliece_460896,121.991142
P384_HQC_192,P384_Classic_McEliece_460896,123.874539
P384_HQC_192,P384_Classic_McEliece_460896,122.452776
P384_HQC_192,P384_Classic_McEliece_460896,124.330588
P384_HQC_192,P384_Classic_McEliece_460896,127.018363
P384_HQC_192,P384_Classic_McEliece_460896,122.698149
P384_HQC_192,P384_Classic_McEliece_460896,124.712405
P384_HQC_192,P384_Classic_McEliece_460896,124.700135
P384_HQC_192,P384_Classic_McEliece_460896,126.304454
P384_HQC_192,P384_Classic_McEliece_460896,129.642282
P384_HQC_192,P384_Classic_McEliece_460896,130.774157
P384_HQC_192,P384_Classic_McEliece_460896,132.596412
P384_HQC_192,P384_Classic_McEliece_460896,129.302205
P384_HQC_192,P384_Classic_McEliece_460896,123.720951
P384_HQC_192,P384_Classic_McEliece_460896,126.639184
P384_HQC_192,P384_Classic_McEliece_460896,131.693694
P384_HQC_192,P384_Classic_McEliece_460896,133.33088
P384_HQC_192,P384_Classic_McEliece_460896,128.110905
P384_HQC_192,P384_Classic_McEliece_460896,131.893153
P384_HQC_192,P384_Classic_McEliece_460896,124.457809
P384_HQC_192,P384_Classic_McEliece_460896,119.844682
P384_HQC_192,P384_Classic_McEliece_460896,125.409099
P384_HQC_192,P384_Classic_McEliece_460896,128.444683
P384_HQC_192,P384_Classic_McEliece_460896,130.71197
P384_HQC_192,P384_Classic_McEliece_460896,123.583688
P384_HQC_192,P384_Classic_McEliece_460896,125.088549
P384_HQC_192,P384_Classic_McEliece_460896,130.706453
P384_HQC_192,P384_Classic_McEliece_460896,129.236249
P384_HQC_192,P384_Classic_McEliece_460896,123.88902
P384_HQC_192,P384_Classic_McEliece_460896,127.991618
P384_HQC_192,P384_Classic_McEliece_460896,130.637979
P384_HQC_192,P384_Classic_McEliece_460896,121.870611
P384_HQC_192,P384_Classic_McEliece_460896,128.302384
P384_HQC_192,P384_Classic_McEliece_460896,122.865859
P384_HQC_192,P384_Classic_McEliece_460896,125.92399
P384_HQC_192,P384_Classic_McEliece_460896,122.566926
P384_HQC_192,P384_Classic_McEliece_460896,129.11772
P384_HQC_192,P384_Classic_McEliece_460896,129.518145
P384_HQC_192,P384_Classic_McEliece_460896,123.176759
P384_HQC_192,P384_Classic_McEliece_460896,123.447536
P384_HQC_192,P384_Classic_McEliece_460896,122.443765
P384_HQC_192,P384_Classic_McEliece_460896,130.305596
P384_HQC_192,P384_Classic_McEliece_460896,121.729426
P384_HQC_192,P384_Classic_McEliece_460896,126.754299
P384_HQC_192,P384_Classic_McEliece_460896,127.283832
P384_HQC_192,P384_Classic_McEliece_460896,124.315548
P384_HQC_192,P384_Classic_McEliece_460896,128.77459
P384_HQC_192,P384_Classic_McEliece_460896,126.127899
P384_HQC_192,P384_Classic_McEliece_460896,122.906175
P384_HQC_192,P384_Classic_McEliece_460896,124.68704
P384_HQC_192,P384_Classic_McEliece_460896,122.927485
P384_HQC_192,P384_Classic_McEliece_460896,134.130344
P384_HQC_192,P384_Classic_McEliece_460896,125.941022
P384_HQC_192,P384_Classic_McEliece_460896,122.376582
P384_HQC_192,P384_Classic_McEliece_460896,127.445698
P384_HQC_192,P384_Classic_McEliece_460896,134.237913
P384_HQC_192,P384_Classic_McEliece_460896,126.597577
P384_HQC_192,P384_Classic_McEliece_460896,121.793828
P384_HQC_192,P384_Classic_McEliece_460896,124.06251
P384_HQC_192,P384_Classic_McEliece_460896,127.90584
P384_HQC_192,P384_Classic_McEliece_460896,121.062016
P384_HQC_192,P384_Classic_McEliece_460896,128.760407
P384_HQC_192,P384_Classic_McEliece_460896,126.562266
P384_HQC_192,P384_Classic_McEliece_460896,123.293743
P384_HQC_192,P384_Classic_McEliece_460896,125.302132
P384_HQC_192,P384_Classic_McEliece_460896,130.759106
P384_HQC_192,P384_Classic_McEliece_460896,127.607584
P384_HQC_192,P384_Classic_McEliece_460896,125.550587
P384_HQC_192,P384_Classic_McEliece_460896,130.658048
P384_HQC_192,P384_Classic_McEliece_460896,124.828223
P384_HQC_192,P384_Classic_McEliece_460896,123.638922
P384_HQC_192,P384_Classic_McEliece_460896,125.491292
P384_HQC_192,P384_Classic_McEliece_460896,129.97296
P384_HQC_192,P384_Classic_McEliece_460896,125.00248
P384_HQC_192,P384_Classic_McEliece_460896,130.281512
P384_HQC_192,P384_Classic_McEliece_460896,123.577686
P384_HQC_192,P384_Classic_McEliece_460896,127.054806
P384_HQC_192,P384_Classic_McEliece_460896,118.941706
P384_HQC_192,P384_Classic_McEliece_460896,128.212413
P384_HQC_192,P384_Classic_McEliece_460896,125.134133
P384_HQC_192,P384_Classic_McEliece_460896,121.56629
P384_HQC_192,P384_Classic_McEliece_460896,125.342838
P384_HQC_192,P384_Classic_McEliece_460896,132.088128
P384_HQC_192,P384_Classic_McEliece_460896,128.274922
P384_HQC_192,P384_Classic_McEliece_460896,131.717162
P384_HQC_192,P384_Classic_McEliece_460896,126.890185
P384_HQC_192,P384_Classic_McEliece_460896,129.004858
P384_HQC_192,P384_Classic_McEliece_460896,127.74417
P384_HQC_192,P384_Classic_McEliece_460896,127.153991
P384_HQC_192,P384_Classic_McEliece_460896,124.895593
P384_HQC_192,P384_Classic_McEliece_460896,124.090296
P384_HQC_192,P384_Classic_McEliece_460896,125.05317
P384_HQC_192,P384_Classic_McEliece_460896,130.400289
P384_HQC_192,P384_Classic_McEliece_460896,130.606583
P384_HQC_192,P384_Classic_McEliece_460896,122.012642
P384_HQC_192,P384_Classic_McEliece_460896,122.600748
P384_HQC_192,P384_Classic_McEliece_460896,123.046646
P384_HQC_192,P384_Classic_McEliece_460896,127.41812
P384_HQC_192,P384_Classic_McEliece_460896,122.515638
P384_HQC_192,P384_Classic_McEliece_460896,124.047064
P384_HQC_192,P384_Classic_McEliece_460896,125.62258
P384_HQC_192,P384_Classic_McEliece_460896,129.345897
P384_HQC_192,P384_Classic_McEliece_460896,123.610074
P384_HQC_192,P384_Classic_McEliece_460896,123.327167
P384_HQC_192,P384_Classic_McEliece_460896,127.061473
P384_HQC_192,P384_Classic_McEliece_460896,122.807917
P384_HQC_192,P384_Classic_McEliece_460896,120.844591
P384_HQC_192,P384_Classic_McEliece_460896,121.775093
P384_HQC_192,P384_Classic_McEliece_460896,124.77968
P384_HQC_192,P384_Classic_McEliece_460896,126.35661
P384_HQC_192,P384_Classic_McEliece_460896,127.327204
P384_HQC_192,P384_Classic_McEliece_460896,127.21067
P384_HQC_192,P384_Classic_McEliece_460896,126.19513
P384_HQC_192,P384_Classic_McEliece_460896,125.819546
P384_HQC_192,P384_Classic_McEliece_460896,129.871191
P384_HQC_192,P384_Classic_McEliece_460896,121.688917
P384_HQC_192,P384_Classic_McEliece_460896,130.318922
P384_HQC_192,P384_Classic_McEliece_460896,128.504808
P384_HQC_192,P384_Classic_McEliece_460896,129.181537
P384_HQC_192,P384_Classic_McEliece_460896,127.354689
P384_HQC_192,P384_Classic_McEliece_460896,125.987782
P384_HQC_192,P384_Classic_McEliece_460896,122.383889
P384_HQC_192,P384_Classic_McEliece_460896,133.960519
P384_HQC_192,P384_Classic_McEliece_460896,121.883522
P384_HQC_192,P384_Classic_McEliece_460896,125.859138
P384_HQC_192,P384_Classic_McEliece_460896,122.026951
P384_HQC_192,P384_Classic_McEliece_460896,125.091319
P384_HQC_192,P384_Classic_McEliece_460896,127.44541
P384_HQC_192,P384_Classic_McEliece_460896,119.21676
P384_HQC_192,P384_Classic_McEliece_460896,121.330365
P384_HQC_192,P384_Classic_McEliece_460896,127.479801
P384_HQC_192,P384_Classic_McEliece_460896,120.795057
P384_HQC_192,P384_Classic_McEliece_460896,126.458993
P384_HQC_192,P384_Classic_McEliece_460896,125.597383
P384_HQC_192,P384_Classic_McEliece_460896,124.737217
P384_HQC_192,P384_Classic_McEliece_460896,127.677014
P384_HQC_192,P384_Classic_McEliece_460896,129.302526
P384_HQC_192,P384_Classic_McEliece_460896,125.342031
P384_HQC_192,P384_Classic_McEliece_460896,132.064582
P384_HQC_192,P384_Classic_McEliece_460896,129.292974
P384_HQC_192,P384_Classic_McEliece_460896,124.299409
P384_HQC_192,P384_Classic_McEliece_460896,128.814851
P384_HQC_192,P384_Classic_McEliece_460896,127.938725
P384_HQC_192,P384_Classic_McEliece_460896,124.163162
P384_HQC_192,P384_Classic_McEliece_460896,129.190232
P384_HQC_192,P384_Classic_McEliece_460896,123.143355
P384_HQC_192,P384_Classic_McEliece_460896,131.632908
P384_HQC_192,P384_Classic_McEliece_460896,124.087651
P384_HQC_192,P384_Classic_McEliece_460896,129.455507
P384_HQC_192,P384_Classic_McEliece_460896,124.677326
P384_HQC_192,P384_Classic_McEliece_460896,127.340753
P384_HQC_192,P384_Classic_McEliece_460896,123.528925
P384_HQC_192,P384_Classic_McEliece_460896,124.719946
P384_HQC_192,P384_Classic_McEliece_460896,129.365913
P384_HQC_192,P384_Classic_McEliece_460896,132.007459
P384_HQC_192,P384_Classic_McEliece_460896,124.304854
P384_HQC_192,P384_Classic_McEliece_460896,128.146461
P384_HQC_192,P384_Classic_McEliece_460896,127.686234
P384_HQC_192,P384_Classic_McEliece_460896,131.169179
P384_HQC_192,P384_Classic_McEliece_460896,125.827874
P384_HQC_192,P384_Classic_McEliece_460896,127.981653
P384_HQC_192,P384_Classic_McEliece_460896,125.577866
P384_HQC_192,P384_Classic_McEliece_460896,121.795793
P384_HQC_192,P384_Classic_McEliece_460896,121.888926
P384_HQC_192,P384_Classic_McEliece_460896,131.324824
P384_HQC_192,P384_Classic_McEliece_460896,128.845697
P384_HQC_192,P384_Classic_McEliece_460896,133.525261
P384_HQC_192,P384_Classic_McEliece_460896,126.628233
P384_HQC_192,P384_Classic_McEliece_460896,128.902629
P384_HQC_192,P384_Classic_McEliece_460896,125.017928
P384_HQC_192,P384_Classic_McEliece_460896,125.600369
P384_HQC_192,P384_Classic_McEliece_460896,127.203444
P384_HQC_192,P384_Classic_McEliece_460896,126.583439
P384_HQC_192,P384_Classic_McEliece_460896,127.919631
P384_HQC_192,P384_Classic_McEliece_460896,124.374007
P384_HQC_192,P384_Classic_McEliece_460896,132.341451
P384_HQC_192,P384_Classic_McEliece_460896,125.32053
P384_HQC_192,P384_Classic_McEliece_460896,132.39518
P384_HQC_192,P384_Classic_McEliece_460896,127.228126
P384_HQC_192,P384_Classic_McEliece_460896,126.15351
P384_HQC_192,P384_Classic_McEliece_460896,122.315293
P384_HQC_192,P384_Classic_McEliece_460896,124.119239
P384_HQC_192,P384_Classic_McEliece_460896,131.705224
P384_HQC_192,P384_Classic_McEliece_460896,126.310527
P384_HQC_192,P384_Classic_McEliece_460896,125.084079
P384_HQC_192,P384_Classic_McEliece_460896,124.872098
P384_HQC_192,P384_Classic_McEliece_460896,126.150766
P384_HQC_192,P384_Classic_McEliece_460896,128.569418
P384_HQC_192,P384_Classic_McEliece_460896,125.046228
P384_HQC_192,P384_Classic_McEliece_460896,123.334974
P384_HQC_192,P384_Classic_McEliece_460896,126.617579
P384_HQC_192,P384_Classic_McEliece_460896,124.027013
P384_HQC_192,P384_Classic_McEliece_460896,128.651993
P384_HQC_192,P384_Classic_McEliece_460896,121.19601
P384_HQC_192,P384_Classic_McEliece_460896,125.461316
P384_HQC_192,P384_Classic_McEliece_460896,128.754169
P384_HQC_192,P384_Classic_McEliece_460896,128.728427
P384_HQC_192,P384_Classic_McEliece_460896,127.666735
P384_HQC_192,P384_Classic_McEliece_460896,123.273019
P384_HQC_192,P384_Classic_McEliece_460896,126.186633
P384_HQC_192,P384_Classic_McEliece_460896,124.848042
P384_HQC_192,P384_Classic_McEliece_460896,124.615194
P384_HQC_192,P384_Classic_McEliece_460896,129.088487
P384_HQC_192,P384_Classic_McEliece_460896,122.847666
P384_HQC_192,P384_Classic_McEliece_460896,124.824978
P384_HQC_192,P384_Classic_McEliece_460896,123.367611
P384_HQC_192,P384_Classic_McEliece_460896,127.319963
P384_HQC_192,P384_Classic_McEliece_460896,121.993166
P384_HQC_192,P384_Classic_McEliece_460896,122.677838
P384_HQC_192,P384_Classic_McEliece_460896,122.793345
P384_HQC_192,P384_Classic_McEliece_460896,127.014653
P384_HQC_192,P384_Classic_McEliece_460896,127.482424
P384_HQC_192,P384_Classic_McEliece_460896,126.674121
P384_HQC_192,P384_Classic_McEliece_460896,130.110226
P384_HQC_192,P384_Classic_McEliece_460896,125.132133
P384_HQC_192,P384_Classic_McEliece_460896,122.075907
P384_HQC_192,P384_Classic_McEliece_460896,124.017277
P384_HQC_192,P384_Classic_McEliece_460896,127.294544
P384_HQC_192,P384_Classic_McEliece_460896,123.624847
P384_HQC_192,P384_Classic_McEliece_460896,133.248492
P384_HQC_192,P384_Classic_McEliece_460896,125.589183
P384_HQC_192,P384_Classic_McEliece_460896,128.491771
P384_HQC_192,P384_Classic_McEliece_460896,132.686469
P384_HQC_192,P384_Classic_McEliece_460896,131.075432
P384_HQC_192,P384_Classic_McEliece_460896,123.067788
P384_HQC_192,P384_Classic_McEliece_460896,127.132448
P384_HQC_192,P384_Classic_McEliece_460896,128.38534
P384_HQC_192,P384_Classic_McEliece_460896,124.203047
P384_HQC_192,P384_Classic_McEliece_460896,122.895946
P384_HQC_192,P384_Classic_McEliece_460896,130.721377
P384_HQC_192,P384_Classic_McEliece_460896,125.532722
P384_HQC_192,P384_Classic_McEliece_460896,127.637235
P384_HQC_192,P384_Classic_McEliece_460896,127.258644
P384_HQC_192,P384_Classic_McEliece_460896,122.921514
P384_HQC_192,P384_Classic_McEliece_460896,126.11941
P384_HQC_192,P384_Classic_McEliece_460896,131.933903
P384_HQC_192,P384_Classic_McEliece_460896,128.384262
P384_HQC_192,P384_Classic_McEliece_460896,126.899413
P384_HQC_192,P384_Classic_McEliece_460896,123.852195
P384_HQC_192,P384_Classic_McEliece_460896,127.109022
P384_HQC_192,P384_Classic_McEliece_460896,133.996724
P384_HQC_192,P384_Classic_McEliece_460896,130.312479
P384_HQC_192,P384_Classic_McEliece_460896,123.503919
P384_HQC_192,P384_Classic_McEliece_460896,126.010785
P384_HQC_192,P384_Classic_McEliece_460896,128.461616
P384_HQC_192,P384_Classic_McEliece_460896,126.003477
P384_HQC_192,P384_Classic_McEliece_460896,131.149312
P384_HQC_192,P384_Classic_McEliece_460896,122.990073
P384_HQC_192,P384_Classic_McEliece_460896,125.786775
P384_HQC_192,P384_Classic_McEliece_460896,128.178727
P384_HQC_192,P384_Classic_McEliece_460896,121.555879
P384_HQC_192,P384_Classic_McEliece_460896,120.418362
P384_HQC_192,P384_Classic_McEliece_460896,124.856471
P384_HQC_192,P384_Classic_McEliece_460896,126.524433
P384_HQC_192,P384_Classic_McEliece_460896,125.670321
P384_HQC_192,P384_Classic_McEliece_460896,126.686208
P384_HQC_192,P384_Classic_McEliece_460896,120.278188
P384_HQC_192,P384_Classic_McEliece_460896,134.991952
P384_HQC_192,P384_Classic_McEliece_460896,123.909532
P384_HQC_192,P384_Classic_McEliece_460896,123.603907
P384_HQC_192,P384_Classic_McEliece_460896,122.236533
P384_HQC_192,P384_Classic_McEliece_460896,126.725824
P384_HQC_192,P384_Classic_McEliece_460896,126.843365
P384_HQC_192,P384_Classic_McEliece_460896,126.280559
P384_HQC_192,P384_Classic_McEliece_460896,124.703431
P384_HQC_192,P384_Classic_McEliece_460896,128.17006
P384_HQC_192,P384_Classic_McEliece_460896,123.528413
P384_HQC_192,P384_Classic_McEliece_460896,131.075443
P384_HQC_192,P384_Classic_McEliece_460896,125.717212
P384_HQC_192,P384_Classic_McEliece_460896,134.764632
P384_HQC_192,P384_Classic_McEliece_460896,132.224024
P384_HQC_192,P384_Classic_McEliece_460896,126.44393
P384_HQC_192,P384_Classic_McEliece_460896,121.745324
P384_HQC_192,P384_Classic_McEliece_460896,134.462677
P384_HQC_192,P384_Classic_McEliece_460896,127.222078
P384_HQC_192,P384_Classic_McEliece_460896,127.796877
P384_HQC_192,P384_Classic_McEliece_460896,123.45437
P384_HQC_192,P384_Classic_McEliece_460896,133.966753
P384_HQC_192,P384_Classic_McEliece_460896,127.016768
P384_HQC_192,P384_Classic_McEliece_460896,134.30642
P384_HQC_192,P384_Classic_McEliece_460896,128.265331
P384_HQC_192,P384_Classic_McEliece_460896,127.458796
P384_HQC_192,P384_Classic_McEliece_460896,130.005497
P384_HQC_192,P384_Classic_McEliece_460896,126.994835
P384_HQC_192,P384_Classic_McEliece_460896,125.412119
P384_HQC_192,P384_Classic_McEliece_460896,122.754391
P384_HQC_192,P384_Classic_McEliece_460896,121.345897
P384_HQC_192,P384_Classic_McEliece_460896,125.554645
P384_HQC_192,P384_Classic_McEliece_460896,128.411509
P384_HQC_192,P384_Classic_McEliece_460896,129.462648
P384_HQC_192,P384_Classic_McEliece_460896,124.35562
P384_HQC_192,P384_Classic_McEliece_460896,124.694607
P384_HQC_192,P384_Classic_McEliece_460896,125.778598
P384_HQC_192,P384_Classic_McEliece_460896,126.471554
P384_HQC_192,P384_Classic_McEliece_460896,124.546639
P384_HQC_192,P384_Classic_McEliece_460896,125.374156
P384_HQC_192,P384_Classic_McEliece_460896,126.453905
P384_HQC_192,P384_Classic_McEliece_460896,125.916757
P384_HQC_192,P384_Classic_McEliece_460896,125.291945
P384_HQC_192,P384_Classic_McEliece_460896,125.669013
P384_HQC_192,P384_Classic_McEliece_460896,122.266067
P384_HQC_192,P384_Classic_McEliece_460896,125.54957
P384_HQC_192,P384_Classic_McEliece_460896,122.844179
P384_HQC_192,P384_Classic_McEliece_460896,126.993656
P384_HQC_192,P384_Classic_McEliece_460896,122.962711
P384_HQC_192,P384_Classic_McEliece_460896,127.72973
P384_HQC_192,P384_Classic_McEliece_460896,120.979771
P384_HQC_192,P384_Classic_McEliece_460896,131.631748
P384_HQC_192,P384_Classic_McEliece_460896,125.377541
P384_HQC_192,P384_Classic_McEliece_460896,120.878527
P384_HQC_192,P384_Classic_McEliece_460896,133.675589
P384_HQC_192,P384_Classic_McEliece_460896,132.591767
P384_HQC_192,P384_Classic_McEliece_460896,133.93983
P384_HQC_192,P384_Classic_McEliece_460896,130.528253
P384_HQC_192,P384_Classic_McEliece_460896,120.393782
P384_HQC_192,P384_Classic_McEliece_460896,134.837765
P384_HQC_192,P384_Classic_McEliece_460896,129.869226
P384_HQC_192,P384_Classic_McEliece_460896,125.117411
P384_HQC_192,P384_Classic_McEliece_460896,117.447477
P384_HQC_192,P384_Classic_McEliece_460896,121.717527
P384_HQC_192,P384_Classic_McEliece_460896,128.330517
P384_HQC_192,P384_Classic_McEliece_460896,124.710216
P384_HQC_192,P384_Classic_McEliece_460896,124.155324
P384_HQC_192,P384_Classic_McEliece_460896,129.131014
P384_HQC_192,P384_Classic_McEliece_460896,124.879637
P384_HQC_192,P384_Classic_McEliece_460896,132.72572
P384_HQC_192,P384_Classic_McEliece_460896,132.16444
P384_HQC_192,P384_Classic_McEliece_460896,133.073603
P384_HQC_192,P384_Classic_McEliece_460896,125.176772
P384_HQC_192,P384_Classic_McEliece_460896,127.543634
P384_HQC_192,P384_Classic_McEliece_460896,123.70319
P384_HQC_192,P384_Classic_McEliece_460896,129.119644
P384_HQC_192,P384_Classic_McEliece_460896,121.209374
P384_HQC_192,P384_Classic_McEliece_460896,127.775457
P384_HQC_192,P384_Classic_McEliece_460896,131.386739
P384_HQC_192,P384_Classic_McEliece_460896,125.128255
P384_HQC_192,P384_Classic_McEliece_460896,133.506477
P384_HQC_192,P384_Classic_McEliece_460896,129.287295
P384_HQC_192,P384_Classic_McEliece_460896,125.440591
P384_HQC_192,P384_Classic_McEliece_460896,126.796263
P384_HQC_192,P384_Classic_McEliece_460896,127.215614
P384_HQC_192,P384_Classic_McEliece_460896,128.213213
P384_HQC_192,P384_Classic_McEliece_460896,130.197407
P384_HQC_192,P384_Classic_McEliece_460896,129.811457
P384_HQC_192,P384_Classic_McEliece_460896,122.00074
P384_HQC_192,P384_Classic_McEliece_460896,132.336718
P384_HQC_192,P384_Classic_McEliece_460896,125.694823
P384_HQC_192,P384_Classic_McEliece_460896,126.408188
P384_HQC_192,P384_Classic_McEliece_460896,120.523809
P384_HQC_192,P384_Classic_McEliece_460896,125.211247
P384_HQC_192,P384_Classic_McEliece_460896,124.501405
P384_HQC_192,P384_Classic_McEliece_460896,128.959078
P384_HQC_192,P384_Classic_McEliece_460896,122.399491
P384_HQC_192,P384_Classic_McEliece_460896,126.095128
P384_HQC_192,P384_Classic_McEliece_460896,125.803429
P384_HQC_192,P384_Classic_McEliece_460896,128.603799
P384_HQC_192,P384_Classic_McEliece_460896,124.414837
P384_HQC_192,P384_Classic_McEliece_460896,126.526775
P384_HQC_192,P384_Classic_McEliece_460896,126.517698
P384_HQC_192,P384_Classic_McEliece_460896,128.720116
P384_HQC_192,P384_Classic_McEliece_460896,132.698042
P384_HQC_192,P384_Classic_McEliece_460896,122.923041
P384_HQC_192,P384_Classic_McEliece_460896,125.580315
P384_HQC_192,P384_Classic_McEliece_460896,128.938011
P384_HQC_192,P384_Classic_McEliece_460896,129.397688
P384_HQC_192,P384_Classic_McEliece_460896,124.957935
P384_HQC_192,P384_Classic_McEliece_460896,128.544599
P384_HQC_192,P384_Classic_McEliece_460896,126.956787
P384_HQC_192,P384_Classic_McEliece_460896,128.923473
P384_HQC_192,P384_Classic_McEliece_460896,126.404692
P384_HQC_192,P384_Classic_McEliece_460896,126.760167
P384_HQC_192,P384_Classic_McEliece_460896,123.831651
P384_HQC_192,P384_Classic_McEliece_460896,127.360214
P384_HQC_192,P384_Classic_McEliece_460896,122.604407
P384_HQC_192,P384_Classic_McEliece_460896,131.057446
P384_HQC_192,P384_Classic_McEliece_460896,129.191877
P384_HQC_192,P384_Classic_McEliece_460896,124.678067
P384_HQC_192,P384_Classic_McEliece_460896,128.054275
P384_HQC_192,P384_Classic_McEliece_460896,126.556519
P384_HQC_192,P384_Classic_McEliece_460896,125.774669
P384_HQC_192,P384_Classic_McEliece_460896,124.053209
P384_HQC_192,P384_Classic_McEliece_460896,124.100686
P384_HQC_192,P384_Classic_McEliece_460896,125.086284
P384_HQC_192,P384_Classic_McEliece_460896,127.487968
P384_HQC_192,P384_Classic_McEliece_460896,121.943219
P384_HQC_192,P384_Classic_McEliece_460896,120.930856
P384_HQC_192,P384_Classic_McEliece_460896,125.515387
P384_HQC_192,P384_Classic_McEliece_460896,131.343762
P384_HQC_192,P384_Classic_McEliece_460896,120.127652
P384_HQC_192,P384_Classic_McEliece_460896,127.243959
P384_HQC_192,P384_Classic_McEliece_460896,124.179168
P384_HQC_192,P384_Classic_McEliece_460896,126.627837
P384_HQC_192,P384_Classic_McEliece_460896,125.720815
P384_HQC_192,P384_Classic_McEliece_460896,124.410393
P384_HQC_192,P384_Classic_McEliece_460896,127.438239
P384_HQC_192,P384_Classic_McEliece_460896,131.150598
P384_HQC_192,P384_Classic_McEliece_460896,129.720607
P384_HQC_192,P384_Classic_McEliece_460896,126.010649
P384_HQC_192,P384_Classic_McEliece_460896,122.507674
P384_HQC_192,P384_Classic_McEliece_460896,126.422267
P384_HQC_192,P384_Classic_McEliece_460896,127.251987
P384_HQC_192,P384_Classic_McEliece_460896,126.312014
P384_HQC_192,P384_Classic_McEliece_460896,129.55374
P384_HQC_192,P384_Classic_McEliece_460896,125.068478
P384_HQC_192,P384_Classic_McEliece_460896,126.978159
P384_HQC_192,P384_Classic_McEliece_460896,126.412178
P384_HQC_192,P384_Classic_McEliece_460896,127.407235
P384_HQC_192,P384_Classic_McEliece_460896,126.163017
P384_HQC_192,P384_Classic_McEliece_460896,122.463391
P384_HQC_192,P384_Classic_McEliece_460896,121.695704
P384_HQC_192,P384_Classic_McEliece_460896,124.390999
P384_HQC_192,P384_Classic_McEliece_460896,123.402808
P384_HQC_192,P384_Classic_McEliece_460896,131.026496
P384_HQC_192,P384_Classic_McEliece_460896,124.732872
P384_HQC_192,P384_Classic_McEliece_460896,124.295168
P384_HQC_192,P384_Classic_McEliece_460896,121.86582
P384_HQC_192,P384_Classic_McEliece_460896,125.086722
P384_HQC_192,P384_Classic_McEliece_460896,128.763773
P384_HQC_192,P384_Classic_McEliece_460896,124.502547
P384_HQC_192,P384_Classic_McEliece_460896,124.101647
P384_HQC_192,P384_Classic_McEliece_460896,126.081698
P384_HQC_192,P384_Classic_McEliece_460896,132.555305
P384_HQC_192,P384_Classic_McEliece_460896,126.828354
P384_HQC_192,P384_Classic_McEliece_460896,127.577484
P384_HQC_192,P384_Classic_McEliece_460896,128.81604
P384_HQC_192,P384_Classic_McEliece_460896,131.120053
P384_HQC_192,P384_Classic_McEliece_460896,122.861615
P384_HQC_192,P384_Classic_McEliece_460896,132.08279
P384_HQC_192,P384_Classic_McEliece_460896,125.499683
P384_HQC_192,P384_Classic_McEliece_460896,128.503089
P384_HQC_192,P384_Classic_McEliece_460896,128.271712
P384_HQC_192,P384_Classic_McEliece_460896,132.835357
P384_HQC_192,P384_Classic_McEliece_460896,128.625545
P384_HQC_192,P384_Classic_McEliece_460896,129.580882
P384_HQC_192,P384_Classic_McEliece_460896,126.653973
P384_HQC_192,P384_Classic_McEliece_460896,128.260531
P384_HQC_192,P384_Classic_McEliece_460896,132.551425
P384_HQC_192,P384_Classic_McEliece_460896,131.895121
P384_HQC_192,P384_Classic_McEliece_460896,129.086199
P384_HQC_192,P384_Classic_McEliece_460896,129.580385
P384_HQC_192,P384_Classic_McEliece_460896,124.461659
P384_HQC_192,P384_Classic_McEliece_460896,124.820478
P384_HQC_192,P384_Classic_McEliece_460896,126.340258
P384_HQC_192,P384_Classic_McEliece_460896,126.585157
P384_HQC_192,P384_Classic_McEliece_460896,124.791799
P384_HQC_192,P384_Classic_McEliece_460896,127.756537
P384_HQC_192,P384_Classic_McEliece_460896,133.230283
P384_HQC_192,P384_Classic_McEliece_460896,131.240619
P384_HQC_192,P384_Classic_McEliece_460896,125.910486
P384_HQC_192,P384_Classic_McEliece_460896,133.95719
P384_HQC_192,P384_Classic_McEliece_460896,125.315455
P384_HQC_192,P384_Classic_McEliece_460896,125.967108
P384_HQC_192,P384_Classic_McEliece_460896,126.236504
P384_HQC_192,P384_Classic_McEliece_460896,130.529111
P384_HQC_192,P384_Classic_McEliece_460896,133.141157
P384_HQC_192,P384_Classic_McEliece_460896,130.773944
P384_HQC_192,P384_Classic_McEliece_460896,124.766384
P384_HQC_192,P384_Classic_McEliece_460896,130.11283
P384_HQC_192,P384_Classic_McEliece_460896,129.791165
P384_HQC_192,P384_Classic_McEliece_460896,125.006471
P384_HQC_192,P384_Classic_McEliece_460896,129.75404
P384_HQC_192,P384_Classic_McEliece_460896,127.273807
P384_HQC_192,P384_Classic_McEliece_460896,132.540699
P384_HQC_192,P384_Classic_McEliece_460896,126.815094
P384_HQC_192,P384_Classic_McEliece_460896,126.93012
P384_HQC_192,P384_Classic_McEliece_460896,122.574444
P384_HQC_192,P384_Classic_McEliece_460896,126.776514
P384_HQC_192,P384_Classic_McEliece_460896,125.412011
P384_HQC_192,P384_Classic_McEliece_460896,127.865083
P384_HQC_192,P384_Classic_McEliece_460896,123.326721
P384_HQC_192,P384_Classic_McEliece_460896,128.065927
P384_HQC_192,P384_Classic_McEliece_460896,135.393206
P384_HQC_192,P384_Classic_McEliece_460896,128.181619
P384_HQC_192,P384_Classic_McEliece_460896,122.583209
P384_HQC_192,P384_Classic_McEliece_460896,126.402692
P384_HQC_192,P384_Classic_McEliece_460896,123.879807
P384_HQC_192,P384_Classic_McEliece_460896,123.570611
P384_HQC_192,P384_Classic_McEliece_460896,128.950672
P384_HQC_192,P384_Classic_McEliece_460896,125.054541
P384_HQC_192,P384_Classic_McEliece_460896,128.468461
P384_HQC_192,P384_Classic_McEliece_460896,124.177448
P384_HQC_192,P384_Classic_McEliece_460896,125.788451
P384_HQC_192,P384_Classic_McEliece_460896,122.900464
P384_HQC_192,P384_Classic_McEliece_460896,123.837309
P384_HQC_192,P384_Classic_McEliece_460896,125.768131
P384_HQC_192,P384_Classic_McEliece_460896,125.521204
P384_HQC_192,P384_Classic_McEliece_460896,129.314514
P384_HQC_192,P384_Classic_McEliece_460896,125.651354
P384_HQC_192,P384_Classic_McEliece_460896,125.898962
P384_HQC_192,P384_Classic_McEliece_460896,127.99105
P384_HQC_192,P384_Classic_McEliece_460896,131.501665
P384_HQC_192,P384_Classic_McEliece_460896,127.458812
P384_HQC_192,P384_Classic_McEliece_460896,123.909673
P384_HQC_192,P384_Classic_McEliece_460896,124.858987
P384_HQC_192,P384_Classic_McEliece_460896,127.745379
P384_HQC_192,P384_Classic_McEliece_460896,123.809446
P384_HQC_192,P384_Classic_McEliece_460896,128.26747
P384_HQC_192,P384_Classic_McEliece_460896,127.465578
P384_HQC_192,P384_Classic_McEliece_460896,122.856505
P384_HQC_192,P384_Classic_McEliece_460896,129.432655
P384_HQC_192,P384_Classic_McEliece_460896,121.691008
P384_HQC_192,P384_Classic_McEliece_460896,126.729887
P384_HQC_192,P384_Classic_McEliece_460896,127.188352
P384_HQC_192,P384_Classic_McEliece_460896,127.055566
P384_HQC_192,P384_Classic_McEliece_460896,124.836778
P384_HQC_192,P384_Classic_McEliece_460896,129.279246
P384_HQC_192,P384_Classic_McEliece_460896,134.11777
P384_HQC_192,P384_Classic_McEliece_460896,127.732538
P384_HQC_192,P384_Classic_McEliece_460896,124.945991
P384_HQC_192,P384_Classic_McEliece_460896,131.574726
P384_HQC_192,P384_Classic_McEliece_460896,131.888198
P384_HQC_192,P384_Classic_McEliece_460896,126.254327
P384_HQC_192,P384_Classic_McEliece_460896,123.872042
P384_HQC_192,P384_Classic_McEliece_460896,129.485292
P384_HQC_192,P384_Classic_McEliece_460896,135.744397
P384_HQC_192,P384_Classic_McEliece_460896,125.540176
P384_HQC_192,P384_Classic_McEliece_460896,127.652941
P384_HQC_192,P384_Classic_McEliece_460896,127.98887
P384_HQC_192,P384_Classic_McEliece_460896,126.096683
P384_HQC_192,P384_Classic_McEliece_460896,125.832972
P384_HQC_192,P384_Classic_McEliece_460896,124.909068
P384_HQC_192,P384_Classic_McEliece_460896,128.39696
P384_HQC_192,P384_Classic_McEliece_460896,126.009781
P384_HQC_192,P384_Classic_McEliece_460896,125.645658
P384_HQC_192,P384_Classic_McEliece_460896,132.319707
P384_HQC_192,P384_Classic_McEliece_460896,125.579783
P384_HQC_192,P384_Classic_McEliece_460896,122.149835
P384_HQC_192,P384_Classic_McEliece_460896,131.631615
P384_HQC_192,P384_Classic_McEliece_460896,125.6158
P384_HQC_192,P384_Classic_McEliece_460896,125.806688
P384_HQC_192,P384_Classic_McEliece_460896,126.758915
P384_HQC_192,P384_Classic_McEliece_460896,123.96128
P384_HQC_192,P384_Classic_McEliece_460896,129.089283
P384_HQC_192,P384_Classic_McEliece_460896,133.798057
P384_HQC_192,P384_Classic_McEliece_460896,127.419121
P384_HQC_192,P384_Classic_McEliece_460896,124.77697
P384_HQC_192,P384_Classic_McEliece_460896,124.789451
P384_HQC_192,P384_Classic_McEliece_460896,122.711958
P384_HQC_192,P384_Classic_McEliece_460896,128.232865
P384_BIKE_L3,P384_BIKE_L3,86.831648
P384_BIKE_L3,P384_BIKE_L3,86.30489
P384_BIKE_L3,P384_BIKE_L3,88.275246
P384_BIKE_L3,P384_BIKE_L3,82.210106
P384_BIKE_L3,P384_BIKE_L3,91.111509
P384_BIKE_L3,P384_BIKE_L3,89.181512
P384_BIKE_L3,P384_BIKE_L3,88.406142
P384_BIKE_L3,P384_BIKE_L3,89.878649
P384_BIKE_L3,P384_BIKE_L3,90.734468
P384_BIKE_L3,P384_BIKE_L3,85.230071
P384_BIKE_L3,P384_BIKE_L3,89.29737
P384_BIKE_L3,P384_BIKE_L3,82.968683
P384_BIKE_L3,P384_BIKE_L3,88.943965
P384_BIKE_L3,P384_BIKE_L3,89.088341
P384_BIKE_L3,P384_BIKE_L3,86.056701
P384_BIKE_L3,P384_BIKE_L3,91.217362
P384_BIKE_L3,P384_BIKE_L3,92.273382
P384_BIKE_L3,P384_BIKE_L3,83.762393
P384_BIKE_L3,P384_BIKE_L3,86.509356
P384_BIKE_L3,P384_BIKE_L3,87.143668
P384_BIKE_L3,P384_BIKE_L3,85.60538
P384_BIKE_L3,P384_BIKE_L3,88.92282
P384_BIKE_L3,P384_BIKE_L3,87.528532
P384_BIKE_L3,P384_BIKE_L3,91.773655
P384_BIKE_L3,P384_BIKE_L3,86.206556
P384_BIKE_L3,P384_BIKE_L3,85.827719
P384_BIKE_L3,P384_BIKE_L3,87.6896
P384_BIKE_L3,P384_BIKE_L3,85.283275
P384_BIKE_L3,P384_BIKE_L3,86.916778
P384_BIKE_L3,P384_BIKE_L3,87.671009
P384_BIKE_L3,P384_BIKE_L3,85.633171
P384_BIKE_L3,P384_BIKE_L3,90.489129
P384_BIKE_L3,P384_BIKE_L3,85.038094
P384_BIKE_L3,P384_BIKE_L3,90.768381
P384_BIKE_L3,P384_BIKE_L3,83.433737
P384_BIKE_L3,P384_BIKE_L3,90.650233
P384_BIKE_L3,P384_BIKE_L3,83.418878
P384_BIKE_L3,P384_BIKE_L3,88.384187
P384_BIKE_L3,P384_BIKE_L3,83.672454
P384_BIKE_L3,P384_BIKE_L3,89.998979
P384_BIKE_L3,P384_BIKE_L3,85.56418
P384_BIKE_L3,P384_BIKE_L3,88.221447
P384_BIKE_L3,P384_BIKE_L3,87.519253
P384_BIKE_L3,P384_BIKE_L3,83.945123
P384_BIKE_L3,P384_BIKE_L3,86.496536
P384_BIKE_L3,P384_BIKE_L3,92.022022
P384_BIKE_L3,P384_BIKE_L3,85.93949
P384_BIKE_L3,P384_BIKE_L3,88.481857
P384_BIKE_L3,P384_BIKE_L3,90.187633
P384_BIKE_L3,P384_BIKE_L3,81.700639
P384_BIKE_L3,P384_BIKE_L3,89.240789
P384_BIKE_L3,P384_BIKE_L3,88.940276
P384_BIKE_L3,P384_BIKE_L3,86.693571
P384_BIKE_L3,P384_BIKE_L3,88.925377
P384_BIKE_L3,P384_BIKE_L3,83.137111
P384_BIKE_L3,P384_BIKE_L3,89.829094
P384_BIKE_L3,P384_BIKE_L3,91.13888
P384_BIKE_L3,P384_BIKE_L3,87.660038
P384_BIKE_L3,P384_BIKE_L3,85.854226
P384_BIKE_L3,P384_BIKE_L3,91.066226
P384_BIKE_L3,P384_BIKE_L3,90.091905
P384_BIKE_L3,P384_BIKE_L3,88.809091
P384_BIKE_L3,P384_BIKE_L3,83.27213
P384_BIKE_L3,P384_BIKE_L3,91.111594
P384_BIKE_L3,P384_BIKE_L3,92.571623
P384_BIKE_L3,P384_BIKE_L3,85.544787
P384_BIKE_L3,P384_BIKE_L3,85.178763
P384_BIKE_L3,P384_BIKE_L3,87.618275
P384_BIKE_L3,P384_BIKE_L3,89.185089
P384_BIKE_L3,P384_BIKE_L3,91.195422
P384_BIKE_L3,P384_BIKE_L3,91.686496
P384_BIKE_L3,P384_BIKE_L3,89.133317
P384_BIKE_L3,P384_BIKE_L3,82.889843
P384_BIKE_L3,P384_BIKE_L3,85.085252
P384_BIKE_L3,P384_BIKE_L3,93.950682
P384_BIKE_L3,P384_BIKE_L3,88.660219
P384_BIKE_L3,P384_BIKE_L3,85.244382
P384_BIKE_L3,P384_BIKE_L3,85.834647
P384_BIKE_L3,P384_BIKE_L3,83.847253
P384_BIKE_L3,P384_BIKE_L3,96.350623
P384_BIKE_L3,P384_BIKE_L3,85.993881
P384_BIKE_L3,P384_BIKE_L3,88.898122
P384_BIKE_L3,P384_BIKE_L3,91.610069
P384_BIKE_L3,P384_BIKE_L3,84.932385
P384_BIKE_L3,P384_BIKE_L3,84.054226
P384_BIKE_L3,P384_BIKE_L3,87.199517
P384_BIKE_L3,P384_BIKE_L3,87.503464
P384_BIKE_L3,P384_BIKE_L3,88.365258
P384_BIKE_L3,P384_BIKE_L3,89.938784
P384_BIKE_L3,P384_BIKE_L3,88.404643
P384_BIKE_L3,P384_BIKE_L3,90.685075
P384_BIKE_L3,P384_BIKE_L3,94.679422
P384_BIKE_L3,P384_BIKE_L3,90.583514
P384_BIKE_L3,P384_BIKE_L3,83.036751
P384_BIKE_L3,P384_BIKE_L3,86.177492
P384_BIKE_L3,P384_BIKE_L3,87.768801
P384_BIKE_L3,P384_BIKE_L3,88.90204
P384_BIKE_L3,P384_BIKE_L3,82.816213
P384_BIKE_L3,P384_BIKE_L3,87.84376
P384_BIKE_L3,P384_BIKE_L3,89.152405
P384_BIKE_L3,P384_BIKE_L3,89.475668
P384_BIKE_L3,P384_BIKE_L3,87.653584
P384_BIKE_L3,P384_BIKE_L3,87.913005
P384_BIKE_L3,P384_BIKE_L3,92.556269
P384_BIKE_L3,P384_BIKE_L3,87.330378
P384_BIKE_L3,P384_BIKE_L3,86.540257
P384_BIKE_L3,P384_BIKE_L3,84.466237
P384_BIKE_L3,P384_BIKE_L3,82.750879
P384_BIKE_L3,P384_BIKE_L3,89.479317
P384_BIKE_L3,P384_BIKE_L3,93.780652
P384_BIKE_L3,P384_BIKE_L3,88.92047
P384_BIKE_L3,P384_BIKE_L3,89.562099
P384_BIKE_L3,P384_BIKE_L3,87.650435
P384_BIKE_L3,P384_BIKE_L3,83.617615
P384_BIKE_L3,P384_BIKE_L3,94.961721
P384_BIKE_L3,P384_BIKE_L3,90.858769
P384_BIKE_L3,P384_BIKE_L3,85.209139
P384_BIKE_L3,P384_BIKE_L3,91.059149
P384_BIKE_L3,P384_BIKE_L3,88.224688
P384_BIKE_L3,P384_BIKE_L3,84.55257
P384_BIKE_L3,P384_BIKE_L3,92.097982
P384_BIKE_L3,P384_BIKE_L3,94.194511
P384_BIKE_L3,P384_BIKE_L3,85.912998
P384_BIKE_L3,P384_BIKE_L3,89.166076
P384_BIKE_L3,P384_BIKE_L3,92.352325
P384_BIKE_L3,P384_BIKE_L3,89.845742
P384_BIKE_L3,P384_BIKE_L3,83.239428
P384_BIKE_L3,P384_BIKE_L3,90.410984
P384_BIKE_L3,P384_BIKE_L3,83.420202
P384_BIKE_L3,P384_BIKE_L3,83.469481
P384_BIKE_L3,P384_BIKE_L3,89.185622
P384_BIKE_L3,P384_BIKE_L3,86.033377
P384_BIKE_L3,P384_BIKE_L3,84.722285
P384_BIKE_L3,P384_BIKE_L3,81.504559
P384_BIKE_L3,P384_BIKE_L3,84.367888
P384_BIKE_L3,P384_BIKE_L3,87.315599
P384_BIKE_L3,P384_BIKE_L3,84.929024
P384_BIKE_L3,P384_BIKE_L3,88.048702
P384_BIKE_L3,P384_BIKE_L3,88.568164
P384_BIKE_L3,P384_BIKE_L3,84.939968
P384_BIKE_L3,P384_BIKE_L3,94.369564
P384_BIKE_L3,P384_BIKE_L3,87.178148
P384_BIKE_L3,P384_BIKE_L3,90.814453
P384_BIKE_L3,P384_BIKE_L3,84.944735
P384_BIKE_L3,P384_BIKE_L3,85.210212
P384_BIKE_L3,P384_BIKE_L3,85.451862
P384_BIKE_L3,P384_BIKE_L3,84.083633
P384_BIKE_L3,P384_BIKE_L3,92.230935
P384_BIKE_L3,P384_BIKE_L3,88.011919
P384_BIKE_L3,P384_BIKE_L3,87.761265
P384_BIKE_L3,P384_BIKE_L3,86.453126
P384_BIKE_L3,P384_BIKE_L3,86.18385
P384_BIKE_L3,P384_BIKE_L3,83.336455
P384_BIKE_L3,P384_BIKE_L3,85.48155
P384_BIKE_L3,P384_BIKE_L3,91.530095
P384_BIKE_L3,P384_BIKE_L3,87.019591
P384_BIKE_L3,P384_BIKE_L3,93.020243
P384_BIKE_L3,P384_BIKE_L3,90.076609
P384_BIKE_L3,P384_BIKE_L3,83.88254
P384_BIKE_L3,P384_BIKE_L3,88.492975
P384_BIKE_L3,P384_BIKE_L3,89.539267
P384_BIKE_L3,P384_BIKE_L3,87.999955
P384_BIKE_L3,P384_BIKE_L3,87.418732
P384_BIKE_L3,P384_BIKE_L3,90.826293
P384_BIKE_L3,P384_BIKE_L3,86.764703
P384_BIKE_L3,P384_BIKE_L3,95.303326
P384_BIKE_L3,P384_BIKE_L3,85.132375
P384_BIKE_L3,P384_BIKE_L3,87.894197
P384_BIKE_L3,P384_BIKE_L3,85.08899
P384_BIKE_L3,P384_BIKE_L3,91.706245
P384_BIKE_L3,P384_BIKE_L3,84.729638
P384_BIKE_L3,P384_BIKE_L3,88.286018
P384_BIKE_L3,P384_BIKE_L3,86.902559
P384_BIKE_L3,P384_BIKE_L3,89.811268
P384_BIKE_L3,P384_BIKE_L3,83.933071
P384_BIKE_L3,P384_BIKE_L3,85.515995
P384_BIKE_L3,P384_BIKE_L3,89.042887
P384_BIKE_L3,P384_BIKE_L3,89.726903
P384_BIKE_L3,P384_BIKE_L3,91.845216
P384_BIKE_L3,P384_BIKE_L3,84.004465
P384_BIKE_L3,P384_BIKE_L3,92.350961
P384_BIKE_L3,P384_BIKE_L3,92.838095
P384_BIKE_L3,P384_BIKE_L3,85.395249
P384_BIKE_L3,P384_BIKE_L3,86.961824
P384_BIKE_L3,P384_BIKE_L3,87.729462
P384_BIKE_L3,P384_BIKE_L3,83.848013
P384_BIKE_L3,P384_BIKE_L3,86.72163
P384_BIKE_L3,P384_BIKE_L3,86.646643
P384_BIKE_L3,P384_BIKE_L3,89.548585
P384_BIKE_L3,P384_BIKE_L3,93.259666
P384_BIKE_L3,P384_BIKE_L3,81.643406
P384_BIKE_L3,P384_BIKE_L3,85.611892
P384_BIKE_L3,P384_BIKE_L3,82.329444
P384_BIKE_L3,P384_BIKE_L3,87.538243
P384_BIKE_L3,P384_BIKE_L3,84.308375
P384_BIKE_L3,P384_BIKE_L3,91.655075
P384_BIKE_L3,P384_BIKE_L3,89.090475
P384_BIKE_L3,P384_BIKE_L3,87.566705
P384_BIKE_L3,P384_BIKE_L3,87.303399
P384_BIKE_L3,P384_BIKE_L3,88.588624
P384_BIKE_L3,P384_BIKE_L3,91.246445
P384_BIKE_L3,P384_BIKE_L3,86.676018
P384_BIKE_L3,P384_BIKE_L3,86.024941
P384_BIKE_L3,P384_BIKE_L3,87.360402
P384_BIKE_L3,P384_BIKE_L3,86.934742
P384_BIKE_L3,P384_BIKE_L3,89.863921
P384_BIKE_L3,P384_BIKE_L3,84.24712
P384_BIKE_L3,P384_BIKE_L3,86.207223
P384_BIKE_L3,P384_BIKE_L3,88.803694
P384_BIKE_L3,P384_BIKE_L3,83.879095
P384_BIKE_L3,P384_BIKE_L3,88.098357
P384_BIKE_L3,P384_BIKE_L3,88.811251
P384_BIKE_L3,P384_BIKE_L3,85.708506
P384_BIKE_L3,P384_BIKE_L3,87.640557
P384_BIKE_L3,P384_BIKE_L3,90.437311
P384_BIKE_L3,P384_BIKE_L3,88.763065
P384_BIKE_L3,P384_BIKE_L3,87.723394
P384_BIKE_L3,P384_BIKE_L3,87.701979
P384_BIKE_L3,P384_BIKE_L3,89.600276
P384_BIKE_L3,P384_BIKE_L3,86.433041
P384_BIKE_L3,P384_BIKE_L3,87.775625
P384_BIKE_L3,P384_BIKE_L3,88.262372
P384_BIKE_L3,P384_BIKE_L3,86.82586
P384_BIKE_L3,P384_BIKE_L3,84.551086
P384_BIKE_L3,P384_BIKE_L3,84.564734
P384_BIKE_L3,P384_BIKE_L3,89.725748
P384_BIKE_L3,P384_BIKE_L3,91.785753
P384_BIKE_L3,P384_BIKE_L3,89.10018
P384_BIKE_L3,P384_BIKE_L3,89.574285
P384_BIKE_L3,P384_BIKE_L3,91.939431
P384_BIKE_L3,P384_BIKE_L3,86.03179
P384_BIKE_L3,P384_BIKE_L3,91.289062
P384_BIKE_L3,P384_BIKE_L3,91.110178
P384_BIKE_L3,P384_BIKE_L3,83.370538
P384_BIKE_L3,P384_BIKE_L3,87.386725
P384_BIKE_L3,P384_BIKE_L3,92.60708
P384_BIKE_L3,P384_BIKE_L3,85.496044
P384_BIKE_L3,P384_BIKE_L3,90.365341
P384_BIKE_L3,P384_BIKE_L3,89.865862
P384_BIKE_L3,P384_BIKE_L3,84.479848
P384_BIKE_L3,P384_BIKE_L3,86.608127
P384_BIKE_L3,P384_BIKE_L3,87.813567
P384_BIKE_L3,P384_BIKE_L3,89.58185
P384_BIKE_L3,P384_BIKE_L3,89.94978
P384_BIKE_L3,P384_BIKE_L3,89.123284
P384_BIKE_L3,P384_BIKE_L3,90.944472
P384_BIKE_L3,P384_BIKE_L3,89.125725
P384_BIKE_L3,P384_BIKE_L3,87.128312
P384_BIKE_L3,P384_BIKE_L3,87.993428
P384_BIKE_L3,P384_BIKE_L3,86.725783
P384_BIKE_L3,P384_BIKE_L3,90.309285
P384_BIKE_L3,P384_BIKE_L3,88.889665
P384_BIKE_L3,P384_BIKE_L3,87.792501
P384_BIKE_L3,P384_BIKE_L3,88.845368
P384_BIKE_L3,P384_BIKE_L3,84.538449
P384_BIKE_L3,P384_BIKE_L3,87.866209
P384_BIKE_L3,P384_BIKE_L3,91.030161
P384_BIKE_L3,P384_BIKE_L3,89.153215
P384_BIKE_L3,P384_BIKE_L3,89.874373
P384_BIKE_L3,P384_BIKE_L3,84.466837
P384_BIKE_L3,P384_BIKE_L3,84.491873
P384_BIKE_L3,P384_BIKE_L3,90.33213
P384_BIKE_L3,P384_BIKE_L3,86.383672
P384_BIKE_L3,P384_BIKE_L3,85.695586
P384_BIKE_L3,P384_BIKE_L3,88.2222
P384_BIKE_L3,P384_BIKE_L3,85.744173
P384_BIKE_L3,P384_BIKE_L3,85.325336
P384_BIKE_L3,P384_BIKE_L3,93.438582
P384_BIKE_L3,P384_BIKE_L3,90.613917
P384_BIKE_L3,P384_BIKE_L3,86.221263
P384_BIKE_L3,P384_BIKE_L3,89.393042
P384_BIKE_L3,P384_BIKE_L3,91.975703
P384_BIKE_L3,P384_BIKE_L3,92.477872
P384_BIKE_L3,P384_BIKE_L3,89.991448
P384_BIKE_L3,P384_BIKE_L3,88.883601
P384_BIKE_L3,P384_BIKE_L3,90.257151
P384_BIKE_L3,P384_BIKE_L3,84.533088
P384_BIKE_L3,P384_BIKE_L3,87.932277
P384_BIKE_L3,P384_BIKE_L3,87.450788
P384_BIKE_L3,P384_BIKE_L3,86.040896
P384_BIKE_L3,P384_BIKE_L3,92.742292
P384_BIKE_L3,P384_BIKE_L3,85.304151
P384_BIKE_L3,P384_BIKE_L3,90.161323
P384_BIKE_L3,P384_BIKE_L3,86.17896
P384_BIKE_L3,P384_BIKE_L3,89.950931
P384_BIKE_L3,P384_BIKE_L3,85.501295
P384_BIKE_L3,P384_BIKE_L3,88.991968
P384_BIKE_L3,P384_BIKE_L3,87.995827
P384_BIKE_L3,P384_BIKE_L3,85.899143
P384_BIKE_L3,P384_BIKE_L3,90.035486
P384_BIKE_L3,P384_BIKE_L3,88.515782
P384_BIKE_L3,P384_BIKE_L3,87.840335
P384_BIKE_L3,P384_BIKE_L3,84.431597
P384_BIKE_L3,P384_BIKE_L3,90.017763
P384_BIKE_L3,P384_BIKE_L3,90.06785
P384_BIKE_L3,P384_BIKE_L3,86.14006
P384_BIKE_L3,P384_BIKE_L3,90.159179
P384_BIKE_L3,P384_BIKE_L3,83.5988
P384_BIKE_L3,P384_BIKE_L3,90.56896
P384_BIKE_L3,P384_BIKE_L3,83.612648
P384_BIKE_L3,P384_BIKE_L3,87.153057
P384_BIKE_L3,P384_BIKE_L3,81.734874
P384_BIKE_L3,P384_BIKE_L3,89.165984
P384_BIKE_L3,P384_BIKE_L3,86.111836
P384_BIKE_L3,P384_BIKE_L3,88.936402
P384_BIKE_L3,P384_BIKE_L3,84.92635
P384_BIKE_L3,P384_BIKE_L3,91.942055
P384_BIKE_L3,P384_BIKE_L3,89.850714
P384_BIKE_L3,P384_BIKE_L3,84.681431
P384_BIKE_L3,P384_BIKE_L3,83.874521
P384_BIKE_L3,P384_BIKE_L3,82.702076
P384_BIKE_L3,P384_BIKE_L3,87.417135
P384_BIKE_L3,P384_BIKE_L3,93.629646
P384_BIKE_L3,P384_BIKE_L3,90.943381
P384_BIKE_L3,P384_BIKE_L3,85.106899
P384_BIKE_L3,P384_BIKE_L3,91.609342
P384_BIKE_L3,P384_BIKE_L3,91.093442
P384_BIKE_L3,P384_BIKE_L3,84.092615
P384_BIKE_L3,P384_BIKE_L3,88.063096
P384_BIKE_L3,P384_BIKE_L3,91.59658
P384_BIKE_L3,P384_BIKE_L3,88.013581
P384_BIKE_L3,P384_BIKE_L3,90.71666
P384_BIKE_L3,P384_BIKE_L3,86.344133
P384_BIKE_L3,P384_BIKE_L3,86.282441
P384_BIKE_L3,P384_BIKE_L3,87.893315
P384_BIKE_L3,P384_BIKE_L3,84.692641
P384_BIKE_L3,P384_BIKE_L3,86.668163
P384_BIKE_L3,P384_BIKE_L3,87.67708
P384_BIKE_L3,P384_BIKE_L3,83.453886
P384_BIKE_L3,P384_BIKE_L3,86.273633
P384_BIKE_L3,P384_BIKE_L3,88.88158
P384_BIKE_L3,P384_BIKE_L3,87.179707
P384_BIKE_L3,P384_BIKE_L3,91.140116
P384_BIKE_L3,P384_BIKE_L3,80.718594
P384_BIKE_L3,P384_BIKE_L3,92.506242
P384_BIKE_L3,P384_BIKE_L3,87.618974
P384_BIKE_L3,P384_BIKE_L3,87.666252
P384_BIKE_L3,P384_BIKE_L3,82.947902
P384_BIKE_L3,P384_BIKE_L3,92.209913
P384_BIKE_L3,P384_BIKE_L3,83.620232
P384_BIKE_L3,P384_BIKE_L3,94.409615
P384_BIKE_L3,P384_BIKE_L3,90.699173
P384_BIKE_L3,P384_BIKE_L3,88.150622
P384_BIKE_L3,P384_BIKE_L3,87.418089
P384_BIKE_L3,P384_BIKE_L3,87.443833
P384_BIKE_L3,P384_BIKE_L3,87.500093
P384_BIKE_L3,P384_BIKE_L3,93.37494
P384_BIKE_L3,P384_BIKE_L3,87.010038
P384_BIKE_L3,P384_BIKE_L3,92.459047
P384_BIKE_L3,P384_BIKE_L3,84.56032
P384_BIKE_L3,P384_BIKE_L3,84.516036
P384_BIKE_L3,P384_BIKE_L3,88.953015
P384_BIKE_L3,P384_BIKE_L3,89.875302
P384_BIKE_L3,P384_BIKE_L3,93.454718
P384_BIKE_L3,P384_BIKE_L3,87.867825
P384_BIKE_L3,P384_BIKE_L3,86.737021
P384_BIKE_L3,P384_BIKE_L3,89.229706
P384_BIKE_L3,P384_BIKE_L3,83.042456
P384_BIKE_L3,P384_BIKE_L3,87.050921
P384_BIKE_L3,P384_BIKE_L3,85.045571
P384_BIKE_L3,P384_BIKE_L3,85.220361
P384_BIKE_L3,P384_BIKE_L3,87.817872
P384_BIKE_L3,P384_BIKE_L3,84.255796
P384_BIKE_L3,P384_BIKE_L3,82.962021
P384_BIKE_L3,P384_BIKE_L3,85.513637
P384_BIKE_L3,P384_BIKE_L3,91.185289
P384_BIKE_L3,P384_BIKE_L3,83.721591
P384_BIKE_L3,P384_BIKE_L3,87.207896
P384_BIKE_L3,P384_BIKE_L3,86.451861
P384_BIKE_L3,P384_BIKE_L3,84.704697
P384_BIKE_L3,P384_BIKE_L3,90.30843
P384_BIKE_L3,P384_BIKE_L3,83.556457
P384_BIKE_L3,P384_BIKE_L3,86.511311
P384_BIKE_L3,P384_BIKE_L3,88.155422
P384_BIKE_L3,P384_BIKE_L3,86.548625
P384_BIKE_L3,P384_BIKE_L3,89.355754
P384_BIKE_L3,P384_BIKE_L3,85.678755
P384_BIKE_L3,P384_BIKE_L3,88.270903
P384_BIKE_L3,P384_BIKE_L3,83.906074
P384_BIKE_L3,P384_BIKE_L3,87.041923
P384_BIKE_L3,P384_BIKE_L3,86.001806
P384_BIKE_L3,P384_BIKE_L3,89.785219
P384_BIKE_L3,P384_BIKE_L3,84.582029
P384_BIKE_L3,P384_BIKE_L3,92.223149
P384_BIKE_L3,P384_BIKE_L3,89.982216
P384_BIKE_L3,P384_BIKE_L3,92.57426
P384_BIKE_L3,P384_BIKE_L3,87.766401
P384_BIKE_L3,P384_BIKE_L3,85.025939
P384_BIKE_L3,P384_BIKE_L3,85.538484
P384_BIKE_L3,P384_BIKE_L3,88.787106
P384_BIKE_L3,P384_BIKE_L3,82.636065
P384_BIKE_L3,P384_BIKE_L3,85.330606
P384_BIKE_L3,P384_BIKE_L3,83.802129
P384_BIKE_L3,P384_BIKE_L3,92.788926
P384_BIKE_L3,P384_BIKE_L3,87.932606
P384_BIKE_L3,P384_BIKE_L3,90.948181
P384_BIKE_L3,P384_BIKE_L3,86.666651
P384_BIKE_L3,P384_BIKE_L3,85.007344
P384_BIKE_L3,P384_BIKE_L3,86.00918
P384_BIKE_L3,P384_BIKE_L3,86.416781
P384_BIKE_L3,P384_BIKE_L3,87.102776
P384_BIKE_L3,P384_BIKE_L3,92.43969
P384_BIKE_L3,P384_BIKE_L3,87.328093
P384_BIKE_L3,P384_BIKE_L3,89.670775
P384_BIKE_L3,P384_BIKE_L3,89.879882
P384_BIKE_L3,P384_BIKE_L3,87.896215
P384_BIKE_L3,P384_BIKE_L3,84.465754
P384_BIKE_L3,P384_BIKE_L3,87.211108
P384_BIKE_L3,P384_BIKE_L3,89.771456
P384_BIKE_L3,P384_BIKE_L3,88.484844
P384_BIKE_L3,P384_BIKE_L3,87.319804
P384_BIKE_L3,P384_BIKE_L3,88.920029
P384_BIKE_L3,P384_BIKE_L3,87.880202
P384_BIKE_L3,P384_BIKE_L3,86.314054
P384_BIKE_L3,P384_BIKE_L3,90.674266
P384_BIKE_L3,P384_BIKE_L3,84.840706
P384_BIKE_L3,P384_BIKE_L3,90.058963
P384_BIKE_L3,P384_BIKE_L3,84.34524
P384_BIKE_L3,P384_BIKE_L3,88.67637
P384_BIKE_L3,P384_BIKE_L3,86.159975
P384_BIKE_L3,P384_BIKE_L3,91.992096
P384_BIKE_L3,P384_BIKE_L3,85.736111
P384_BIKE_L3,P384_BIKE_L3,84.53567
P384_BIKE_L3,P384_BIKE_L3,92.430453
P384_BIKE_L3,P384_BIKE_L3,88.422783
P384_BIKE_L3,P384_BIKE_L3,84.975015
P384_BIKE_L3,P384_BIKE_L3,83.860868
P384_BIKE_L3,P384_BIKE_L3,86.577488
P384_BIKE_L3,P384_BIKE_L3,89.130889
P384_BIKE_L3,P384_BIKE_L3,92.218286
P384_BIKE_L3,P384_BIKE_L3,82.74524
P384_BIKE_L3,P384_BIKE_L3,88.788831
P384_BIKE_L3,P384_BIKE_L3,90.181172
P384_BIKE_L3,P384_BIKE_L3,86.633209
P384_BIKE_L3,P384_BIKE_L3,94.546068
P384_BIKE_L3,P384_BIKE_L3,87.194111
P384_BIKE_L3,P384_BIKE_L3,83.450273
P384_BIKE_L3,P384_BIKE_L3,87.152169
P384_BIKE_L3,P384_BIKE_L3,91.209027
P384_BIKE_L3,P384_BIKE_L3,91.18465
P384_BIKE_L3,P384_BIKE_L3,84.753239
P384_BIKE_L3,P384_BIKE_L3,84.342163
P384_BIKE_L3,P384_BIKE_L3,89.717766
P384_BIKE_L3,P384_BIKE_L3,84.24146
P384_BIKE_L3,P384_BIKE_L3,82.590749
P384_BIKE_L3,P384_BIKE_L3,85.420162
P384_BIKE_L3,P384_BIKE_L3,88.350418
P384_BIKE_L3,P384_BIKE_L3,85.739998
P384_BIKE_L3,P384_BIKE_L3,87.727126
P384_BIKE_L3,P384_BIKE_L3,93.354777
P384_BIKE_L3,P384_BIKE_L3,84.465912
P384_BIKE_L3,P384_BIKE_L3,89.492376
P384_BIKE_L3,P384_BIKE_L3,87.809827
P384_BIKE_L3,P384_BIKE_L3,89.115902
P384_BIKE_L3,P384_BIKE_L3,85.54748
P384_BIKE_L3,P384_BIKE_L3,85.515444
P384_BIKE_L3,P384_BIKE_L3,85.027001
P384_BIKE_L3,P384_BIKE_L3,89.991155
P384_BIKE_L3,P384_BIKE_L3,93.232611
P384_BIKE_L3,P384_BIKE_L3,89.665716
P384_BIKE_L3,P384_BIKE_L3,91.814125
P384_BIKE_L3,P384_BIKE_L3,93.221939
P384_BIKE_L3,P384_BIKE_L3,82.763649
P384_BIKE_L3,P384_BIKE_L3,86.381231
P384_BIKE_L3,P384_BIKE_L3,85.255305
P384_BIKE_L3,P384_BIKE_L3,89.861566
P384_BIKE_L3,P384_BIKE_L3,85.62247
P384_BIKE_L3,P384_BIKE_L3,83.541688
P384_BIKE_L3,P384_BIKE_L3,85.069038
P384_BIKE_L3,P384_BIKE_L3,84.166229
P384_BIKE_L3,P384_BIKE_L3,89.466842
P384_BIKE_L3,P384_BIKE_L3,88.974388
P384_BIKE_L3,P384_BIKE_L3,84.26583
P384_BIKE_L3,P384_BIKE_L3,84.931177
P384_BIKE_L3,P384_BIKE_L3,91.41478
P384_BIKE_L3,P384_BIKE_L3,93.224357
P384_BIKE_L3,P384_BIKE_L3,85.565864
P384_BIKE_L3,P384_BIKE_L3,89.187923
P384_BIKE_L3,P384_BIKE_L3,85.094136
P384_BIKE_L3,P384_BIKE_L3,84.395042
P384_BIKE_L3,P384_BIKE_L3,87.190755
P384_BIKE_L3,P384_BIKE_L3,93.12219
P384_BIKE_L3,P384_BIKE_L3,87.322111
P384_BIKE_L3,P384_BIKE_L3,87.519672
P384_BIKE_L3,P384_BIKE_L3,91.250247
P384_BIKE_L3,P384_BIKE_L3,88.78398
P384_BIKE_L3,P384_BIKE_L3,89.690286
P384_BIKE_L3,P384_BIKE_L3,91.981482
P384_BIKE_L3,P384_BIKE_L3,89.508067
P384_BIKE_L3,P384_BIKE_L3,92.177631
P384_BIKE_L3,P384_BIKE_L3,91.107498
P384_BIKE_L3,P384_BIKE_L3,88.016256
P384_BIKE_L3,P384_BIKE_L3,84.255521
P384_BIKE_L3,P384_BIKE_L3,86.130713
P384_BIKE_L3,P384_BIKE_L3,95.985907
P384_BIKE_L3,P384_BIKE_L3,82.248952
P384_BIKE_L3,P384_BIKE_L3,87.534979
P384_BIKE_L3,P384_BIKE_L3,84.429602
P384_BIKE_L3,P384_BIKE_L3,86.622997
P384_BIKE_L3,P384_BIKE_L3,87.413751
P384_BIKE_L3,P384_BIKE_L3,90.218933
P384_BIKE_L3,P384_BIKE_L3,89.882094
P384_BIKE_L3,P384_BIKE_L3,82.361211
P384_BIKE_L3,P384_BIKE_L3,88.288346
P384_BIKE_L3,P384_BIKE_L3,93.382447
P384_BIKE_L3,P384_BIKE_L3,90.07962
P384_BIKE_L3,P384_BIKE_L3,87.778564
P384_BIKE_L3,P384_BIKE_L3,88.630781
P384_BIKE_L3,P384_BIKE_L3,89.345869
P384_BIKE_L3,P384_BIKE_L3,85.956707
P384_BIKE_L3,P384_BIKE_L3,86.505704
P384_BIKE_L3,P384_BIKE_L3,91.705393
P384_BIKE_L3,P384_BIKE_L3,82.435022
P384_BIKE_L3,P384_BIKE_L3,89.291756
P384_BIKE_L3,P384_BIKE_L3,83.460027
P384_BIKE_L3,P384_BIKE_L3,87.723926
P384_BIKE_L3,P384_BIKE_L3,92.330959
P384_BIKE_L3,P384_BIKE_L3,88.751481
P384_BIKE_L3,P384_BIKE_L3,91.32026
P384_BIKE_L3,P384_BIKE_L3,87.438326
P384_BIKE_L3,P384_BIKE_L3,90.583053
P384_BIKE_L3,P384_BIKE_L3,88.48282
P384_BIKE_L3,P384_BIKE_L3,88.830221
P384_BIKE_L3,P384_BIKE_L3,82.906208
P384_BIKE_L3,P384_BIKE_L3,90.315192
P384_BIKE_L3,P384_BIKE_L3,82.698165
P384_BIKE_L3,P384_BIKE_L3,90.90674
P384_BIKE_L3,P384_BIKE_L3,84.236327
P384_BIKE_L3,P384_BIKE_L3,89.119866
P384_BIKE_L3,P384_BIKE_L3,90.085736
P384_BIKE_L3,P384_BIKE_L3,91.879239
P384_BIKE_L3,P384_BIKE_L3,93.239149
P384_BIKE_L3,P384_BIKE_L3,84.864553
P384_BIKE_L3,P384_BIKE_L3,84.891987
P384_BIKE_L3,P384_BIKE_L3,90.125249
P384_BIKE_L3,P384_BIKE_L3,82.367851
P384_BIKE_L3,P384_BIKE_L3,89.591101
P384_BIKE_L3,P384_BIKE_L3,90.865437
P384_BIKE_L3,P384_BIKE_L3,89.740376
P384_BIKE_L3,P384_BIKE_L3,82.994076
P384_BIKE_L3,P384_BIKE_L3,82.831075
P384_BIKE_L3,P384_BIKE_L3,91.806394
P384_BIKE_L3,P384_BIKE_L3,89.453086
P384_BIKE_L3,P384_BIKE_L3,90.43205
P384_BIKE_L3,P384_BIKE_L3,93.793928
P384_BIKE_L3,P384_BIKE_L3,83.369957
P384_BIKE_L3,P384_BIKE_L3,88.907368
P384_BIKE_L3,P384_BIKE_L3,89.361773
P384_BIKE_L3,P384_BIKE_L3,88.303432
P384_BIKE_L3,P384_BIKE_L3,86.202538
P384_BIKE_L3,P384_BIKE_L3,83.666149
P384_BIKE_L3,P384_BIKE_L3,89.144242
P384_BIKE_L3,P384_BIKE_L3,87.838096
P384_BIKE_L3,P384_BIKE_L3,87.844291
P384_BIKE_L3,P384_BIKE_L3,89.543783
P384_BIKE_L3,P384_BIKE_L3,93.095166
P384_BIKE_L3,P384_BIKE_L3,86.484158
P384_BIKE_L3,P384_BIKE_L3,87.907743
P384_BIKE_L3,P384_BIKE_L3,88.069279
P384_BIKE_L3,P384_BIKE_L3,88.976026
P384_BIKE_L3,P384_BIKE_L3,81.582062
P384_BIKE_L3,P384_BIKE_L3,90.159535
P384_BIKE_L3,P384_BIKE_L3,90.425151
P384_BIKE_L3,P384_BIKE_L3,86.836841
P384_BIKE_L3,P384_BIKE_L3,83.47612
P384_BIKE_L3,P384_BIKE_L3,88.54688
P384_BIKE_L3,P384_BIKE_L3,89.238913
P384_BIKE_L3,P384_BIKE_L3,87.758158
P384_BIKE_L3,P384_BIKE_L3,90.711668
P384_BIKE_L3,P384_BIKE_L3,88.777067
P384_BIKE_L3,P384_BIKE_L3,90.416933
P384_BIKE_L3,P384_BIKE_L3,92.8734
P384_BIKE_L3,P384_BIKE_L3,88.119948
P384_BIKE_L3,P384_BIKE_L3,87.17476
P384_BIKE_L3,P384_BIKE_L3,94.077436
P384_BIKE_L3,P384_BIKE_L3,91.515682
P384_BIKE_L3,P384_BIKE_L3,89.90658
P384_BIKE_L3,P384_BIKE_L3,87.734532
P384_BIKE_L3,P384_BIKE_L3,90.660255
P384_BIKE_L3,P384_BIKE_L3,86.187653
P384_BIKE_L3,P384_BIKE_L3,83.494136
P384_BIKE_L3,P384_BIKE_L3,86.462538
P384_BIKE_L3,P384_BIKE_L3,85.25774
P384_BIKE_L3,P384_BIKE_L3,85.762951
P384_BIKE_L3,P384_BIKE_L3,87.651673
P384_BIKE_L3,P384_BIKE_L3,89.959358
P384_BIKE_L3,P384_BIKE_L3,82.639887
P384_BIKE_L3,P384_BIKE_L3,87.473061
P384_BIKE_L3,P384_BIKE_L3,82.671124
P384_BIKE_L3,P384_BIKE_L3,85.871856
P384_BIKE_L3,P384_BIKE_L3,86.54313
P384_BIKE_L3,P384_BIKE_L3,83.573202
P384_BIKE_L3,P384_BIKE_L3,82.664363
P384_BIKE_L3,P384_BIKE_L3,89.611345
P384_BIKE_L3,P384_BIKE_L3,91.417874
P384_BIKE_L3,P384_BIKE_L3,88.342231
P384_BIKE_L3,P384_BIKE_L3,86.196907
P384_BIKE_L3,P384_BIKE_L3,85.255499
P384_BIKE_L3,P384_BIKE_L3,85.625627
P384_BIKE_L3,P384_BIKE_L3,84.316596
P384_BIKE_L3,P384_BIKE_L3,85.406388
P384_BIKE_L3,P384_BIKE_L3,89.365815
P384_BIKE_L3,P384_BIKE_L3,81.834834
P384_BIKE_L3,P384_BIKE_L3,86.567067
P384_BIKE_L3,P384_BIKE_L3,90.969384
P384_BIKE_L3,P384_BIKE_L3,87.04017
P384_BIKE_L3,P384_BIKE_L3,89.267017
P384_BIKE_L3,P384_BIKE_L3,91.38157
P384_BIKE_L3,P384_BIKE_L3,88.930377
P384_BIKE_L3,P384_BIKE_L3,84.100198
P384_BIKE_L3,P384_BIKE_L3,90.483908
P384_BIKE_L3,P384_BIKE_L3,90.576188
P384_BIKE_L3,P384_BIKE_L3,90.77919
P384_BIKE_L3,P384_BIKE_L3,91.603872
P384_BIKE_L3,P384_BIKE_L3,88.333774
P384_BIKE_L3,P384_BIKE_L3,88.099245
P384_BIKE_L3,P384_BIKE_L3,92.288952
P384_BIKE_L3,P384_BIKE_L3,91.381568
P384_BIKE_L3,P384_BIKE_L3,88.64563
P384_BIKE_L3,P384_BIKE_L3,84.189806
P384_BIKE_L3,P384_BIKE_L3,89.635538
P384_BIKE_L3,P384_BIKE_L3,83.586638
P384_BIKE_L3,P384_BIKE_L3,85.215867
P384_BIKE_L3,P384_BIKE_L3,87.712551
P384_BIKE_L3,P384_BIKE_L3,86.625235
P384_BIKE_L3,P384_BIKE_L3,86.22101
P384_BIKE_L3,P384_BIKE_L3,89.907877
P384_BIKE_L3,P384_BIKE_L3,87.39679
P384_BIKE_L3,P384_BIKE_L3,89.360652
P384_BIKE_L3,P384_BIKE_L3,86.202061
P384_BIKE_L3,P384_BIKE_L3,93.940798
P384_BIKE_L3,P384_BIKE_L3,86.227315
P384_BIKE_L3,P384_BIKE_L3,84.368508
P384_BIKE_L3,P384_BIKE_L3,84.492829
P384_BIKE_L3,P384_BIKE_L3,89.700395
P384_BIKE_L3,P384_BIKE_L3,88.850165
P384_BIKE_L3,P384_BIKE_L3,90.064268
P384_BIKE_L3,P384_BIKE_L3,86.895441
P384_BIKE_L3,P384_BIKE_L3,89.607247
P384_BIKE_L3,P384_BIKE_L3,91.153907
P384_BIKE_L3,P384_BIKE_L3,88.292121
P384_BIKE_L3,P384_BIKE_L3,85.714172
P384_BIKE_L3,P384_BIKE_L3,88.594249
P384_BIKE_L3,P384_BIKE_L3,83.26702
P384_BIKE_L3,P384_BIKE_L3,87.674523
P384_BIKE_L3,P384_BIKE_L3,83.071825
P384_BIKE_L3,P384_BIKE_L3,88.314455
P384_BIKE_L3,P384_BIKE_L3,93.66661
P384_BIKE_L3,P384_BIKE_L3,83.273259
P384_BIKE_L3,P384_BIKE_L3,85.067125
P384_BIKE_L3,P384_BIKE_L3,92.008362
P384_BIKE_L3,P384_BIKE_L3,88.716856
P384_BIKE_L3,P384_BIKE_L3,89.174025
P384_BIKE_L3,P384_BIKE_L3,86.13248
P384_BIKE_L3,P384_BIKE_L3,86.776754
P384_BIKE_L3,P384_BIKE_L3,85.041165
P384_BIKE_L3,P384_BIKE_L3,90.989031
P384_BIKE_L3,P384_BIKE_L3,86.365727
P384_BIKE_L3,P384_BIKE_L3,81.648003
P384_BIKE_L3,P384_BIKE_L3,90.107169
P384_BIKE_L3,P384_BIKE_L3,85.876943
P384_BIKE_L3,P384_BIKE_L3,86.81426
P384_BIKE_L3,P384_BIKE_L3,86.816688
P384_BIKE_L3,P384_BIKE_L3,87.080731
P384_BIKE_L3,P384_BIKE_L3,88.333569
P384_BIKE_L3,P384_BIKE_L3,87.454048
P384_BIKE_L3,P384_BIKE_L3,85.146195
P384_BIKE_L3,P384_BIKE_L3,84.157358
P384_BIKE_L3,P384_BIKE_L3,90.173494
P384_BIKE_L3,P384_BIKE_L3,84.598241
P384_BIKE_L3,P384_BIKE_L3,84.413174
P384_BIKE_L3,P384_BIKE_L3,88.171547
P384_BIKE_L3,P384_BIKE_L3,87.500149
P384_BIKE_L3,P384_BIKE_L3,84.149314
P384_BIKE_L3,P384_BIKE_L3,93.559362
P384_BIKE_L3,P384_BIKE_L3,82.200693
P384_BIKE_L3,P384_BIKE_L3,84.567583
P384_BIKE_L3,P384_BIKE_L3,88.285093
P384_BIKE_L3,P384_BIKE_L3,91.292554
P384_BIKE_L3,P384_BIKE_L3,88.76458
P384_BIKE_L3,P384_BIKE_L3,91.113177
P384_BIKE_L3,P384_BIKE_L3,88.974948
P384_BIKE_L3,P384_BIKE_L3,93.350224
P384_BIKE_L3,P384_BIKE_L3,84.282068
P384_BIKE_L3,P384_BIKE_L3,89.429211
P384_BIKE_L3,P384_BIKE_L3,86.241778
P384_BIKE_L3,P384_BIKE_L3,88.857901
P384_BIKE_L3,P384_BIKE_L3,89.3332
P384_BIKE_L3,P384_BIKE_L3,90.649212
P384_BIKE_L3,P384_BIKE_L3,92.701436
P384_BIKE_L3,P384_BIKE_L3,94.284642
P384_BIKE_L3,P384_BIKE_L3,88.631263
P384_BIKE_L3,P384_BIKE_L3,87.833888
P384_BIKE_L3,P384_BIKE_L3,86.341409
P384_BIKE_L3,P384_BIKE_L3,88.596312
P384_BIKE_L3,P384_BIKE_L3,85.410473
P384_BIKE_L3,P384_BIKE_L3,91.879034
P384_BIKE_L3,P384_BIKE_L3,84.524852
P384_BIKE_L3,P384_BIKE_L3,81.414634
P384_BIKE_L3,P384_BIKE_L3,91.516788
P384_BIKE_L3,P384_BIKE_L3,90.869865
P384_BIKE_L3,P384_BIKE_L3,85.4732
P384_BIKE_L3,P384_BIKE_L3,86.663578
P384_BIKE_L3,P384_BIKE_L3,88.30018
P384_BIKE_L3,P384_BIKE_L3,90.029906
P384_BIKE_L3,P384_BIKE_L3,94.12566
P384_BIKE_L3,P384_BIKE_L3,85.634269
P384_BIKE_L3,P384_BIKE_L3,88.622191
P384_BIKE_L3,P384_BIKE_L3,86.999487
P384_BIKE_L3,P384_BIKE_L3,85.371806
P384_BIKE_L3,P384_BIKE_L3,82.153446
P384_BIKE_L3,P384_BIKE_L3,89.736054
P384_BIKE_L3,P384_BIKE_L3,86.6986
P384_BIKE_L3,P384_BIKE_L3,85.321633
P384_BIKE_L3,P384_BIKE_L3,91.513906
P384_BIKE_L3,P384_BIKE_L3,88.277721
P384_BIKE_L3,P384_BIKE_L3,87.035119
P384_BIKE_L3,P384_BIKE_L3,82.748843
P384_BIKE_L3,P384_BIKE_L3,90.080505
P384_BIKE_L3,P384_BIKE_L3,94.046694
P384_BIKE_L3,P384_BIKE_L3,83.752145
P384_BIKE_L3,P384_BIKE_L3,86.415286
P384_BIKE_L3,P384_BIKE_L3,84.978596
P384_BIKE_L3,P384_BIKE_L3,90.683056
P384_BIKE_L3,P384_BIKE_L3,92.753827
P384_BIKE_L3,P384_BIKE_L3,82.332353
P384_BIKE_L3,P384_BIKE_L3,86.393029
P384_BIKE_L3,P384_BIKE_L3,85.819674
P384_BIKE_L3,P384_BIKE_L3,85.279624
P384_BIKE_L3,P384_BIKE_L3,82.118032
P384_BIKE_L3,P384_BIKE_L3,81.507395
P384_BIKE_L3,P384_BIKE_L3,84.86639
P384_BIKE_L3,P384_BIKE_L3,89.601778
P384_BIKE_L3,P384_BIKE_L3,88.855516
P384_BIKE_L3,P384_BIKE_L3,91.663103
P384_BIKE_L3,P384_BIKE_L3,89.810415
P384_BIKE_L3,P384_BIKE_L3,89.513068
P384_BIKE_L3,P384_BIKE_L3,91.191329
P384_BIKE_L3,P384_BIKE_L3,86.465812
P384_BIKE_L3,P384_BIKE_L3,82.381954
P384_BIKE_L3,P384_BIKE_L3,84.595523
P384_BIKE_L3,P384_BIKE_L3,90.784726
P384_BIKE_L3,P384_BIKE_L3,93.396613
P384_BIKE_L3,P384_BIKE_L3,82.730998
P384_BIKE_L3,P384_BIKE_L3,85.534045
P384_BIKE_L3,P384_BIKE_L3,87.137678
P384_BIKE_L3,P384_BIKE_L3,87.627037
P384_BIKE_L3,P384_BIKE_L3,91.877734
P384_BIKE_L3,P384_BIKE_L3,86.666291
P384_BIKE_L3,P384_BIKE_L3,87.118258
P384_BIKE_L3,P384_BIKE_L3,86.386266
P384_BIKE_L3,P384_BIKE_L3,85.76739
P384_BIKE_L3,P384_BIKE_L3,85.863204
P384_BIKE_L3,P384_BIKE_L3,86.972378
P384_BIKE_L3,P384_BIKE_L3,91.775197
P384_BIKE_L3,P384_BIKE_L3,86.203111
P384_BIKE_L3,P384_BIKE_L3,86.578454
P384_BIKE_L3,P384_BIKE_L3,83.881134
P384_BIKE_L3,P384_BIKE_L3,86.352786
P384_BIKE_L3,P384_BIKE_L3,87.997582
P384_BIKE_L3,P384_BIKE_L3,83.36954
P384_BIKE_L3,P384_BIKE_L3,88.798788
P384_BIKE_L3,P384_BIKE_L3,87.449842
P384_BIKE_L3,P384_BIKE_L3,88.597462
P384_BIKE_L3,P384_BIKE_L3,85.120057
P384_BIKE_L3,P384_BIKE_L3,89.533279
P384_BIKE_L3,P384_BIKE_L3,84.113132
P384_BIKE_L3,P384_BIKE_L3,90.679572
P384_BIKE_L3,P384_BIKE_L3,87.061452
P384_BIKE_L3,P384_BIKE_L3,83.552676
P384_BIKE_L3,P384_BIKE_L3,84.527145
P384_BIKE_L3,P384_BIKE_L3,94.066313
P384_BIKE_L3,P384_BIKE_L3,90.277765
P384_BIKE_L3,P384_BIKE_L3,85.96835
P384_BIKE_L3,P384_BIKE_L3,90.069128
P384_BIKE_L3,P384_BIKE_L3,90.292589
P384_BIKE_L3,P384_BIKE_L3,88.580515
P384_BIKE_L3,P384_BIKE_L3,86.390241
P384_BIKE_L3,P384_BIKE_L3,85.708057
P384_BIKE_L3,P384_BIKE_L3,88.351309
P384_BIKE_L3,P384_BIKE_L3,86.311299
P384_BIKE_L3,P384_BIKE_L3,86.915047
P384_BIKE_L3,P384_BIKE_L3,86.466407
P384_BIKE_L3,P384_BIKE_L3,91.354944
P384_BIKE_L3,P384_BIKE_L3,86.732366
P384_BIKE_L3,P384_BIKE_L3,84.563497
P384_BIKE_L3,P384_BIKE_L3,88.576803
P384_BIKE_L3,P384_BIKE_L3,90.782682
P384_BIKE_L3,P384_BIKE_L3,86.055299
P384_BIKE_L3,P384_BIKE_L3,84.621642
P384_BIKE_L3,P384_BIKE_L3,83.869897
P384_BIKE_L3,P384_BIKE_L3,89.887362
P384_BIKE_L3,P384_BIKE_L3,87.949131
P384_BIKE_L3,P384_BIKE_L3,90.375446
P384_BIKE_L3,P384_BIKE_L3,91.793741
P384_BIKE_L3,P384_BIKE_L3,87.22557
P384_BIKE_L3,P384_BIKE_L3,90.393871
P384_BIKE_L3,P384_BIKE_L3,92.177419
P384_BIKE_L3,P384_BIKE_L3,85.834131
P384_BIKE_L3,P384_BIKE_L3,87.879916
P384_BIKE_L3,P384_BIKE_L3,84.6761
P384_BIKE_L3,P384_BIKE_L3,87.981451
P384_BIKE_L3,P384_BIKE_L3,93.68488
P384_BIKE_L3,P384_BIKE_L3,85.809186
P384_BIKE_L3,P384_BIKE_L3,92.93211
P384_BIKE_L3,P384_BIKE_L3,85.679457
P384_BIKE_L3,P384_BIKE_L3,89.423889
P384_BIKE_L3,P384_BIKE_L3,89.518021
P384_BIKE_L3,P384_BIKE_L3,83.506233
P384_BIKE_L3,P384_BIKE_L3,83.76232
P384_BIKE_L3,P384_BIKE_L3,90.763005
P384_BIKE_L3,P384_BIKE_L3,85.465179
P384_BIKE_L3,P384_BIKE_L3,84.893251
P384_BIKE_L3,P384_BIKE_L3,84.746844
P384_BIKE_L3,P384_BIKE_L3,86.809581
P384_BIKE_L3,P384_BIKE_L3,88.442071
P384_BIKE_L3,P384_BIKE_L3,84.267789
P384_BIKE_L3,P384_BIKE_L3,90.364532
P384_BIKE_L3,P384_BIKE_L3,90.774672
P384_BIKE_L3,P384_BIKE_L3,84.22609
P384_BIKE_L3,P384_BIKE_L3,92.323609
P384_BIKE_L3,P384_BIKE_L3,89.756416
P384_BIKE_L3,P384_BIKE_L3,86.895125
P384_BIKE_L3,P384_BIKE_L3,87.745034
P384_BIKE_L3,P384_BIKE_L3,85.248074
P384_BIKE_L3,P384_BIKE_L3,90.311865
P384_BIKE_L3,P384_BIKE_L3,90.124169
P384_BIKE_L3,P384_BIKE_L3,90.677283
P384_BIKE_L3,P384_BIKE_L3,87.141354
P384_BIKE_L3,P384_BIKE_L3,87.197527
P384_BIKE_L3,P384_BIKE_L3,85.239541
P384_BIKE_L3,P384_BIKE_L3,90.571579
P384_BIKE_L3,P384_BIKE_L3,86.343367
P384_BIKE_L3,P384_BIKE_L3,88.650718
P384_BIKE_L3,P384_BIKE_L3,92.084068
P384_BIKE_L3,P384_BIKE_L3,91.827504
P384_BIKE_L3,P384_BIKE_L3,82.581862
P384_BIKE_L3,P384_BIKE_L3,93.578634
P384_BIKE_L3,P384_BIKE_L3,86.434132
P384_BIKE_L3,P384_BIKE_L3,94.590237
P384_BIKE_L3,P384_BIKE_L3,89.207254
P384_BIKE_L3,P384_BIKE_L3,89.511121
P384_BIKE_L3,P384_BIKE_L3,88.968261
P384_BIKE_L3,P384_BIKE_L3,90.399941
P384_BIKE_L3,P384_BIKE_L3,88.692432
P384_BIKE_L3,P384_BIKE_L3,91.277205
P384_BIKE_L3,P384_BIKE_L3,93.268592
P384_BIKE_L3,P384_BIKE_L3,90.807492
P384_BIKE_L3,P384_BIKE_L3,86.848111
P384_BIKE_L3,P384_BIKE_L3,89.055724
P384_BIKE_L3,P384_BIKE_L3,85.593334
P384_BIKE_L3,P384_BIKE_L3,85.529357
P384_BIKE_L3,P384_BIKE_L3,93.332549
P384_BIKE_L3,P384_BIKE_L3,85.968943
P384_BIKE_L3,P384_BIKE_L3,83.587712
P384_BIKE_L3,P384_BIKE_L3,87.435135
P384_BIKE_L3,P384_BIKE_L3,84.705663
P384_BIKE_L3,P384_BIKE_L3,87.616405
P384_BIKE_L3,P384_BIKE_L3,92.67798
P384_BIKE_L3,P384_BIKE_L3,91.867746
P384_BIKE_L3,P384_BIKE_L3,89.355823
P384_BIKE_L3,P384_BIKE_L3,82.215479
P384_BIKE_L3,P384_BIKE_L3,87.480239
P384_BIKE_L3,P384_BIKE_L3,83.487452
P384_BIKE_L3,P384_BIKE_L3,87.004882
P384_BIKE_L3,P384_BIKE_L3,87.344542
P384_BIKE_L3,P384_BIKE_L3,89.784655
P384_BIKE_L3,P384_BIKE_L3,87.919636
P384_BIKE_L3,P384_BIKE_L3,91.982314
P384_BIKE_L3,P384_BIKE_L3,91.856353
P384_BIKE_L3,P384_BIKE_L3,89.032881
P384_BIKE_L3,P384_BIKE_L3,88.535851
P384_BIKE_L3,P384_BIKE_L3,86.047493
P384_BIKE_L3,P384_BIKE_L3,87.878465
P384_BIKE_L3,P384_BIKE_L3,92.038794
P384_BIKE_L3,P384_BIKE_L3,85.906413
P384_BIKE_L3,P384_BIKE_L3,84.36255
P384_BIKE_L3,P384_BIKE_L3,86.788911
P384_BIKE_L3,P384_BIKE_L3,90.234515
P384_BIKE_L3,P384_BIKE_L3,88.693342
P384_BIKE_L3,P384_BIKE_L3,83.657816
P384_BIKE_L3,P384_BIKE_L3,85.032209
P384_BIKE_L3,P384_BIKE_L3,90.093198
P384_BIKE_L3,P384_BIKE_L3,82.996963
P384_BIKE_L3,P384_BIKE_L3,90.920429
P384_BIKE_L3,P384_BIKE_L3,93.402531
P384_BIKE_L3,P384_BIKE_L3,91.13453
P384_BIKE_L3,P384_BIKE_L3,83.680066
P384_BIKE_L3,P384_BIKE_L3,82.134172
P384_BIKE_L3,P384_BIKE_L3,91.303028
P384_BIKE_L3,P384_BIKE_L3,85.603589
P384_BIKE_L3,P384_BIKE_L3,85.879779
P384_BIKE_L3,P384_BIKE_L3,91.145198
P384_BIKE_L3,P384_BIKE_L3,88.744888
P384_BIKE_L3,P384_BIKE_L3,87.515725
P384_BIKE_L3,P384_BIKE_L3,83.904569
P384_BIKE_L3,P384_BIKE_L3,88.390139
P384_BIKE_L3,P384_BIKE_L3,85.093501
P384_BIKE_L3,P384_BIKE_L3,83.199404
P384_BIKE_L3,P384_BIKE_L3,82.37815
P384_BIKE_L3,P384_BIKE_L3,82.433855
P384_BIKE_L3,P384_BIKE_L3,93.632357
P384_BIKE_L3,P384_BIKE_L3,84.952752
P384_BIKE_L3,P384_BIKE_L3,87.023604
P384_BIKE_L3,P384_BIKE_L3,85.914327
P384_BIKE_L3,P384_BIKE_L3,84.984796
P384_BIKE_L3,P384_BIKE_L3,92.528166
P384_BIKE_L3,P384_BIKE_L3,88.214786
P384_BIKE_L3,P384_BIKE_L3,94.050018
P384_BIKE_L3,P384_BIKE_L3,86.361713
P384_BIKE_L3,P384_BIKE_L3,87.258797
P384_BIKE_L3,P384_BIKE_L3,82.032738
P384_BIKE_L3,P384_BIKE_L3,83.040423
P384_BIKE_L3,P384_BIKE_L3,92.309795
P384_BIKE_L3,P384_BIKE_L3,89.176813
P384_BIKE_L3,P384_BIKE_L3,91.085933
P384_BIKE_L3,P384_BIKE_L3,88.22789
P384_BIKE_L3,P384_BIKE_L3,84.305733
P384_BIKE_L3,P384_BIKE_L3,82.923835
P384_BIKE_L3,P384_BIKE_L3,87.308831
P384_BIKE_L3,P384_BIKE_L3,88.135019
P384_BIKE_L3,P384_BIKE_L3,91.716534
P384_BIKE_L3,P384_BIKE_L3,88.771103
P384_BIKE_L3,P384_BIKE_L3,85.522897
P384_BIKE_L3,P384_BIKE_L3,87.071256
P384_BIKE_L3,P384_BIKE_L3,90.240045
P384_BIKE_L3,P384_BIKE_L3,83.138443
P384_BIKE_L3,P384_BIKE_L3,89.140366
P384_BIKE_L3,P384_BIKE_L3,91.793297
P384_BIKE_L3,P384_BIKE_L3,90.605167
P384_BIKE_L3,P384_BIKE_L3,82.789355
P384_BIKE_L3,P384_BIKE_L3,88.709866
P384_BIKE_L3,P384_BIKE_L3,86.856553
P384_BIKE_L3,P384_BIKE_L3,83.947087
P384_BIKE_L3,P384_BIKE_L3,86.720412
P384_BIKE_L3,P384_BIKE_L3,83.052153
P384_BIKE_L3,P384_BIKE_L3,93.317497
P384_BIKE_L3,P384_BIKE_L3,91.672345
P384_BIKE_L3,P384_BIKE_L3,87.486889
P384_BIKE_L3,P384_BIKE_L3,88.33801
P384_BIKE_L3,P384_BIKE_L3,85.168003
P384_BIKE_L3,P384_BIKE_L3,88.240701
P384_BIKE_L3,P384_BIKE_L3,90.662135
P384_BIKE_L3,P384_BIKE_L3,87.620661
P384_BIKE_L3,P384_BIKE_L3,86.664132
P384_BIKE_L3,P384_BIKE_L3,85.005288
P384_BIKE_L3,P384_BIKE_L3,89.688405
P384_BIKE_L3,P384_BIKE_L3,83.988624
P384_BIKE_L3,P384_BIKE_L3,87.549983
P384_BIKE_L3,P384_BIKE_L3,88.27762
P384_BIKE_L3,P384_BIKE_L3,86.788659
P384_BIKE_L3,P384_BIKE_L3,85.647857
P384_BIKE_L3,P384_BIKE_L3,89.845787
P384_BIKE_L3,P384_BIKE_L3,84.221213
P384_BIKE_L3,P384_BIKE_L3,93.946288
P384_BIKE_L3,P384_BIKE_L3,87.302242
P384_BIKE_L3,P384_BIKE_L3,88.223215
P384_BIKE_L3,P384_BIKE_L3,87.612523
P384_BIKE_L3,P384_BIKE_L3,89.566252
P384_BIKE_L3,P384_BIKE_L3,83.449514
P384_BIKE_L3,P384_BIKE_L3,87.06251
P384_BIKE_L3,P384_BIKE_L3,88.691631
P384_BIKE_L3,P384_BIKE_L3,91.396298
P384_BIKE_L3,P384_BIKE_L3,90.728955
P384_BIKE_L3,P384_BIKE_L3,85.48096
P384_BIKE_L3,P384_BIKE_L3,89.953359
P384_BIKE_L3,P384_BIKE_L3,90.297195
P384_BIKE_L3,P384_BIKE_L3,86.017222
P384_BIKE_L3,P384_BIKE_L3,88.222205
P384_BIKE_L3,P384_BIKE_L3,89.575182
P384_BIKE_L3,P384_BIKE_L3,87.139779
P384_BIKE_L3,P384_BIKE_L3,84.408619
P384_BIKE_L3,P384_BIKE_L3,84.396467
P384_BIKE_L3,P384_BIKE_L3,82.022289
P384_BIKE_L3,P384_BIKE_L3,84.739873
P384_BIKE_L3,P384_BIKE_L3,85.976252
P384_BIKE_L3,P384_BIKE_L3,85.614569
P384_BIKE_L3,P384_BIKE_L3,81.785003
P384_BIKE_L3,P384_BIKE_L3,82.27558
P384_BIKE_L3,P384_BIKE_L3,86.479054
P384_BIKE_L3,P384_BIKE_L3,88.239005
P384_BIKE_L3,P384_BIKE_L3,83.033199
P384_BIKE_L3,P384_BIKE_L3,84.387958
P384_BIKE_L3,P384_BIKE_L3,84.185624
P384_BIKE_L3,P384_BIKE_L3,90.354276
P384_BIKE_L3,P384_BIKE_L3,93.603396
P384_BIKE_L3,P384_BIKE_L3,83.812223
P384_BIKE_L3,P384_BIKE_L3,89.828056
P384_BIKE_L3,P384_BIKE_L3,86.539106
P384_BIKE_L3,P384_BIKE_L3,89.264603
P384_BIKE_L3,P384_BIKE_L3,91.225442
P384_BIKE_L3,P384_BIKE_L3,89.546319
P384_BIKE_L3,P384_BIKE_L3,93.936265
P384_BIKE_L3,P384_BIKE_L3,84.186658
P384_BIKE_L3,P384_BIKE_L3,84.899892
P384_BIKE_L3,P384_BIKE_L3,85.162113
P384_BIKE_L3,P384_BIKE_L3,87.757635
P384_BIKE_L3,P384_BIKE_L3,85.617364
P384_BIKE_L3,P384_BIKE_L3,85.806029
P384_BIKE_L3,P384_BIKE_L3,85.411857
P384_BIKE_L3,P384_Classic_McEliece_460896,88.596154
P384_BIKE_L3,P384_Classic_McEliece_460896,88.996804
P384_BIKE_L3,P384_Classic_McEliece_460896,88.642753
P384_BIKE_L3,P384_Classic_McEliece_460896,91.335887
P384_BIKE_L3,P384_Classic_McEliece_460896,90.649815
P384_BIKE_L3,P384_Classic_McEliece_460896,88.634529
P384_BIKE_L3,P384_Classic_McEliece_460896,88.060678
P384_BIKE_L3,P384_Classic_McEliece_460896,88.533244
P384_BIKE_L3,P384_Classic_McEliece_460896,93.487557
P384_BIKE_L3,P384_Classic_McEliece_460896,93.076965
P384_BIKE_L3,P384_Classic_McEliece_460896,97.555916
P384_BIKE_L3,P384_Classic_McEliece_460896,91.685296
P384_BIKE_L3,P384_Classic_McEliece_460896,93.053584
P384_BIKE_L3,P384_Classic_McEliece_460896,88.909612
P384_BIKE_L3,P384_Classic_McEliece_460896,88.619154
P384_BIKE_L3,P384_Classic_McEliece_460896,96.164649
P384_BIKE_L3,P384_Classic_McEliece_460896,93.849547
P384_BIKE_L3,P384_Classic_McEliece_460896,88.352603
P384_BIKE_L3,P384_Classic_McEliece_460896,93.144328
P384_BIKE_L3,P384_Classic_McEliece_460896,90.444376
P384_BIKE_L3,P384_Classic_McEliece_460896,87.742655
P384_BIKE_L3,P384_Classic_McEliece_460896,95.80636
P384_BIKE_L3,P384_Classic_McEliece_460896,91.515376
P384_BIKE_L3,P384_Classic_McEliece_460896,87.858927
P384_BIKE_L3,P384_Classic_McEliece_460896,99.544414
P384_BIKE_L3,P384_Classic_McEliece_460896,93.389853
P384_BIKE_L3,P384_Classic_McEliece_460896,87.067487
P384_BIKE_L3,P384_Classic_McEliece_460896,91.165365
P384_BIKE_L3,P384_Classic_McEliece_460896,91.904992
P384_BIKE_L3,P384_Classic_McEliece_460896,90.491304
P384_BIKE_L3,P384_Classic_McEliece_460896,91.041791
P384_BIKE_L3,P384_Classic_McEliece_460896,88.54553
P384_BIKE_L3,P384_Classic_McEliece_460896,87.052775
P384_BIKE_L3,P384_Classic_McEliece_460896,88.939524
P384_BIKE_L3,P384_Classic_McEliece_460896,91.867644
P384_BIKE_L3,P384_Classic_McEliece_460896,93.324294
P384_BIKE_L3,P384_Classic_McEliece_460896,98.968911
P384_BIKE_L3,P384_Classic_McEliece_460896,96.120888
P384_BIKE_L3,P384_Classic_McEliece_460896,88.935708
P384_BIKE_L3,P384_Classic_McEliece_460896,93.57337
P384_BIKE_L3,P384_Classic_McEliece_460896,91.766042
P384_BIKE_L3,P384_Classic_McEliece_460896,92.669853
P384_BIKE_L3,P384_Classic_McEliece_460896,95.143238
P384_BIKE_L3,P384_Classic_McEliece_460896,88.46712
P384_BIKE_L3,P384_Classic_McEliece_460896,92.025028
P384_BIKE_L3,P384_Classic_McEliece_460896,94.356449
P384_BIKE_L3,P384_Classic_McEliece_460896,92.767658
P384_BIKE_L3,P384_Classic_McEliece_460896,92.503261
P384_BIKE_L3,P384_Classic_McEliece_460896,86.540597
P384_BIKE_L3,P384_Classic_McEliece_460896,89.286387
P384_BIKE_L3,P384_Classic_McEliece_460896,93.02322
P384_BIKE_L3,P384_Classic_McEliece_460896,90.584449
P384_BIKE_L3,P384_Classic_McEliece_460896,87.428435
P384_BIKE_L3,P384_Classic_McEliece_460896,92.907116
P384_BIKE_L3,P384_Classic_McEliece_460896,87.757693
P384_BIKE_L3,P384_Classic_McEliece_460896,91.221842
P384_BIKE_L3,P384_Classic_McEliece_460896,96.353113
P384_BIKE_L3,P384_Classic_McEliece_460896,86.479097
P384_BIKE_L3,P384_Classic_McEliece_460896,89.072965
P384_BIKE_L3,P384_Classic_McEliece_460896,88.065139
P384_BIKE_L3,P384_Classic_McEliece_460896,89.450292
P384_BIKE_L3,P384_Classic_McEliece_460896,94.798652
P384_BIKE_L3,P384_Classic_McEliece_460896,88.118092
P384_BIKE_L3,P384_Classic_McEliece_460896,92.640415
P384_BIKE_L3,P384_Classic_McEliece_460896,93.884473
P384_BIKE_L3,P384_Classic_McEliece_460896,89.852423
P384_BIKE_L3,P384_Classic_McEliece_460896,93.839458
P384_BIKE_L3,P384_Classic_McEliece_460896,92.791192
P384_BIKE_L3,P384_Classic_McEliece_460896,93.257781
P384_BIKE_L3,P384_Classic_McEliece_460896,89.45691
P384_BIKE_L3,P384_Classic_McEliece_460896,92.910302
P384_BIKE_L3,P384_Classic_McEliece_460896,91.503793
P384_BIKE_L3,P384_Classic_McEliece_460896,93.1836
P384_BIKE_L3,P384_Classic_McEliece_460896,97.029718
P384_BIKE_L3,P384_Classic_McEliece_460896,90.224541
P384_BIKE_L3,P384_Classic_McEliece_460896,98.282725
P384_BIKE_L3,P384_Classic_McEliece_460896,92.067478
P384_BIKE_L3,P384_Classic_McEliece_460896,88.876104
P384_BIKE_L3,P384_Classic_McEliece_460896,86.505829
P384_BIKE_L3,P384_Classic_McEliece_460896,98.19791
P384_BIKE_L3,P384_Classic_McEliece_460896,88.44471
P384_BIKE_L3,P384_Classic_McEliece_460896,87.33667
P384_BIKE_L3,P384_Classic_McEliece_460896,99.563912
P384_BIKE_L3,P384_Classic_McEliece_460896,91.127594
P384_BIKE_L3,P384_Classic_McEliece_460896,93.43486
P384_BIKE_L3,P384_Classic_McEliece_460896,88.575181
P384_BIKE_L3,P384_Classic_McEliece_460896,95.13086
P384_BIKE_L3,P384_Classic_McEliece_460896,89.618226
P384_BIKE_L3,P384_Classic_McEliece_460896,93.440051
P384_BIKE_L3,P384_Classic_McEliece_460896,92.392669
P384_BIKE_L3,P384_Classic_McEliece_460896,89.227524
P384_BIKE_L3,P384_Classic_McEliece_460896,93.925455
P384_BIKE_L3,P384_Classic_McEliece_460896,94.127487
P384_BIKE_L3,P384_Classic_McEliece_460896,90.342491
P384_BIKE_L3,P384_Classic_McEliece_460896,94.759274
P384_BIKE_L3,P384_Classic_McEliece_460896,89.455703
P384_BIKE_L3,P384_Classic_McEliece_460896,96.24633
P384_BIKE_L3,P384_Classic_McEliece_460896,89.416648
P384_BIKE_L3,P384_Classic_McEliece_460896,88.746231
P384_BIKE_L3,P384_Classic_McEliece_460896,93.02575
P384_BIKE_L3,P384_Classic_McEliece_460896,87.048303
P384_BIKE_L3,P384_Classic_McEliece_460896,91.769701
P384_BIKE_L3,P384_Classic_McEliece_460896,93.385888
P384_BIKE_L3,P384_Classic_McEliece_460896,87.92502
P384_BIKE_L3,P384_Classic_McEliece_460896,90.964879
P384_BIKE_L3,P384_Classic_McEliece_460896,97.808742
P384_BIKE_L3,P384_Classic_McEliece_460896,97.973729
P384_BIKE_L3,P384_Classic_McEliece_460896,95.090652
P384_BIKE_L3,P384_Classic_McEliece_460896,95.37823
P384_BIKE_L3,P384_Classic_McEliece_460896,92.934034
P384_BIKE_L3,P384_Classic_McEliece_460896,87.111896
P384_BIKE_L3,P384_Classic_McEliece_460896,88.218037
P384_BIKE_L3,P384_Classic_McEliece_460896,93.667844
P384_BIKE_L3,P384_Classic_McEliece_460896,88.833457
P384_BIKE_L3,P384_Classic_McEliece_460896,89.190264
P384_BIKE_L3,P384_Classic_McEliece_460896,89.965559
P384_BIKE_L3,P384_Classic_McEliece_460896,88.756517
P384_BIKE_L3,P384_Classic_McEliece_460896,91.795807
P384_BIKE_L3,P384_Classic_McEliece_460896,97.493527
P384_BIKE_L3,P384_Classic_McEliece_460896,89.850534
P384_BIKE_L3,P384_Classic_McEliece_460896,92.348151
P384_BIKE_L3,P384_Classic_McEliece_460896,91.377863
P384_BIKE_L3,P384_Classic_McEliece_460896,97.39279
P384_BIKE_L3,P384_Classic_McEliece_460896,92.266038
P384_BIKE_L3,P384_Classic_McEliece_460896,95.286037
P384_BIKE_L3,P384_Classic_McEliece_460896,86.839815
P384_BIKE_L3,P384_Classic_McEliece_460896,94.615231
P384_BIKE_L3,P384_Classic_McEliece_460896,96.985389
P384_BIKE_L3,P384_Classic_McEliece_460896,95.402286
P384_BIKE_L3,P384_Classic_McEliece_460896,85.873192
P384_BIKE_L3,P384_Classic_McEliece_460896,90.196562
P384_BIKE_L3,P384_Classic_McEliece_460896,92.546865
P384_BIKE_L3,P384_Classic_McEliece_460896,93.01415
P384_BIKE_L3,P384_Classic_McEliece_460896,93.320888
P384_BIKE_L3,P384_Classic_McEliece_460896,89.122429
P384_BIKE_L3,P384_Classic_McEliece_460896,91.687934
P384_BIKE_L3,P384_Classic_McEliece_460896,98.164844
P384_BIKE_L3,P384_Classic_McEliece_460896,92.855308
P384_BIKE_L3,P384_Classic_McEliece_460896,95.594333
P384_BIKE_L3,P384_Classic_McEliece_460896,92.519201
P384_BIKE_L3,P384_Classic_McEliece_460896,87.701417
P384_BIKE_L3,P384_Classic_McEliece_460896,93.802664
P384_BIKE_L3,P384_Classic_McEliece_460896,92.657729
P384_BIKE_L3,P384_Classic_McEliece_460896,93.690146
P384_BIKE_L3,P384_Classic_McEliece_460896,93.802691
P384_BIKE_L3,P384_Classic_McEliece_460896,90.43505
P384_BIKE_L3,P384_Classic_McEliece_460896,87.230399
P384_BIKE_L3,P384_Classic_McEliece_460896,93.992641
P384_BIKE_L3,P384_Classic_McEliece_460896,94.546829
P384_BIKE_L3,P384_Classic_McEliece_460896,93.897733
P384_BIKE_L3,P384_Classic_McEliece_460896,90.370447
P384_BIKE_L3,P384_Classic_McEliece_460896,88.104516
P384_BIKE_L3,P384_Classic_McEliece_460896,88.819954
P384_BIKE_L3,P384_Classic_McEliece_460896,88.463599
P384_BIKE_L3,P384_Classic_McEliece_460896,87.795385
P384_BIKE_L3,P384_Classic_McEliece_460896,90.048818
P384_BIKE_L3,P384_Classic_McEliece_460896,86.437575
P384_BIKE_L3,P384_Classic_McEliece_460896,94.904595
P384_BIKE_L3,P384_Classic_McEliece_460896,96.582049
P384_BIKE_L3,P384_Classic_McEliece_460896,88.606223
P384_BIKE_L3,P384_Classic_McEliece_460896,92.407508
P384_BIKE_L3,P384_Classic_McEliece_460896,88.191593
P384_BIKE_L3,P384_Classic_McEliece_460896,91.315832
P384_BIKE_L3,P384_Classic_McEliece_460896,88.030172
P384_BIKE_L3,P384_Classic_McEliece_460896,92.513631
P384_BIKE_L3,P384_Classic_McEliece_460896,91.809593
P384_BIKE_L3,P384_Classic_McEliece_460896,91.643219
P384_BIKE_L3,P384_Classic_McEliece_460896,86.602129
P384_BIKE_L3,P384_Classic_McEliece_460896,90.393566
P384_BIKE_L3,P384_Classic_McEliece_460896,93.495967
P384_BIKE_L3,P384_Classic_McEliece_460896,95.484107
P384_BIKE_L3,P384_Classic_McEliece_460896,87.072593
P384_BIKE_L3,P384_Classic_McEliece_460896,92.666349
P384_BIKE_L3,P384_Classic_McEliece_460896,91.14244
P384_BIKE_L3,P384_Classic_McEliece_460896,87.86739
P384_BIKE_L3,P384_Classic_McEliece_460896,93.19547
P384_BIKE_L3,P384_Classic_McEliece_460896,94.100618
P384_BIKE_L3,P384_Classic_McEliece_460896,92.646669
P384_BIKE_L3,P384_Classic_McEliece_460896,90.231304
P384_BIKE_L3,P384_Classic_McEliece_460896,93.563439
P384_BIKE_L3,P384_Classic_McEliece_460896,92.787148
P384_BIKE_L3,P384_Classic_McEliece_460896,95.052921
P384_BIKE_L3,P384_Classic_McEliece_460896,90.666028
P384_BIKE_L3,P384_Classic_McEliece_460896,91.014886
P384_BIKE_L3,P384_Classic_McEliece_460896,91.49398
P384_BIKE_L3,P384_Classic_McEliece_460896,93.280833
P384_BIKE_L3,P384_Classic_McEliece_460896,99.528862
P384_BIKE_L3,P384_Classic_McEliece_460896,89.057631
P384_BIKE_L3,P384_Classic_McEliece_460896,91.78114
P384_BIKE_L3,P384_Classic_McEliece_460896,96.168856
P384_BIKE_L3,P384_Classic_McEliece_460896,89.593639
P384_BIKE_L3,P384_Classic_McEliece_460896,88.647573
P384_BIKE_L3,P384_Classic_McEliece_460896,92.243562
P384_BIKE_L3,P384_Classic_McEliece_460896,95.947257
P384_BIKE_L3,P384_Classic_McEliece_460896,89.12748
P384_BIKE_L3,P384_Classic_McEliece_460896,88.019484
P384_BIKE_L3,P384_Classic_McEliece_460896,88.848257
P384_BIKE_L3,P384_Classic_McEliece_460896,92.908414
P384_BIKE_L3,P384_Classic_McEliece_460896,93.942417
P384_BIKE_L3,P384_Classic_McEliece_460896,92.00638
P384_BIKE_L3,P384_Classic_McEliece_460896,95.473959
P384_BIKE_L3,P384_Classic_McEliece_460896,91.967149
P384_BIKE_L3,P384_Classic_McEliece_460896,88.839242
P384_BIKE_L3,P384_Classic_McEliece_460896,92.880271
P384_BIKE_L3,P384_Classic_McEliece_460896,87.634056
P384_BIKE_L3,P384_Classic_McEliece_460896,93.871334
P384_BIKE_L3,P384_Classic_McEliece_460896,91.777422
P384_BIKE_L3,P384_Classic_McEliece_460896,95.698313
P384_BIKE_L3,P384_Classic_McEliece_460896,92.590298
P384_BIKE_L3,P384_Classic_McEliece_460896,89.327097
P384_BIKE_L3,P384_Classic_McEliece_460896,90.91488
P384_BIKE_L3,P384_Classic_McEliece_460896,88.625198
P384_BIKE_L3,P384_Classic_McEliece_460896,91.631395
P384_BIKE_L3,P384_Classic_McEliece_460896,92.459701
P384_BIKE_L3,P384_Classic_McEliece_460896,94.335984
P384_BIKE_L3,P384_Classic_McEliece_460896,97.321386
P384_BIKE_L3,P384_Classic_McEliece_460896,93.289559
P384_BIKE_L3,P384_Classic_McEliece_460896,93.446964
P384_BIKE_L3,P384_Classic_McEliece_460896,87.133829
P384_BIKE_L3,P384_Classic_McEliece_460896,92.90963
P384_BIKE_L3,P384_Classic_McEliece_460896,98.446004
P384_BIKE_L3,P384_Classic_McEliece_460896,90.554813
P384_BIKE_L3,P384_Classic_McEliece_460896,90.422916
P384_BIKE_L3,P384_Classic_McEliece_460896,89.085327
P384_BIKE_L3,P384_Classic_McEliece_460896,88.583932
P384_BIKE_L3,P384_Classic_McEliece_460896,88.506425
P384_BIKE_L3,P384_Classic_McEliece_460896,89.477154
P384_BIKE_L3,P384_Classic_McEliece_460896,92.102576
P384_BIKE_L3,P384_Classic_McEliece_460896,86.383904
P384_BIKE_L3,P384_Classic_McEliece_460896,90.475574
P384_BIKE_L3,P384_Classic_McEliece_460896,90.495691
P384_BIKE_L3,P384_Classic_McEliece_460896,99.61212
P384_BIKE_L3,P384_Classic_McEliece_460896,90.31792
P384_BIKE_L3,P384_Classic_McEliece_460896,93.161717
P384_BIKE_L3,P384_Classic_McEliece_460896,91.588106
P384_BIKE_L3,P384_Classic_McEliece_460896,92.721807
P384_BIKE_L3,P384_Classic_McEliece_460896,94.054254
P384_BIKE_L3,P384_Classic_McEliece_460896,89.408162
P384_BIKE_L3,P384_Classic_McEliece_460896,96.480727
P384_BIKE_L3,P384_Classic_McEliece_460896,87.326544
P384_BIKE_L3,P384_Classic_McEliece_460896,94.566292
P384_BIKE_L3,P384_Classic_McEliece_460896,89.81139
P384_BIKE_L3,P384_Classic_McEliece_460896,89.250587
P384_BIKE_L3,P384_Classic_McEliece_460896,90.462605
P384_BIKE_L3,P384_Classic_McEliece_460896,94.930063
P384_BIKE_L3,P384_Classic_McEliece_460896,98.538979
P384_BIKE_L3,P384_Classic_McEliece_460896,94.258774
P384_BIKE_L3,P384_Classic_McEliece_460896,92.948534
P384_BIKE_L3,P384_Classic_McEliece_460896,90.806742
P384_BIKE_L3,P384_Classic_McEliece_460896,88.695207
P384_BIKE_L3,P384_Classic_McEliece_460896,87.789772
P384_BIKE_L3,P384_Classic_McEliece_460896,90.469461
P384_BIKE_L3,P384_Classic_McEliece_460896,90.77364
P384_BIKE_L3,P384_Classic_McEliece_460896,91.693614
P384_BIKE_L3,P384_Classic_McEliece_460896,96.181035
P384_BIKE_L3,P384_Classic_McEliece_460896,89.507008
P384_BIKE_L3,P384_Classic_McEliece_460896,88.366047
P384_BIKE_L3,P384_Classic_McEliece_460896,95.851579
P384_BIKE_L3,P384_Classic_McEliece_460896,94.731167
P384_BIKE_L3,P384_Classic_McEliece_460896,86.991783
P384_BIKE_L3,P384_Classic_McEliece_460896,91.828466
P384_BIKE_L3,P384_Classic_McEliece_460896,91.63469
P384_BIKE_L3,P384_Classic_McEliece_460896,91.047252
P384_BIKE_L3,P384_Classic_McEliece_460896,91.10327
P384_BIKE_L3,P384_Classic_McEliece_460896,92.983729
P384_BIKE_L3,P384_Classic_McEliece_460896,94.366302
P384_BIKE_L3,P384_Classic_McEliece_460896,88.113652
P384_BIKE_L3,P384_Classic_McEliece_460896,88.893367
P384_BIKE_L3,P384_Classic_McEliece_460896,89.629491
P384_BIKE_L3,P384_Classic_McEliece_460896,90.576536
P384_BIKE_L3,P384_Classic_McEliece_460896,90.863106
P384_BIKE_L3,P384_Classic_McEliece_460896,91.625595
P384_BIKE_L3,P384_Classic_McEliece_460896,94.73611
P384_BIKE_L3,P384_Classic_McEliece_460896,91.233304
P384_BIKE_L3,P384_Classic_McEliece_460896,95.693516
P384_BIKE_L3,P384_Classic_McEliece_460896,88.378829
P384_BIKE_L3,P384_Classic_McEliece_460896,89.138372
P384_BIKE_L3,P384_Classic_McEliece_460896,91.867309
P384_BIKE_L3,P384_Classic_McEliece_460896,95.010003
P384_BIKE_L3,P384_Classic_McEliece_460896,94.460415
P384_BIKE_L3,P384_Classic_McEliece_460896,88.806923
P384_BIKE_L3,P384_Classic_McEliece_460896,89.678953
P384_BIKE_L3,P384_Classic_McEliece_460896,92.629172
P384_BIKE_L3,P384_Classic_McEliece_460896,95.738191
P384_BIKE_L3,P384_Classic_McEliece_460896,94.032604
P384_BIKE_L3,P384_Classic_McEliece_460896,90.337067
P384_BIKE_L3,P384_Classic_McEliece_460896,90.373174
P384_BIKE_L3,P384_Classic_McEliece_460896,92.03803
P384_BIKE_L3,P384_Classic_McEliece_460896,91.024364
P384_BIKE_L3,P384_Classic_McEliece_460896,89.32074
P384_BIKE_L3,P384_Classic_McEliece_460896,88.395976
P384_BIKE_L3,P384_Classic_McEliece_460896,94.605323
P384_BIKE_L3,P384_Classic_McEliece_460896,89.967808
P384_BIKE_L3,P384_Classic_McEliece_460896,87.649661
P384_BIKE_L3,P384_Classic_McEliece_460896,91.574256
P384_BIKE_L3,P384_Classic_McEliece_460896,92.973413
P384_BIKE_L3,P384_Classic_McEliece_460896,88.310304
P384_BIKE_L3,P384_Classic_McEliece_460896,87.105829
P384_BIKE_L3,P384_Classic_McEliece_460896,92.718711
P384_BIKE_L3,P384_Classic_McEliece_460896,91.383384
P384_BIKE_L3,P384_Classic_McEliece_460896,90.903088
P384_BIKE_L3,P384_Classic_McEliece_460896,93.154161
P384_BIKE_L3,P384_Classic_McEliece_460896,97.606402
P384_BIKE_L3,P384_Classic_McEliece_460896,93.324599
P384_BIKE_L3,P384_Classic_McEliece_460896,94.265661
P384_BIKE_L3,P384_Classic_McEliece_460896,92.509688
P384_BIKE_L3,P384_Classic_McEliece_460896,92.172883
P384_BIKE_L3,P384_Classic_McEliece_460896,94.259771
P384_BIKE_L3,P384_Classic_McEliece_460896,91.739422
P384_BIKE_L3,P384_Classic_McEliece_460896,91.894327
P384_BIKE_L3,P384_Classic_McEliece_460896,98.652401
P384_BIKE_L3,P384_Classic_McEliece_460896,96.911746
P384_BIKE_L3,P384_Classic_McEliece_460896,88.722521
P384_BIKE_L3,P384_Classic_McEliece_460896,93.480755
P384_BIKE_L3,P384_Classic_McEliece_460896,93.565206
P384_BIKE_L3,P384_Classic_McEliece_460896,91.305497
P384_BIKE_L3,P384_Classic_McEliece_460896,90.004113
P384_BIKE_L3,P384_Classic_McEliece_460896,93.009204
P384_BIKE_L3,P384_Classic_McEliece_460896,95.276108
P384_BIKE_L3,P384_Classic_McEliece_460896,96.617224
P384_BIKE_L3,P384_Classic_McEliece_460896,90.928857
P384_BIKE_L3,P384_Classic_McEliece_460896,87.178675
P384_BIKE_L3,P384_Classic_McEliece_460896,91.352078
P384_BIKE_L3,P384_Classic_McEliece_460896,94.298405
P384_BIKE_L3,P384_Classic_McEliece_460896,93.358107
P384_BIKE_L3,P384_Classic_McEliece_460896,92.495283
P384_BIKE_L3,P384_Classic_McEliece_460896,90.52089
P384_BIKE_L3,P384_Classic_McEliece_460896,91.574776
P384_BIKE_L3,P384_Classic_McEliece_460896,86.662164
P384_BIKE_L3,P384_Classic_McEliece_460896,87.240642
P384_BIKE_L3,P384_Classic_McEliece_460896,96.852087
P384_BIKE_L3,P384_Classic_McEliece_460896,92.799667
P384_BIKE_L3,P384_Classic_McEliece_460896,87.738837
P384_BIKE_L3,P384_Classic_McEliece_460896,90.401074
P384_BIKE_L3,P384_Classic_McEliece_460896,95.237507
P384_BIKE_L3,P384_Classic_McEliece_460896,91.161869
P384_BIKE_L3,P384_Classic_McEliece_460896,87.369167
P384_BIKE_L3,P384_Classic_McEliece_460896,93.101624
P384_BIKE_L3,P384_Classic_McEliece_460896,91.687087
P384_BIKE_L3,P384_Classic_McEliece_460896,93.205405
P384_BIKE_L3,P384_Classic_McEliece_460896,92.12924
P384_BIKE_L3,P384_Classic_McEliece_460896,91.253891
P384_BIKE_L3,P384_Classic_McEliece_460896,86.621474
P384_BIKE_L3,P384_Classic_McEliece_460896,89.723193
P384_BIKE_L3,P384_Classic_McEliece_460896,90.89621
P384_BIKE_L3,P384_Classic_McEliece_460896,91.519403
P384_BIKE_L3,P384_Classic_McEliece_460896,94.492087
P384_BIKE_L3,P384_Classic_McEliece_460896,94.11807
P384_BIKE_L3,P384_Classic_McEliece_460896,90.105158
P384_BIKE_L3,P384_Classic_McEliece_460896,94.695924
P384_BIKE_L3,P384_Classic_McEliece_460896,91.058474
P384_BIKE_L3,P384_Classic_McEliece_460896,99.246731
P384_BIKE_L3,P384_Classic_McEliece_460896,98.021869
P384_BIKE_L3,P384_Classic_McEliece_460896,87.495207
P384_BIKE_L3,P384_Classic_McEliece_460896,88.375462
P384_BIKE_L3,P384_Classic_McEliece_460896,87.160136
P384_BIKE_L3,P384_Classic_McEliece_460896,87.542571
P384_BIKE_L3,P384_Classic_McEliece_460896,92.876838
P384_BIKE_L3,P384_Classic_McEliece_460896,92.331851
P384_BIKE_L3,P384_Classic_McEliece_460896,94.267415
P384_BIKE_L3,P384_Classic_McEliece_460896,96.093256
P384_BIKE_L3,P384_Classic_McEliece_460896,95.312573
P384_BIKE_L3,P384_Classic_McEliece_460896,87.302079
P384_BIKE_L3,P384_Classic_McEliece_460896,90.120431
P384_BIKE_L3,P384_Classic_McEliece_460896,91.014511
P384_BIKE_L3,P384_Classic_McEliece_460896,87.848387
P384_BIKE_L3,P384_Classic_McEliece_460896,99.483464
P384_BIKE_L3,P384_Classic_McEliece_460896,88.53006
P384_BIKE_L3,P384_Classic_McEliece_460896,90.979709
P384_BIKE_L3,P384_Classic_McEliece_460896,93.001133
P384_BIKE_L3,P384_Classic_McEliece_460896,88.555015
P384_BIKE_L3,P384_Classic_McEliece_460896,88.960777
P384_BIKE_L3,P384_Classic_McEliece_460896,94.127479
P384_BIKE_L3,P384_Classic_McEliece_460896,96.040707
P384_BIKE_L3,P384_Classic_McEliece_460896,91.887317
P384_BIKE_L3,P384_Classic_McEliece_460896,87.802347
P384_BIKE_L3,P384_Classic_McEliece_460896,93.411226
P384_BIKE_L3,P384_Classic_McEliece_460896,96.907761
P384_BIKE_L3,P384_Classic_McEliece_460896,93.535159
P384_BIKE_L3,P384_Classic_McEliece_460896,90.655587
P384_BIKE_L3,P384_Classic_McEliece_460896,94.273973
P384_BIKE_L3,P384_Classic_McEliece_460896,92.650373
P384_BIKE_L3,P384_Classic_McEliece_460896,91.647629
P384_BIKE_L3,P384_Classic_McEliece_460896,94.674822
P384_BIKE_L3,P384_Classic_McEliece_460896,89.643606
P384_BIKE_L3,P384_Classic_McEliece_460896,93.108532
P384_BIKE_L3,P384_Classic_McEliece_460896,90.804247
P384_BIKE_L3,P384_Classic_McEliece_460896,85.864426
P384_BIKE_L3,P384_Classic_McEliece_460896,93.435771
P384_BIKE_L3,P384_Classic_McEliece_460896,86.40074
P384_BIKE_L3,P384_Classic_McEliece_460896,96.512963
P384_BIKE_L3,P384_Classic_McEliece_460896,93.300757
P384_BIKE_L3,P384_Classic_McEliece_460896,91.512224
P384_BIKE_L3,P384_Classic_McEliece_460896,90.62141
P384_BIKE_L3,P384_Classic_McEliece_460896,89.435451
P384_BIKE_L3,P384_Classic_McEliece_460896,91.910062
P384_BIKE_L3,P384_Classic_McEliece_460896,94.461804
P384_BIKE_L3,P384_Classic_McEliece_460896,90.735237
P384_BIKE_L3,P384_Classic_McEliece_460896,93.87843
P384_BIKE_L3,P384_Classic_McEliece_460896,85.798989
P384_BIKE_L3,P384_Classic_McEliece_460896,86.974651
P384_BIKE_L3,P384_Classic_McEliece_460896,96.050714
P384_BIKE_L3,P384_Classic_McEliece_460896,93.645342
P384_BIKE_L3,P384_Classic_McEliece_460896,96.204837
P384_BIKE_L3,P384_Classic_McEliece_460896,92.135197
P384_BIKE_L3,P384_Classic_McEliece_460896,91.864706
P384_BIKE_L3,P384_Classic_McEliece_460896,95.299677
P384_BIKE_L3,P384_Classic_McEliece_460896,90.715566
P384_BIKE_L3,P384_Classic_McEliece_460896,89.767982
P384_BIKE_L3,P384_Classic_McEliece_460896,95.246263
P384_BIKE_L3,P384_Classic_McEliece_460896,89.229318
P384_BIKE_L3,P384_Classic_McEliece_460896,93.514918
P384_BIKE_L3,P384_Classic_McEliece_460896,88.374641
P384_BIKE_L3,P384_Classic_McEliece_460896,89.343165
P384_BIKE_L3,P384_Classic_McEliece_460896,92.271816
P384_BIKE_L3,P384_Classic_McEliece_460896,93.734057
P384_BIKE_L3,P384_Classic_McEliece_460896,87.944365
P384_BIKE_L3,P384_Classic_McEliece_460896,87.182773
P384_BIKE_L3,P384_Classic_McEliece_460896,94.017745
P384_BIKE_L3,P384_Classic_McEliece_460896,95.309201
P384_BIKE_L3,P384_Classic_McEliece_460896,88.96186
P384_BIKE_L3,P384_Classic_McEliece_460896,90.559133
P384_BIKE_L3,P384_Classic_McEliece_460896,89.96265
P384_BIKE_L3,P384_Classic_McEliece_460896,97.450003
P384_BIKE_L3,P384_Classic_McEliece_460896,94.045255
P384_BIKE_L3,P384_Classic_McEliece_460896,86.567638
P384_BIKE_L3,P384_Classic_McEliece_460896,96.393896
P384_BIKE_L3,P384_Classic_McEliece_460896,92.877019
P384_BIKE_L3,P384_Classic_McEliece_460896,93.070282
P384_BIKE_L3,P384_Classic_McEliece_460896,91.851244
P384_BIKE_L3,P384_Classic_McEliece_460896,90.951288
P384_BIKE_L3,P384_Classic_McEliece_460896,88.765038
P384_BIKE_L3,P384_Classic_McEliece_460896,93.352602
P384_BIKE_L3,P384_Classic_McEliece_460896,95.476885
P384_BIKE_L3,P384_Classic_McEliece_460896,91.906199
P384_BIKE_L3,P384_Classic_McEliece_460896,91.973695
P384_BIKE_L3,P384_Classic_McEliece_460896,92.968596
P384_BIKE_L3,P384_Classic_McEliece_460896,93.000357
P384_BIKE_L3,P384_Classic_McEliece_460896,100.969167
P384_BIKE_L3,P384_Classic_McEliece_460896,90.145662
P384_BIKE_L3,P384_Classic_McEliece_460896,87.729349
P384_BIKE_L3,P384_Classic_McEliece_460896,89.270174
P384_BIKE_L3,P384_Classic_McEliece_460896,91.292405
P384_BIKE_L3,P384_Classic_McEliece_460896,88.740394
P384_BIKE_L3,P384_Classic_McEliece_460896,96.182983
P384_BIKE_L3,P384_Classic_McEliece_460896,88.380776
P384_BIKE_L3,P384_Classic_McEliece_460896,94.371106
P384_BIKE_L3,P384_Classic_McEliece_460896,96.73179
P384_BIKE_L3,P384_Classic_McEliece_460896,94.116081
P384_BIKE_L3,P384_Classic_McEliece_460896,89.014373
P384_BIKE_L3,P384_Classic_McEliece_460896,89.162548
P384_BIKE_L3,P384_Classic_McEliece_460896,85.363265
P384_BIKE_L3,P384_Classic_McEliece_460896,94.008846
P384_BIKE_L3,P384_Classic_McEliece_460896,95.096491
P384_BIKE_L3,P384_Classic_McEliece_460896,91.237381
P384_BIKE_L3,P384_Classic_McEliece_460896,123.643014
P384_BIKE_L3,P384_Classic_McEliece_460896,90.657843
P384_BIKE_L3,P384_Classic_McEliece_460896,92.193367
P384_BIKE_L3,P384_Classic_McEliece_460896,98.507901
P384_BIKE_L3,P384_Classic_McEliece_460896,88.857372
P384_BIKE_L3,P384_Classic_McEliece_460896,85.670022
P384_BIKE_L3,P384_Classic_McEliece_460896,92.409829
P384_BIKE_L3,P384_Classic_McEliece_460896,91.73916
P384_BIKE_L3,P384_Classic_McEliece_460896,90.30283
P384_BIKE_L3,P384_Classic_McEliece_460896,90.718282
P384_BIKE_L3,P384_Classic_McEliece_460896,97.743276
P384_BIKE_L3,P384_Classic_McEliece_460896,92.68849
P384_BIKE_L3,P384_Classic_McEliece_460896,87.610655
P384_BIKE_L3,P384_Classic_McEliece_460896,91.975597
P384_BIKE_L3,P384_Classic_McEliece_460896,91.159428
P384_BIKE_L3,P384_Classic_McEliece_460896,91.601197
P384_BIKE_L3,P384_Classic_McEliece_460896,90.082252
P384_BIKE_L3,P384_Classic_McEliece_460896,95.139628
P384_BIKE_L3,P384_Classic_McEliece_460896,94.456761
P384_BIKE_L3,P384_Classic_McEliece_460896,89.979586
P384_BIKE_L3,P384_Classic_McEliece_460896,96.055263
P384_BIKE_L3,P384_Classic_McEliece_460896,87.221179
P384_BIKE_L3,P384_Classic_McEliece_460896,92.177397
P384_BIKE_L3,P384_Classic_McEliece_460896,88.503614
P384_BIKE_L3,P384_Classic_McEliece_460896,95.602806
P384_BIKE_L3,P384_Classic_McEliece_460896,89.349399
P384_BIKE_L3,P384_Classic_McEliece_460896,88.32532
P384_BIKE_L3,P384_Classic_McEliece_460896,92.356486
P384_BIKE_L3,P384_Classic_McEliece_460896,92.105712
P384_BIKE_L3,P384_Classic_McEliece_460896,93.780595
P384_BIKE_L3,P384_Classic_McEliece_460896,94.467873
P384_BIKE_L3,P384_Classic_McEliece_460896,93.761166
P384_BIKE_L3,P384_Classic_McEliece_460896,97.350405
P384_BIKE_L3,P384_Classic_McEliece_460896,93.22464
P384_BIKE_L3,P384_Classic_McEliece_460896,90.294314
P384_BIKE_L3,P384_Classic_McEliece_460896,88.072067
P384_BIKE_L3,P384_Classic_McEliece_460896,89.370373
P384_BIKE_L3,P384_Classic_McEliece_460896,92.833244
P384_BIKE_L3,P384_Classic_McEliece_460896,88.819509
P384_BIKE_L3,P384_Classic_McEliece_460896,92.249572
P384_BIKE_L3,P384_Classic_McEliece_460896,89.781467
P384_BIKE_L3,P384_Classic_McEliece_460896,93.068239
P384_BIKE_L3,P384_Classic_McEliece_460896,94.87759
P384_BIKE_L3,P384_Classic_McEliece_460896,87.778002
P384_BIKE_L3,P384_Classic_McEliece_460896,89.56894
P384_BIKE_L3,P384_Classic_McEliece_460896,93.403716
P384_BIKE_L3,P384_Classic_McEliece_460896,95.06318
P384_BIKE_L3,P384_Classic_McEliece_460896,89.103005
P384_BIKE_L3,P384_Classic_McEliece_460896,94.234383
P384_BIKE_L3,P384_Classic_McEliece_460896,87.495654
P384_BIKE_L3,P384_Classic_McEliece_460896,89.505215
P384_BIKE_L3,P384_Classic_McEliece_460896,87.443158
P384_BIKE_L3,P384_Classic_McEliece_460896,94.086226
P384_BIKE_L3,P384_Classic_McEliece_460896,93.751634
P384_BIKE_L3,P384_Classic_McEliece_460896,87.438741
P384_BIKE_L3,P384_Classic_McEliece_460896,95.281727
P384_BIKE_L3,P384_Classic_McEliece_460896,90.434128
P384_BIKE_L3,P384_Classic_McEliece_460896,93.216677
P384_BIKE_L3,P384_Classic_McEliece_460896,95.60548
P384_BIKE_L3,P384_Classic_McEliece_460896,90.413816
P384_BIKE_L3,P384_Classic_McEliece_460896,90.701772
P384_BIKE_L3,P384_Classic_McEliece_460896,90.81945
P384_BIKE_L3,P384_Classic_McEliece_460896,93.366092
P384_BIKE_L3,P384_Classic_McEliece_460896,89.980242
P384_BIKE_L3,P384_Classic_McEliece_460896,87.142063
P384_BIKE_L3,P384_Classic_McEliece_460896,98.389863
P384_BIKE_L3,P384_Classic_McEliece_460896,89.361666
P384_BIKE_L3,P384_Classic_McEliece_460896,89.922313
P384_BIKE_L3,P384_Classic_McEliece_460896,98.282088
P384_BIKE_L3,P384_Classic_McEliece_460896,97.087495
P384_BIKE_L3,P384_Classic_McEliece_460896,86.19053
P384_BIKE_L3,P384_Classic_McEliece_460896,90.22941
P384_BIKE_L3,P384_Classic_McEliece_460896,86.688397
P384_BIKE_L3,P384_Classic_McEliece_460896,95.138682
P384_BIKE_L3,P384_Classic_McEliece_460896,91.743754
P384_BIKE_L3,P384_Classic_McEliece_460896,89.05954
P384_BIKE_L3,P384_Classic_McEliece_460896,90.500051
P384_BIKE_L3,P384_Classic_McEliece_460896,91.907398
P384_BIKE_L3,P384_Classic_McEliece_460896,100.237242
P384_BIKE_L3,P384_Classic_McEliece_460896,97.552041
P384_BIKE_L3,P384_Classic_McEliece_460896,95.047349
P384_BIKE_L3,P384_Classic_McEliece_460896,88.15643
P384_BIKE_L3,P384_Classic_McEliece_460896,92.541585
P384_BIKE_L3,P384_Classic_McEliece_460896,97.280376
P384_BIKE_L3,P384_Classic_McEliece_460896,92.203566
P384_BIKE_L3,P384_Classic_McEliece_460896,92.789836
P384_BIKE_L3,P384_Classic_McEliece_460896,98.115428
P384_BIKE_L3,P384_Classic_McEliece_460896,93.673582
P384_BIKE_L3,P384_Classic_McEliece_460896,98.623852
P384_BIKE_L3,P384_Classic_McEliece_460896,93.404159
P384_BIKE_L3,P384_Classic_McEliece_460896,91.096982
P384_BIKE_L3,P384_Classic_McEliece_460896,97.266097
P384_BIKE_L3,P384_Classic_McEliece_460896,86.476559
P384_BIKE_L3,P384_Classic_McEliece_460896,96.136497
P384_BIKE_L3,P384_Classic_McEliece_460896,91.350507
P384_BIKE_L3,P384_Classic_McEliece_460896,92.341433
P384_BIKE_L3,P384_Classic_McEliece_460896,93.184539
P384_BIKE_L3,P384_Classic_McEliece_460896,88.529537
P384_BIKE_L3,P384_Classic_McEliece_460896,94.593718
P384_BIKE_L3,P384_Classic_McEliece_460896,94.901017
P384_BIKE_L3,P384_Classic_McEliece_460896,91.713553
P384_BIKE_L3,P384_Classic_McEliece_460896,90.227573
P384_BIKE_L3,P384_Classic_McEliece_460896,91.956632
P384_BIKE_L3,P384_Classic_McEliece_460896,92.643686
P384_BIKE_L3,P384_Classic_McEliece_460896,95.531538
P384_BIKE_L3,P384_Classic_McEliece_460896,90.761284
P384_BIKE_L3,P384_Classic_McEliece_460896,94.926961
P384_BIKE_L3,P384_Classic_McEliece_460896,93.073584
P384_BIKE_L3,P384_Classic_McEliece_460896,90.707595
P384_BIKE_L3,P384_Classic_McEliece_460896,93.823854
P384_BIKE_L3,P384_Classic_McEliece_460896,89.74206
P384_BIKE_L3,P384_Classic_McEliece_460896,92.316677
P384_BIKE_L3,P384_Classic_McEliece_460896,92.818181
P384_BIKE_L3,P384_Classic_McEliece_460896,93.438071
P384_BIKE_L3,P384_Classic_McEliece_460896,92.358237
P384_BIKE_L3,P384_Classic_McEliece_460896,98.565425
P384_BIKE_L3,P384_Classic_McEliece_460896,94.02477
P384_BIKE_L3,P384_Classic_McEliece_460896,95.626073
P384_BIKE_L3,P384_Classic_McEliece_460896,92.396034
P384_BIKE_L3,P384_Classic_McEliece_460896,96.755976
P384_BIKE_L3,P384_Classic_McEliece_460896,88.823357
P384_BIKE_L3,P384_Classic_McEliece_460896,91.305965
P384_BIKE_L3,P384_Classic_McEliece_460896,88.252761
P384_BIKE_L3,P384_Classic_McEliece_460896,94.392916
P384_BIKE_L3,P384_Classic_McEliece_460896,91.439723
P384_BIKE_L3,P384_Classic_McEliece_460896,89.40269
P384_BIKE_L3,P384_Classic_McEliece_460896,87.65766
P384_BIKE_L3,P384_Classic_McEliece_460896,88.069398
P384_BIKE_L3,P384_Classic_McEliece_460896,94.2562
P384_BIKE_L3,P384_Classic_McEliece_460896,90.198487
P384_BIKE_L3,P384_Classic_McEliece_460896,92.596279
P384_BIKE_L3,P384_Classic_McEliece_460896,91.77291
P384_BIKE_L3,P384_Classic_McEliece_460896,93.004182
P384_BIKE_L3,P384_Classic_McEliece_460896,94.152242
P384_BIKE_L3,P384_Classic_McEliece_460896,90.988584
P384_BIKE_L3,P384_Classic_McEliece_460896,93.001456
P384_BIKE_L3,P384_Classic_McEliece_460896,91.343233
P384_BIKE_L3,P384_Classic_McEliece_460896,94.203199
P384_BIKE_L3,P384_Classic_McEliece_460896,93.796293
P384_BIKE_L3,P384_Classic_McEliece_460896,93.47616
P384_BIKE_L3,P384_Classic_McEliece_460896,87.817881
P384_BIKE_L3,P384_Classic_McEliece_460896,93.363445
P384_BIKE_L3,P384_Classic_McEliece_460896,92.486581
P384_BIKE_L3,P384_Classic_McEliece_460896,93.886325
P384_BIKE_L3,P384_Classic_McEliece_460896,90.107487
P384_BIKE_L3,P384_Classic_McEliece_460896,87.843204
P384_BIKE_L3,P384_Classic_McEliece_460896,94.191868
P384_BIKE_L3,P384_Classic_McEliece_460896,87.622582
P384_BIKE_L3,P384_Classic_McEliece_460896,95.802541
P384_BIKE_L3,P384_Classic_McEliece_460896,90.312439
P384_BIKE_L3,P384_Classic_McEliece_460896,97.51151
P384_BIKE_L3,P384_Classic_McEliece_460896,91.316911
P384_BIKE_L3,P384_Classic_McEliece_460896,88.794266
P384_BIKE_L3,P384_Classic_McEliece_460896,95.156556
P384_BIKE_L3,P384_Classic_McEliece_460896,95.44873
P384_BIKE_L3,P384_Classic_McEliece_460896,94.637568
P384_BIKE_L3,P384_Classic_McEliece_460896,93.172303
P384_BIKE_L3,P384_Classic_McEliece_460896,92.08678
P384_BIKE_L3,P384_Classic_McEliece_460896,93.518149
P384_BIKE_L3,P384_Classic_McEliece_460896,91.614423
P384_BIKE_L3,P384_Classic_McEliece_460896,92.711317
P384_BIKE_L3,P384_Classic_McEliece_460896,92.628104
P384_BIKE_L3,P384_Classic_McEliece_460896,100.217321
P384_BIKE_L3,P384_Classic_McEliece_460896,95.007288
P384_BIKE_L3,P384_Classic_McEliece_460896,96.454757
P384_BIKE_L3,P384_Classic_McEliece_460896,92.996524
P384_BIKE_L3,P384_Classic_McEliece_460896,86.492487
P384_BIKE_L3,P384_Classic_McEliece_460896,96.15237
P384_BIKE_L3,P384_Classic_McEliece_460896,94.332707
P384_BIKE_L3,P384_Classic_McEliece_460896,89.875991
P384_BIKE_L3,P384_Classic_McEliece_460896,92.38138
P384_BIKE_L3,P384_Classic_McEliece_460896,92.497888
P384_BIKE_L3,P384_Classic_McEliece_460896,91.089723
P384_BIKE_L3,P384_Classic_McEliece_460896,86.618346
P384_BIKE_L3,P384_Classic_McEliece_460896,95.630393
P384_BIKE_L3,P384_Classic_McEliece_460896,91.107499
P384_BIKE_L3,P384_Classic_McEliece_460896,97.15068
P384_BIKE_L3,P384_Classic_McEliece_460896,89.866564
P384_BIKE_L3,P384_Classic_McEliece_460896,92.074982
P384_BIKE_L3,P384_Classic_McEliece_460896,93.240613
P384_BIKE_L3,P384_Classic_McEliece_460896,94.097919
P384_BIKE_L3,P384_Classic_McEliece_460896,94.871123
P384_BIKE_L3,P384_Classic_McEliece_460896,94.826069
P384_BIKE_L3,P384_Classic_McEliece_460896,89.913323
P384_BIKE_L3,P384_Classic_McEliece_460896,96.498794
P384_BIKE_L3,P384_Classic_McEliece_460896,89.652938
P384_BIKE_L3,P384_Classic_McEliece_460896,90.05847
P384_BIKE_L3,P384_Classic_McEliece_460896,88.85372
P384_BIKE_L3,P384_Classic_McEliece_460896,93.06639
P384_BIKE_L3,P384_Classic_McEliece_460896,97.281864
P384_BIKE_L3,P384_Classic_McEliece_460896,88.802523
P384_BIKE_L3,P384_Classic_McEliece_460896,87.595737
P384_BIKE_L3,P384_Classic_McEliece_460896,89.709599
P384_BIKE_L3,P384_Classic_McEliece_460896,90.679032
P384_BIKE_L3,P384_Classic_McEliece_460896,91.401032
P384_BIKE_L3,P384_Classic_McEliece_460896,96.902097
P384_BIKE_L3,P384_Classic_McEliece_460896,90.061541
P384_BIKE_L3,P384_Classic_McEliece_460896,88.504
P384_BIKE_L3,P384_Classic_McEliece_460896,98.214061
P384_BIKE_L3,P384_Classic_McEliece_460896,87.551002
P384_BIKE_L3,P384_Classic_McEliece_460896,85.864714
P384_BIKE_L3,P384_Classic_McEliece_460896,86.772765
P384_BIKE_L3,P384_Classic_McEliece_460896,94.212386
P384_BIKE_L3,P384_Classic_McEliece_460896,88.66533
P384_BIKE_L3,P384_Classic_McEliece_460896,93.714554
P384_BIKE_L3,P384_Classic_McEliece_460896,93.457941
P384_BIKE_L3,P384_Classic_McEliece_460896,87.570494
P384_BIKE_L3,P384_Classic_McEliece_460896,89.492235
P384_BIKE_L3,P384_Classic_McEliece_460896,98.389209
P384_BIKE_L3,P384_Classic_McEliece_460896,91.527461
P384_BIKE_L3,P384_Classic_McEliece_460896,89.071059
P384_BIKE_L3,P384_Classic_McEliece_460896,87.292274
P384_BIKE_L3,P384_Classic_McEliece_460896,89.896187
P384_BIKE_L3,P384_Classic_McEliece_460896,91.444399
P384_BIKE_L3,P384_Classic_McEliece_460896,90.548569
P384_BIKE_L3,P384_Classic_McEliece_460896,93.865861
P384_BIKE_L3,P384_Classic_McEliece_460896,87.363299
P384_BIKE_L3,P384_Classic_McEliece_460896,95.319524
P384_BIKE_L3,P384_Classic_McEliece_460896,98.640206
P384_BIKE_L3,P384_Classic_McEliece_460896,96.877361
P384_BIKE_L3,P384_Classic_McEliece_460896,98.662493
P384_BIKE_L3,P384_Classic_McEliece_460896,96.453506
P384_BIKE_L3,P384_Classic_McEliece_460896,91.124524
P384_BIKE_L3,P384_Classic_McEliece_460896,89.598256
P384_BIKE_L3,P384_Classic_McEliece_460896,90.497772
P384_BIKE_L3,P384_Classic_McEliece_460896,91.893053
P384_BIKE_L3,P384_Classic_McEliece_460896,95.029284
P384_BIKE_L3,P384_Classic_McEliece_460896,87.458727
P384_BIKE_L3,P384_Classic_McEliece_460896,90.438616
P384_BIKE_L3,P384_Classic_McEliece_460896,95.25265
P384_BIKE_L3,P384_Classic_McEliece_460896,92.096428
P384_BIKE_L3,P384_Classic_McEliece_460896,87.737364
P384_BIKE_L3,P384_Classic_McEliece_460896,88.216692
P384_BIKE_L3,P384_Classic_McEliece_460896,89.876844
P384_BIKE_L3,P384_Classic_McEliece_460896,93.514165
P384_BIKE_L3,P384_Classic_McEliece_460896,94.545843
P384_BIKE_L3,P384_Classic_McEliece_460896,99.902442
P384_BIKE_L3,P384_Classic_McEliece_460896,97.138481
P384_BIKE_L3,P384_Classic_McEliece_460896,90.237925
P384_BIKE_L3,P384_Classic_McEliece_460896,91.901496
P384_BIKE_L3,P384_Classic_McEliece_460896,94.739835
P384_BIKE_L3,P384_Classic_McEliece_460896,87.63074
P384_BIKE_L3,P384_Classic_McEliece_460896,91.616739
P384_BIKE_L3,P384_Classic_McEliece_460896,86.985375
P384_BIKE_L3,P384_Classic_McEliece_460896,96.93319
P384_BIKE_L3,P384_Classic_McEliece_460896,89.276173
P384_BIKE_L3,P384_Classic_McEliece_460896,89.505486
P384_BIKE_L3,P384_Classic_McEliece_460896,99.769854
P384_BIKE_L3,P384_Classic_McEliece_460896,98.933935
P384_BIKE_L3,P384_Classic_McEliece_460896,94.074833
P384_BIKE_L3,P384_Classic_McEliece_460896,90.323608
P384_BIKE_L3,P384_Classic_McEliece_460896,93.139412
P384_BIKE_L3,P384_Classic_McEliece_460896,97.441945
P384_BIKE_L3,P384_Classic_McEliece_460896,95.676563
P384_BIKE_L3,P384_Classic_McEliece_460896,95.301547
P384_BIKE_L3,P384_Classic_McEliece_460896,93.353524
P384_BIKE_L3,P384_Classic_McEliece_460896,96.220099
P384_BIKE_L3,P384_Classic_McEliece_460896,96.390145
P384_BIKE_L3,P384_Classic_McEliece_460896,90.373625
P384_BIKE_L3,P384_Classic_McEliece_460896,87.925818
P384_BIKE_L3,P384_Classic_McEliece_460896,90.170307
P384_BIKE_L3,P384_Classic_McEliece_460896,89.412278
P384_BIKE_L3,P384_Classic_McEliece_460896,94.005556
P384_BIKE_L3,P384_Classic_McEliece_460896,91.744886
P384_BIKE_L3,P384_Classic_McEliece_460896,91.710725
P384_BIKE_L3,P384_Classic_McEliece_460896,93.310545
P384_BIKE_L3,P384_Classic_McEliece_460896,98.564975
P384_BIKE_L3,P384_Classic_McEliece_460896,87.753346
P384_BIKE_L3,P384_Classic_McEliece_460896,88.565899
P384_BIKE_L3,P384_Classic_McEliece_460896,95.137436
P384_BIKE_L3,P384_Classic_McEliece_460896,97.05728
P384_BIKE_L3,P384_Classic_McEliece_460896,93.395831
P384_BIKE_L3,P384_Classic_McEliece_460896,89.208228
P384_BIKE_L3,P384_Classic_McEliece_460896,87.286816
P384_BIKE_L3,P384_Classic_McEliece_460896,88.061077
P384_BIKE_L3,P384_Classic_McEliece_460896,93.90975
P384_BIKE_L3,P384_Classic_McEliece_460896,94.013346
P384_BIKE_L3,P384_Classic_McEliece_460896,85.97155
P384_BIKE_L3,P384_Classic_McEliece_460896,94.562317
P384_BIKE_L3,P384_Classic_McEliece_460896,90.38813
P384_BIKE_L3,P384_Classic_McEliece_460896,94.858461
P384_BIKE_L3,P384_Classic_McEliece_460896,93.583226
P384_BIKE_L3,P384_Classic_McEliece_460896,93.63028
P384_BIKE_L3,P384_Classic_McEliece_460896,87.766223
P384_BIKE_L3,P384_Classic_McEliece_460896,90.389767
P384_BIKE_L3,P384_Classic_McEliece_460896,94.4138
P384_BIKE_L3,P384_Classic_McEliece_460896,91.419056
P384_BIKE_L3,P384_Classic_McEliece_460896,86.520313
P384_BIKE_L3,P384_Classic_McEliece_460896,95.006444
P384_BIKE_L3,P384_Classic_McEliece_460896,92.069422
P384_BIKE_L3,P384_Classic_McEliece_460896,94.269824
P384_BIKE_L3,P384_Classic_McEliece_460896,98.140076
P384_BIKE_L3,P384_Classic_McEliece_460896,91.688458
P384_BIKE_L3,P384_Classic_McEliece_460896,97.990197
P384_BIKE_L3,P384_Classic_McEliece_460896,92.297041
P384_BIKE_L3,P384_Classic_McEliece_460896,94.001985
P384_BIKE_L3,P384_Classic_McEliece_460896,96.656285
P384_BIKE_L3,P384_Classic_McEliece_460896,95.495949
P384_BIKE_L3,P384_Classic_McEliece_460896,98.712808
P384_BIKE_L3,P384_Classic_McEliece_460896,92.37272
P384_BIKE_L3,P384_Classic_McEliece_460896,94.583883
P384_BIKE_L3,P384_Classic_McEliece_460896,87.179563
P384_BIKE_L3,P384_Classic_McEliece_460896,93.087866
P384_BIKE_L3,P384_Classic_McEliece_460896,95.837267
P384_BIKE_L3,P384_Classic_McEliece_460896,92.377976
P384_BIKE_L3,P384_Classic_McEliece_460896,91.504165
P384_BIKE_L3,P384_Classic_McEliece_460896,87.624667
P384_BIKE_L3,P384_Classic_McEliece_460896,97.725847
P384_BIKE_L3,P384_Classic_McEliece_460896,92.421327
P384_BIKE_L3,P384_Classic_McEliece_460896,86.391016
P384_BIKE_L3,P384_Classic_McEliece_460896,86.087323
P384_BIKE_L3,P384_Classic_McEliece_460896,96.214922
P384_BIKE_L3,P384_Classic_McEliece_460896,92.28069
P384_BIKE_L3,P384_Classic_McEliece_460896,92.521119
P384_BIKE_L3,P384_Classic_McEliece_460896,92.666482
P384_BIKE_L3,P384_Classic_McEliece_460896,93.835746
P384_BIKE_L3,P384_Classic_McEliece_460896,88.435192
P384_BIKE_L3,P384_Classic_McEliece_460896,95.911578
P384_BIKE_L3,P384_Classic_McEliece_460896,87.507914
P384_BIKE_L3,P384_Classic_McEliece_460896,88.17654
P384_BIKE_L3,P384_Classic_McEliece_460896,90.207085
P384_BIKE_L3,P384_Classic_McEliece_460896,89.856443
P384_BIKE_L3,P384_Classic_McEliece_460896,92.935223
P384_BIKE_L3,P384_Classic_McEliece_460896,89.268458
P384_BIKE_L3,P384_Classic_McEliece_460896,91.2898
P384_BIKE_L3,P384_Classic_McEliece_460896,87.633306
P384_BIKE_L3,P384_Classic_McEliece_460896,92.520769
P384_BIKE_L3,P384_Classic_McEliece_460896,93.13326
P384_BIKE_L3,P384_Classic_McEliece_460896,92.635706
P384_BIKE_L3,P384_Classic_McEliece_460896,94.059816
P384_BIKE_L3,P384_Classic_McEliece_460896,92.262253
P384_BIKE_L3,P384_Classic_McEliece_460896,90.57633
P384_BIKE_L3,P384_Classic_McEliece_460896,94.023681
P384_BIKE_L3,P384_Classic_McEliece_460896,88.626906
P384_BIKE_L3,P384_Classic_McEliece_460896,86.651303
P384_BIKE_L3,P384_Classic_McEliece_460896,95.605709
P384_BIKE_L3,P384_Classic_McEliece_460896,92.276623
P384_BIKE_L3,P384_Classic_McEliece_460896,87.336101
P384_BIKE_L3,P384_Classic_McEliece_460896,93.672782
P384_BIKE_L3,P384_Classic_McEliece_460896,88.322811
P384_BIKE_L3,P384_Classic_McEliece_460896,92.052159
P384_BIKE_L3,P384_Classic_McEliece_460896,92.337572
P384_BIKE_L3,P384_Classic_McEliece_460896,93.425378
P384_BIKE_L3,P384_Classic_McEliece_460896,91.869377
P384_BIKE_L3,P384_Classic_McEliece_460896,90.913413
P384_BIKE_L3,P384_Classic_McEliece_460896,96.396476
P384_BIKE_L3,P384_Classic_McEliece_460896,92.980198
P384_BIKE_L3,P384_Classic_McEliece_460896,95.893522
P384_BIKE_L3,P384_Classic_McEliece_460896,98.384717
P384_BIKE_L3,P384_Classic_McEliece_460896,88.486683
P384_BIKE_L3,P384_Classic_McEliece_460896,94.809782
P384_BIKE_L3,P384_Classic_McEliece_460896,93.287162
P384_BIKE_L3,P384_Classic_McEliece_460896,91.192041
P384_BIKE_L3,P384_Classic_McEliece_460896,91.945879
P384_BIKE_L3,P384_Classic_McEliece_460896,96.075368
P384_BIKE_L3,P384_Classic_McEliece_460896,87.926701
P384_BIKE_L3,P384_Classic_McEliece_460896,92.969826
P384_BIKE_L3,P384_Classic_McEliece_460896,90.307193
P384_BIKE_L3,P384_Classic_McEliece_460896,93.181016
P384_BIKE_L3,P384_Classic_McEliece_460896,97.463206
P384_BIKE_L3,P384_Classic_McEliece_460896,90.096545
P384_BIKE_L3,P384_Classic_McEliece_460896,90.136131
P384_BIKE_L3,P384_Classic_McEliece_460896,93.066782
P384_BIKE_L3,P384_Classic_McEliece_460896,98.827327
P384_BIKE_L3,P384_Classic_McEliece_460896,90.108741
P384_BIKE_L3,P384_Classic_McEliece_460896,86.857118
P384_BIKE_L3,P384_Classic_McEliece_460896,93.094836
P384_BIKE_L3,P384_Classic_McEliece_460896,92.087881
P384_BIKE_L3,P384_Classic_McEliece_460896,87.973258
P384_BIKE_L3,P384_Classic_McEliece_460896,92.019006
P384_BIKE_L3,P384_Classic_McEliece_460896,91.670487
P384_BIKE_L3,P384_Classic_McEliece_460896,93.662613
P384_BIKE_L3,P384_Classic_McEliece_460896,90.50748
P384_BIKE_L3,P384_Classic_McEliece_460896,93.576367
P384_BIKE_L3,P384_Classic_McEliece_460896,92.272216
P384_BIKE_L3,P384_Classic_McEliece_460896,93.565628
P384_BIKE_L3,P384_Classic_McEliece_460896,93.246659
P384_BIKE_L3,P384_Classic_McEliece_460896,87.048523
P384_BIKE_L3,P384_Classic_McEliece_460896,94.61616
P384_BIKE_L3,P384_Classic_McEliece_460896,86.477917
P384_BIKE_L3,P384_Classic_McEliece_460896,91.541118
P384_BIKE_L3,P384_Classic_McEliece_460896,93.904597
P384_BIKE_L3,P384_Classic_McEliece_460896,91.497295
P384_BIKE_L3,P384_Classic_McEliece_460896,94.033028
P384_BIKE_L3,P384_Classic_McEliece_460896,95.284187
P384_BIKE_L3,P384_Classic_McEliece_460896,98.979832
P384_BIKE_L3,P384_Classic_McEliece_460896,98.102804
P384_BIKE_L3,P384_Classic_McEliece_460896,93.339633
P384_BIKE_L3,P384_Classic_McEliece_460896,92.86935
P384_BIKE_L3,P384_Classic_McEliece_460896,86.519975
P384_BIKE_L3,P384_Classic_McEliece_460896,92.113397
P384_BIKE_L3,P384_Classic_McEliece_460896,91.202881
P384_BIKE_L3,P384_Classic_McEliece_460896,91.709067
P384_BIKE_L3,P384_Classic_McEliece_460896,97.797937
P384_BIKE_L3,P384_Classic_McEliece_460896,95.964223
P384_BIKE_L3,P384_Classic_McEliece_460896,98.796105
P384_BIKE_L3,P384_Classic_McEliece_460896,92.841783
P384_BIKE_L3,P384_Classic_McEliece_460896,86.870172
P384_BIKE_L3,P384_Classic_McEliece_460896,92.397532
P384_BIKE_L3,P384_Classic_McEliece_460896,90.255007
P384_BIKE_L3,P384_Classic_McEliece_460896,93.030594
P384_BIKE_L3,P384_Classic_McEliece_460896,88.535636
P384_BIKE_L3,P384_Classic_McEliece_460896,92.859032
P384_BIKE_L3,P384_Classic_McEliece_460896,92.322125
P384_BIKE_L3,P384_Classic_McEliece_460896,87.280067
P384_BIKE_L3,P384_Classic_McEliece_460896,88.647218
P384_BIKE_L3,P384_Classic_McEliece_460896,87.875393
P384_BIKE_L3,P384_Classic_McEliece_460896,92.639012
P384_BIKE_L3,P384_Classic_McEliece_460896,93.65376
P384_BIKE_L3,P384_Classic_McEliece_460896,93.971391
P384_BIKE_L3,P384_Classic_McEliece_460896,95.629071
P384_BIKE_L3,P384_Classic_McEliece_460896,86.788269
P384_BIKE_L3,P384_Classic_McEliece_460896,87.654065
P384_BIKE_L3,P384_Classic_McEliece_460896,92.324072
P384_BIKE_L3,P384_Classic_McEliece_460896,86.163859
P384_BIKE_L3,P384_Classic_McEliece_460896,94.307204
P384_BIKE_L3,P384_Classic_McEliece_460896,91.215451
P384_BIKE_L3,P384_Classic_McEliece_460896,93.255559
P384_BIKE_L3,P384_Classic_McEliece_460896,96.363807
P384_BIKE_L3,P384_Classic_McEliece_460896,93.905341
P384_BIKE_L3,P384_Classic_McEliece_460896,89.803095
P384_BIKE_L3,P384_Classic_McEliece_460896,88.088016
P384_BIKE_L3,P384_Classic_McEliece_460896,88.527059
P384_BIKE_L3,P384_Classic_McEliece_460896,92.625596
P384_BIKE_L3,P384_Classic_McEliece_460896,93.245286
P384_BIKE_L3,P384_Classic_McEliece_460896,90.676346
P384_BIKE_L3,P384_Classic_McEliece_460896,98.808312
P384_BIKE_L3,P384_Classic_McEliece_460896,94.358056
P384_BIKE_L3,P384_Classic_McEliece_460896,91.203106
P384_BIKE_L3,P384_Classic_McEliece_460896,88.581484
P384_BIKE_L3,P384_Classic_McEliece_460896,90.695468
P384_BIKE_L3,P384_Classic_McEliece_460896,91.603159
P384_BIKE_L3,P384_Classic_McEliece_460896,91.199391
P384_BIKE_L3,P384_Classic_McEliece_460896,94.490244
P384_BIKE_L3,P384_Classic_McEliece_460896,95.427987
P384_BIKE_L3,P384_Classic_McEliece_460896,90.38244
P384_BIKE_L3,P384_Classic_McEliece_460896,92.287326
P384_BIKE_L3,P384_Classic_McEliece_460896,86.809609
P384_BIKE_L3,P384_Classic_McEliece_460896,90.614035
P384_BIKE_L3,P384_Classic_McEliece_460896,93.455345
P384_BIKE_L3,P384_Classic_McEliece_460896,87.163275
P384_BIKE_L3,P384_Classic_McEliece_460896,86.046553
P384_BIKE_L3,P384_Classic_McEliece_460896,88.550063
P384_BIKE_L3,P384_Classic_McEliece_460896,90.125606
P384_BIKE_L3,P384_Classic_McEliece_460896,88.573991
P384_BIKE_L3,P384_Classic_McEliece_460896,87.944412
P384_BIKE_L3,P384_Classic_McEliece_460896,97.807606
P384_BIKE_L3,P384_Classic_McEliece_460896,91.433107
P384_BIKE_L3,P384_Classic_McEliece_460896,89.122178
P384_BIKE_L3,P384_Classic_McEliece_460896,89.445377
P384_BIKE_L3,P384_Classic_McEliece_460896,91.704016
P384_BIKE_L3,P384_Classic_McEliece_460896,91.320245
P384_BIKE_L3,P384_Classic_McEliece_460896,88.048587
P384_BIKE_L3,P384_Classic_McEliece_460896,94.453952
P384_BIKE_L3,P384_Classic_McEliece_460896,96.669771
P384_BIKE_L3,P384_Classic_McEliece_460896,95.720041
P384_BIKE_L3,P384_Classic_McEliece_460896,85.639403
P384_BIKE_L3,P384_Classic_McEliece_460896,95.581223
P384_BIKE_L3,P384_Classic_McEliece_460896,94.597141
P384_BIKE_L3,P384_Classic_McEliece_460896,94.466945
P384_BIKE_L3,P384_Classic_McEliece_460896,96.653847
P384_BIKE_L3,P384_Classic_McEliece_460896,93.825685
P384_BIKE_L3,P384_Classic_McEliece_460896,89.562993
P384_BIKE_L3,P384_Classic_McEliece_460896,95.571901
P384_BIKE_L3,P384_Classic_McEliece_460896,94.185549
P384_BIKE_L3,P384_Classic_McEliece_460896,97.648888
P384_BIKE_L3,P384_Classic_McEliece_460896,93.693983
P384_BIKE_L3,P384_Classic_McEliece_460896,96.200067
P384_BIKE_L3,P384_Classic_McEliece_460896,90.367537
P384_BIKE_L3,P384_Classic_McEliece_460896,93.14628
P384_BIKE_L3,P384_Classic_McEliece_460896,94.985134
P384_BIKE_L3,P384_Classic_McEliece_460896,93.432733
P384_BIKE_L3,P384_Classic_McEliece_460896,96.970825
P384_BIKE_L3,P384_Classic_McEliece_460896,88.670816
P384_BIKE_L3,P384_Classic_McEliece_460896,91.143163
P384_BIKE_L3,P384_Classic_McEliece_460896,89.091798
P384_BIKE_L3,P384_Classic_McEliece_460896,86.086405
P384_BIKE_L3,P384_Classic_McEliece_460896,93.600231
P384_BIKE_L3,P384_Classic_McEliece_460896,93.933763
P384_BIKE_L3,P384_Classic_McEliece_460896,90.725367
P384_BIKE_L3,P384_Classic_McEliece_460896,93.448931
P384_BIKE_L3,P384_Classic_McEliece_460896,93.672867
P384_BIKE_L3,P384_Classic_McEliece_460896,96.591494
P384_BIKE_L3,P384_Classic_McEliece_460896,93.728934
P384_BIKE_L3,P384_Classic_McEliece_460896,98.08838
P384_BIKE_L3,P384_Classic_McEliece_460896,87.681097
P384_BIKE_L3,P384_Classic_McEliece_460896,91.661821
P384_BIKE_L3,P384_Classic_McEliece_460896,94.581117
P384_BIKE_L3,P384_Classic_McEliece_460896,101.848115
P384_BIKE_L3,P384_Classic_McEliece_460896,97.559322
P384_BIKE_L3,P384_Classic_McEliece_460896,93.005869
P384_BIKE_L3,P384_Classic_McEliece_460896,89.258584
P384_BIKE_L3,P384_Classic_McEliece_460896,90.018035
P384_BIKE_L3,P384_Classic_McEliece_460896,94.592552
P384_BIKE_L3,P384_Classic_McEliece_460896,97.184589
P384_BIKE_L3,P384_Classic_McEliece_460896,93.747662
P384_BIKE_L3,P384_Classic_McEliece_460896,86.896996
P384_BIKE_L3,P384_Classic_McEliece_460896,92.543928
P384_BIKE_L3,P384_Classic_McEliece_460896,98.296184
P384_BIKE_L3,P384_Classic_McEliece_460896,91.249073
P384_BIKE_L3,P384_Classic_McEliece_460896,94.390887
P384_BIKE_L3,P384_Classic_McEliece_460896,93.521673
P384_BIKE_L3,P384_Classic_McEliece_460896,93.331342
P384_BIKE_L3,P384_Classic_McEliece_460896,100.078135
P384_BIKE_L3,P384_Classic_McEliece_460896,92.28315
P384_BIKE_L3,P384_Classic_McEliece_460896,95.133773
P384_BIKE_L3,P384_Classic_McEliece_460896,92.352751
P384_BIKE_L3,P384_Classic_McEliece_460896,91.765908
P384_BIKE_L3,P384_Classic_McEliece_460896,94.453792
P384_BIKE_L3,P384_Classic_McEliece_460896,93.628591
P384_BIKE_L3,P384_Classic_McEliece_460896,91.017969
P384_BIKE_L3,P384_Classic_McEliece_460896,91.316084
P384_BIKE_L3,P384_Classic_McEliece_460896,89.190881
P384_BIKE_L3,P384_Classic_McEliece_460896,89.325656
P384_BIKE_L3,P384_Classic_McEliece_460896,88.149389
P384_BIKE_L3,P384_Classic_McEliece_460896,95.597613
P384_BIKE_L3,P384_Classic_McEliece_460896,87.984365
P384_BIKE_L3,P384_Classic_McEliece_460896,86.612265
P384_BIKE_L3,P384_Classic_McEliece_460896,90.804593
P384_BIKE_L3,P384_Classic_McEliece_460896,91.405259
P384_BIKE_L3,P384_Classic_McEliece_460896,86.193993
P384_BIKE_L3,P384_Classic_McEliece_460896,90.872574
P384_BIKE_L3,P384_Classic_McEliece_460896,94.408867
P384_BIKE_L3,P384_Classic_McEliece_460896,90.461112
P384_BIKE_L3,P384_Classic_McEliece_460896,92.973325
P384_BIKE_L3,P384_Classic_McEliece_460896,87.993786
P384_BIKE_L3,P384_Classic_McEliece_460896,96.179398
P384_BIKE_L3,P384_Classic_McEliece_460896,89.691591
P384_BIKE_L3,P384_Classic_McEliece_460896,99.63672
P384_BIKE_L3,P384_Classic_McEliece_460896,90.976178
P384_BIKE_L3,P384_Classic_McEliece_460896,99.426993
P384_BIKE_L3,P384_Classic_McEliece_460896,89.820898
P384_BIKE_L3,P384_Classic_McEliece_460896,90.66734
P384_BIKE_L3,P384_Classic_McEliece_460896,92.991745
P384_BIKE_L3,P384_Classic_McEliece_460896,94.782098
P384_BIKE_L3,P384_Classic_McEliece_460896,88.682067
P384_BIKE_L3,P384_Classic_McEliece_460896,89.830186
P384_BIKE_L3,P384_Classic_McEliece_460896,92.598767
P384_BIKE_L3,P384_Classic_McEliece_460896,90.847642
P384_BIKE_L3,P384_Classic_McEliece_460896,91.314468
P384_BIKE_L3,P384_Classic_McEliece_460896,90.261642
P384_BIKE_L3,P384_Classic_McEliece_460896,87.737081
P384_BIKE_L3,P384_Classic_McEliece_460896,92.266796
P384_BIKE_L3,P384_Classic_McEliece_460896,97.747165
P384_BIKE_L3,P384_Classic_McEliece_460896,87.562644
P521_HQC_256,P521_HQC_256,379.557685
P521_HQC_256,P521_HQC_256,385.479435
P521_HQC_256,P521_HQC_256,384.239924
P521_HQC_256,P521_HQC_256,380.937772
P521_HQC_256,P521_HQC_256,378.694021
P521_HQC_256,P521_HQC_256,381.340922
P521_HQC_256,P521_HQC_256,373.488102
P521_HQC_256,P521_HQC_256,377.940702
P521_HQC_256,P521_HQC_256,384.573912
P521_HQC_256,P521_HQC_256,370.545481
P521_HQC_256,P521_HQC_256,387.598804
P521_HQC_256,P521_HQC_256,368.175755
P521_HQC_256,P521_HQC_256,391.689105
P521_HQC_256,P521_HQC_256,380.331108
P521_HQC_256,P521_HQC_256,386.042978
P521_HQC_256,P521_HQC_256,392.045096
P521_HQC_256,P521_HQC_256,384.40086
P521_HQC_256,P521_HQC_256,379.323737
P521_HQC_256,P521_HQC_256,389.444775
P521_HQC_256,P521_HQC_256,388.760998
P521_HQC_256,P521_HQC_256,364.119349
P521_HQC_256,P521_HQC_256,386.364441
P521_HQC_256,P521_HQC_256,383.390096
P521_HQC_256,P521_HQC_256,381.466947
P521_HQC_256,P521_HQC_256,398.612201
P521_HQC_256,P521_HQC_256,374.04357
P521_HQC_256,P521_HQC_256,377.797802
P521_HQC_256,P521_HQC_256,368.149582
P521_HQC_256,P521_HQC_256,389.492925
P521_HQC_256,P521_HQC_256,387.460894
P521_HQC_256,P521_HQC_256,386.854449
P521_HQC_256,P521_HQC_256,389.850062
P521_HQC_256,P521_HQC_256,395.158947
P521_HQC_256,P521_HQC_256,373.975248
P521_HQC_256,P521_HQC_256,386.947543
P521_HQC_256,P521_HQC_256,376.039282
P521_HQC_256,P521_HQC_256,373.285755
P521_HQC_256,P521_HQC_256,379.355553
P521_HQC_256,P521_HQC_256,388.080517
P521_HQC_256,P521_HQC_256,387.279184
P521_HQC_256,P521_HQC_256,386.950688
P521_HQC_256,P521_HQC_256,384.904783
P521_HQC_256,P521_HQC_256,363.984037
P521_HQC_256,P521_HQC_256,375.768138
P521_HQC_256,P521_HQC_256,386.674046
P521_HQC_256,P521_HQC_256,389.188391
P521_HQC_256,P521_HQC_256,366.530246
P521_HQC_256,P521_HQC_256,368.117618
P521_HQC_256,P521_HQC_256,395.98309
P521_HQC_256,P521_HQC_256,384.849455
P521_HQC_256,P521_HQC_256,377.835274
P521_HQC_256,P521_HQC_256,364.495807
P521_HQC_256,P521_HQC_256,385.43958
P521_HQC_256,P521_HQC_256,381.956291
P521_HQC_256,P521_HQC_256,379.954421
P521_HQC_256,P521_HQC_256,377.413228
P521_HQC_256,P521_HQC_256,369.436565
P521_HQC_256,P521_HQC_256,394.143716
P521_HQC_256,P521_HQC_256,375.468118
P521_HQC_256,P521_HQC_256,383.501253
P521_HQC_256,P521_HQC_256,376.959105
P521_HQC_256,P521_HQC_256,384.864266
P521_HQC_256,P521_HQC_256,384.673476
P521_HQC_256,P521_HQC_256,401.316906
P521_HQC_256,P521_HQC_256,383.282043
P521_HQC_256,P521_HQC_256,371.589873
P521_HQC_256,P521_HQC_256,375.233999
P521_HQC_256,P521_HQC_256,377.76338
P521_HQC_256,P521_HQC_256,382.450047
P521_HQC_256,P521_HQC_256,374.969266
P521_HQC_256,P521_HQC_256,389.830508
P521_HQC_256,P521_HQC_256,385.994288
P521_HQC_256,P521_HQC_256,382.602274
P521_HQC_256,P521_HQC_256,385.907676
P521_HQC_256,P521_HQC_256,369.414288
P521_HQC_256,P521_HQC_256,390.45914
P521_HQC_256,P521_HQC_256,382.888308
P521_HQC_256,P521_HQC_256,399.959132
P521_HQC_256,P521_HQC_256,390.515605
P521_HQC_256,P521_HQC_256,372.899914
P521_HQC_256,P521_HQC_256,369.79374
P521_HQC_256,P521_HQC_256,380.877564
P521_HQC_256,P521_HQC_256,389.05447
P521_HQC_256,P521_HQC_256,382.999508
P521_HQC_256,P521_HQC_256,375.494677
P521_HQC_256,P521_HQC_256,369.108099
P521_HQC_256,P521_HQC_256,378.441433
P521_HQC_256,P521_HQC_256,369.602733
P521_HQC_256,P521_HQC_256,387.862702
P521_HQC_256,P521_HQC_256,375.34732
P521_HQC_256,P521_HQC_256,381.21336
P521_HQC_256,P521_HQC_256,373.818803
P521_HQC_256,P521_HQC_256,376.135928
P521_HQC_256,P521_HQC_256,368.968223
P521_HQC_256,P521_HQC_256,371.131972
P521_HQC_256,P521_HQC_256,380.392517
P521_HQC_256,P521_HQC_256,393.99336
P521_HQC_256,P521_HQC_256,375.373706
P521_HQC_256,P521_HQC_256,366.912434
P521_HQC_256,P521_HQC_256,381.97831
P521_HQC_256,P521_HQC_256,367.071833
P521_HQC_256,P521_HQC_256,384.551336
P521_HQC_256,P521_HQC_256,374.853229
P521_HQC_256,P521_HQC_256,396.011957
P521_HQC_256,P521_HQC_256,400.876204
P521_HQC_256,P521_HQC_256,378.302343
P521_HQC_256,P521_HQC_256,401.762989
P521_HQC_256,P521_HQC_256,384.039661
P521_HQC_256,P521_HQC_256,384.39033
P521_HQC_256,P521_HQC_256,389.363811
P521_HQC_256,P521_HQC_256,377.712717
P521_HQC_256,P521_HQC_256,371.538251
P521_HQC_256,P521_HQC_256,380.491797
P521_HQC_256,P521_HQC_256,379.896154
P521_HQC_256,P521_HQC_256,385.738222
P521_HQC_256,P521_HQC_256,370.836556
P521_HQC_256,P521_HQC_256,388.946551
P521_HQC_256,P521_HQC_256,392.808095
P521_HQC_256,P521_HQC_256,389.60403
P521_HQC_256,P521_HQC_256,393.491865
P521_HQC_256,P521_HQC_256,383.479222
P521_HQC_256,P521_HQC_256,372.280889
P521_HQC_256,P521_HQC_256,367.114367
P521_HQC_256,P521_HQC_256,387.841635
P521_HQC_256,P521_HQC_256,381.015565
P521_HQC_256,P521_HQC_256,392.613348
P521_HQC_256,P521_HQC_256,385.288687
P521_HQC_256,P521_HQC_256,381.397034
P521_HQC_256,P521_HQC_256,381.774362
P521_HQC_256,P521_HQC_256,366.080364
P521_HQC_256,P521_HQC_256,371.622959
P521_HQC_256,P521_HQC_256,387.010964
P521_HQC_256,P521_HQC_256,370.202114
P521_HQC_256,P521_HQC_256,369.778486
P521_HQC_256,P521_HQC_256,380.450391
P521_HQC_256,P521_HQC_256,380.22398
P521_HQC_256,P521_HQC_256,378.31376
P521_HQC_256,P521_HQC_256,387.833719
P521_HQC_256,P521_HQC_256,391.040585
P521_HQC_256,P521_HQC_256,388.566919
P521_HQC_256,P521_HQC_256,377.074359
P521_HQC_256,P521_HQC_256,374.949961
P521_HQC_256,P521_HQC_256,371.189712
P521_HQC_256,P521_HQC_256,375.27183
P521_HQC_256,P521_HQC_256,377.276331
P521_HQC_256,P521_HQC_256,380.529142
P521_HQC_256,P521_HQC_256,404.291372
P521_HQC_256,P521_HQC_256,370.963476
P521_HQC_256,P521_HQC_256,370.074635
P521_HQC_256,P521_HQC_256,371.089075
P521_HQC_256,P521_HQC_256,385.124478
P521_HQC_256,P521_HQC_256,377.838159
P521_HQC_256,P521_HQC_256,383.965999
P521_HQC_256,P521_HQC_256,372.169481
P521_HQC_256,P521_HQC_256,364.936272
P521_HQC_256,P521_HQC_256,387.360327
P521_HQC_256,P521_HQC_256,366.24685
P521_HQC_256,P521_HQC_256,383.955345
P521_HQC_256,P521_HQC_256,391.999538
P521_HQC_256,P521_HQC_256,383.307891
P521_HQC_256,P521_HQC_256,378.668259
P521_HQC_256,P521_HQC_256,383.691829
P521_HQC_256,P521_HQC_256,385.800006
P521_HQC_256,P521_HQC_256,382.196679
P521_HQC_256,P521_HQC_256,380.777231
P521_HQC_256,P521_HQC_256,393.775878
P521_HQC_256,P521_HQC_256,399.81032
P521_HQC_256,P521_HQC_256,383.867948
P521_HQC_256,P521_HQC_256,366.022083
P521_HQC_256,P521_HQC_256,394.671267
P521_HQC_256,P521_HQC_256,371.017072
P521_HQC_256,P521_HQC_256,371.535848
P521_HQC_256,P521_HQC_256,390.488082
P521_HQC_256,P521_HQC_256,381.73973
P521_HQC_256,P521_HQC_256,371.195349
P521_HQC_256,P521_HQC_256,383.455099
P521_HQC_256,P521_HQC_256,379.90702
P521_HQC_256,P521_HQC_256,367.558766
P521_HQC_256,P521_HQC_256,370.824081
P521_HQC_256,P521_HQC_256,366.301684
P521_HQC_256,P521_HQC_256,374.911771
P521_HQC_256,P521_HQC_256,374.532375
P521_HQC_256,P521_HQC_256,376.425606
P521_HQC_256,P521_HQC_256,382.674468
P521_HQC_256,P521_HQC_256,368.408031
P521_HQC_256,P521_HQC_256,369.631796
P521_HQC_256,P521_HQC_256,380.842467
P521_HQC_256,P521_HQC_256,388.500911
P521_HQC_256,P521_HQC_256,385.213214
P521_HQC_256,P521_HQC_256,374.963265
P521_HQC_256,P521_HQC_256,379.707633
P521_HQC_256,P521_HQC_256,375.422296
P521_HQC_256,P521_HQC_256,373.089564
P521_HQC_256,P521_HQC_256,378.658867
P521_HQC_256,P521_HQC_256,385.908529
P521_HQC_256,P521_HQC_256,385.836269
P521_HQC_256,P521_HQC_256,380.49272
P521_HQC_256,P521_HQC_256,373.396072
P521_HQC_256,P521_HQC_256,388.355999
P521_HQC_256,P521_HQC_256,386.236348
P521_HQC_256,P521_HQC_256,383.226755
P521_HQC_256,P521_HQC_256,384.97825
P521_HQC_256,P521_HQC_256,388.721702
P521_HQC_256,P521_HQC_256,388.349178
P521_HQC_256,P521_HQC_256,398.864336
P521_HQC_256,P521_HQC_256,386.829006
P521_HQC_256,P521_HQC_256,371.874203
P521_HQC_256,P521_HQC_256,383.757513
P521_HQC_256,P521_HQC_256,370.593333
P521_HQC_256,P521_HQC_256,384.342493
P521_HQC_256,P521_HQC_256,387.054568
P521_HQC_256,P521_HQC_256,382.823884
P521_HQC_256,P521_HQC_256,366.841159
P521_HQC_256,P521_HQC_256,386.974762
P521_HQC_256,P521_HQC_256,385.822768
P521_HQC_256,P521_HQC_256,385.890519
P521_HQC_256,P521_HQC_256,372.482061
P521_HQC_256,P521_HQC_256,384.239528
P521_HQC_256,P521_HQC_256,391.462092
P521_HQC_256,P521_HQC_256,391.508976
P521_HQC_256,P521_HQC_256,398.906733
P521_HQC_256,P521_HQC_256,368.132089
P521_HQC_256,P521_HQC_256,394.162973
P521_HQC_256,P521_HQC_256,398.469034
P521_HQC_256,P521_HQC_256,393.416922
P521_HQC_256,P521_HQC_256,395.891466
P521_HQC_256,P521_HQC_256,374.370923
P521_HQC_256,P521_HQC_256,391.133911
P521_HQC_256,P521_HQC_256,373.171045
P521_HQC_256,P521_HQC_256,388.723005
P521_HQC_256,P521_HQC_256,368.84475
P521_HQC_256,P521_HQC_256,386.66539
P521_HQC_256,P521_HQC_256,366.623963
P521_HQC_256,P521_HQC_256,374.818078
P521_HQC_256,P521_HQC_256,367.716663
P521_HQC_256,P521_HQC_256,398.609369
P521_HQC_256,P521_HQC_256,375.771574
P521_HQC_256,P521_HQC_256,379.328781
P521_HQC_256,P521_HQC_256,376.713295
P521_HQC_256,P521_HQC_256,368.033069
P521_HQC_256,P521_HQC_256,389.486508
P521_HQC_256,P521_HQC_256,386.73654
P521_HQC_256,P521_HQC_256,386.093766
P521_HQC_256,P521_HQC_256,381.134666
P521_HQC_256,P521_HQC_256,398.60108
P521_HQC_256,P521_HQC_256,373.612344
P521_HQC_256,P521_HQC_256,387.244911
P521_HQC_256,P521_HQC_256,361.884659
P521_HQC_256,P521_HQC_256,387.722552
P521_HQC_256,P521_HQC_256,388.405523
P521_HQC_256,P521_HQC_256,375.699088
P521_HQC_256,P521_HQC_256,386.383111
P521_HQC_256,P521_HQC_256,381.609855
P521_HQC_256,P521_HQC_256,389.178581
P521_HQC_256,P521_HQC_256,369.030815
P521_HQC_256,P521_HQC_256,401.379467
P521_HQC_256,P521_HQC_256,374.99468
P521_HQC_256,P521_HQC_256,381.187845
P521_HQC_256,P521_HQC_256,395.584861
P521_HQC_256,P521_HQC_256,404.867364
P521_HQC_256,P521_HQC_256,374.516139
P521_HQC_256,P521_HQC_256,378.000136
P521_HQC_256,P521_HQC_256,364.436382
P521_HQC_256,P521_HQC_256,366.403669
P521_HQC_256,P521_HQC_256,368.112783
P521_HQC_256,P521_HQC_256,382.78048
P521_HQC_256,P521_HQC_256,380.446054
P521_HQC_256,P521_HQC_256,374.773859
P521_HQC_256,P521_HQC_256,376.177881
P521_HQC_256,P521_HQC_256,398.724663
P521_HQC_256,P521_HQC_256,363.368146
P521_HQC_256,P521_HQC_256,396.627643
P521_HQC_256,P521_HQC_256,386.56144
P521_HQC_256,P521_HQC_256,388.038145
P521_HQC_256,P521_HQC_256,372.121211
P521_HQC_256,P521_HQC_256,383.555054
P521_HQC_256,P521_HQC_256,375.252633
P521_HQC_256,P521_HQC_256,386.658428
P521_HQC_256,P521_HQC_256,374.237838
P521_HQC_256,P521_HQC_256,368.655285
P521_HQC_256,P521_HQC_256,380.564312
P521_HQC_256,P521_HQC_256,377.226542
P521_HQC_256,P521_HQC_256,390.576398
P521_HQC_256,P521_HQC_256,370.27042
P521_HQC_256,P521_HQC_256,378.009721
P521_HQC_256,P521_HQC_256,385.30422
P521_HQC_256,P521_HQC_256,377.520179
P521_HQC_256,P521_HQC_256,386.069468
P521_HQC_256,P521_HQC_256,366.638177
P521_HQC_256,P521_HQC_256,376.253081
P521_HQC_256,P521_HQC_256,368.909183
P521_HQC_256,P521_HQC_256,383.948018
P521_HQC_256,P521_HQC_256,373.123441
P521_HQC_256,P521_HQC_256,373.711531
P521_HQC_256,P521_HQC_256,371.969067
P521_HQC_256,P521_HQC_256,387.82913
P521_HQC_256,P521_HQC_256,386.92362
P521_HQC_256,P521_HQC_256,387.929048
P521_HQC_256,P521_HQC_256,383.130946
P521_HQC_256,P521_HQC_256,369.941549
P521_HQC_256,P521_HQC_256,379.407213
P521_HQC_256,P521_HQC_256,375.039609
P521_HQC_256,P521_HQC_256,376.107397
P521_HQC_256,P521_HQC_256,381.085134
P521_HQC_256,P521_HQC_256,378.75875
P521_HQC_256,P521_HQC_256,371.993514
P521_HQC_256,P521_HQC_256,373.761997
P521_HQC_256,P521_HQC_256,387.120686
P521_HQC_256,P521_HQC_256,372.865987
P521_HQC_256,P521_HQC_256,381.414737
P521_HQC_256,P521_HQC_256,382.997947
P521_HQC_256,P521_HQC_256,401.103005
P521_HQC_256,P521_HQC_256,367.109717
P521_HQC_256,P521_HQC_256,400.963892
P521_HQC_256,P521_HQC_256,380.888359
P521_HQC_256,P521_HQC_256,379.684493
P521_HQC_256,P521_HQC_256,396.733429
P521_HQC_256,P521_HQC_256,385.107285
P521_HQC_256,P521_HQC_256,382.016451
P521_HQC_256,P521_HQC_256,387.484428
P521_HQC_256,P521_HQC_256,387.471218
P521_HQC_256,P521_HQC_256,386.839418
P521_HQC_256,P521_HQC_256,384.656282
P521_HQC_256,P521_HQC_256,389.608324
P521_HQC_256,P521_HQC_256,385.083217
P521_HQC_256,P521_HQC_256,378.731044
P521_HQC_256,P521_HQC_256,376.324556
P521_HQC_256,P521_HQC_256,372.656731
P521_HQC_256,P521_HQC_256,382.07662
P521_HQC_256,P521_HQC_256,371.285791
P521_HQC_256,P521_HQC_256,372.916068
P521_HQC_256,P521_HQC_256,391.297966
P521_HQC_256,P521_HQC_256,386.317867
P521_HQC_256,P521_HQC_256,372.406808
P521_HQC_256,P521_HQC_256,383.343626
P521_HQC_256,P521_HQC_256,382.185242
P521_HQC_256,P521_HQC_256,381.921762
P521_HQC_256,P521_HQC_256,386.074911
P521_HQC_256,P521_HQC_256,364.943308
P521_HQC_256,P521_HQC_256,375.65642
P521_HQC_256,P521_HQC_256,373.145261
P521_HQC_256,P521_HQC_256,398.215111
P521_HQC_256,P521_HQC_256,391.328269
P521_HQC_256,P521_HQC_256,388.460237
P521_HQC_256,P521_HQC_256,383.213567
P521_HQC_256,P521_HQC_256,377.166208
P521_HQC_256,P521_HQC_256,373.446454
P521_HQC_256,P521_HQC_256,388.656309
P521_HQC_256,P521_HQC_256,386.266472
P521_HQC_256,P521_HQC_256,366.155389
P521_HQC_256,P521_HQC_256,397.137187
P521_HQC_256,P521_HQC_256,372.376855
P521_HQC_256,P521_HQC_256,371.876318
P521_HQC_256,P521_HQC_256,369.709282
P521_HQC_256,P521_HQC_256,386.495063
P521_HQC_256,P521_HQC_256,389.857523
P521_HQC_256,P521_HQC_256,395.992148
P521_HQC_256,P521_HQC_256,367.897941
P521_HQC_256,P521_HQC_256,381.153457
P521_HQC_256,P521_HQC_256,389.770067
P521_HQC_256,P521_HQC_256,373.123151
P521_HQC_256,P521_HQC_256,399.834585
P521_HQC_256,P521_HQC_256,373.405245
P521_HQC_256,P521_HQC_256,374.280316
P521_HQC_256,P521_HQC_256,369.748849
P521_HQC_256,P521_HQC_256,380.926331
P521_HQC_256,P521_HQC_256,377.774932
P521_HQC_256,P521_HQC_256,372.039435
P521_HQC_256,P521_HQC_256,370.504709
P521_HQC_256,P521_HQC_256,386.770463
P521_HQC_256,P521_HQC_256,369.705606
P521_HQC_256,P521_HQC_256,372.139292
P521_HQC_256,P521_HQC_256,367.553031
P521_HQC_256,P521_HQC_256,386.57337
P521_HQC_256,P521_HQC_256,372.24209
P521_HQC_256,P521_HQC_256,384.996376
P521_HQC_256,P521_HQC_256,382.345865
P521_HQC_256,P521_HQC_256,378.173995
P521_HQC_256,P521_HQC_256,366.659967
P521_HQC_256,P521_HQC_256,385.965015
P521_HQC_256,P521_HQC_256,388.377018
P521_HQC_256,P521_HQC_256,383.460957
P521_HQC_256,P521_HQC_256,367.946659
P521_HQC_256,P521_HQC_256,383.503384
P521_HQC_256,P521_HQC_256,373.801946
P521_HQC_256,P521_HQC_256,387.174422
P521_HQC_256,P521_HQC_256,372.126023
P521_HQC_256,P521_HQC_256,386.38896
P521_HQC_256,P521_HQC_256,398.830958
P521_HQC_256,P521_HQC_256,380.871613
P521_HQC_256,P521_HQC_256,364.164124
P521_HQC_256,P521_HQC_256,364.882502
P521_HQC_256,P521_HQC_256,397.732308
P521_HQC_256,P521_HQC_256,373.307983
P521_HQC_256,P521_HQC_256,381.582051
P521_HQC_256,P521_HQC_256,377.046201
P521_HQC_256,P521_HQC_256,373.010357
P521_HQC_256,P521_HQC_256,374.06753
P521_HQC_256,P521_HQC_256,386.961066
P521_HQC_256,P521_HQC_256,385.650628
P521_HQC_256,P521_HQC_256,369.193387
P521_HQC_256,P521_HQC_256,369.36361
P521_HQC_256,P521_HQC_256,378.3842
P521_HQC_256,P521_HQC_256,381.28306
P521_HQC_256,P521_HQC_256,397.557868
P521_HQC_256,P521_HQC_256,386.246861
P521_HQC_256,P521_HQC_256,373.857184
P521_HQC_256,P521_HQC_256,366.73942
P521_HQC_256,P521_HQC_256,366.177615
P521_HQC_256,P521_HQC_256,371.022002
P521_HQC_256,P521_HQC_256,388.018931
P521_HQC_256,P521_HQC_256,374.106009
P521_HQC_256,P521_HQC_256,401.966267
P521_HQC_256,P521_HQC_256,378.578605
P521_HQC_256,P521_HQC_256,384.939274
P521_HQC_256,P521_HQC_256,397.153683
P521_HQC_256,P521_HQC_256,384.062012
P521_HQC_256,P521_HQC_256,371.187511
P521_HQC_256,P521_HQC_256,384.66784
P521_HQC_256,P521_HQC_256,368.756825
P521_HQC_256,P521_HQC_256,397.329354
P521_HQC_256,P521_HQC_256,372.210401
P521_HQC_256,P521_HQC_256,379.630275
P521_HQC_256,P521_HQC_256,388.806712
P521_HQC_256,P521_HQC_256,369.843707
P521_HQC_256,P521_HQC_256,380.031978
P521_HQC_256,P521_HQC_256,381.442759
P521_HQC_256,P521_HQC_256,392.379936
P521_HQC_256,P521_HQC_256,374.553262
P521_HQC_256,P521_HQC_256,388.733606
P521_HQC_256,P521_HQC_256,381.47704
P521_HQC_256,P521_HQC_256,385.617632
P521_HQC_256,P521_HQC_256,378.012483
P521_HQC_256,P521_HQC_256,387.423369
P521_HQC_256,P521_HQC_256,374.115524
P521_HQC_256,P521_HQC_256,369.00704
P521_HQC_256,P521_HQC_256,381.479953
P521_HQC_256,P521_HQC_256,383.433173
P521_HQC_256,P521_HQC_256,377.919212
P521_HQC_256,P521_HQC_256,387.703632
P521_HQC_256,P521_HQC_256,384.555604
P521_HQC_256,P521_HQC_256,373.278474
P521_HQC_256,P521_HQC_256,398.752407
P521_HQC_256,P521_HQC_256,376.570828
P521_HQC_256,P521_HQC_256,381.717041
P521_HQC_256,P521_HQC_256,367.272915
P521_HQC_256,P521_HQC_256,367.309688
P521_HQC_256,P521_HQC_256,380.735958
P521_HQC_256,P521_HQC_256,367.579645
P521_HQC_256,P521_HQC_256,399.377842
P521_HQC_256,P521_HQC_256,382.620497
P521_HQC_256,P521_HQC_256,371.389637
P521_HQC_256,P521_HQC_256,370.992855
P521_HQC_256,P521_HQC_256,386.686318
P521_HQC_256,P521_HQC_256,389.396715
P521_HQC_256,P521_HQC_256,389.53432
P521_HQC_256,P521_HQC_256,373.10386
P521_HQC_256,P521_HQC_256,386.154477
P521_HQC_256,P521_HQC_256,401.202994
P521_HQC_256,P521_HQC_256,402.202788
P521_HQC_256,P521_HQC_256,384.036677
P521_HQC_256,P521_HQC_256,383.783339
P521_HQC_256,P521_HQC_256,387.33935
P521_HQC_256,P521_HQC_256,384.262189
P521_HQC_256,P521_HQC_256,379.810188
P521_HQC_256,P521_HQC_256,371.243765
P521_HQC_256,P521_HQC_256,366.85474
P521_HQC_256,P521_HQC_256,367.391866
P521_HQC_256,P521_HQC_256,385.076929
P521_HQC_256,P521_HQC_256,373.687791
P521_HQC_256,P521_HQC_256,386.282415
P521_HQC_256,P521_HQC_256,388.725419
P521_HQC_256,P521_HQC_256,370.535531
P521_HQC_256,P521_HQC_256,369.213939
P521_HQC_256,P521_HQC_256,385.306589
P521_HQC_256,P521_HQC_256,399.327799
P521_HQC_256,P521_HQC_256,394.639531
P521_HQC_256,P521_HQC_256,388.342901
P521_HQC_256,P521_HQC_256,379.435359
P521_HQC_256,P521_HQC_256,383.530738
P521_HQC_256,P521_HQC_256,381.484217
P521_HQC_256,P521_HQC_256,389.240598
P521_HQC_256,P521_HQC_256,369.833928
P521_HQC_256,P521_HQC_256,365.403944
P521_HQC_256,P521_HQC_256,388.534139
P521_HQC_256,P521_HQC_256,382.372283
P521_HQC_256,P521_HQC_256,386.206538
P521_HQC_256,P521_HQC_256,392.240689
P521_HQC_256,P521_HQC_256,386.489365
P521_HQC_256,P521_HQC_256,374.605887
P521_HQC_256,P521_HQC_256,374.463289
P521_HQC_256,P521_HQC_256,386.893389
P521_HQC_256,P521_HQC_256,384.257629
P521_HQC_256,P521_HQC_256,376.666571
P521_HQC_256,P521_HQC_256,369.981576
P521_HQC_256,P521_HQC_256,366.924853
P521_HQC_256,P521_HQC_256,372.925354
P521_HQC_256,P521_HQC_256,377.21649
P521_HQC_256,P521_HQC_256,381.383949
P521_HQC_256,P521_HQC_256,381.669209
P521_HQC_256,P521_HQC_256,375.832598
P521_HQC_256,P521_HQC_256,374.238714
P521_HQC_256,P521_HQC_256,386.918408
P521_HQC_256,P521_HQC_256,380.415507
P521_HQC_256,P521_HQC_256,383.93893
P521_HQC_256,P521_HQC_256,382.014112
P521_HQC_256,P521_HQC_256,384.904432
P521_HQC_256,P521_HQC_256,380.930033
P521_HQC_256,P521_HQC_256,379.456936
P521_HQC_256,P521_HQC_256,377.200307
P521_HQC_256,P521_HQC_256,382.338684
P521_HQC_256,P521_HQC_256,373.3583
P521_HQC_256,P521_HQC_256,387.753725
P521_HQC_256,P521_HQC_256,381.539359
P521_HQC_256,P521_HQC_256,368.289099
P521_HQC_256,P521_HQC_256,367.75036
P521_HQC_256,P521_HQC_256,366.427251
P521_HQC_256,P521_HQC_256,395.115429
P521_HQC_256,P521_HQC_256,386.544342
P521_HQC_256,P521_HQC_256,384.100385
P521_HQC_256,P521_HQC_256,383.405457
P521_HQC_256,P521_HQC_256,383.943302
P521_HQC_256,P521_HQC_256,366.63314
P521_HQC_256,P521_HQC_256,373.332028
P521_HQC_256,P521_HQC_256,395.522159
P521_HQC_256,P521_HQC_256,382.957609
P521_HQC_256,P521_HQC_256,369.490954
P521_HQC_256,P521_HQC_256,371.598189
P521_HQC_256,P521_HQC_256,371.246111
P521_HQC_256,P521_HQC_256,371.197747
P521_HQC_256,P521_HQC_256,365.605502
P521_HQC_256,P521_HQC_256,393.517357
P521_HQC_256,P521_HQC_256,378.048125
P521_HQC_256,P521_HQC_256,373.860511
P521_HQC_256,P521_HQC_256,381.610788
P521_HQC_256,P521_HQC_256,377.498777
P521_HQC_256,P521_HQC_256,384.055985
P521_HQC_256,P521_HQC_256,368.51671
P521_HQC_256,P521_HQC_256,376.036335
P521_HQC_256,P521_HQC_256,388.174699
P521_HQC_256,P521_HQC_256,388.944101
P521_HQC_256,P521_HQC_256,379.637934
P521_HQC_256,P521_HQC_256,375.68559
P521_HQC_256,P521_HQC_256,373.795691
P521_HQC_256,P521_HQC_256,372.130329
P521_HQC_256,P521_HQC_256,384.03066
P521_HQC_256,P521_HQC_256,372.504195
P521_HQC_256,P521_HQC_256,389.122942
P521_HQC_256,P521_HQC_256,396.677866
P521_HQC_256,P521_HQC_256,387.33459
P521_HQC_256,P521_HQC_256,380.073673
P521_HQC_256,P521_HQC_256,385.771201
P521_HQC_256,P521_HQC_256,388.319605
P521_HQC_256,P521_HQC_256,370.646676
P521_HQC_256,P521_HQC_256,370.094774
P521_HQC_256,P521_HQC_256,387.873161
P521_HQC_256,P521_HQC_256,382.669092
P521_HQC_256,P521_HQC_256,382.012236
P521_HQC_256,P521_HQC_256,383.541257
P521_HQC_256,P521_HQC_256,383.314638
P521_HQC_256,P521_HQC_256,381.852737
P521_HQC_256,P521_HQC_256,388.735512
P521_HQC_256,P521_HQC_256,371.88585
P521_HQC_256,P521_HQC_256,382.900288
P521_HQC_256,P521_HQC_256,388.934039
P521_HQC_256,P521_HQC_256,374.49195
P521_HQC_256,P521_HQC_256,371.086432
P521_HQC_256,P521_HQC_256,366.706592
P521_HQC_256,P521_HQC_256,368.843808
P521_HQC_256,P521_HQC_256,384.493049
P521_HQC_256,P521_HQC_256,368.86865
P521_HQC_256,P521_HQC_256,383.435285
P521_HQC_256,P521_HQC_256,380.273605
P521_HQC_256,P521_HQC_256,370.909218
P521_HQC_256,P521_HQC_256,379.087611
P521_HQC_256,P521_HQC_256,374.320863
P521_HQC_256,P521_HQC_256,370.057717
P521_HQC_256,P521_HQC_256,388.859505
P521_HQC_256,P521_HQC_256,387.06988
P521_HQC_256,P521_HQC_256,384.39173
P521_HQC_256,P521_HQC_256,371.652642
P521_HQC_256,P521_HQC_256,373.134802
P521_HQC_256,P521_HQC_256,374.140974
P521_HQC_256,P521_HQC_256,375.261189
P521_HQC_256,P521_HQC_256,369.727984
P521_HQC_256,P521_HQC_256,377.618027
P521_HQC_256,P521_HQC_256,367.694078
P521_HQC_256,P521_HQC_256,382.730936
P521_HQC_256,P521_HQC_256,382.772466
P521_HQC_256,P521_HQC_256,398.087649
P521_HQC_256,P521_HQC_256,382.750137
P521_HQC_256,P521_HQC_256,366.193413
P521_HQC_256,P521_HQC_256,384.998133
P521_HQC_256,P521_HQC_256,368.123394
P521_HQC_256,P521_HQC_256,382.695486
P521_HQC_256,P521_HQC_256,375.502976
P521_HQC_256,P521_HQC_256,372.490503
P521_HQC_256,P521_HQC_256,386.969866
P521_HQC_256,P521_HQC_256,367.290267
P521_HQC_256,P521_HQC_256,376.959543
P521_HQC_256,P521_HQC_256,381.908577
P521_HQC_256,P521_HQC_256,376.974942
P521_HQC_256,P521_HQC_256,385.652472
P521_HQC_256,P521_HQC_256,371.985946
P521_HQC_256,P521_HQC_256,387.523768
P521_HQC_256,P521_HQC_256,382.812684
P521_HQC_256,P521_HQC_256,379.067847
P521_HQC_256,P521_HQC_256,383.738449
P521_HQC_256,P521_HQC_256,373.625901
P521_HQC_256,P521_HQC_256,382.448449
P521_HQC_256,P521_HQC_256,387.665599
P521_HQC_256,P521_HQC_256,383.646099
P521_HQC_256,P521_HQC_256,380.373735
P521_HQC_256,P521_HQC_256,401.75709
P521_HQC_256,P521_HQC_256,400.554571
P521_HQC_256,P521_HQC_256,386.379867
P521_HQC_256,P521_HQC_256,378.102159
P521_HQC_256,P521_HQC_256,384.899449
P521_HQC_256,P521_HQC_256,366.456919
P521_HQC_256,P521_HQC_256,371.106928
P521_HQC_256,P521_HQC_256,389.08733
P521_HQC_256,P521_HQC_256,384.775373
P521_HQC_256,P521_HQC_256,387.484368
P521_HQC_256,P521_HQC_256,382.481207
P521_HQC_256,P521_HQC_256,385.997807
P521_HQC_256,P521_HQC_256,386.070004
P521_HQC_256,P521_HQC_256,378.53225
P521_HQC_256,P521_HQC_256,388.239995
P521_HQC_256,P521_HQC_256,372.908458
P521_HQC_256,P521_HQC_256,395.581325
P521_HQC_256,P521_HQC_256,375.347106
P521_HQC_256,P521_HQC_256,372.826243
P521_HQC_256,P521_HQC_256,374.462706
P521_HQC_256,P521_HQC_256,378.843069
P521_HQC_256,P521_HQC_256,363.176192
P521_HQC_256,P521_HQC_256,368.045851
P521_HQC_256,P521_HQC_256,372.290811
P521_HQC_256,P521_HQC_256,398.009829
P521_HQC_256,P521_HQC_256,385.08715
P521_HQC_256,P521_HQC_256,373.815921
P521_HQC_256,P521_HQC_256,385.069145
P521_HQC_256,P521_HQC_256,385.811591
P521_HQC_256,P521_HQC_256,381.118885
P521_HQC_256,P521_HQC_256,369.686884
P521_HQC_256,P521_HQC_256,383.899606
P521_HQC_256,P521_HQC_256,386.108746
P521_HQC_256,P521_HQC_256,377.904334
P521_HQC_256,P521_HQC_256,387.009598
P521_HQC_256,P521_HQC_256,384.526826
P521_HQC_256,P521_HQC_256,369.615845
P521_HQC_256,P521_HQC_256,374.98692
P521_HQC_256,P521_HQC_256,381.34836
P521_HQC_256,P521_HQC_256,376.944874
P521_HQC_256,P521_HQC_256,390.486714
P521_HQC_256,P521_HQC_256,374.488369
P521_HQC_256,P521_HQC_256,375.579493
P521_HQC_256,P521_HQC_256,388.676195
P521_HQC_256,P521_HQC_256,390.931276
P521_HQC_256,P521_HQC_256,391.226191
P521_HQC_256,P521_HQC_256,372.79175
P521_HQC_256,P521_HQC_256,373.472769
P521_HQC_256,P521_HQC_256,374.139358
P521_HQC_256,P521_HQC_256,385.176887
P521_HQC_256,P521_HQC_256,371.03826
P521_HQC_256,P521_HQC_256,378.916491
P521_HQC_256,P521_HQC_256,395.544098
P521_HQC_256,P521_HQC_256,367.70997
P521_HQC_256,P521_HQC_256,387.313729
P521_HQC_256,P521_HQC_256,386.504865
P521_HQC_256,P521_HQC_256,386.522263
P521_HQC_256,P521_HQC_256,370.095283
P521_HQC_256,P521_HQC_256,369.298846
P521_HQC_256,P521_HQC_256,377.970817
P521_HQC_256,P521_HQC_256,372.058687
P521_HQC_256,P521_HQC_256,374.639612
P521_HQC_256,P521_HQC_256,378.782294
P521_HQC_256,P521_HQC_256,386.402869
P521_HQC_256,P521_HQC_256,366.781827
P521_HQC_256,P521_HQC_256,370.941371
P521_HQC_256,P521_HQC_256,389.188039
P521_HQC_256,P521_HQC_256,387.108496
P521_HQC_256,P521_HQC_256,373.478546
P521_HQC_256,P521_HQC_256,393.105339
P521_HQC_256,P521_HQC_256,375.955224
P521_HQC_256,P521_HQC_256,370.935477
P521_HQC_256,P521_HQC_256,375.803209
P521_HQC_256,P521_HQC_256,382.800296
P521_HQC_256,P521_HQC_256,374.323006
P521_HQC_256,P521_HQC_256,389.994008
P521_HQC_256,P521_HQC_256,386.885833
P521_HQC_256,P521_HQC_256,391.219447
P521_HQC_256,P521_HQC_256,385.457555
P521_HQC_256,P521_HQC_256,375.80713
P521_HQC_256,P521_HQC_256,367.664121
P521_HQC_256,P521_HQC_256,392.815753
P521_HQC_256,P521_HQC_256,388.493396
P521_HQC_256,P521_HQC_256,369.400049
P521_HQC_256,P521_HQC_256,390.506385
P521_HQC_256,P521_HQC_256,371.556221
P521_HQC_256,P521_HQC_256,389.676238
P521_HQC_256,P521_HQC_256,382.513456
P521_HQC_256,P521_HQC_256,379.997856
P521_HQC_256,P521_HQC_256,369.871257
P521_HQC_256,P521_HQC_256,379.509222
P521_HQC_256,P521_HQC_256,369.650424
P521_HQC_256,P521_HQC_256,374.559586
P521_HQC_256,P521_HQC_256,385.880745
P521_HQC_256,P521_HQC_256,372.690331
P521_HQC_256,P521_HQC_256,384.657125
P521_HQC_256,P521_HQC_256,373.375476
P521_HQC_256,P521_HQC_256,371.651165
P521_HQC_256,P521_HQC_256,388.891288
P521_HQC_256,P521_HQC_256,378.510646
P521_HQC_256,P521_HQC_256,384.567587
P521_HQC_256,P521_HQC_256,382.944178
P521_HQC_256,P521_HQC_256,389.998936
P521_HQC_256,P521_HQC_256,375.293273
P521_HQC_256,P521_HQC_256,373.276868
P521_HQC_256,P521_HQC_256,387.432107
P521_HQC_256,P521_HQC_256,390.258921
P521_HQC_256,P521_HQC_256,366.56626
P521_HQC_256,P521_HQC_256,389.891136
P521_HQC_256,P521_HQC_256,380.74972
P521_HQC_256,P521_HQC_256,382.041444
P521_HQC_256,P521_HQC_256,367.847906
P521_HQC_256,P521_HQC_256,382.400923
P521_HQC_256,P521_HQC_256,368.361549
P521_HQC_256,P521_HQC_256,398.863834
P521_HQC_256,P521_HQC_256,367.587496
P521_HQC_256,P521_HQC_256,402.963402
P521_HQC_256,P521_HQC_256,382.001861
P521_HQC_256,P521_HQC_256,370.552527
P521_HQC_256,P521_HQC_256,368.008341
P521_HQC_256,P521_HQC_256,393.180601
P521_HQC_256,P521_HQC_256,384.301712
P521_HQC_256,P521_HQC_256,369.560421
P521_HQC_256,P521_HQC_256,385.414668
P521_HQC_256,P521_HQC_256,402.123858
P521_HQC_256,P521_HQC_256,370.827094
P521_HQC_256,P521_HQC_256,379.090113
P521_HQC_256,P521_HQC_256,386.950083
P521_HQC_256,P521_HQC_256,371.667605
P521_HQC_256,P521_HQC_256,384.036837
P521_HQC_256,P521_HQC_256,366.597518
P521_HQC_256,P521_HQC_256,386.295869
P521_HQC_256,P521_HQC_256,369.976371
P521_HQC_256,P521_HQC_256,389.93827
P521_HQC_256,P521_HQC_256,387.069107
P521_HQC_256,P521_HQC_256,388.520743
P521_HQC_256,P521_HQC_256,371.290643
P521_HQC_256,P521_HQC_256,391.738872
P521_HQC_256,P521_HQC_256,392.949841
P521_HQC_256,P521_HQC_256,384.454682
P521_HQC_256,P521_HQC_256,373.212605
P521_HQC_256,P521_HQC_256,363.984092
P521_HQC_256,P521_HQC_256,378.193363
P521_HQC_256,P521_HQC_256,371.390614
P521_HQC_256,P521_HQC_256,378.304774
P521_HQC_256,P521_HQC_256,386.359885
P521_HQC_256,P521_HQC_256,381.476377
P521_HQC_256,P521_HQC_256,385.110956
P521_HQC_256,P521_HQC_256,386.741734
P521_HQC_256,P521_HQC_256,381.472762
P521_HQC_256,P521_HQC_256,383.553272
P521_HQC_256,P521_HQC_256,376.850804
P521_HQC_256,P521_HQC_256,381.606493
P521_HQC_256,P521_HQC_256,374.644368
P521_HQC_256,P521_HQC_256,389.598924
P521_HQC_256,P521_HQC_256,381.379646
P521_HQC_256,P521_HQC_256,380.312303
P521_HQC_256,P521_HQC_256,384.351643
P521_HQC_256,P521_HQC_256,381.502074
P521_HQC_256,P521_HQC_256,374.295345
P521_HQC_256,P521_HQC_256,370.580557
P521_HQC_256,P521_HQC_256,372.857373
P521_HQC_256,P521_HQC_256,387.893047
P521_HQC_256,P521_HQC_256,382.309794
P521_HQC_256,P521_HQC_256,383.484511
P521_HQC_256,P521_HQC_256,390.803103
P521_HQC_256,P521_HQC_256,387.196487
P521_HQC_256,P521_HQC_256,373.79917
P521_HQC_256,P521_HQC_256,383.716131
P521_HQC_256,P521_HQC_256,379.086032
P521_HQC_256,P521_HQC_256,379.968442
P521_HQC_256,P521_HQC_256,386.335213
P521_HQC_256,P521_HQC_256,364.817048
P521_HQC_256,P521_HQC_256,371.291815
P521_HQC_256,P521_HQC_256,373.574981
P521_HQC_256,P521_HQC_256,369.978877
P521_HQC_256,P521_HQC_256,388.268189
P521_HQC_256,P521_HQC_256,371.759642
P521_HQC_256,P521_HQC_256,370.320157
P521_HQC_256,P521_HQC_256,383.69734
P521_HQC_256,P521_HQC_256,386.240143
P521_HQC_256,P521_HQC_256,379.996881
P521_HQC_256,P521_HQC_256,394.739233
P521_HQC_256,P521_HQC_256,378.443384
P521_HQC_256,P521_HQC_256,388.101278
P521_HQC_256,P521_HQC_256,382.787356
P521_HQC_256,P521_HQC_256,387.385969
P521_HQC_256,P521_HQC_256,376.236391
P521_HQC_256,P521_HQC_256,385.704695
P521_HQC_256,P521_HQC_256,383.778027
P521_HQC_256,P521_HQC_256,390.592907
P521_HQC_256,P521_HQC_256,377.70057
P521_HQC_256,P521_HQC_256,372.877213
P521_HQC_256,P521_HQC_256,373.474714
P521_HQC_256,P521_HQC_256,372.261444
P521_HQC_256,P521_HQC_256,381.839886
P521_HQC_256,P521_HQC_256,376.898728
P521_HQC_256,P521_HQC_256,389.280269
P521_HQC_256,P521_HQC_256,379.835388
P521_HQC_256,P521_HQC_256,385.833112
P521_HQC_256,P521_HQC_256,382.120961
P521_HQC_256,P521_HQC_256,386.632316
P521_HQC_256,P521_HQC_256,374.088339
P521_HQC_256,P521_HQC_256,373.651882
P521_HQC_256,P521_HQC_256,384.337618
P521_HQC_256,P521_HQC_256,379.84602
P521_HQC_256,P521_HQC_256,383.041661
P521_HQC_256,P521_HQC_256,399.956448
P521_HQC_256,P521_HQC_256,381.871732
P521_HQC_256,P521_HQC_256,370.162988
P521_HQC_256,P521_HQC_256,369.987169
P521_HQC_256,P521_HQC_256,389.848013
P521_HQC_256,P521_HQC_256,378.479726
P521_HQC_256,P521_HQC_256,385.694683
P521_HQC_256,P521_HQC_256,359.515809
P521_HQC_256,P521_HQC_256,364.923195
P521_HQC_256,P521_HQC_256,379.386819
P521_HQC_256,P521_HQC_256,390.923445
P521_HQC_256,P521_HQC_256,386.551115
P521_HQC_256,P521_HQC_256,372.105909
P521_HQC_256,P521_HQC_256,386.590783
P521_HQC_256,P521_HQC_256,370.242509
P521_HQC_256,P521_HQC_256,371.577841
P521_HQC_256,P521_HQC_256,369.692057
P521_HQC_256,P521_HQC_256,367.488567
P521_HQC_256,P521_HQC_256,377.381974
P521_HQC_256,P521_HQC_256,385.575222
P521_HQC_256,P521_HQC_256,387.348106
P521_HQC_256,P521_HQC_256,384.745851
P521_HQC_256,P521_HQC_256,374.393177
P521_HQC_256,P521_HQC_256,401.720912
P521_HQC_256,P521_HQC_256,373.012834
P521_HQC_256,P521_HQC_256,381.03277
P521_HQC_256,P521_HQC_256,388.675646
P521_HQC_256,P521_HQC_256,377.88375
P521_HQC_256,P521_HQC_256,385.565693
P521_HQC_256,P521_HQC_256,384.188838
P521_HQC_256,P521_HQC_256,381.360112
P521_HQC_256,P521_HQC_256,384.977617
P521_HQC_256,P521_HQC_256,376.430089
P521_HQC_256,P521_HQC_256,379.572686
P521_HQC_256,P521_HQC_256,389.135283
P521_HQC_256,P521_HQC_256,386.956454
P521_HQC_256,P521_HQC_256,375.715177
P521_HQC_256,P521_HQC_256,377.950391
P521_HQC_256,P521_HQC_256,363.914987
P521_HQC_256,P521_HQC_256,370.815139
P521_HQC_256,P521_HQC_256,399.639798
P521_HQC_256,P521_HQC_256,370.006484
P521_HQC_256,P521_HQC_256,384.85413
P521_HQC_256,P521_HQC_256,366.561309
P521_HQC_256,P521_HQC_256,390.797395
P521_HQC_256,P521_HQC_256,384.484979
P521_HQC_256,P521_HQC_256,385.160516
P521_HQC_256,P521_HQC_256,372.745376
P521_HQC_256,P521_HQC_256,368.857571
P521_HQC_256,P521_HQC_256,383.024438
P521_HQC_256,P521_HQC_256,373.956459
P521_HQC_256,P521_HQC_256,374.821031
P521_HQC_256,P521_HQC_256,366.281492
P521_HQC_256,P521_HQC_256,378.159258
P521_HQC_256,P521_HQC_256,384.121662
P521_HQC_256,P521_HQC_256,370.023939
P521_HQC_256,P521_HQC_256,386.506575
P521_HQC_256,P521_HQC_256,372.022482
P521_HQC_256,P521_HQC_256,396.314325
P521_HQC_256,P521_HQC_256,399.202626
P521_HQC_256,P521_HQC_256,373.389368
P521_HQC_256,P521_HQC_256,390.383826
P521_HQC_256,P521_HQC_256,400.600024
P521_HQC_256,P521_HQC_256,387.185624
P521_HQC_256,P521_HQC_256,373.318566
P521_HQC_256,P521_HQC_256,387.275214
P521_HQC_256,P521_HQC_256,366.647912
P521_HQC_256,P521_HQC_256,368.713538
P521_HQC_256,P521_HQC_256,390.287153
P521_HQC_256,P521_HQC_256,374.586358
P521_HQC_256,P521_HQC_256,377.122099
P521_HQC_256,P521_HQC_256,380.05372
P521_HQC_256,P521_HQC_256,385.167646
P521_HQC_256,P521_HQC_256,382.936843
P521_HQC_256,P521_HQC_256,390.249422
P521_HQC_256,P521_HQC_256,370.636266
P521_HQC_256,P521_HQC_256,385.909922
P521_HQC_256,P521_HQC_256,386.406732
P521_HQC_256,P521_HQC_256,382.697509
P521_HQC_256,P521_HQC_256,386.561504
P521_HQC_256,P521_HQC_256,380.170585
P521_HQC_256,P521_HQC_256,377.415945
P521_HQC_256,P521_HQC_256,381.901529
P521_HQC_256,P521_HQC_256,386.050267
P521_HQC_256,P521_HQC_256,392.36185
P521_HQC_256,P521_HQC_256,384.480474
P521_HQC_256,P521_HQC_256,387.826017
P521_HQC_256,P521_HQC_256,384.723467
P521_HQC_256,P521_HQC_256,381.93357
P521_HQC_256,P521_HQC_256,363.734171
P521_HQC_256,P521_HQC_256,383.037886
P521_HQC_256,P521_HQC_256,374.15268
P521_HQC_256,P521_HQC_256,384.406536
P521_HQC_256,P521_HQC_256,386.220859
P521_HQC_256,P521_HQC_256,369.833936
P521_HQC_256,P521_HQC_256,371.658319
P521_HQC_256,P521_HQC_256,368.442467
P521_HQC_256,P521_HQC_256,365.687571
P521_HQC_256,P521_HQC_256,372.463915
P521_HQC_256,P521_HQC_256,376.293911
P521_HQC_256,P521_HQC_256,377.577713
P521_HQC_256,P521_HQC_256,389.101945
P521_HQC_256,P521_HQC_256,372.431038
P521_HQC_256,P521_HQC_256,365.639224
P521_HQC_256,P521_HQC_256,383.513401
P521_HQC_256,P521_HQC_256,377.634198
P521_HQC_256,P521_HQC_256,388.345945
P521_HQC_256,P521_HQC_256,387.920468
P521_HQC_256,P521_HQC_256,382.170501
P521_HQC_256,P521_HQC_256,375.600694
P521_HQC_256,P521_HQC_256,385.758112
P521_HQC_256,P521_HQC_256,384.614453
P521_HQC_256,P521_HQC_256,385.621275
P521_HQC_256,P521_HQC_256,369.366375
P521_HQC_256,P521_HQC_256,379.645227
P521_HQC_256,P521_HQC_256,374.845197
P521_HQC_256,P521_HQC_256,379.663947
P521_HQC_256,P521_HQC_256,378.601458
P521_HQC_256,P521_HQC_256,382.961344
P521_HQC_256,P521_HQC_256,379.680216
P521_HQC_256,P521_HQC_256,396.141913
P521_HQC_256,P521_HQC_256,384.398061
P521_HQC_256,P521_HQC_256,384.073768
P521_HQC_256,P521_HQC_256,384.467607
P521_HQC_256,P521_HQC_256,387.384091
P521_HQC_256,P521_HQC_256,388.834816
P521_HQC_256,P521_HQC_256,397.585777
P521_HQC_256,P521_HQC_256,396.456427
P521_HQC_256,P521_HQC_256,382.305345
P521_HQC_256,P521_HQC_256,379.367756
P521_HQC_256,P521_HQC_256,372.77101
P521_HQC_256,P521_HQC_256,394.619114
P521_HQC_256,P521_HQC_256,396.443059
P521_HQC_256,P521_HQC_256,387.090355
P521_HQC_256,P521_HQC_256,373.347977
P521_HQC_256,P521_HQC_256,369.404716
P521_HQC_256,P521_HQC_256,388.23983
P521_HQC_256,P521_HQC_256,388.51923
P521_HQC_256,P521_HQC_256,378.827296
P521_HQC_256,P521_HQC_256,384.281387
P521_HQC_256,P521_HQC_256,387.42406
P521_HQC_256,P521_HQC_256,381.427916
P521_HQC_256,P521_HQC_256,393.424264
P521_HQC_256,P521_HQC_256,372.630698
P521_HQC_256,P521_HQC_256,371.990608
P521_HQC_256,P521_HQC_256,379.7168
P521_HQC_256,P521_HQC_256,373.161989
P521_HQC_256,P521_HQC_256,373.588673
P521_HQC_256,P521_HQC_256,369.929812
P521_HQC_256,P521_HQC_256,383.460379
P521_HQC_256,P521_HQC_256,366.67421
P521_HQC_256,P521_HQC_256,393.935907
P521_HQC_256,P521_HQC_256,367.328322
P521_HQC_256,P521_HQC_256,384.364169
P521_HQC_256,P521_HQC_256,402.276075
P521_HQC_256,P521_HQC_256,381.201438
P521_HQC_256,P521_HQC_256,380.782867
P521_HQC_256,P521_HQC_256,366.088739
P521_HQC_256,P521_HQC_256,369.373643
P521_HQC_256,P521_HQC_256,376.918882
P521_HQC_256,P521_HQC_256,388.278751
P521_HQC_256,P521_HQC_256,388.587077
P521_HQC_256,P521_HQC_256,387.36685
P521_HQC_256,P521_HQC_256,385.891994
P521_HQC_256,P521_HQC_256,380.121327
P521_HQC_256,P521_HQC_256,388.390236
P521_HQC_256,P521_HQC_256,408.389608
P521_HQC_256,P521_HQC_256,386.251091
P521_HQC_256,P521_HQC_256,376.726039
P521_HQC_256,P521_HQC_256,401.105086
P521_HQC_256,P521_HQC_256,388.26208
P521_HQC_256,P521_HQC_256,370.499906
P521_HQC_256,P521_HQC_256,372.085917
P521_HQC_256,P521_HQC_256,371.153416
P521_HQC_256,P521_HQC_256,374.73496
P521_HQC_256,P521_HQC_256,390.761035
P521_HQC_256,P521_HQC_256,381.121085
P521_HQC_256,P521_HQC_256,391.349628
P521_HQC_256,P521_HQC_256,374.929417
P521_HQC_256,P521_HQC_256,370.911593
P521_HQC_256,P521_Classic_McEliece_6688128,276.883849
P521_HQC_256,P521_Classic_McEliece_6688128,263.038396
P521_HQC_256,P521_Classic_McEliece_6688128,276.876911
P521_HQC_256,P521_Classic_McEliece_6688128,280.964611
P521_HQC_256,P521_Classic_McEliece_6688128,284.006871
P521_HQC_256,P521_Classic_McEliece_6688128,290.815655
P521_HQC_256,P521_Classic_McEliece_6688128,282.793376
P521_HQC_256,P521_Classic_McEliece_6688128,286.640485
P521_HQC_256,P521_Classic_McEliece_6688128,272.490471
P521_HQC_256,P521_Classic_McEliece_6688128,277.356597
P521_HQC_256,P521_Classic_McEliece_6688128,279.925716
P521_HQC_256,P521_Classic_McEliece_6688128,274.312513
P521_HQC_256,P521_Classic_McEliece_6688128,274.836796
P521_HQC_256,P521_Classic_McEliece_6688128,288.030348
P521_HQC_256,P521_Classic_McEliece_6688128,284.983129
P521_HQC_256,P521_Classic_McEliece_6688128,276.476879
P521_HQC_256,P521_Classic_McEliece_6688128,271.480523
P521_HQC_256,P521_Classic_McEliece_6688128,280.348106
P521_HQC_256,P521_Classic_McEliece_6688128,291.341108
P521_HQC_256,P521_Classic_McEliece_6688128,274.692694
P521_HQC_256,P521_Classic_McEliece_6688128,270.90011
P521_HQC_256,P521_Classic_McEliece_6688128,281.75162
P521_HQC_256,P521_Classic_McEliece_6688128,274.844339
P521_HQC_256,P521_Classic_McEliece_6688128,274.358588
P521_HQC_256,P521_Classic_McEliece_6688128,274.686382
P521_HQC_256,P521_Classic_McEliece_6688128,273.95551
P521_HQC_256,P521_Classic_McEliece_6688128,271.300742
P521_HQC_256,P521_Classic_McEliece_6688128,273.89859
P521_HQC_256,P521_Classic_McEliece_6688128,284.419283
P521_HQC_256,P521_Classic_McEliece_6688128,277.529547
P521_HQC_256,P521_Classic_McEliece_6688128,277.822815
P521_HQC_256,P521_Classic_McEliece_6688128,279.354628
P521_HQC_256,P521_Classic_McEliece_6688128,283.944443
P521_HQC_256,P521_Classic_McEliece_6688128,281.957416
P521_HQC_256,P521_Classic_McEliece_6688128,271.369875
P521_HQC_256,P521_Classic_McEliece_6688128,278.245201
P521_HQC_256,P521_Classic_McEliece_6688128,273.163748
P521_HQC_256,P521_Classic_McEliece_6688128,270.916222
P521_HQC_256,P521_Classic_McEliece_6688128,269.528714
P521_HQC_256,P521_Classic_McEliece_6688128,285.850784
P521_HQC_256,P521_Classic_McEliece_6688128,273.181723
P521_HQC_256,P521_Classic_McEliece_6688128,282.973794
P521_HQC_256,P521_Classic_McEliece_6688128,290.488196
P521_HQC_256,P521_Classic_McEliece_6688128,276.566191
P521_HQC_256,P521_Classic_McEliece_6688128,284.75557
P521_HQC_256,P521_Classic_McEliece_6688128,284.996249
P521_HQC_256,P521_Classic_McEliece_6688128,270.330266
P521_HQC_256,P521_Classic_McEliece_6688128,279.021283
P521_HQC_256,P521_Classic_McEliece_6688128,283.171332
P521_HQC_256,P521_Classic_McEliece_6688128,276.864182
P521_HQC_256,P521_Classic_McEliece_6688128,283.946695
P521_HQC_256,P521_Classic_McEliece_6688128,284.521724
P521_HQC_256,P521_Classic_McEliece_6688128,286.350931
P521_HQC_256,P521_Classic_McEliece_6688128,270.272904
P521_HQC_256,P521_Classic_McEliece_6688128,274.863662
P521_HQC_256,P521_Classic_McEliece_6688128,283.101896
P521_HQC_256,P521_Classic_McEliece_6688128,278.276161
P521_HQC_256,P521_Classic_McEliece_6688128,290.882811
P521_HQC_256,P521_Classic_McEliece_6688128,291.093795
P521_HQC_256,P521_Classic_McEliece_6688128,280.177727
P521_HQC_256,P521_Classic_McEliece_6688128,278.067784
P521_HQC_256,P521_Classic_McEliece_6688128,270.631755
P521_HQC_256,P521_Classic_McEliece_6688128,282.104637
P521_HQC_256,P521_Classic_McEliece_6688128,269.274677
P521_HQC_256,P521_Classic_McEliece_6688128,293.249531
P521_HQC_256,P521_Classic_McEliece_6688128,284.945838
P521_HQC_256,P521_Classic_McEliece_6688128,285.703533
P521_HQC_256,P521_Classic_McEliece_6688128,271.901643
P521_HQC_256,P521_Classic_McEliece_6688128,274.707596
P521_HQC_256,P521_Classic_McEliece_6688128,282.605409
P521_HQC_256,P521_Classic_McEliece_6688128,282.000707
P521_HQC_256,P521_Classic_McEliece_6688128,281.007395
P521_HQC_256,P521_Classic_McEliece_6688128,285.942536
P521_HQC_256,P521_Classic_McEliece_6688128,279.234421
P521_HQC_256,P521_Classic_McEliece_6688128,274.975058
P521_HQC_256,P521_Classic_McEliece_6688128,273.698994
P521_HQC_256,P521_Classic_McEliece_6688128,288.551247
P521_HQC_256,P521_Classic_McEliece_6688128,287.211743
P521_HQC_256,P521_Classic_McEliece_6688128,276.445871
P521_HQC_256,P521_Classic_McEliece_6688128,289.24934
P521_HQC_256,P521_Classic_McEliece_6688128,272.179718
P521_HQC_256,P521_Classic_McEliece_6688128,280.532068
P521_HQC_256,P521_Classic_McEliece_6688128,279.469855
P521_HQC_256,P521_Classic_McEliece_6688128,290.177213
P521_HQC_256,P521_Classic_McEliece_6688128,280.598979
P521_HQC_256,P521_Classic_McEliece_6688128,278.258938
P521_HQC_256,P521_Classic_McEliece_6688128,282.83729
P521_HQC_256,P521_Classic_McEliece_6688128,275.660713
P521_HQC_256,P521_Classic_McEliece_6688128,291.647229
P521_HQC_256,P521_Classic_McEliece_6688128,270.632321
P521_HQC_256,P521_Classic_McEliece_6688128,282.279727
P521_HQC_256,P521_Classic_McEliece_6688128,281.214989
P521_HQC_256,P521_Classic_McEliece_6688128,273.834559
P521_HQC_256,P521_Classic_McEliece_6688128,279.893138
P521_HQC_256,P521_Classic_McEliece_6688128,277.621433
P521_HQC_256,P521_Classic_McEliece_6688128,278.274213
P521_HQC_256,P521_Classic_McEliece_6688128,280.295814
P521_HQC_256,P521_Classic_McEliece_6688128,271.143359
P521_HQC_256,P521_Classic_McEliece_6688128,273.728642
P521_HQC_256,P521_Classic_McEliece_6688128,287.486343
P521_HQC_256,P521_Classic_McEliece_6688128,273.026935
P521_HQC_256,P521_Classic_McEliece_6688128,278.429616
P521_HQC_256,P521_Classic_McEliece_6688128,282.532789
P521_HQC_256,P521_Classic_McEliece_6688128,290.279202
P521_HQC_256,P521_Classic_McEliece_6688128,279.777386
P521_HQC_256,P521_Classic_McEliece_6688128,274.930578
P521_HQC_256,P521_Classic_McEliece_6688128,279.725247
P521_HQC_256,P521_Classic_McEliece_6688128,276.420345
P521_HQC_256,P521_Classic_McEliece_6688128,270.07312
P521_HQC_256,P521_Classic_McEliece_6688128,267.498792
P521_HQC_256,P521_Classic_McEliece_6688128,279.193967
P521_HQC_256,P521_Classic_McEliece_6688128,274.052228
P521_HQC_256,P521_Classic_McEliece_6688128,282.797902
P521_HQC_256,P521_Classic_McEliece_6688128,269.585296
P521_HQC_256,P521_Classic_McEliece_6688128,281.437533
P521_HQC_256,P521_Classic_McEliece_6688128,282.102002
P521_HQC_256,P521_Classic_McEliece_6688128,280.958668
P521_HQC_256,P521_Classic_McEliece_6688128,283.748306
P521_HQC_256,P521_Classic_McEliece_6688128,268.970925
P521_HQC_256,P521_Classic_McEliece_6688128,282.296027
P521_HQC_256,P521_Classic_McEliece_6688128,279.825726
P521_HQC_256,P521_Classic_McEliece_6688128,281.89314
P521_HQC_256,P521_Classic_McEliece_6688128,276.223017
P521_HQC_256,P521_Classic_McEliece_6688128,271.484888
P521_HQC_256,P521_Classic_McEliece_6688128,281.632951
P521_HQC_256,P521_Classic_McEliece_6688128,270.673623
P521_HQC_256,P521_Classic_McEliece_6688128,272.525006
P521_HQC_256,P521_Classic_McEliece_6688128,288.793272
P521_HQC_256,P521_Classic_McEliece_6688128,275.372265
P521_HQC_256,P521_Classic_McEliece_6688128,274.092956
P521_HQC_256,P521_Classic_McEliece_6688128,271.765259
P521_HQC_256,P521_Classic_McEliece_6688128,282.082544
P521_HQC_256,P521_Classic_McEliece_6688128,282.185326
P521_HQC_256,P521_Classic_McEliece_6688128,281.11539
P521_HQC_256,P521_Classic_McEliece_6688128,268.768955
P521_HQC_256,P521_Classic_McEliece_6688128,279.714463
P521_HQC_256,P521_Classic_McEliece_6688128,278.332336
P521_HQC_256,P521_Classic_McEliece_6688128,273.912716
P521_HQC_256,P521_Classic_McEliece_6688128,281.996211
P521_HQC_256,P521_Classic_McEliece_6688128,277.036143
P521_HQC_256,P521_Classic_McEliece_6688128,280.451204
P521_HQC_256,P521_Classic_McEliece_6688128,289.980547
P521_HQC_256,P521_Classic_McEliece_6688128,271.30178
P521_HQC_256,P521_Classic_McEliece_6688128,275.290986
P521_HQC_256,P521_Classic_McEliece_6688128,287.016132
P521_HQC_256,P521_Classic_McEliece_6688128,284.554246
P521_HQC_256,P521_Classic_McEliece_6688128,270.811351
P521_HQC_256,P521_Classic_McEliece_6688128,289.294236
P521_HQC_256,P521_Classic_McEliece_6688128,282.570235
P521_HQC_256,P521_Classic_McEliece_6688128,281.952275
P521_HQC_256,P521_Classic_McEliece_6688128,282.96604
P521_HQC_256,P521_Classic_McEliece_6688128,281.939781
P521_HQC_256,P521_Classic_McEliece_6688128,283.425077
P521_HQC_256,P521_Classic_McEliece_6688128,273.599603
P521_HQC_256,P521_Classic_McEliece_6688128,271.45411
P521_HQC_256,P521_Classic_McEliece_6688128,279.919224
P521_HQC_256,P521_Classic_McEliece_6688128,270.47019
P521_HQC_256,P521_Classic_McEliece_6688128,281.769048
P521_HQC_256,P521_Classic_McEliece_6688128,279.675503
P521_HQC_256,P521_Classic_McEliece_6688128,281.400709
P521_HQC_256,P521_Classic_McEliece_6688128,271.629969
P521_HQC_256,P521_Classic_McEliece_6688128,281.34997
P521_HQC_256,P521_Classic_McEliece_6688128,278.015117
P521_HQC_256,P521_Classic_McEliece_6688128,282.498076
P521_HQC_256,P521_Classic_McEliece_6688128,271.01441
P521_HQC_256,P521_Classic_McEliece_6688128,279.863819
P521_HQC_256,P521_Classic_McEliece_6688128,282.988944
P521_HQC_256,P521_Classic_McEliece_6688128,274.667387
P521_HQC_256,P521_Classic_McEliece_6688128,283.065682
P521_HQC_256,P521_Classic_McEliece_6688128,292.021906
P521_HQC_256,P521_Classic_McEliece_6688128,292.578075
P521_HQC_256,P521_Classic_McEliece_6688128,280.770865
P521_HQC_256,P521_Classic_McEliece_6688128,288.973297
P521_HQC_256,P521_Classic_McEliece_6688128,275.805467
P521_HQC_256,P521_Classic_McEliece_6688128,277.970198
P521_HQC_256,P521_Classic_McEliece_6688128,279.044464
P521_HQC_256,P521_Classic_McEliece_6688128,271.684231
P521_HQC_256,P521_Classic_McEliece_6688128,280.63421
P521_HQC_256,P521_Classic_McEliece_6688128,273.720901
P521_HQC_256,P521_Classic_McEliece_6688128,270.666844
P521_HQC_256,P521_Classic_McEliece_6688128,280.978397
P521_HQC_256,P521_Classic_McEliece_6688128,273.986469
P521_HQC_256,P521_Classic_McEliece_6688128,292.175938
P521_HQC_256,P521_Classic_McEliece_6688128,285.120261
P521_HQC_256,P521_Classic_McEliece_6688128,282.722061
P521_HQC_256,P521_Classic_McEliece_6688128,293.128427
P521_HQC_256,P521_Classic_McEliece_6688128,277.753365
P521_HQC_256,P521_Classic_McEliece_6688128,276.69491
P521_HQC_256,P521_Classic_McEliece_6688128,288.56871
P521_HQC_256,P521_Classic_McEliece_6688128,292.249486
P521_HQC_256,P521_Classic_McEliece_6688128,292.747374
P521_HQC_256,P521_Classic_McEliece_6688128,287.641063
P521_HQC_256,P521_Classic_McEliece_6688128,284.409039
P521_HQC_256,P521_Classic_McEliece_6688128,272.499045
P521_HQC_256,P521_Classic_McEliece_6688128,269.657305
P521_HQC_256,P521_Classic_McEliece_6688128,271.691207
P521_HQC_256,P521_Classic_McEliece_6688128,281.29606
P521_HQC_256,P521_Classic_McEliece_6688128,273.134579
P521_HQC_256,P521_Classic_McEliece_6688128,288.916114
P521_HQC_256,P521_Classic_McEliece_6688128,275.40413
P521_HQC_256,P521_Classic_McEliece_6688128,270.418889
P521_HQC_256,P521_Classic_McEliece_6688128,282.178045
P521_HQC_256,P521_Classic_McEliece_6688128,281.34459
P521_HQC_256,P521_Classic_McEliece_6688128,284.468016
P521_HQC_256,P521_Classic_McEliece_6688128,288.608258
P521_HQC_256,P521_Classic_McEliece_6688128,277.677717
P521_HQC_256,P521_Classic_McEliece_6688128,286.224834
P521_HQC_256,P521_Classic_McEliece_6688128,284.146454
P521_HQC_256,P521_Classic_McEliece_6688128,277.965443
P521_HQC_256,P521_Classic_McEliece_6688128,284.390074
P521_HQC_256,P521_Classic_McEliece_6688128,273.913087
P521_HQC_256,P521_Classic_McEliece_6688128,286.349914
P521_HQC_256,P521_Classic_McEliece_6688128,282.376663
P521_HQC_256,P521_Classic_McEliece_6688128,282.241818
P521_HQC_256,P521_Classic_McEliece_6688128,291.515089
P521_HQC_256,P521_Classic_McEliece_6688128,279.327787
P521_HQC_256,P521_Classic_McEliece_6688128,279.06931
P521_HQC_256,P521_Classic_McEliece_6688128,285.508223
P521_HQC_256,P521_Classic_McEliece_6688128,277.835516
P521_HQC_256,P521_Classic_McEliece_6688128,271.439114
P521_HQC_256,P521_Classic_McEliece_6688128,274.593215
P521_HQC_256,P521_Classic_McEliece_6688128,279.05556
P521_HQC_256,P521_Classic_McEliece_6688128,285.68446
P521_HQC_256,P521_Classic_McEliece_6688128,275.441339
P521_HQC_256,P521_Classic_McEliece_6688128,282.202318
P521_HQC_256,P521_Classic_McEliece_6688128,273.564904
P521_HQC_256,P521_Classic_McEliece_6688128,282.770829
P521_HQC_256,P521_Classic_McEliece_6688128,287.539859
P521_HQC_256,P521_Classic_McEliece_6688128,280.763443
P521_HQC_256,P521_Classic_McEliece_6688128,276.878518
P521_HQC_256,P521_Classic_McEliece_6688128,275.333316
P521_HQC_256,P521_Classic_McEliece_6688128,285.792629
P521_HQC_256,P521_Classic_McEliece_6688128,284.225003
P521_HQC_256,P521_Classic_McEliece_6688128,284.540943
P521_HQC_256,P521_Classic_McEliece_6688128,272.377184
P521_HQC_256,P521_Classic_McEliece_6688128,285.852944
P521_HQC_256,P521_Classic_McEliece_6688128,277.4584
P521_HQC_256,P521_Classic_McEliece_6688128,279.363917
P521_HQC_256,P521_Classic_McEliece_6688128,270.572256
P521_HQC_256,P521_Classic_McEliece_6688128,274.661425
P521_HQC_256,P521_Classic_McEliece_6688128,282.14645
P521_HQC_256,P521_Classic_McEliece_6688128,280.056475
P521_HQC_256,P521_Classic_McEliece_6688128,277.869253
P521_HQC_256,P521_Classic_McEliece_6688128,284.43012
P521_HQC_256,P521_Classic_McEliece_6688128,287.05992
P521_HQC_256,P521_Classic_McEliece_6688128,273.116978
P521_HQC_256,P521_Classic_McEliece_6688128,275.118969
P521_HQC_256,P521_Classic_McEliece_6688128,285.988836
P521_HQC_256,P521_Classic_McEliece_6688128,281.919011
P521_HQC_256,P521_Classic_McEliece_6688128,275.419407
P521_HQC_256,P521_Classic_McEliece_6688128,288.245118
P521_HQC_256,P521_Classic_McEliece_6688128,280.793106
P521_HQC_256,P521_Classic_McEliece_6688128,271.495916
P521_HQC_256,P521_Classic_McEliece_6688128,275.828486
P521_HQC_256,P521_Classic_McEliece_6688128,271.613881
P521_HQC_256,P521_Classic_McEliece_6688128,290.293836
P521_HQC_256,P521_Classic_McEliece_6688128,282.475667
P521_HQC_256,P521_Classic_McEliece_6688128,277.386271
P521_HQC_256,P521_Classic_McEliece_6688128,293.30854
P521_HQC_256,P521_Classic_McEliece_6688128,278.705356
P521_HQC_256,P521_Classic_McEliece_6688128,280.555138
P521_HQC_256,P521_Classic_McEliece_6688128,271.704606
P521_HQC_256,P521_Classic_McEliece_6688128,280.65513
P521_HQC_256,P521_Classic_McEliece_6688128,271.038362
P521_HQC_256,P521_Classic_McEliece_6688128,271.295886
P521_HQC_256,P521_Classic_McEliece_6688128,286.543583
P521_HQC_256,P521_Classic_McEliece_6688128,279.030842
P521_HQC_256,P521_Classic_McEliece_6688128,280.793662
P521_HQC_256,P521_Classic_McEliece_6688128,272.805626
P521_HQC_256,P521_Classic_McEliece_6688128,281.183827
P521_HQC_256,P521_Classic_McEliece_6688128,278.668004
P521_HQC_256,P521_Classic_McEliece_6688128,284.955434
P521_HQC_256,P521_Classic_McEliece_6688128,278.082474
P521_HQC_256,P521_Classic_McEliece_6688128,272.848235
P521_HQC_256,P521_Classic_McEliece_6688128,275.736358
P521_HQC_256,P521_Classic_McEliece_6688128,273.719431
P521_HQC_256,P521_Classic_McEliece_6688128,275.465872
P521_HQC_256,P521_Classic_McEliece_6688128,283.955952
P521_HQC_256,P521_Classic_McEliece_6688128,278.467729
P521_HQC_256,P521_Classic_McEliece_6688128,288.372433
P521_HQC_256,P521_Classic_McEliece_6688128,285.950047
P521_HQC_256,P521_Classic_McEliece_6688128,271.813888
P521_HQC_256,P521_Classic_McEliece_6688128,276.766342
P521_HQC_256,P521_Classic_McEliece_6688128,279.906487
P521_HQC_256,P521_Classic_McEliece_6688128,275.871856
P521_HQC_256,P521_Classic_McEliece_6688128,272.108205
P521_HQC_256,P521_Classic_McEliece_6688128,272.743496
P521_HQC_256,P521_Classic_McEliece_6688128,285.581723
P521_HQC_256,P521_Classic_McEliece_6688128,283.601265
P521_HQC_256,P521_Classic_McEliece_6688128,270.773603
P521_HQC_256,P521_Classic_McEliece_6688128,267.361351
P521_HQC_256,P521_Classic_McEliece_6688128,276.720982
P521_HQC_256,P521_Classic_McEliece_6688128,272.70283
P521_HQC_256,P521_Classic_McEliece_6688128,280.479962
P521_HQC_256,P521_Classic_McEliece_6688128,285.227032
P521_HQC_256,P521_Classic_McEliece_6688128,282.666596
P521_HQC_256,P521_Classic_McEliece_6688128,273.53642
P521_HQC_256,P521_Classic_McEliece_6688128,279.703309
P521_HQC_256,P521_Classic_McEliece_6688128,270.547065
P521_HQC_256,P521_Classic_McEliece_6688128,282.748769
P521_HQC_256,P521_Classic_McEliece_6688128,269.849245
P521_HQC_256,P521_Classic_McEliece_6688128,290.987569
P521_HQC_256,P521_Classic_McEliece_6688128,282.45502
P521_HQC_256,P521_Classic_McEliece_6688128,268.86433
P521_HQC_256,P521_Classic_McEliece_6688128,279.448264
P521_HQC_256,P521_Classic_McEliece_6688128,271.23376
P521_HQC_256,P521_Classic_McEliece_6688128,280.851881
P521_HQC_256,P521_Classic_McEliece_6688128,272.28812
P521_HQC_256,P521_Classic_McEliece_6688128,290.051458
P521_HQC_256,P521_Classic_McEliece_6688128,274.176525
P521_HQC_256,P521_Classic_McEliece_6688128,278.31083
P521_HQC_256,P521_Classic_McEliece_6688128,284.388376
P521_HQC_256,P521_Classic_McEliece_6688128,281.299985
P521_HQC_256,P521_Classic_McEliece_6688128,278.814915
P521_HQC_256,P521_Classic_McEliece_6688128,274.233665
P521_HQC_256,P521_Classic_McEliece_6688128,279.881976
P521_HQC_256,P521_Classic_McEliece_6688128,279.857534
P521_HQC_256,P521_Classic_McEliece_6688128,283.422241
P521_HQC_256,P521_Classic_McEliece_6688128,274.874004
P521_HQC_256,P521_Classic_McEliece_6688128,278.178093
P521_HQC_256,P521_Classic_McEliece_6688128,284.252409
P521_HQC_256,P521_Classic_McEliece_6688128,281.80454
P521_HQC_256,P521_Classic_McEliece_6688128,284.721791
P521_HQC_256,P521_Classic_McEliece_6688128,277.146136
P521_HQC_256,P521_Classic_McEliece_6688128,271.391961
P521_HQC_256,P521_Classic_McEliece_6688128,284.171113
P521_HQC_256,P521_Classic_McEliece_6688128,272.708987
P521_HQC_256,P521_Classic_McEliece_6688128,291.171414
P521_HQC_256,P521_Classic_McEliece_6688128,273.770634
P521_HQC_256,P521_Classic_McEliece_6688128,288.758093
P521_HQC_256,P521_Classic_McEliece_6688128,285.201707
P521_HQC_256,P521_Classic_McEliece_6688128,280.935496
P521_HQC_256,P521_Classic_McEliece_6688128,293.86485
P521_HQC_256,P521_Classic_McEliece_6688128,288.167501
P521_HQC_256,P521_Classic_McEliece_6688128,283.304429
P521_HQC_256,P521_Classic_McEliece_6688128,279.19224
P521_HQC_256,P521_Classic_McEliece_6688128,267.996708
P521_HQC_256,P521_Classic_McEliece_6688128,268.899305
P521_HQC_256,P521_Classic_McEliece_6688128,275.834332
P521_HQC_256,P521_Classic_McEliece_6688128,284.363118
P521_HQC_256,P521_Classic_McEliece_6688128,289.939198
P521_HQC_256,P521_Classic_McEliece_6688128,272.280028
P521_HQC_256,P521_Classic_McEliece_6688128,283.75432
P521_HQC_256,P521_Classic_McEliece_6688128,277.00624
P521_HQC_256,P521_Classic_McEliece_6688128,289.250097
P521_HQC_256,P521_Classic_McEliece_6688128,279.012027
P521_HQC_256,P521_Classic_McEliece_6688128,280.515054
P521_HQC_256,P521_Classic_McEliece_6688128,270.004786
P521_HQC_256,P521_Classic_McEliece_6688128,278.656268
P521_HQC_256,P521_Classic_McEliece_6688128,281.315727
P521_HQC_256,P521_Classic_McEliece_6688128,274.485714
P521_HQC_256,P521_Classic_McEliece_6688128,278.297293
P521_HQC_256,P521_Classic_McEliece_6688128,283.753102
P521_HQC_256,P521_Classic_McEliece_6688128,276.159565
P521_HQC_256,P521_Classic_McEliece_6688128,277.899332
P521_HQC_256,P521_Classic_McEliece_6688128,289.468852
P521_HQC_256,P521_Classic_McEliece_6688128,284.300801
P521_HQC_256,P521_Classic_McEliece_6688128,275.896123
P521_HQC_256,P521_Classic_McEliece_6688128,293.211046
P521_HQC_256,P521_Classic_McEliece_6688128,272.217839
P521_HQC_256,P521_Classic_McEliece_6688128,270.302793
P521_HQC_256,P521_Classic_McEliece_6688128,275.832591
P521_HQC_256,P521_Classic_McEliece_6688128,282.756441
P521_HQC_256,P521_Classic_McEliece_6688128,281.844323
P521_HQC_256,P521_Classic_McEliece_6688128,274.675292
P521_HQC_256,P521_Classic_McEliece_6688128,278.033618
P521_HQC_256,P521_Classic_McEliece_6688128,287.110853
P521_HQC_256,P521_Classic_McEliece_6688128,271.213911
P521_HQC_256,P521_Classic_McEliece_6688128,281.006558
P521_HQC_256,P521_Classic_McEliece_6688128,273.753393
P521_HQC_256,P521_Classic_McEliece_6688128,273.660722
P521_HQC_256,P521_Classic_McEliece_6688128,280.513899
P521_HQC_256,P521_Classic_McEliece_6688128,283.496529
P521_HQC_256,P521_Classic_McEliece_6688128,281.651351
P521_HQC_256,P521_Classic_McEliece_6688128,283.337338
P521_HQC_256,P521_Classic_McEliece_6688128,279.268805
P521_HQC_256,P521_Classic_McEliece_6688128,270.388767
P521_HQC_256,P521_Classic_McEliece_6688128,276.151491
P521_HQC_256,P521_Classic_McEliece_6688128,281.117143
P521_HQC_256,P521_Classic_McEliece_6688128,277.955001
P521_HQC_256,P521_Classic_McEliece_6688128,291.300875
P521_HQC_256,P521_Classic_McEliece_6688128,282.58508
P521_HQC_256,P521_Classic_McEliece_6688128,276.230228
P521_HQC_256,P521_Classic_McEliece_6688128,289.21329
P521_HQC_256,P521_Classic_McEliece_6688128,282.251697
P521_HQC_256,P521_Classic_McEliece_6688128,273.092067
P521_HQC_256,P521_Classic_McEliece_6688128,267.54367
P521_HQC_256,P521_Classic_McEliece_6688128,282.951611
P521_HQC_256,P521_Classic_McEliece_6688128,280.637907
P521_HQC_256,P521_Classic_McEliece_6688128,281.299646
P521_HQC_256,P521_Classic_McEliece_6688128,277.683409
P521_HQC_256,P521_Classic_McEliece_6688128,281.710394
P521_HQC_256,P521_Classic_McEliece_6688128,282.61762
P521_HQC_256,P521_Classic_McEliece_6688128,283.540233
P521_HQC_256,P521_Classic_McEliece_6688128,276.874404
P521_HQC_256,P521_Classic_McEliece_6688128,280.052301
P521_HQC_256,P521_Classic_McEliece_6688128,278.383667
P521_HQC_256,P521_Classic_McEliece_6688128,285.235796
P521_HQC_256,P521_Classic_McEliece_6688128,280.266781
P521_HQC_256,P521_Classic_McEliece_6688128,292.87205
P521_HQC_256,P521_Classic_McEliece_6688128,274.631902
P521_HQC_256,P521_Classic_McEliece_6688128,282.597302
P521_HQC_256,P521_Classic_McEliece_6688128,272.072662
P521_HQC_256,P521_Classic_McEliece_6688128,273.509104
P521_HQC_256,P521_Classic_McEliece_6688128,272.716588
P521_HQC_256,P521_Classic_McEliece_6688128,283.655699
P521_HQC_256,P521_Classic_McEliece_6688128,276.147682
P521_HQC_256,P521_Classic_McEliece_6688128,278.188578
P521_HQC_256,P521_Classic_McEliece_6688128,272.615539
P521_HQC_256,P521_Classic_McEliece_6688128,278.872535
P521_HQC_256,P521_Classic_McEliece_6688128,283.902534
P521_HQC_256,P521_Classic_McEliece_6688128,282.390468
P521_HQC_256,P521_Classic_McEliece_6688128,288.839433
P521_HQC_256,P521_Classic_McEliece_6688128,284.910247
P521_HQC_256,P521_Classic_McEliece_6688128,288.84394
P521_HQC_256,P521_Classic_McEliece_6688128,279.624018
P521_HQC_256,P521_Classic_McEliece_6688128,290.39628
P521_HQC_256,P521_Classic_McEliece_6688128,268.521084
P521_HQC_256,P521_Classic_McEliece_6688128,271.177397
P521_HQC_256,P521_Classic_McEliece_6688128,289.237934
P521_HQC_256,P521_Classic_McEliece_6688128,280.230415
P521_HQC_256,P521_Classic_McEliece_6688128,287.719112
P521_HQC_256,P521_Classic_McEliece_6688128,278.204059
P521_HQC_256,P521_Classic_McEliece_6688128,279.873234
P521_HQC_256,P521_Classic_McEliece_6688128,268.569091
P521_HQC_256,P521_Classic_McEliece_6688128,282.260462
P521_HQC_256,P521_Classic_McEliece_6688128,282.293905
P521_HQC_256,P521_Classic_McEliece_6688128,270.611893
P521_HQC_256,P521_Classic_McEliece_6688128,273.892774
P521_HQC_256,P521_Classic_McEliece_6688128,293.908655
P521_HQC_256,P521_Classic_McEliece_6688128,278.291691
P521_HQC_256,P521_Classic_McEliece_6688128,288.25995
P521_HQC_256,P521_Classic_McEliece_6688128,293.615224
P521_HQC_256,P521_Classic_McEliece_6688128,273.235267
P521_HQC_256,P521_Classic_McEliece_6688128,274.966613
P521_HQC_256,P521_Classic_McEliece_6688128,285.245163
P521_HQC_256,P521_Classic_McEliece_6688128,277.246467
P521_HQC_256,P521_Classic_McEliece_6688128,284.851528
P521_HQC_256,P521_Classic_McEliece_6688128,291.081347
P521_HQC_256,P521_Classic_McEliece_6688128,275.377706
P521_HQC_256,P521_Classic_McEliece_6688128,274.202363
P521_HQC_256,P521_Classic_McEliece_6688128,276.180688
P521_HQC_256,P521_Classic_McEliece_6688128,274.518244
P521_HQC_256,P521_Classic_McEliece_6688128,273.571313
P521_HQC_256,P521_Classic_McEliece_6688128,290.666027
P521_HQC_256,P521_Classic_McEliece_6688128,278.995376
P521_HQC_256,P521_Classic_McEliece_6688128,285.049483
P521_HQC_256,P521_Classic_McEliece_6688128,270.49691
P521_HQC_256,P521_Classic_McEliece_6688128,282.356099
P521_HQC_256,P521_Classic_McEliece_6688128,275.647388
P521_HQC_256,P521_Classic_McEliece_6688128,288.459283
P521_HQC_256,P521_Classic_McEliece_6688128,282.778431
P521_HQC_256,P521_Classic_McEliece_6688128,270.001279
P521_HQC_256,P521_Classic_McEliece_6688128,270.425466
P521_HQC_256,P521_Classic_McEliece_6688128,278.448899
P521_HQC_256,P521_Classic_McEliece_6688128,287.155463
P521_HQC_256,P521_Classic_McEliece_6688128,279.419923
P521_HQC_256,P521_Classic_McEliece_6688128,282.140205
P521_HQC_256,P521_Classic_McEliece_6688128,293.354624
P521_HQC_256,P521_Classic_McEliece_6688128,286.07598
P521_HQC_256,P521_Classic_McEliece_6688128,274.338674
P521_HQC_256,P521_Classic_McEliece_6688128,290.333514
P521_HQC_256,P521_Classic_McEliece_6688128,272.060085
P521_HQC_256,P521_Classic_McEliece_6688128,271.971392
P521_HQC_256,P521_Classic_McEliece_6688128,279.595027
P521_HQC_256,P521_Classic_McEliece_6688128,275.812447
P521_HQC_256,P521_Classic_McEliece_6688128,271.978771
P521_HQC_256,P521_Classic_McEliece_6688128,284.029498
P521_HQC_256,P521_Classic_McEliece_6688128,293.07828
P521_HQC_256,P521_Classic_McEliece_6688128,280.757831
P521_HQC_256,P521_Classic_McEliece_6688128,282.082409
P521_HQC_256,P521_Classic_McEliece_6688128,288.555869
P521_HQC_256,P521_Classic_McEliece_6688128,280.771022
P521_HQC_256,P521_Classic_McEliece_6688128,289.414438
P521_HQC_256,P521_Classic_McEliece_6688128,274.178733
P521_HQC_256,P521_Classic_McEliece_6688128,281.595856
P521_HQC_256,P521_Classic_McEliece_6688128,282.069071
P521_HQC_256,P521_Classic_McEliece_6688128,272.297758
P521_HQC_256,P521_Classic_McEliece_6688128,270.560997
P521_HQC_256,P521_Classic_McEliece_6688128,279.913065
P521_HQC_256,P521_Classic_McEliece_6688128,289.028502
P521_HQC_256,P521_Classic_McEliece_6688128,277.611144
P521_HQC_256,P521_Classic_McEliece_6688128,276.706427
P521_HQC_256,P521_Classic_McEliece_6688128,276.503419
P521_HQC_256,P521_Classic_McEliece_6688128,275.934211
P521_HQC_256,P521_Classic_McEliece_6688128,281.579432
P521_HQC_256,P521_Classic_McEliece_6688128,283.628195
P521_HQC_256,P521_Classic_McEliece_6688128,273.204903
P521_HQC_256,P521_Classic_McEliece_6688128,271.307968
P521_HQC_256,P521_Classic_McEliece_6688128,280.55441
P521_HQC_256,P521_Classic_McEliece_6688128,272.437008
P521_HQC_256,P521_Classic_McEliece_6688128,290.306202
P521_HQC_256,P521_Classic_McEliece_6688128,273.499347
P521_HQC_256,P521_Classic_McEliece_6688128,280.343097
P521_HQC_256,P521_Classic_McEliece_6688128,278.806322
P521_HQC_256,P521_Classic_McEliece_6688128,275.179507
P521_HQC_256,P521_Classic_McEliece_6688128,282.112905
P521_HQC_256,P521_Classic_McEliece_6688128,276.749645
P521_HQC_256,P521_Classic_McEliece_6688128,291.074701
P521_HQC_256,P521_Classic_McEliece_6688128,288.279944
P521_HQC_256,P521_Classic_McEliece_6688128,278.868654
P521_HQC_256,P521_Classic_McEliece_6688128,284.273777
P521_HQC_256,P521_Classic_McEliece_6688128,273.563119
P521_HQC_256,P521_Classic_McEliece_6688128,286.015513
P521_HQC_256,P521_Classic_McEliece_6688128,279.322226
P521_HQC_256,P521_Classic_McEliece_6688128,273.917961
P521_HQC_256,P521_Classic_McEliece_6688128,270.903548
P521_HQC_256,P521_Classic_McEliece_6688128,277.567064
P521_HQC_256,P521_Classic_McEliece_6688128,281.599391
P521_HQC_256,P521_Classic_McEliece_6688128,273.216782
P521_HQC_256,P521_Classic_McEliece_6688128,267.814534
P521_HQC_256,P521_Classic_McEliece_6688128,282.580583
P521_HQC_256,P521_Classic_McEliece_6688128,284.494711
P521_HQC_256,P521_Classic_McEliece_6688128,283.566088
P521_HQC_256,P521_Classic_McEliece_6688128,273.150522
P521_HQC_256,P521_Classic_McEliece_6688128,277.768383
P521_HQC_256,P521_Classic_McEliece_6688128,279.273474
P521_HQC_256,P521_Classic_McEliece_6688128,280.180928
P521_HQC_256,P521_Classic_McEliece_6688128,272.777417
P521_HQC_256,P521_Classic_McEliece_6688128,273.915843
P521_HQC_256,P521_Classic_McEliece_6688128,284.3271
P521_HQC_256,P521_Classic_McEliece_6688128,289.367101
P521_HQC_256,P521_Classic_McEliece_6688128,277.36972
P521_HQC_256,P521_Classic_McEliece_6688128,273.54022
P521_HQC_256,P521_Classic_McEliece_6688128,290.744729
P521_HQC_256,P521_Classic_McEliece_6688128,282.419506
P521_HQC_256,P521_Classic_McEliece_6688128,286.421417
P521_HQC_256,P521_Classic_McEliece_6688128,284.08766
P521_HQC_256,P521_Classic_McEliece_6688128,271.955329
P521_HQC_256,P521_Classic_McEliece_6688128,269.963124
P521_HQC_256,P521_Classic_McEliece_6688128,284.471842
P521_HQC_256,P521_Classic_McEliece_6688128,277.924442
P521_HQC_256,P521_Classic_McEliece_6688128,279.416618
P521_HQC_256,P521_Classic_McEliece_6688128,275.738628
P521_HQC_256,P521_Classic_McEliece_6688128,280.24214
P521_HQC_256,P521_Classic_McEliece_6688128,280.231044
P521_HQC_256,P521_Classic_McEliece_6688128,277.363051
P521_HQC_256,P521_Classic_McEliece_6688128,269.653181
P521_HQC_256,P521_Classic_McEliece_6688128,270.790773
P521_HQC_256,P521_Classic_McEliece_6688128,283.525504
P521_HQC_256,P521_Classic_McEliece_6688128,273.884569
P521_HQC_256,P521_Classic_McEliece_6688128,277.233075
P521_HQC_256,P521_Classic_McEliece_6688128,277.898609
P521_HQC_256,P521_Classic_McEliece_6688128,286.626319
P521_HQC_256,P521_Classic_McEliece_6688128,283.275286
P521_HQC_256,P521_Classic_McEliece_6688128,279.669723
P521_HQC_256,P521_Classic_McEliece_6688128,268.946664
P521_HQC_256,P521_Classic_McEliece_6688128,279.542732
P521_HQC_256,P521_Classic_McEliece_6688128,292.081971
P521_HQC_256,P521_Classic_McEliece_6688128,286.734505
P521_HQC_256,P521_Classic_McEliece_6688128,275.710266
P521_HQC_256,P521_Classic_McEliece_6688128,272.184381
P521_HQC_256,P521_Classic_McEliece_6688128,281.875825
P521_HQC_256,P521_Classic_McEliece_6688128,273.203045
P521_HQC_256,P521_Classic_McEliece_6688128,272.729162
P521_HQC_256,P521_Classic_McEliece_6688128,288.728277
P521_HQC_256,P521_Classic_McEliece_6688128,276.812346
P521_HQC_256,P521_Classic_McEliece_6688128,280.917073
P521_HQC_256,P521_Classic_McEliece_6688128,271.618608
P521_HQC_256,P521_Classic_McEliece_6688128,280.916304
P521_HQC_256,P521_Classic_McEliece_6688128,284.469408
P521_HQC_256,P521_Classic_McEliece_6688128,276.021809
P521_HQC_256,P521_Classic_McEliece_6688128,277.055885
P521_HQC_256,P521_Classic_McEliece_6688128,280.222769
P521_HQC_256,P521_Classic_McEliece_6688128,271.886524
P521_HQC_256,P521_Classic_McEliece_6688128,282.874183
P521_HQC_256,P521_Classic_McEliece_6688128,288.984439
P521_HQC_256,P521_Classic_McEliece_6688128,283.845959
P521_HQC_256,P521_Classic_McEliece_6688128,285.145498
P521_HQC_256,P521_Classic_McEliece_6688128,271.254766
P521_HQC_256,P521_Classic_McEliece_6688128,269.901892
P521_HQC_256,P521_Classic_McEliece_6688128,282.131096
P521_HQC_256,P521_Classic_McEliece_6688128,282.645212
P521_HQC_256,P521_Classic_McEliece_6688128,272.881793
P521_HQC_256,P521_Classic_McEliece_6688128,278.228953
P521_HQC_256,P521_Classic_McEliece_6688128,276.412719
P521_HQC_256,P521_Classic_McEliece_6688128,281.826067
P521_HQC_256,P521_Classic_McEliece_6688128,272.609155
P521_HQC_256,P521_Classic_McEliece_6688128,272.870058
P521_HQC_256,P521_Classic_McEliece_6688128,286.605935
P521_HQC_256,P521_Classic_McEliece_6688128,271.225844
P521_HQC_256,P521_Classic_McEliece_6688128,281.489227
P521_HQC_256,P521_Classic_McEliece_6688128,273.550232
P521_HQC_256,P521_Classic_McEliece_6688128,284.627124
P521_HQC_256,P521_Classic_McEliece_6688128,275.804304
P521_HQC_256,P521_Classic_McEliece_6688128,282.792182
P521_HQC_256,P521_Classic_McEliece_6688128,272.761603
P521_HQC_256,P521_Classic_McEliece_6688128,276.721944
P521_HQC_256,P521_Classic_McEliece_6688128,279.958279
P521_HQC_256,P521_Classic_McEliece_6688128,270.917616
P521_HQC_256,P521_Classic_McEliece_6688128,274.372896
P521_HQC_256,P521_Classic_McEliece_6688128,280.925331
P521_HQC_256,P521_Classic_McEliece_6688128,283.331453
P521_HQC_256,P521_Classic_McEliece_6688128,272.644005
P521_HQC_256,P521_Classic_McEliece_6688128,289.958465
P521_HQC_256,P521_Classic_McEliece_6688128,290.313142
P521_HQC_256,P521_Classic_McEliece_6688128,291.646991
P521_HQC_256,P521_Classic_McEliece_6688128,275.222198
P521_HQC_256,P521_Classic_McEliece_6688128,289.423221
P521_HQC_256,P521_Classic_McEliece_6688128,280.393283
P521_HQC_256,P521_Classic_McEliece_6688128,289.87333
P521_HQC_256,P521_Classic_McEliece_6688128,271.733901
P521_HQC_256,P521_Classic_McEliece_6688128,282.151669
P521_HQC_256,P521_Classic_McEliece_6688128,280.439128
P521_HQC_256,P521_Classic_McEliece_6688128,279.901946
P521_HQC_256,P521_Classic_McEliece_6688128,286.847347
P521_HQC_256,P521_Classic_McEliece_6688128,285.341626
P521_HQC_256,P521_Classic_McEliece_6688128,277.474379
P521_HQC_256,P521_Classic_McEliece_6688128,286.21182
P521_HQC_256,P521_Classic_McEliece_6688128,281.162968
P521_HQC_256,P521_Classic_McEliece_6688128,281.610474
P521_HQC_256,P521_Classic_McEliece_6688128,278.594177
P521_HQC_256,P521_Classic_McEliece_6688128,273.786034
P521_HQC_256,P521_Classic_McEliece_6688128,292.119895
P521_HQC_256,P521_Classic_McEliece_6688128,276.542909
P521_HQC_256,P521_Classic_McEliece_6688128,285.368684
P521_HQC_256,P521_Classic_McEliece_6688128,288.240475
P521_HQC_256,P521_Classic_McEliece_6688128,270.149096
P521_HQC_256,P521_Classic_McEliece_6688128,277.924498
P521_HQC_256,P521_Classic_McEliece_6688128,284.458121
P521_HQC_256,P521_Classic_McEliece_6688128,286.069068
P521_HQC_256,P521_Classic_McEliece_6688128,278.665519
P521_HQC_256,P521_Classic_McEliece_6688128,271.586003
P521_HQC_256,P521_Classic_McEliece_6688128,274.384254
P521_HQC_256,P521_Classic_McEliece_6688128,271.53424
P521_HQC_256,P521_Classic_McEliece_6688128,284.355489
P521_HQC_256,P521_Classic_McEliece_6688128,282.834682
P521_HQC_256,P521_Classic_McEliece_6688128,270.260862
P521_HQC_256,P521_Classic_McEliece_6688128,273.784404
P521_HQC_256,P521_Classic_McEliece_6688128,273.288748
P521_HQC_256,P521_Classic_McEliece_6688128,271.138993
P521_HQC_256,P521_Classic_McEliece_6688128,283.657383
P521_HQC_256,P521_Classic_McEliece_6688128,284.910628
P521_HQC_256,P521_Classic_McEliece_6688128,281.81305
P521_HQC_256,P521_Classic_McEliece_6688128,287.713624
P521_HQC_256,P521_Classic_McEliece_6688128,268.652679
P521_HQC_256,P521_Classic_McEliece_6688128,274.034506
P521_HQC_256,P521_Classic_McEliece_6688128,284.492384
P521_HQC_256,P521_Classic_McEliece_6688128,280.153157
P521_HQC_256,P521_Classic_McEliece_6688128,291.937716
P521_HQC_256,P521_Classic_McEliece_6688128,269.631669
P521_HQC_256,P521_Classic_McEliece_6688128,281.655294
P521_HQC_256,P521_Classic_McEliece_6688128,278.315805
P521_HQC_256,P521_Classic_McEliece_6688128,272.116085
P521_HQC_256,P521_Classic_McEliece_6688128,286.971143
P521_HQC_256,P521_Classic_McEliece_6688128,278.80039
P521_HQC_256,P521_Classic_McEliece_6688128,275.677966
P521_HQC_256,P521_Classic_McEliece_6688128,279.723058
P521_HQC_256,P521_Classic_McEliece_6688128,287.816754
P521_HQC_256,P521_Classic_McEliece_6688128,268.508105
P521_HQC_256,P521_Classic_McEliece_6688128,273.668474
P521_HQC_256,P521_Classic_McEliece_6688128,279.591474
P521_HQC_256,P521_Classic_McEliece_6688128,273.567822
P521_HQC_256,P521_Classic_McEliece_6688128,277.765949
P521_HQC_256,P521_Classic_McEliece_6688128,279.069518
P521_HQC_256,P521_Classic_McEliece_6688128,286.230142
P521_HQC_256,P521_Classic_McEliece_6688128,285.301384
P521_HQC_256,P521_Classic_McEliece_6688128,281.284208
P521_HQC_256,P521_Classic_McEliece_6688128,290.467022
P521_HQC_256,P521_Classic_McEliece_6688128,272.611276
P521_HQC_256,P521_Classic_McEliece_6688128,280.910295
P521_HQC_256,P521_Classic_McEliece_6688128,282.034751
P521_HQC_256,P521_Classic_McEliece_6688128,283.327372
P521_HQC_256,P521_Classic_McEliece_6688128,280.539362
P521_HQC_256,P521_Classic_McEliece_6688128,279.521848
P521_HQC_256,P521_Classic_McEliece_6688128,283.109186
P521_HQC_256,P521_Classic_McEliece_6688128,276.317348
P521_HQC_256,P521_Classic_McEliece_6688128,283.287611
P521_HQC_256,P521_Classic_McEliece_6688128,271.014777
P521_HQC_256,P521_Classic_McEliece_6688128,289.84568
P521_HQC_256,P521_Classic_McEliece_6688128,273.970442
P521_HQC_256,P521_Classic_McEliece_6688128,277.300668
P521_HQC_256,P521_Classic_McEliece_6688128,273.459936
P521_HQC_256,P521_Classic_McEliece_6688128,284.928823
P521_HQC_256,P521_Classic_McEliece_6688128,273.708362
P521_HQC_256,P521_Classic_McEliece_6688128,285.308543
P521_HQC_256,P521_Classic_McEliece_6688128,279.863228
P521_HQC_256,P521_Classic_McEliece_6688128,275.886923
P521_HQC_256,P521_Classic_McEliece_6688128,285.242421
P521_HQC_256,P521_Classic_McEliece_6688128,271.351775
P521_HQC_256,P521_Classic_McEliece_6688128,277.675076
P521_HQC_256,P521_Classic_McEliece_6688128,280.150246
P521_HQC_256,P521_Classic_McEliece_6688128,268.691734
P521_HQC_256,P521_Classic_McEliece_6688128,276.980634
P521_HQC_256,P521_Classic_McEliece_6688128,283.479586
P521_HQC_256,P521_Classic_McEliece_6688128,288.482771
P521_HQC_256,P521_Classic_McEliece_6688128,272.979644
P521_HQC_256,P521_Classic_McEliece_6688128,272.574951
P521_HQC_256,P521_Classic_McEliece_6688128,275.125909
P521_HQC_256,P521_Classic_McEliece_6688128,280.316948
P521_HQC_256,P521_Classic_McEliece_6688128,281.60518
P521_HQC_256,P521_Classic_McEliece_6688128,289.957909
P521_HQC_256,P521_Classic_McEliece_6688128,295.006196
P521_HQC_256,P521_Classic_McEliece_6688128,284.578488
P521_HQC_256,P521_Classic_McEliece_6688128,282.766725
P521_HQC_256,P521_Classic_McEliece_6688128,276.63018
P521_HQC_256,P521_Classic_McEliece_6688128,291.797351
P521_HQC_256,P521_Classic_McEliece_6688128,283.40042
P521_HQC_256,P521_Classic_McEliece_6688128,281.587851
P521_HQC_256,P521_Classic_McEliece_6688128,268.035565
P521_HQC_256,P521_Classic_McEliece_6688128,280.977702
P521_HQC_256,P521_Classic_McEliece_6688128,269.254651
P521_HQC_256,P521_Classic_McEliece_6688128,281.3608
P521_HQC_256,P521_Classic_McEliece_6688128,274.411828
P521_HQC_256,P521_Classic_McEliece_6688128,276.852766
P521_HQC_256,P521_Classic_McEliece_6688128,276.048706
P521_HQC_256,P521_Classic_McEliece_6688128,272.704908
P521_HQC_256,P521_Classic_McEliece_6688128,269.352383
P521_HQC_256,P521_Classic_McEliece_6688128,280.94411
P521_HQC_256,P521_Classic_McEliece_6688128,272.74114
P521_HQC_256,P521_Classic_McEliece_6688128,272.43103
P521_HQC_256,P521_Classic_McEliece_6688128,280.205193
P521_HQC_256,P521_Classic_McEliece_6688128,281.642646
P521_HQC_256,P521_Classic_McEliece_6688128,271.092028
P521_HQC_256,P521_Classic_McEliece_6688128,275.269927
P521_HQC_256,P521_Classic_McEliece_6688128,284.15739
P521_HQC_256,P521_Classic_McEliece_6688128,273.7194
P521_HQC_256,P521_Classic_McEliece_6688128,280.670319
P521_HQC_256,P521_Classic_McEliece_6688128,275.199302
P521_HQC_256,P521_Classic_McEliece_6688128,280.873514
P521_HQC_256,P521_Classic_McEliece_6688128,281.871981
P521_HQC_256,P521_Classic_McEliece_6688128,281.766227
P521_HQC_256,P521_Classic_McEliece_6688128,279.869692
P521_HQC_256,P521_Classic_McEliece_6688128,289.390275
P521_HQC_256,P521_Classic_McEliece_6688128,270.635179
P521_HQC_256,P521_Classic_McEliece_6688128,273.688226
P521_HQC_256,P521_Classic_McEliece_6688128,283.71015
P521_HQC_256,P521_Classic_McEliece_6688128,282.540713
P521_HQC_256,P521_Classic_McEliece_6688128,294.296746
P521_HQC_256,P521_Classic_McEliece_6688128,281.046667
P521_HQC_256,P521_Classic_McEliece_6688128,277.188826
P521_HQC_256,P521_Classic_McEliece_6688128,280.005145
P521_HQC_256,P521_Classic_McEliece_6688128,289.231422
P521_HQC_256,P521_Classic_McEliece_6688128,284.388107
P521_HQC_256,P521_Classic_McEliece_6688128,282.705134
P521_HQC_256,P521_Classic_McEliece_6688128,284.787407
P521_HQC_256,P521_Classic_McEliece_6688128,282.735551
P521_HQC_256,P521_Classic_McEliece_6688128,273.275469
P521_HQC_256,P521_Classic_McEliece_6688128,284.517521
P521_HQC_256,P521_Classic_McEliece_6688128,281.694126
P521_HQC_256,P521_Classic_McEliece_6688128,286.203998
P521_HQC_256,P521_Classic_McEliece_6688128,280.686535
P521_HQC_256,P521_Classic_McEliece_6688128,272.023605
P521_HQC_256,P521_Classic_McEliece_6688128,291.786582
P521_HQC_256,P521_Classic_McEliece_6688128,281.295501
P521_HQC_256,P521_Classic_McEliece_6688128,269.875917
P521_HQC_256,P521_Classic_McEliece_6688128,278.153377
P521_HQC_256,P521_Classic_McEliece_6688128,276.778987
P521_HQC_256,P521_Classic_McEliece_6688128,279.831834
P521_HQC_256,P521_Classic_McEliece_6688128,282.37538
P521_HQC_256,P521_Classic_McEliece_6688128,275.833975
P521_HQC_256,P521_Classic_McEliece_6688128,273.606373
P521_HQC_256,P521_Classic_McEliece_6688128,278.278366
P521_HQC_256,P521_Classic_McEliece_6688128,284.511165
P521_HQC_256,P521_Classic_McEliece_6688128,279.941353
P521_HQC_256,P521_Classic_McEliece_6688128,281.072369
P521_HQC_256,P521_Classic_McEliece_6688128,277.107431
P521_HQC_256,P521_Classic_McEliece_6688128,285.245336
P521_HQC_256,P521_Classic_McEliece_6688128,284.096638
P521_HQC_256,P521_Classic_McEliece_6688128,277.565523
P521_HQC_256,P521_Classic_McEliece_6688128,269.472204
P521_HQC_256,P521_Classic_McEliece_6688128,278.278895
P521_HQC_256,P521_Classic_McEliece_6688128,281.077128
P521_HQC_256,P521_Classic_McEliece_6688128,283.835592
P521_HQC_256,P521_Classic_McEliece_6688128,269.518741
P521_HQC_256,P521_Classic_McEliece_6688128,278.826528
P521_HQC_256,P521_Classic_McEliece_6688128,283.851425
P521_HQC_256,P521_Classic_McEliece_6688128,280.863314
P521_HQC_256,P521_Classic_McEliece_6688128,272.623327
P521_HQC_256,P521_Classic_McEliece_6688128,275.690707
P521_HQC_256,P521_Classic_McEliece_6688128,283.179893
P521_HQC_256,P521_Classic_McEliece_6688128,279.915612
P521_HQC_256,P521_Classic_McEliece_6688128,273.462216
P521_HQC_256,P521_Classic_McEliece_6688128,281.126243
P521_HQC_256,P521_Classic_McEliece_6688128,278.532402
P521_HQC_256,P521_Classic_McEliece_6688128,290.620678
P521_HQC_256,P521_Classic_McEliece_6688128,276.228644
P521_HQC_256,P521_Classic_McEliece_6688128,272.884736
P521_HQC_256,P521_Classic_McEliece_6688128,272.002452
P521_HQC_256,P521_Classic_McEliece_6688128,276.958222
P521_HQC_256,P521_Classic_McEliece_6688128,281.230799
P521_HQC_256,P521_Classic_McEliece_6688128,278.632453
P521_HQC_256,P521_Classic_McEliece_6688128,275.428892
P521_HQC_256,P521_Classic_McEliece_6688128,278.658671
P521_HQC_256,P521_Classic_McEliece_6688128,280.466784
P521_HQC_256,P521_Classic_McEliece_6688128,292.77302
P521_HQC_256,P521_Classic_McEliece_6688128,281.549883
P521_HQC_256,P521_Classic_McEliece_6688128,271.069927
P521_HQC_256,P521_Classic_McEliece_6688128,273.009366
P521_HQC_256,P521_Classic_McEliece_6688128,272.03517
P521_HQC_256,P521_Classic_McEliece_6688128,281.759034
P521_HQC_256,P521_Classic_McEliece_6688128,280.043339
P521_HQC_256,P521_Classic_McEliece_6688128,277.128424
P521_HQC_256,P521_Classic_McEliece_6688128,282.072169
P521_HQC_256,P521_Classic_McEliece_6688128,281.465582
P521_HQC_256,P521_Classic_McEliece_6688128,269.776217
P521_HQC_256,P521_Classic_McEliece_6688128,278.497834
P521_HQC_256,P521_Classic_McEliece_6688128,274.788096
P521_HQC_256,P521_Classic_McEliece_6688128,282.251817
P521_HQC_256,P521_Classic_McEliece_6688128,288.019047
P521_HQC_256,P521_Classic_McEliece_6688128,279.782463
P521_HQC_256,P521_Classic_McEliece_6688128,280.500541
P521_HQC_256,P521_Classic_McEliece_6688128,282.723245
P521_HQC_256,P521_Classic_McEliece_6688128,270.489601
P521_HQC_256,P521_Classic_McEliece_6688128,285.506487
P521_HQC_256,P521_Classic_McEliece_6688128,284.765025
P521_HQC_256,P521_Classic_McEliece_6688128,281.190687
P521_HQC_256,P521_Classic_McEliece_6688128,277.969527
P521_HQC_256,P521_Classic_McEliece_6688128,283.101293
P521_HQC_256,P521_Classic_McEliece_6688128,290.600883
P521_HQC_256,P521_Classic_McEliece_6688128,283.205152
P521_HQC_256,P521_Classic_McEliece_6688128,280.572002
P521_HQC_256,P521_Classic_McEliece_6688128,273.284658
P521_HQC_256,P521_Classic_McEliece_6688128,292.330926
P521_HQC_256,P521_Classic_McEliece_6688128,282.455309
P521_HQC_256,P521_Classic_McEliece_6688128,288.466655
P521_HQC_256,P521_Classic_McEliece_6688128,283.603138
P521_HQC_256,P521_Classic_McEliece_6688128,282.044771
P521_HQC_256,P521_Classic_McEliece_6688128,281.998227
P521_HQC_256,P521_Classic_McEliece_6688128,270.155209
P521_HQC_256,P521_Classic_McEliece_6688128,282.140937
P521_HQC_256,P521_Classic_McEliece_6688128,274.878171
P521_HQC_256,P521_Classic_McEliece_6688128,277.452159
P521_HQC_256,P521_Classic_McEliece_6688128,278.341731
P521_HQC_256,P521_Classic_McEliece_6688128,271.272652
P521_HQC_256,P521_Classic_McEliece_6688128,289.154986
P521_HQC_256,P521_Classic_McEliece_6688128,273.990138
P521_HQC_256,P521_Classic_McEliece_6688128,284.428429
P521_HQC_256,P521_Classic_McEliece_6688128,270.632517
P521_HQC_256,P521_Classic_McEliece_6688128,284.487318
P521_HQC_256,P521_Classic_McEliece_6688128,278.781722
P521_HQC_256,P521_Classic_McEliece_6688128,284.972284
P521_HQC_256,P521_Classic_McEliece_6688128,280.204178
P521_HQC_256,P521_Classic_McEliece_6688128,277.83293
P521_HQC_256,P521_Classic_McEliece_6688128,289.501674
P521_HQC_256,P521_Classic_McEliece_6688128,275.968005
P521_HQC_256,P521_Classic_McEliece_6688128,291.45108
P521_HQC_256,P521_Classic_McEliece_6688128,291.254231
P521_HQC_256,P521_Classic_McEliece_6688128,270.851245
P521_HQC_256,P521_Classic_McEliece_6688128,274.850076
P521_HQC_256,P521_Classic_McEliece_6688128,291.990945
P521_HQC_256,P521_Classic_McEliece_6688128,272.951123
P521_HQC_256,P521_Classic_McEliece_6688128,282.444242
P521_HQC_256,P521_Classic_McEliece_6688128,271.418958
P521_HQC_256,P521_Classic_McEliece_6688128,277.464397
P521_HQC_256,P521_Classic_McEliece_6688128,286.262581
P521_HQC_256,P521_Classic_McEliece_6688128,276.721031
P521_HQC_256,P521_Classic_McEliece_6688128,283.852072
P521_HQC_256,P521_Classic_McEliece_6688128,275.459723
P521_HQC_256,P521_Classic_McEliece_6688128,291.423278
P521_HQC_256,P521_Classic_McEliece_6688128,270.78321
P521_HQC_256,P521_Classic_McEliece_6688128,281.053549
P521_HQC_256,P521_Classic_McEliece_6688128,280.230811
P521_HQC_256,P521_Classic_McEliece_6688128,268.843118
P521_HQC_256,P521_Classic_McEliece_6688128,282.075569
P521_HQC_256,P521_Classic_McEliece_6688128,283.772758
P521_HQC_256,P521_Classic_McEliece_6688128,272.786333
P521_HQC_256,P521_Classic_McEliece_6688128,280.840129
P521_HQC_256,P521_Classic_McEliece_6688128,280.357096
P521_HQC_256,P521_Classic_McEliece_6688128,271.68162
P521_HQC_256,P521_Classic_McEliece_6688128,279.936406
P521_HQC_256,P521_Classic_McEliece_6688128,267.595246
P521_HQC_256,P521_Classic_McEliece_6688128,278.877524
P521_HQC_256,P521_Classic_McEliece_6688128,275.044338
P521_HQC_256,P521_Classic_McEliece_6688128,276.838703
P521_HQC_256,P521_Classic_McEliece_6688128,281.469505
P521_HQC_256,P521_Classic_McEliece_6688128,288.6459
P521_HQC_256,P521_Classic_McEliece_6688128,276.804416
P521_HQC_256,P521_Classic_McEliece_6688128,278.038067
P521_HQC_256,P521_Classic_McEliece_6688128,280.072942
P521_HQC_256,P521_Classic_McEliece_6688128,279.347153
P521_HQC_256,P521_Classic_McEliece_6688128,281.789685
P521_HQC_256,P521_Classic_McEliece_6688128,282.438303
P521_HQC_256,P521_Classic_McEliece_6688128,274.212016
P521_HQC_256,P521_Classic_McEliece_6688128,273.158026
P521_HQC_256,P521_Classic_McEliece_6688128,273.182589
P521_HQC_256,P521_Classic_McEliece_6688128,282.43653
P521_HQC_256,P521_Classic_McEliece_6688128,279.594331
P521_HQC_256,P521_Classic_McEliece_6688128,281.5698
P521_HQC_256,P521_Classic_McEliece_6688128,277.462294
P521_HQC_256,P521_Classic_McEliece_6688128,273.099512
P521_HQC_256,P521_Classic_McEliece_6688128,269.78159
P521_HQC_256,P521_Classic_McEliece_6688128,274.716841
P521_HQC_256,P521_Classic_McEliece_6688128,279.774718
P521_HQC_256,P521_Classic_McEliece_6688128,288.546073
P521_HQC_256,P521_Classic_McEliece_6688128,282.916361
P521_HQC_256,P521_Classic_McEliece_6688128,279.697263
P521_HQC_256,P521_Classic_McEliece_6688128,278.597714
P521_HQC_256,P521_Classic_McEliece_6688128,285.32249
P521_HQC_256,P521_Classic_McEliece_6688128,291.722967
P521_HQC_256,P521_Classic_McEliece_6688128,285.521879
P521_HQC_256,P521_Classic_McEliece_6688128,278.642621
P521_HQC_256,P521_Classic_McEliece_6688128,274.099765
P521_HQC_256,P521_Classic_McEliece_6688128,282.01835
P521_HQC_256,P521_Classic_McEliece_6688128,282.851314
P521_HQC_256,P521_Classic_McEliece_6688128,278.386847
P521_HQC_256,P521_Classic_McEliece_6688128,273.091859
P521_HQC_256,P521_Classic_McEliece_6688128,282.72514
P521_HQC_256,P521_Classic_McEliece_6688128,284.552671
P521_HQC_256,P521_Classic_McEliece_6688128,282.296665
P521_HQC_256,P521_Classic_McEliece_6688128,277.210602
P521_HQC_256,P521_Classic_McEliece_6688128,280.781925
P521_HQC_256,P521_Classic_McEliece_6688128,273.1795
P521_HQC_256,P521_Classic_McEliece_6688128,281.354568
P521_HQC_256,P521_Classic_McEliece_6688128,281.76832
P521_HQC_256,P521_Classic_McEliece_6688128,275.206244
P521_HQC_256,P521_Classic_McEliece_6688128,272.745076
P521_HQC_256,P521_Classic_McEliece_6688128,280.030321
P521_HQC_256,P521_Classic_McEliece_6688128,282.907827
P521_HQC_256,P521_Classic_McEliece_6688128,268.459741
P521_HQC_256,P521_Classic_McEliece_6688128,284.472435
P521_HQC_256,P521_Classic_McEliece_6688128,280.964634
P521_HQC_256,P521_Classic_McEliece_6688128,277.629056
P521_HQC_256,P521_Classic_McEliece_6688128,278.878647
P521_HQC_256,P521_Classic_McEliece_6688128,279.741867
P521_HQC_256,P521_Classic_McEliece_6688128,282.471326
P521_HQC_256,P521_Classic_McEliece_6688128,292.51506
P521_HQC_256,P521_Classic_McEliece_6688128,280.243615
P521_HQC_256,P521_Classic_McEliece_6688128,283.722519
P521_HQC_256,P521_Classic_McEliece_6688128,288.953508
P521_HQC_256,P521_Classic_McEliece_6688128,268.800615
P521_HQC_256,P521_Classic_McEliece_6688128,290.649808
P521_HQC_256,P521_Classic_McEliece_6688128,281.029601
P521_HQC_256,P521_Classic_McEliece_6688128,281.954294
P521_HQC_256,P521_Classic_McEliece_6688128,275.21432
P521_HQC_256,P521_Classic_McEliece_6688128,287.204262
P521_HQC_256,P521_Classic_McEliece_6688128,283.719359
P521_HQC_256,P521_Classic_McEliece_6688128,282.749634
P521_HQC_256,P521_Classic_McEliece_6688128,274.454022
P521_HQC_256,P521_Classic_McEliece_6688128,281.753907
P521_HQC_256,P521_Classic_McEliece_6688128,290.526778
P521_HQC_256,P521_Classic_McEliece_6688128,289.948395
P521_HQC_256,P521_Classic_McEliece_6688128,273.822009
P521_HQC_256,P521_Classic_McEliece_6688128,268.996485
P521_HQC_256,P521_Classic_McEliece_6688128,268.521326
P521_HQC_256,P521_Classic_McEliece_6688128,286.349214
P521_HQC_256,P521_Classic_McEliece_6688128,276.346558
P521_HQC_256,P521_Classic_McEliece_6688128,269.762202
P521_HQC_256,P521_Classic_McEliece_6688128,272.846986
P521_HQC_256,P521_Classic_McEliece_6688128,284.502384
P521_HQC_256,P521_Classic_McEliece_6688128,277.00879
P521_HQC_256,P521_Classic_McEliece_6688128,280.320802
P521_HQC_256,P521_Classic_McEliece_6688128,273.467872
P521_HQC_256,P521_Classic_McEliece_6688128,282.167579
P521_HQC_256,P521_Classic_McEliece_6688128,276.428427
P521_HQC_256,P521_Classic_McEliece_6688128,284.721825
P521_HQC_256,P521_Classic_McEliece_6688128,277.928428
P521_HQC_256,P521_Classic_McEliece_6688128,285.322437
P521_HQC_256,P521_Classic_McEliece_6688128,277.130419
P521_HQC_256,P521_Classic_McEliece_6688128,284.015641
P521_HQC_256,P521_Classic_McEliece_6688128,273.772929
P521_HQC_256,P521_Classic_McEliece_6688128,272.579398
P521_HQC_256,P521_Classic_McEliece_6688128,278.952748
P521_HQC_256,P521_Classic_McEliece_6688128,273.531536
P521_HQC_256,P521_Classic_McEliece_6688128,277.269122
P521_HQC_256,P521_Classic_McEliece_6688128,280.520892
P521_HQC_256,P521_Classic_McEliece_6688128,284.552556
P521_HQC_256,P521_Classic_McEliece_6688128,270.777608
P521_HQC_256,P521_Classic_McEliece_6688128,272.886266
P521_HQC_256,P521_Classic_McEliece_6688128,283.63323
P521_HQC_256,P521_Classic_McEliece_6688128,277.639857
P521_HQC_256,P521_Classic_McEliece_6688128,282.676596
P521_HQC_256,P521_Classic_McEliece_6688128,273.569641
P521_HQC_256,P521_Classic_McEliece_6688128,281.98081
P521_HQC_256,P521_Classic_McEliece_6688128,278.159474
P521_HQC_256,P521_Classic_McEliece_6688128,276.704241
P521_HQC_256,P521_Classic_McEliece_6688128,278.972023
P521_HQC_256,P521_Classic_McEliece_6688128,267.49533
P521_HQC_256,P521_Classic_McEliece_6688128,269.879624
P521_HQC_256,P521_Classic_McEliece_6688128,275.779149
P521_HQC_256,P521_Classic_McEliece_6688128,272.364535
P521_HQC_256,P521_Classic_McEliece_6688128,280.506471
P521_HQC_256,P521_Classic_McEliece_6688128,281.062473
P521_HQC_256,P521_Classic_McEliece_6688128,277.127924
P521_HQC_256,P521_Classic_McEliece_6688128,282.350699
P521_HQC_256,P521_Classic_McEliece_6688128,282.619027
P521_HQC_256,P521_Classic_McEliece_6688128,270.933917
P521_HQC_256,P521_Classic_McEliece_6688128,281.309364
P521_HQC_256,P521_Classic_McEliece_6688128,288.754791
P521_HQC_256,P521_Classic_McEliece_6688128,281.740004
P521_HQC_256,P521_Classic_McEliece_6688128,278.338121
P521_HQC_256,P521_Classic_McEliece_6688128,278.711003
P521_HQC_256,P521_Classic_McEliece_6688128,278.823277
P521_HQC_256,P521_Classic_McEliece_6688128,272.096731
P521_HQC_256,P521_Classic_McEliece_6688128,284.194036
P521_HQC_256,P521_Classic_McEliece_6688128,280.685701
P521_HQC_256,P521_Classic_McEliece_6688128,271.650032
P521_HQC_256,P521_Classic_McEliece_6688128,286.308837
P521_HQC_256,P521_Classic_McEliece_6688128,275.994748
P521_HQC_256,P521_Classic_McEliece_6688128,283.205901
P521_HQC_256,P521_Classic_McEliece_6688128,272.453464
P521_HQC_256,P521_Classic_McEliece_6688128,273.690757
P521_HQC_256,P521_Classic_McEliece_6688128,286.905285
P521_HQC_256,P521_Classic_McEliece_6688128,282.632937
P521_HQC_256,P521_Classic_McEliece_6688128,276.731341
P521_HQC_256,P521_Classic_McEliece_6688128,284.320064
P521_HQC_256,P521_Classic_McEliece_6688128,274.575473
P521_HQC_256,P521_Classic_McEliece_6688128,274.732385
P521_HQC_256,P521_Classic_McEliece_6688128,270.665247
P521_HQC_256,P521_Classic_McEliece_6688128,273.783023
P521_BIKE_L5,P521_BIKE_L5,150.518212
P521_BIKE_L5,P521_BIKE_L5,151.8093
P521_BIKE_L5,P521_BIKE_L5,153.861895
P521_BIKE_L5,P521_BIKE_L5,157.615828
P521_BIKE_L5,P521_BIKE_L5,152.639733
P521_BIKE_L5,P521_BIKE_L5,157.79922
P521_BIKE_L5,P521_BIKE_L5,160.673149
P521_BIKE_L5,P521_BIKE_L5,158.640071
P521_BIKE_L5,P521_BIKE_L5,160.980677
P521_BIKE_L5,P521_BIKE_L5,154.984761
P521_BIKE_L5,P521_BIKE_L5,156.810861
P521_BIKE_L5,P521_BIKE_L5,151.117439
P521_BIKE_L5,P521_BIKE_L5,155.323475
P521_BIKE_L5,P521_BIKE_L5,154.317944
P521_BIKE_L5,P521_BIKE_L5,155.117798
P521_BIKE_L5,P521_BIKE_L5,155.099965
P521_BIKE_L5,P521_BIKE_L5,157.855961
P521_BIKE_L5,P521_BIKE_L5,154.90959
P521_BIKE_L5,P521_BIKE_L5,151.702401
P521_BIKE_L5,P521_BIKE_L5,156.382952
P521_BIKE_L5,P521_BIKE_L5,159.497071
P521_BIKE_L5,P521_BIKE_L5,153.810512
P521_BIKE_L5,P521_BIKE_L5,150.295415
P521_BIKE_L5,P521_BIKE_L5,154.249373
P521_BIKE_L5,P521_BIKE_L5,153.686142
P521_BIKE_L5,P521_BIKE_L5,152.946371
P521_BIKE_L5,P521_BIKE_L5,156.805941
P521_BIKE_L5,P521_BIKE_L5,153.393225
P521_BIKE_L5,P521_BIKE_L5,155.754208
P521_BIKE_L5,P521_BIKE_L5,163.892381
P521_BIKE_L5,P521_BIKE_L5,154.099282
P521_BIKE_L5,P521_BIKE_L5,153.058501
P521_BIKE_L5,P521_BIKE_L5,156.74436
P521_BIKE_L5,P521_BIKE_L5,154.364532
P521_BIKE_L5,P521_BIKE_L5,159.789955
P521_BIKE_L5,P521_BIKE_L5,160.800865
P521_BIKE_L5,P521_BIKE_L5,158.841894
P521_BIKE_L5,P521_BIKE_L5,153.228328
P521_BIKE_L5,P521_BIKE_L5,154.234249
P521_BIKE_L5,P521_BIKE_L5,157.739239
P521_BIKE_L5,P521_BIKE_L5,150.676847
P521_BIKE_L5,P521_BIKE_L5,155.245337
P521_BIKE_L5,P521_BIKE_L5,160.657478
P521_BIKE_L5,P521_BIKE_L5,158.315643
P521_BIKE_L5,P521_BIKE_L5,153.802
P521_BIKE_L5,P521_BIKE_L5,151.311736
P521_BIKE_L5,P521_BIKE_L5,156.577246
P521_BIKE_L5,P521_BIKE_L5,157.186789
P521_BIKE_L5,P521_BIKE_L5,155.505861
P521_BIKE_L5,P521_BIKE_L5,154.462809
P521_BIKE_L5,P521_BIKE_L5,153.32133
P521_BIKE_L5,P521_BIKE_L5,154.15389
P521_BIKE_L5,P521_BIKE_L5,150.700786
P521_BIKE_L5,P521_BIKE_L5,160.663899
P521_BIKE_L5,P521_BIKE_L5,147.003646
P521_BIKE_L5,P521_BIKE_L5,152.602334
P521_BIKE_L5,P521_BIKE_L5,154.216469
P521_BIKE_L5,P521_BIKE_L5,155.820868
P521_BIKE_L5,P521_BIKE_L5,151.163727
P521_BIKE_L5,P521_BIKE_L5,154.173284
P521_BIKE_L5,P521_BIKE_L5,156.539948
P521_BIKE_L5,P521_BIKE_L5,154.456608
P521_BIKE_L5,P521_BIKE_L5,158.47606
P521_BIKE_L5,P521_BIKE_L5,159.207456
P521_BIKE_L5,P521_BIKE_L5,154.975642
P521_BIKE_L5,P521_BIKE_L5,161.963474
P521_BIKE_L5,P521_BIKE_L5,159.145442
P521_BIKE_L5,P521_BIKE_L5,155.690104
P521_BIKE_L5,P521_BIKE_L5,151.533607
P521_BIKE_L5,P521_BIKE_L5,158.440389
P521_BIKE_L5,P521_BIKE_L5,152.862333
P521_BIKE_L5,P521_BIKE_L5,158.529126
P521_BIKE_L5,P521_BIKE_L5,154.040797
P521_BIKE_L5,P521_BIKE_L5,155.662355
P521_BIKE_L5,P521_BIKE_L5,154.181112
P521_BIKE_L5,P521_BIKE_L5,153.889175
P521_BIKE_L5,P521_BIKE_L5,160.804687
P521_BIKE_L5,P521_BIKE_L5,158.644022
P521_BIKE_L5,P521_BIKE_L5,158.253308
P521_BIKE_L5,P521_BIKE_L5,152.094638
P521_BIKE_L5,P521_BIKE_L5,151.619732
P521_BIKE_L5,P521_BIKE_L5,155.44121
P521_BIKE_L5,P521_BIKE_L5,156.590698
P521_BIKE_L5,P521_BIKE_L5,156.970775
P521_BIKE_L5,P521_BIKE_L5,152.693788
P521_BIKE_L5,P521_BIKE_L5,160.75232
P521_BIKE_L5,P521_BIKE_L5,155.59761
P521_BIKE_L5,P521_BIKE_L5,156.749525
P521_BIKE_L5,P521_BIKE_L5,154.721992
P521_BIKE_L5,P521_BIKE_L5,155.30669
P521_BIKE_L5,P521_BIKE_L5,149.763457
P521_BIKE_L5,P521_BIKE_L5,157.701495
P521_BIKE_L5,P521_BIKE_L5,154.561069
P521_BIKE_L5,P521_BIKE_L5,160.09794
P521_BIKE_L5,P521_BIKE_L5,161.919979
P521_BIKE_L5,P521_BIKE_L5,156.922365
P521_BIKE_L5,P521_BIKE_L5,156.31542
P521_BIKE_L5,P521_BIKE_L5,154.809649
P521_BIKE_L5,P521_BIKE_L5,155.798775
P521_BIKE_L5,P521_BIKE_L5,151.894158
P521_BIKE_L5,P521_BIKE_L5,152.564763
P521_BIKE_L5,P521_BIKE_L5,154.563267
P521_BIKE_L5,P521_BIKE_L5,156.786907
P521_BIKE_L5,P521_BIKE_L5,155.245512
P521_BIKE_L5,P521_BIKE_L5,155.910553
P521_BIKE_L5,P521_BIKE_L5,156.507073
P521_BIKE_L5,P521_BIKE_L5,157.328621
P521_BIKE_L5,P521_BIKE_L5,157.079769
P521_BIKE_L5,P521_BIKE_L5,155.902868
P521_BIKE_L5,P521_BIKE_L5,159.770524
P521_BIKE_L5,P521_BIKE_L5,160.457319
P521_BIKE_L5,P521_BIKE_L5,152.34112
P521_BIKE_L5,P521_BIKE_L5,151.893792
P521_BIKE_L5,P521_BIKE_L5,155.729946
P521_BIKE_L5,P521_BIKE_L5,156.64007
P521_BIKE_L5,P521_BIKE_L5,151.148458
P521_BIKE_L5,P521_BIKE_L5,156.071436
P521_BIKE_L5,P521_BIKE_L5,149.873583
P521_BIKE_L5,P521_BIKE_L5,160.274929
P521_BIKE_L5,P521_BIKE_L5,150.283291
P521_BIKE_L5,P521_BIKE_L5,151.292297
P521_BIKE_L5,P521_BIKE_L5,153.167266
P521_BIKE_L5,P521_BIKE_L5,159.01221
P521_BIKE_L5,P521_BIKE_L5,156.955042
P521_BIKE_L5,P521_BIKE_L5,160.303946
P521_BIKE_L5,P521_BIKE_L5,159.399314
P521_BIKE_L5,P521_BIKE_L5,163.546103
P521_BIKE_L5,P521_BIKE_L5,159.195463
P521_BIKE_L5,P521_BIKE_L5,160.350279
P521_BIKE_L5,P521_BIKE_L5,158.246673
P521_BIKE_L5,P521_BIKE_L5,153.533981
P521_BIKE_L5,P521_BIKE_L5,155.625819
P521_BIKE_L5,P521_BIKE_L5,151.971188
P521_BIKE_L5,P521_BIKE_L5,153.135148
P521_BIKE_L5,P521_BIKE_L5,155.751952
P521_BIKE_L5,P521_BIKE_L5,154.959505
P521_BIKE_L5,P521_BIKE_L5,159.007679
P521_BIKE_L5,P521_BIKE_L5,151.799308
P521_BIKE_L5,P521_BIKE_L5,155.270413
P521_BIKE_L5,P521_BIKE_L5,159.099913
P521_BIKE_L5,P521_BIKE_L5,156.373917
P521_BIKE_L5,P521_BIKE_L5,151.97242
P521_BIKE_L5,P521_BIKE_L5,158.112108
P521_BIKE_L5,P521_BIKE_L5,149.954375
P521_BIKE_L5,P521_BIKE_L5,153.711684
P521_BIKE_L5,P521_BIKE_L5,151.297043
P521_BIKE_L5,P521_BIKE_L5,153.102055
P521_BIKE_L5,P521_BIKE_L5,151.308226
P521_BIKE_L5,P521_BIKE_L5,150.083397
P521_BIKE_L5,P521_BIKE_L5,159.078417
P521_BIKE_L5,P521_BIKE_L5,157.547896
P521_BIKE_L5,P521_BIKE_L5,152.944519
P521_BIKE_L5,P521_BIKE_L5,150.646412
P521_BIKE_L5,P521_BIKE_L5,154.862034
P521_BIKE_L5,P521_BIKE_L5,152.057837
P521_BIKE_L5,P521_BIKE_L5,152.057973
P521_BIKE_L5,P521_BIKE_L5,148.723187
P521_BIKE_L5,P521_BIKE_L5,151.263102
P521_BIKE_L5,P521_BIKE_L5,151.357027
P521_BIKE_L5,P521_BIKE_L5,152.001581
P521_BIKE_L5,P521_BIKE_L5,150.75432
P521_BIKE_L5,P521_BIKE_L5,158.277077
P521_BIKE_L5,P521_BIKE_L5,149.655823
P521_BIKE_L5,P521_BIKE_L5,155.544191
P521_BIKE_L5,P521_BIKE_L5,158.064037
P521_BIKE_L5,P521_BIKE_L5,158.670957
P521_BIKE_L5,P521_BIKE_L5,152.373438
P521_BIKE_L5,P521_BIKE_L5,151.627034
P521_BIKE_L5,P521_BIKE_L5,150.895868
P521_BIKE_L5,P521_BIKE_L5,157.449819
P521_BIKE_L5,P521_BIKE_L5,149.156084
P521_BIKE_L5,P521_BIKE_L5,154.577275
P521_BIKE_L5,P521_BIKE_L5,155.765934
P521_BIKE_L5,P521_BIKE_L5,155.776084
P521_BIKE_L5,P521_BIKE_L5,157.208873
P521_BIKE_L5,P521_BIKE_L5,155.855042
P521_BIKE_L5,P521_BIKE_L5,151.372672
P521_BIKE_L5,P521_BIKE_L5,153.267631
P521_BIKE_L5,P521_BIKE_L5,155.74007
P521_BIKE_L5,P521_BIKE_L5,152.585062
P521_BIKE_L5,P521_BIKE_L5,159.626282
P521_BIKE_L5,P521_BIKE_L5,151.590225
P521_BIKE_L5,P521_BIKE_L5,160.735539
P521_BIKE_L5,P521_BIKE_L5,154.520648
P521_BIKE_L5,P521_BIKE_L5,160.297017
P521_BIKE_L5,P521_BIKE_L5,153.451299
P521_BIKE_L5,P521_BIKE_L5,160.400615
P521_BIKE_L5,P521_BIKE_L5,162.322227
P521_BIKE_L5,P521_BIKE_L5,153.686207
P521_BIKE_L5,P521_BIKE_L5,152.029121
P521_BIKE_L5,P521_BIKE_L5,155.062445
P521_BIKE_L5,P521_BIKE_L5,155.204063
P521_BIKE_L5,P521_BIKE_L5,155.700166
P521_BIKE_L5,P521_BIKE_L5,155.704336
P521_BIKE_L5,P521_BIKE_L5,161.492502
P521_BIKE_L5,P521_BIKE_L5,152.70832
P521_BIKE_L5,P521_BIKE_L5,158.044765
P521_BIKE_L5,P521_BIKE_L5,159.679888
P521_BIKE_L5,P521_BIKE_L5,163.488243
P521_BIKE_L5,P521_BIKE_L5,152.778708
P521_BIKE_L5,P521_BIKE_L5,150.241778
P521_BIKE_L5,P521_BIKE_L5,157.46568
P521_BIKE_L5,P521_BIKE_L5,155.373018
P521_BIKE_L5,P521_BIKE_L5,157.250623
P521_BIKE_L5,P521_BIKE_L5,158.485068
P521_BIKE_L5,P521_BIKE_L5,157.945377
P521_BIKE_L5,P521_BIKE_L5,161.376429
P521_BIKE_L5,P521_BIKE_L5,148.971113
P521_BIKE_L5,P521_BIKE_L5,153.52562
P521_BIKE_L5,P521_BIKE_L5,149.641657
P521_BIKE_L5,P521_BIKE_L5,152.852693
P521_BIKE_L5,P521_BIKE_L5,152.330217
P521_BIKE_L5,P521_BIKE_L5,150.350704
P521_BIKE_L5,P521_BIKE_L5,154.334086
P521_BIKE_L5,P521_BIKE_L5,158.495828
P521_BIKE_L5,P521_BIKE_L5,159.519853
P521_BIKE_L5,P521_BIKE_L5,158.576666
P521_BIKE_L5,P521_BIKE_L5,157.491781
P521_BIKE_L5,P521_BIKE_L5,154.220655
P521_BIKE_L5,P521_BIKE_L5,151.178949
P521_BIKE_L5,P521_BIKE_L5,156.712822
P521_BIKE_L5,P521_BIKE_L5,156.942876
P521_BIKE_L5,P521_BIKE_L5,155.423269
P521_BIKE_L5,P521_BIKE_L5,160.031835
P521_BIKE_L5,P521_BIKE_L5,150.079586
P521_BIKE_L5,P521_BIKE_L5,155.287118
P521_BIKE_L5,P521_BIKE_L5,158.200956
P521_BIKE_L5,P521_BIKE_L5,161.141911
P521_BIKE_L5,P521_BIKE_L5,149.870053
P521_BIKE_L5,P521_BIKE_L5,149.540816
P521_BIKE_L5,P521_BIKE_L5,157.691852
P521_BIKE_L5,P521_BIKE_L5,152.227558
P521_BIKE_L5,P521_BIKE_L5,152.272044
P521_BIKE_L5,P521_BIKE_L5,158.401791
P521_BIKE_L5,P521_BIKE_L5,157.341823
P521_BIKE_L5,P521_BIKE_L5,157.336935
P521_BIKE_L5,P521_BIKE_L5,156.394086
P521_BIKE_L5,P521_BIKE_L5,157.725492
P521_BIKE_L5,P521_BIKE_L5,151.431483
P521_BIKE_L5,P521_BIKE_L5,154.339626
P521_BIKE_L5,P521_BIKE_L5,157.789323
P521_BIKE_L5,P521_BIKE_L5,157.437226
P521_BIKE_L5,P521_BIKE_L5,149.402357
P521_BIKE_L5,P521_BIKE_L5,153.556446
P521_BIKE_L5,P521_BIKE_L5,162.630076
P521_BIKE_L5,P521_BIKE_L5,156.472039
P521_BIKE_L5,P521_BIKE_L5,154.380796
P521_BIKE_L5,P521_BIKE_L5,154.595111
P521_BIKE_L5,P521_BIKE_L5,157.096934
P521_BIKE_L5,P521_BIKE_L5,155.923619
P521_BIKE_L5,P521_BIKE_L5,156.763564
P521_BIKE_L5,P521_BIKE_L5,157.287377
P521_BIKE_L5,P521_BIKE_L5,150.410683
P521_BIKE_L5,P521_BIKE_L5,152.932656
P521_BIKE_L5,P521_BIKE_L5,153.570672
P521_BIKE_L5,P521_BIKE_L5,155.74053
P521_BIKE_L5,P521_BIKE_L5,153.327656
P521_BIKE_L5,P521_BIKE_L5,155.470077
P521_BIKE_L5,P521_BIKE_L5,151.438222
P521_BIKE_L5,P521_BIKE_L5,153.728535
P521_BIKE_L5,P521_BIKE_L5,158.246902
P521_BIKE_L5,P521_BIKE_L5,152.406109
P521_BIKE_L5,P521_BIKE_L5,153.156633
P521_BIKE_L5,P521_BIKE_L5,154.080678
P521_BIKE_L5,P521_BIKE_L5,152.548802
P521_BIKE_L5,P521_BIKE_L5,155.812698
P521_BIKE_L5,P521_BIKE_L5,154.579762
P521_BIKE_L5,P521_BIKE_L5,148.82047
P521_BIKE_L5,P521_BIKE_L5,148.111573
P521_BIKE_L5,P521_BIKE_L5,154.151972
P521_BIKE_L5,P521_BIKE_L5,156.508821
P521_BIKE_L5,P521_BIKE_L5,155.565149
P521_BIKE_L5,P521_BIKE_L5,152.733429
P521_BIKE_L5,P521_BIKE_L5,154.781983
P521_BIKE_L5,P521_BIKE_L5,154.614123
P521_BIKE_L5,P521_BIKE_L5,157.648865
P521_BIKE_L5,P521_BIKE_L5,152.245951
P521_BIKE_L5,P521_BIKE_L5,153.241161
P521_BIKE_L5,P521_BIKE_L5,154.182332
P521_BIKE_L5,P521_BIKE_L5,160.237586
P521_BIKE_L5,P521_BIKE_L5,153.032421
P521_BIKE_L5,P521_BIKE_L5,154.923391
P521_BIKE_L5,P521_BIKE_L5,154.639078
P521_BIKE_L5,P521_BIKE_L5,155.392571
P521_BIKE_L5,P521_BIKE_L5,152.886429
P521_BIKE_L5,P521_BIKE_L5,162.701758
P521_BIKE_L5,P521_BIKE_L5,153.204522
P521_BIKE_L5,P521_BIKE_L5,150.725313
P521_BIKE_L5,P521_BIKE_L5,155.006413
P521_BIKE_L5,P521_BIKE_L5,153.302843
P521_BIKE_L5,P521_BIKE_L5,154.883719
P521_BIKE_L5,P521_BIKE_L5,151.523684
P521_BIKE_L5,P521_BIKE_L5,159.938614
P521_BIKE_L5,P521_BIKE_L5,155.917193
P521_BIKE_L5,P521_BIKE_L5,154.23724
P521_BIKE_L5,P521_BIKE_L5,150.471721
P521_BIKE_L5,P521_BIKE_L5,150.957723
P521_BIKE_L5,P521_BIKE_L5,156.836797
P521_BIKE_L5,P521_BIKE_L5,152.349109
P521_BIKE_L5,P521_BIKE_L5,154.764134
P521_BIKE_L5,P521_BIKE_L5,155.664152
P521_BIKE_L5,P521_BIKE_L5,157.075092
P521_BIKE_L5,P521_BIKE_L5,153.900284
P521_BIKE_L5,P521_BIKE_L5,155.959858
P521_BIKE_L5,P521_BIKE_L5,159.197694
P521_BIKE_L5,P521_BIKE_L5,153.974667
P521_BIKE_L5,P521_BIKE_L5,153.562499
P521_BIKE_L5,P521_BIKE_L5,156.856266
P521_BIKE_L5,P521_BIKE_L5,152.549212
P521_BIKE_L5,P521_BIKE_L5,152.427093
P521_BIKE_L5,P521_BIKE_L5,153.347441
P521_BIKE_L5,P521_BIKE_L5,154.239684
P521_BIKE_L5,P521_BIKE_L5,149.550899
P521_BIKE_L5,P521_BIKE_L5,154.893047
P521_BIKE_L5,P521_BIKE_L5,155.728164
P521_BIKE_L5,P521_BIKE_L5,156.069979
P521_BIKE_L5,P521_BIKE_L5,151.236016
P521_BIKE_L5,P521_BIKE_L5,159.107518
P521_BIKE_L5,P521_BIKE_L5,151.626174
P521_BIKE_L5,P521_BIKE_L5,150.654536
P521_BIKE_L5,P521_BIKE_L5,151.632279
P521_BIKE_L5,P521_BIKE_L5,151.206236
P521_BIKE_L5,P521_BIKE_L5,155.157131
P521_BIKE_L5,P521_BIKE_L5,158.217816
P521_BIKE_L5,P521_BIKE_L5,155.938384
P521_BIKE_L5,P521_BIKE_L5,153.656561
P521_BIKE_L5,P521_BIKE_L5,160.236378
P521_BIKE_L5,P521_BIKE_L5,157.210206
P521_BIKE_L5,P521_BIKE_L5,153.741904
P521_BIKE_L5,P521_BIKE_L5,152.742087
P521_BIKE_L5,P521_BIKE_L5,150.518636
P521_BIKE_L5,P521_BIKE_L5,157.300389
P521_BIKE_L5,P521_BIKE_L5,160.725483
P521_BIKE_L5,P521_BIKE_L5,152.521876
P521_BIKE_L5,P521_BIKE_L5,156.786537
P521_BIKE_L5,P521_BIKE_L5,157.739832
P521_BIKE_L5,P521_BIKE_L5,158.689383
P521_BIKE_L5,P521_BIKE_L5,160.475152
P521_BIKE_L5,P521_BIKE_L5,152.267503
P521_BIKE_L5,P521_BIKE_L5,157.935109
P521_BIKE_L5,P521_BIKE_L5,153.084232
P521_BIKE_L5,P521_BIKE_L5,156.123454
P521_BIKE_L5,P521_BIKE_L5,157.305961
P521_BIKE_L5,P521_BIKE_L5,156.827602
P521_BIKE_L5,P521_BIKE_L5,149.573286
P521_BIKE_L5,P521_BIKE_L5,155.684692
P521_BIKE_L5,P521_BIKE_L5,154.91871
P521_BIKE_L5,P521_BIKE_L5,155.297233
P521_BIKE_L5,P521_BIKE_L5,150.529477
P521_BIKE_L5,P521_BIKE_L5,155.12024
P521_BIKE_L5,P521_BIKE_L5,154.384034
P521_BIKE_L5,P521_BIKE_L5,152.203211
P521_BIKE_L5,P521_BIKE_L5,158.330319
P521_BIKE_L5,P521_BIKE_L5,155.814648
P521_BIKE_L5,P521_BIKE_L5,162.228862
P521_BIKE_L5,P521_BIKE_L5,160.4907
P521_BIKE_L5,P521_BIKE_L5,150.394283
P521_BIKE_L5,P521_BIKE_L5,154.374155
P521_BIKE_L5,P521_BIKE_L5,161.223364
P521_BIKE_L5,P521_BIKE_L5,155.557542
P521_BIKE_L5,P521_BIKE_L5,154.390581
P521_BIKE_L5,P521_BIKE_L5,159.250833
P521_BIKE_L5,P521_BIKE_L5,156.943759
P521_BIKE_L5,P521_BIKE_L5,162.875095
P521_BIKE_L5,P521_BIKE_L5,154.295737
P521_BIKE_L5,P521_BIKE_L5,164.048492
P521_BIKE_L5,P521_BIKE_L5,154.385451
P521_BIKE_L5,P521_BIKE_L5,174.122954
P521_BIKE_L5,P521_BIKE_L5,162.457331
P521_BIKE_L5,P521_BIKE_L5,155.709322
P521_BIKE_L5,P521_BIKE_L5,156.352076
P521_BIKE_L5,P521_BIKE_L5,153.785448
P521_BIKE_L5,P521_BIKE_L5,153.310077
P521_BIKE_L5,P521_BIKE_L5,155.86994
P521_BIKE_L5,P521_BIKE_L5,150.383188
P521_BIKE_L5,P521_BIKE_L5,155.832733
P521_BIKE_L5,P521_BIKE_L5,153.061468
P521_BIKE_L5,P521_BIKE_L5,156.239716
P521_BIKE_L5,P521_BIKE_L5,154.134518
P521_BIKE_L5,P521_BIKE_L5,152.608119
P521_BIKE_L5,P521_BIKE_L5,157.342662
P521_BIKE_L5,P521_BIKE_L5,154.798188
P521_BIKE_L5,P521_BIKE_L5,161.716646
P521_BIKE_L5,P521_BIKE_L5,149.84311
P521_BIKE_L5,P521_BIKE_L5,159.476465
P521_BIKE_L5,P521_BIKE_L5,149.678074
P521_BIKE_L5,P521_BIKE_L5,155.625062
P521_BIKE_L5,P521_BIKE_L5,156.937624
P521_BIKE_L5,P521_BIKE_L5,153.14307
P521_BIKE_L5,P521_BIKE_L5,156.79603
P521_BIKE_L5,P521_BIKE_L5,149.882968
P521_BIKE_L5,P521_BIKE_L5,151.630418
P521_BIKE_L5,P521_BIKE_L5,156.27927
P521_BIKE_L5,P521_BIKE_L5,158.94595
P521_BIKE_L5,P521_BIKE_L5,160.206923
P521_BIKE_L5,P521_BIKE_L5,155.424849
P521_BIKE_L5,P521_BIKE_L5,150.679867
P521_BIKE_L5,P521_BIKE_L5,155.401678
P521_BIKE_L5,P521_BIKE_L5,157.581334
P521_BIKE_L5,P521_BIKE_L5,156.051628
P521_BIKE_L5,P521_BIKE_L5,151.017153
P521_BIKE_L5,P521_BIKE_L5,159.30929
P521_BIKE_L5,P521_BIKE_L5,152.989516
P521_BIKE_L5,P521_BIKE_L5,156.234874
P521_BIKE_L5,P521_BIKE_L5,152.472661
P521_BIKE_L5,P521_BIKE_L5,157.535075
P521_BIKE_L5,P521_BIKE_L5,150.90445
P521_BIKE_L5,P521_BIKE_L5,159.00373
P521_BIKE_L5,P521_BIKE_L5,158.353884
P521_BIKE_L5,P521_BIKE_L5,157.377887
P521_BIKE_L5,P521_BIKE_L5,160.217305
P521_BIKE_L5,P521_BIKE_L5,158.102102
P521_BIKE_L5,P521_BIKE_L5,161.722708
P521_BIKE_L5,P521_BIKE_L5,160.542718
P521_BIKE_L5,P521_BIKE_L5,161.724439
P521_BIKE_L5,P521_BIKE_L5,156.789811
P521_BIKE_L5,P521_BIKE_L5,159.989357
P521_BIKE_L5,P521_BIKE_L5,155.526264
P521_BIKE_L5,P521_BIKE_L5,156.511943
P521_BIKE_L5,P521_BIKE_L5,155.14258
P521_BIKE_L5,P521_BIKE_L5,158.486313
P521_BIKE_L5,P521_BIKE_L5,157.375074
P521_BIKE_L5,P521_BIKE_L5,153.558161
P521_BIKE_L5,P521_BIKE_L5,156.625175
P521_BIKE_L5,P521_BIKE_L5,157.195758
P521_BIKE_L5,P521_BIKE_L5,152.792689
P521_BIKE_L5,P521_BIKE_L5,160.559539
P521_BIKE_L5,P521_BIKE_L5,155.444454
P521_BIKE_L5,P521_BIKE_L5,152.616095
P521_BIKE_L5,P521_BIKE_L5,155.630632
P521_BIKE_L5,P521_BIKE_L5,153.501728
P521_BIKE_L5,P521_BIKE_L5,162.293792
P521_BIKE_L5,P521_BIKE_L5,154.308974
P521_BIKE_L5,P521_BIKE_L5,153.359077
P521_BIKE_L5,P521_BIKE_L5,156.33385
P521_BIKE_L5,P521_BIKE_L5,159.757154
P521_BIKE_L5,P521_BIKE_L5,155.614154
P521_BIKE_L5,P521_BIKE_L5,157.215789
P521_BIKE_L5,P521_BIKE_L5,161.67473
P521_BIKE_L5,P521_BIKE_L5,156.004528
P521_BIKE_L5,P521_BIKE_L5,155.513952
P521_BIKE_L5,P521_BIKE_L5,151.572463
P521_BIKE_L5,P521_BIKE_L5,153.590989
P521_BIKE_L5,P521_BIKE_L5,151.946297
P521_BIKE_L5,P521_BIKE_L5,151.062751
P521_BIKE_L5,P521_BIKE_L5,153.688171
P521_BIKE_L5,P521_BIKE_L5,157.042474
P521_BIKE_L5,P521_BIKE_L5,152.890141
P521_BIKE_L5,P521_BIKE_L5,161.36537
P521_BIKE_L5,P521_BIKE_L5,157.562196
P521_BIKE_L5,P521_BIKE_L5,157.260057
P521_BIKE_L5,P521_BIKE_L5,156.845742
P521_BIKE_L5,P521_BIKE_L5,151.472084
P521_BIKE_L5,P521_BIKE_L5,150.449891
P521_BIKE_L5,P521_BIKE_L5,160.799183
P521_BIKE_L5,P521_BIKE_L5,153.26032
P521_BIKE_L5,P521_BIKE_L5,153.141204
P521_BIKE_L5,P521_BIKE_L5,159.540722
P521_BIKE_L5,P521_BIKE_L5,155.362028
P521_BIKE_L5,P521_BIKE_L5,162.437406
P521_BIKE_L5,P521_BIKE_L5,156.94717
P521_BIKE_L5,P521_BIKE_L5,155.446134
P521_BIKE_L5,P521_BIKE_L5,153.100722
P521_BIKE_L5,P521_BIKE_L5,153.999956
P521_BIKE_L5,P521_BIKE_L5,160.3027
P521_BIKE_L5,P521_BIKE_L5,157.796212
P521_BIKE_L5,P521_BIKE_L5,156.6359
P521_BIKE_L5,P521_BIKE_L5,151.098021
P521_BIKE_L5,P521_BIKE_L5,156.147769
P521_BIKE_L5,P521_BIKE_L5,153.411275
P521_BIKE_L5,P521_BIKE_L5,155.129431
P521_BIKE_L5,P521_BIKE_L5,153.044766
P521_BIKE_L5,P521_BIKE_L5,155.472717
P521_BIKE_L5,P521_BIKE_L5,155.896668
P521_BIKE_L5,P521_BIKE_L5,156.706104
P521_BIKE_L5,P521_BIKE_L5,159.832647
P521_BIKE_L5,P521_BIKE_L5,151.646377
P521_BIKE_L5,P521_BIKE_L5,153.410997
P521_BIKE_L5,P521_BIKE_L5,159.228409
P521_BIKE_L5,P521_BIKE_L5,156.822894
P521_BIKE_L5,P521_BIKE_L5,161.686845
P521_BIKE_L5,P521_BIKE_L5,158.144453
P521_BIKE_L5,P521_BIKE_L5,158.390581
P521_BIKE_L5,P521_BIKE_L5,155.111628
P521_BIKE_L5,P521_BIKE_L5,152.047691
P521_BIKE_L5,P521_BIKE_L5,155.142556
P521_BIKE_L5,P521_BIKE_L5,156.778934
P521_BIKE_L5,P521_BIKE_L5,157.019336
P521_BIKE_L5,P521_BIKE_L5,160.333361
P521_BIKE_L5,P521_BIKE_L5,159.373699
P521_BIKE_L5,P521_BIKE_L5,159.200409
P521_BIKE_L5,P521_BIKE_L5,150.619476
P521_BIKE_L5,P521_BIKE_L5,150.116482
P521_BIKE_L5,P521_BIKE_L5,153.095004
P521_BIKE_L5,P521_BIKE_L5,157.020563
P521_BIKE_L5,P521_BIKE_L5,151.321418
P521_BIKE_L5,P521_BIKE_L5,152.985301
P521_BIKE_L5,P521_BIKE_L5,154.883041
P521_BIKE_L5,P521_BIKE_L5,161.753314
P521_BIKE_L5,P521_BIKE_L5,158.034533
P521_BIKE_L5,P521_BIKE_L5,157.829784
P521_BIKE_L5,P521_BIKE_L5,154.709374
P521_BIKE_L5,P521_BIKE_L5,160.52121
P521_BIKE_L5,P521_BIKE_L5,154.592835
P521_BIKE_L5,P521_BIKE_L5,156.176193
P521_BIKE_L5,P521_BIKE_L5,152.174089
P521_BIKE_L5,P521_BIKE_L5,154.834016
P521_BIKE_L5,P521_BIKE_L5,151.925133
P521_BIKE_L5,P521_BIKE_L5,160.135582
P521_BIKE_L5,P521_BIKE_L5,157.954177
P521_BIKE_L5,P521_BIKE_L5,153.901999
P521_BIKE_L5,P521_BIKE_L5,154.393363
P521_BIKE_L5,P521_BIKE_L5,155.048156
P521_BIKE_L5,P521_BIKE_L5,155.276589
P521_BIKE_L5,P521_BIKE_L5,151.288049
P521_BIKE_L5,P521_BIKE_L5,154.388895
P521_BIKE_L5,P521_BIKE_L5,161.605924
P521_BIKE_L5,P521_BIKE_L5,154.110274
P521_BIKE_L5,P521_BIKE_L5,158.865131
P521_BIKE_L5,P521_BIKE_L5,153.829624
P521_BIKE_L5,P521_BIKE_L5,156.721667
P521_BIKE_L5,P521_BIKE_L5,156.873492
P521_BIKE_L5,P521_BIKE_L5,156.684317
P521_BIKE_L5,P521_BIKE_L5,150.758062
P521_BIKE_L5,P521_BIKE_L5,156.310523
P521_BIKE_L5,P521_BIKE_L5,161.864676
P521_BIKE_L5,P521_BIKE_L5,157.383778
P521_BIKE_L5,P521_BIKE_L5,153.246864
P521_BIKE_L5,P521_BIKE_L5,152.219504
P521_BIKE_L5,P521_BIKE_L5,153.525344
P521_BIKE_L5,P521_BIKE_L5,153.895115
P521_BIKE_L5,P521_BIKE_L5,161.18472
P521_BIKE_L5,P521_BIKE_L5,151.90021
P521_BIKE_L5,P521_BIKE_L5,156.700283
P521_BIKE_L5,P521_BIKE_L5,156.133299
P521_BIKE_L5,P521_BIKE_L5,154.394816
P521_BIKE_L5,P521_BIKE_L5,153.736853
P521_BIKE_L5,P521_BIKE_L5,152.295254
P521_BIKE_L5,P521_BIKE_L5,149.701094
P521_BIKE_L5,P521_BIKE_L5,152.885934
P521_BIKE_L5,P521_BIKE_L5,155.793466
P521_BIKE_L5,P521_BIKE_L5,158.294854
P521_BIKE_L5,P521_BIKE_L5,155.218465
P521_BIKE_L5,P521_BIKE_L5,150.907924
P521_BIKE_L5,P521_BIKE_L5,151.793838
P521_BIKE_L5,P521_BIKE_L5,155.670396
P521_BIKE_L5,P521_BIKE_L5,164.682228
P521_BIKE_L5,P521_BIKE_L5,157.659489
P521_BIKE_L5,P521_BIKE_L5,152.530577
P521_BIKE_L5,P521_BIKE_L5,160.947567
P521_BIKE_L5,P521_BIKE_L5,154.644963
P521_BIKE_L5,P521_BIKE_L5,152.423454
P521_BIKE_L5,P521_BIKE_L5,151.266395
P521_BIKE_L5,P521_BIKE_L5,157.613347
P521_BIKE_L5,P521_BIKE_L5,155.997235
P521_BIKE_L5,P521_BIKE_L5,156.37072
P521_BIKE_L5,P521_BIKE_L5,157.11837
P521_BIKE_L5,P521_BIKE_L5,153.224026
P521_BIKE_L5,P521_BIKE_L5,155.754892
P521_BIKE_L5,P521_BIKE_L5,150.280603
P521_BIKE_L5,P521_BIKE_L5,146.996975
P521_BIKE_L5,P521_BIKE_L5,153.240043
P521_BIKE_L5,P521_BIKE_L5,157.134696
P521_BIKE_L5,P521_BIKE_L5,153.81606
P521_BIKE_L5,P521_BIKE_L5,153.139731
P521_BIKE_L5,P521_BIKE_L5,148.561209
P521_BIKE_L5,P521_BIKE_L5,150.882316
P521_BIKE_L5,P521_BIKE_L5,151.155744
P521_BIKE_L5,P521_BIKE_L5,153.259297
P521_BIKE_L5,P521_BIKE_L5,157.279213
P521_BIKE_L5,P521_BIKE_L5,157.704264
P521_BIKE_L5,P521_BIKE_L5,155.956322
P521_BIKE_L5,P521_BIKE_L5,150.111595
P521_BIKE_L5,P521_BIKE_L5,154.968732
P521_BIKE_L5,P521_BIKE_L5,153.722912
P521_BIKE_L5,P521_BIKE_L5,153.999377
P521_BIKE_L5,P521_BIKE_L5,154.206362
P521_BIKE_L5,P521_BIKE_L5,155.548866
P521_BIKE_L5,P521_BIKE_L5,156.900375
P521_BIKE_L5,P521_BIKE_L5,153.394893
P521_BIKE_L5,P521_BIKE_L5,155.72423
P521_BIKE_L5,P521_BIKE_L5,154.831062
P521_BIKE_L5,P521_BIKE_L5,153.362842
P521_BIKE_L5,P521_BIKE_L5,153.817967
P521_BIKE_L5,P521_BIKE_L5,164.781774
P521_BIKE_L5,P521_BIKE_L5,158.108444
P521_BIKE_L5,P521_BIKE_L5,157.291613
P521_BIKE_L5,P521_BIKE_L5,160.404916
P521_BIKE_L5,P521_BIKE_L5,154.387336
P521_BIKE_L5,P521_BIKE_L5,150.503778
P521_BIKE_L5,P521_BIKE_L5,152.117234
P521_BIKE_L5,P521_BIKE_L5,160.823136
P521_BIKE_L5,P521_BIKE_L5,155.648208
P521_BIKE_L5,P521_BIKE_L5,157.619248
P521_BIKE_L5,P521_BIKE_L5,154.409779
P521_BIKE_L5,P521_BIKE_L5,158.395423
P521_BIKE_L5,P521_BIKE_L5,152.29553
P521_BIKE_L5,P521_BIKE_L5,157.227767
P521_BIKE_L5,P521_BIKE_L5,158.368926
P521_BIKE_L5,P521_BIKE_L5,159.611368
P521_BIKE_L5,P521_BIKE_L5,157.666064
P521_BIKE_L5,P521_BIKE_L5,154.992078
P521_BIKE_L5,P521_BIKE_L5,157.318185
P521_BIKE_L5,P521_BIKE_L5,156.607323
P521_BIKE_L5,P521_BIKE_L5,160.217979
P521_BIKE_L5,P521_BIKE_L5,154.375905
P521_BIKE_L5,P521_BIKE_L5,155.530843
P521_BIKE_L5,P521_BIKE_L5,157.384585
P521_BIKE_L5,P521_BIKE_L5,155.960754
P521_BIKE_L5,P521_BIKE_L5,151.92407
P521_BIKE_L5,P521_BIKE_L5,151.139607
P521_BIKE_L5,P521_BIKE_L5,154.617184
P521_BIKE_L5,P521_BIKE_L5,151.181736
P521_BIKE_L5,P521_BIKE_L5,154.526056
P521_BIKE_L5,P521_BIKE_L5,157.269025
P521_BIKE_L5,P521_BIKE_L5,163.023364
P521_BIKE_L5,P521_BIKE_L5,155.429228
P521_BIKE_L5,P521_BIKE_L5,158.045934
P521_BIKE_L5,P521_BIKE_L5,155.698161
P521_BIKE_L5,P521_BIKE_L5,156.355803
P521_BIKE_L5,P521_BIKE_L5,156.596196
P521_BIKE_L5,P521_BIKE_L5,151.205384
P521_BIKE_L5,P521_BIKE_L5,152.549537
P521_BIKE_L5,P521_BIKE_L5,153.6774
P521_BIKE_L5,P521_BIKE_L5,150.217155
P521_BIKE_L5,P521_BIKE_L5,155.132589
P521_BIKE_L5,P521_BIKE_L5,157.860322
P521_BIKE_L5,P521_BIKE_L5,158.311724
P521_BIKE_L5,P521_BIKE_L5,155.879846
P521_BIKE_L5,P521_BIKE_L5,158.062518
P521_BIKE_L5,P521_BIKE_L5,153.316085
P521_BIKE_L5,P521_BIKE_L5,155.566169
P521_BIKE_L5,P521_BIKE_L5,161.929385
P521_BIKE_L5,P521_BIKE_L5,154.399207
P521_BIKE_L5,P521_BIKE_L5,152.590663
P521_BIKE_L5,P521_BIKE_L5,157.265395
P521_BIKE_L5,P521_BIKE_L5,154.009039
P521_BIKE_L5,P521_BIKE_L5,154.838487
P521_BIKE_L5,P521_BIKE_L5,152.148632
P521_BIKE_L5,P521_BIKE_L5,155.90349
P521_BIKE_L5,P521_BIKE_L5,160.107522
P521_BIKE_L5,P521_BIKE_L5,158.584007
P521_BIKE_L5,P521_BIKE_L5,150.969365
P521_BIKE_L5,P521_BIKE_L5,159.153923
P521_BIKE_L5,P521_BIKE_L5,155.584507
P521_BIKE_L5,P521_BIKE_L5,150.847203
P521_BIKE_L5,P521_BIKE_L5,151.919457
P521_BIKE_L5,P521_BIKE_L5,154.169748
P521_BIKE_L5,P521_BIKE_L5,154.116371
P521_BIKE_L5,P521_BIKE_L5,155.691355
P521_BIKE_L5,P521_BIKE_L5,154.308337
P521_BIKE_L5,P521_BIKE_L5,160.362318
P521_BIKE_L5,P521_BIKE_L5,154.786288
P521_BIKE_L5,P521_BIKE_L5,153.464346
P521_BIKE_L5,P521_BIKE_L5,154.149173
P521_BIKE_L5,P521_BIKE_L5,152.249207
P521_BIKE_L5,P521_BIKE_L5,157.1355
P521_BIKE_L5,P521_BIKE_L5,158.990195
P521_BIKE_L5,P521_BIKE_L5,157.198571
P521_BIKE_L5,P521_BIKE_L5,156.383928
P521_BIKE_L5,P521_BIKE_L5,152.46315
P521_BIKE_L5,P521_BIKE_L5,155.282228
P521_BIKE_L5,P521_BIKE_L5,155.18603
P521_BIKE_L5,P521_BIKE_L5,159.879867
P521_BIKE_L5,P521_BIKE_L5,157.616763
P521_BIKE_L5,P521_BIKE_L5,156.11547
P521_BIKE_L5,P521_BIKE_L5,154.394843
P521_BIKE_L5,P521_BIKE_L5,153.385439
P521_BIKE_L5,P521_BIKE_L5,155.866545
P521_BIKE_L5,P521_BIKE_L5,153.557739
P521_BIKE_L5,P521_BIKE_L5,158.176124
P521_BIKE_L5,P521_BIKE_L5,163.33345
P521_BIKE_L5,P521_BIKE_L5,151.719418
P521_BIKE_L5,P521_BIKE_L5,156.98128
P521_BIKE_L5,P521_BIKE_L5,153.148907
P521_BIKE_L5,P521_BIKE_L5,152.661683
P521_BIKE_L5,P521_BIKE_L5,160.77644
P521_BIKE_L5,P521_BIKE_L5,156.172946
P521_BIKE_L5,P521_BIKE_L5,152.912418
P521_BIKE_L5,P521_BIKE_L5,154.313713
P521_BIKE_L5,P521_BIKE_L5,152.992168
P521_BIKE_L5,P521_BIKE_L5,155.244861
P521_BIKE_L5,P521_BIKE_L5,150.793304
P521_BIKE_L5,P521_BIKE_L5,157.304172
P521_BIKE_L5,P521_BIKE_L5,153.130321
P521_BIKE_L5,P521_BIKE_L5,151.345005
P521_BIKE_L5,P521_BIKE_L5,154.790621
P521_BIKE_L5,P521_BIKE_L5,154.174768
P521_BIKE_L5,P521_BIKE_L5,155.608024
P521_BIKE_L5,P521_BIKE_L5,154.790067
P521_BIKE_L5,P521_BIKE_L5,156.16327
P521_BIKE_L5,P521_BIKE_L5,156.7794
P521_BIKE_L5,P521_BIKE_L5,154.471895
P521_BIKE_L5,P521_BIKE_L5,158.461218
P521_BIKE_L5,P521_BIKE_L5,152.015902
P521_BIKE_L5,P521_BIKE_L5,153.396293
P521_BIKE_L5,P521_BIKE_L5,158.539558
P521_BIKE_L5,P521_BIKE_L5,154.076677
P521_BIKE_L5,P521_BIKE_L5,154.737668
P521_BIKE_L5,P521_BIKE_L5,155.555007
P521_BIKE_L5,P521_BIKE_L5,157.395269
P521_BIKE_L5,P521_BIKE_L5,155.556121
P521_BIKE_L5,P521_BIKE_L5,151.936804
P521_BIKE_L5,P521_BIKE_L5,156.302897
P521_BIKE_L5,P521_BIKE_L5,151.74419
P521_BIKE_L5,P521_BIKE_L5,152.393249
P521_BIKE_L5,P521_BIKE_L5,152.486513
P521_BIKE_L5,P521_BIKE_L5,152.876369
P521_BIKE_L5,P521_BIKE_L5,152.646466
P521_BIKE_L5,P521_BIKE_L5,154.262985
P521_BIKE_L5,P521_BIKE_L5,159.865361
P521_BIKE_L5,P521_BIKE_L5,161.032856
P521_BIKE_L5,P521_BIKE_L5,157.941109
P521_BIKE_L5,P521_BIKE_L5,151.990227
P521_BIKE_L5,P521_BIKE_L5,156.316208
P521_BIKE_L5,P521_BIKE_L5,158.030457
P521_BIKE_L5,P521_BIKE_L5,162.759489
P521_BIKE_L5,P521_BIKE_L5,157.280114
P521_BIKE_L5,P521_BIKE_L5,159.370692
P521_BIKE_L5,P521_BIKE_L5,151.03197
P521_BIKE_L5,P521_BIKE_L5,157.570177
P521_BIKE_L5,P521_BIKE_L5,155.46751
P521_BIKE_L5,P521_BIKE_L5,151.046586
P521_BIKE_L5,P521_BIKE_L5,155.008592
P521_BIKE_L5,P521_BIKE_L5,157.008909
P521_BIKE_L5,P521_BIKE_L5,154.974907
P521_BIKE_L5,P521_BIKE_L5,152.073628
P521_BIKE_L5,P521_BIKE_L5,152.128064
P521_BIKE_L5,P521_BIKE_L5,156.709888
P521_BIKE_L5,P521_BIKE_L5,150.126313
P521_BIKE_L5,P521_BIKE_L5,154.836651
P521_BIKE_L5,P521_BIKE_L5,157.593824
P521_BIKE_L5,P521_BIKE_L5,160.696878
P521_BIKE_L5,P521_BIKE_L5,150.204111
P521_BIKE_L5,P521_BIKE_L5,155.195834
P521_BIKE_L5,P521_BIKE_L5,161.261146
P521_BIKE_L5,P521_BIKE_L5,151.570492
P521_BIKE_L5,P521_BIKE_L5,156.561872
P521_BIKE_L5,P521_BIKE_L5,155.943558
P521_BIKE_L5,P521_BIKE_L5,159.276658
P521_BIKE_L5,P521_BIKE_L5,159.307972
P521_BIKE_L5,P521_BIKE_L5,158.89792
P521_BIKE_L5,P521_BIKE_L5,154.287614
P521_BIKE_L5,P521_BIKE_L5,158.524257
P521_BIKE_L5,P521_BIKE_L5,162.216707
P521_BIKE_L5,P521_BIKE_L5,159.140153
P521_BIKE_L5,P521_BIKE_L5,150.99321
P521_BIKE_L5,P521_BIKE_L5,156.42632
P521_BIKE_L5,P521_BIKE_L5,156.794098
P521_BIKE_L5,P521_BIKE_L5,151.193517
P521_BIKE_L5,P521_BIKE_L5,154.20442
P521_BIKE_L5,P521_BIKE_L5,150.588359
P521_BIKE_L5,P521_BIKE_L5,152.384899
P521_BIKE_L5,P521_BIKE_L5,161.231025
P521_BIKE_L5,P521_BIKE_L5,158.254482
P521_BIKE_L5,P521_BIKE_L5,155.771225
P521_BIKE_L5,P521_BIKE_L5,152.73526
P521_BIKE_L5,P521_BIKE_L5,155.288304
P521_BIKE_L5,P521_BIKE_L5,157.260314
P521_BIKE_L5,P521_BIKE_L5,157.303249
P521_BIKE_L5,P521_BIKE_L5,160.588776
P521_BIKE_L5,P521_BIKE_L5,154.60122
P521_BIKE_L5,P521_BIKE_L5,150.545244
P521_BIKE_L5,P521_BIKE_L5,151.724297
P521_BIKE_L5,P521_BIKE_L5,151.347297
P521_BIKE_L5,P521_BIKE_L5,151.474605
P521_BIKE_L5,P521_BIKE_L5,160.4502
P521_BIKE_L5,P521_BIKE_L5,162.247469
P521_BIKE_L5,P521_BIKE_L5,151.59187
P521_BIKE_L5,P521_BIKE_L5,150.018882
P521_BIKE_L5,P521_BIKE_L5,155.033664
P521_BIKE_L5,P521_BIKE_L5,155.305743
P521_BIKE_L5,P521_BIKE_L5,150.464699
P521_BIKE_L5,P521_BIKE_L5,153.344793
P521_BIKE_L5,P521_BIKE_L5,155.198144
P521_BIKE_L5,P521_BIKE_L5,154.015581
P521_BIKE_L5,P521_BIKE_L5,156.361228
P521_BIKE_L5,P521_BIKE_L5,155.014291
P521_BIKE_L5,P521_BIKE_L5,159.601151
P521_BIKE_L5,P521_BIKE_L5,156.384133
P521_BIKE_L5,P521_BIKE_L5,157.991954
P521_BIKE_L5,P521_BIKE_L5,156.736472
P521_BIKE_L5,P521_BIKE_L5,156.971132
P521_BIKE_L5,P521_BIKE_L5,152.771556
P521_BIKE_L5,P521_BIKE_L5,156.957491
P521_BIKE_L5,P521_BIKE_L5,152.626514
P521_BIKE_L5,P521_BIKE_L5,159.476665
P521_BIKE_L5,P521_BIKE_L5,157.046387
P521_BIKE_L5,P521_BIKE_L5,158.222946
P521_BIKE_L5,P521_BIKE_L5,157.302164
P521_BIKE_L5,P521_BIKE_L5,162.128173
P521_BIKE_L5,P521_BIKE_L5,153.871966
P521_BIKE_L5,P521_BIKE_L5,153.206786
P521_BIKE_L5,P521_BIKE_L5,151.151672
P521_BIKE_L5,P521_BIKE_L5,158.155403
P521_BIKE_L5,P521_BIKE_L5,157.598133
P521_BIKE_L5,P521_BIKE_L5,152.808564
P521_BIKE_L5,P521_BIKE_L5,154.095814
P521_BIKE_L5,P521_BIKE_L5,160.220409
P521_BIKE_L5,P521_BIKE_L5,151.521418
P521_BIKE_L5,P521_BIKE_L5,155.723348
P521_BIKE_L5,P521_BIKE_L5,154.701846
P521_BIKE_L5,P521_BIKE_L5,154.761606
P521_BIKE_L5,P521_BIKE_L5,148.661723
P521_BIKE_L5,P521_BIKE_L5,159.026231
P521_BIKE_L5,P521_BIKE_L5,157.708062
P521_BIKE_L5,P521_BIKE_L5,157.905036
P521_BIKE_L5,P521_BIKE_L5,151.607964
P521_BIKE_L5,P521_BIKE_L5,153.781103
P521_BIKE_L5,P521_BIKE_L5,160.377534
P521_BIKE_L5,P521_BIKE_L5,150.473335
P521_BIKE_L5,P521_BIKE_L5,152.45777
P521_BIKE_L5,P521_BIKE_L5,152.718581
P521_BIKE_L5,P521_BIKE_L5,155.013345
P521_BIKE_L5,P521_BIKE_L5,157.253745
P521_BIKE_L5,P521_BIKE_L5,150.045142
P521_BIKE_L5,P521_BIKE_L5,150.322704
P521_BIKE_L5,P521_BIKE_L5,155.79049
P521_BIKE_L5,P521_BIKE_L5,157.75117
P521_BIKE_L5,P521_BIKE_L5,153.453575
P521_BIKE_L5,P521_BIKE_L5,153.655507
P521_BIKE_L5,P521_BIKE_L5,154.940773
P521_BIKE_L5,P521_BIKE_L5,154.048044
P521_BIKE_L5,P521_BIKE_L5,158.92067
P521_BIKE_L5,P521_BIKE_L5,154.448498
P521_BIKE_L5,P521_BIKE_L5,149.652267
P521_BIKE_L5,P521_BIKE_L5,153.847482
P521_BIKE_L5,P521_BIKE_L5,157.559277
P521_BIKE_L5,P521_BIKE_L5,159.152384
P521_BIKE_L5,P521_BIKE_L5,156.89004
P521_BIKE_L5,P521_BIKE_L5,160.539102
P521_BIKE_L5,P521_BIKE_L5,152.87111
P521_BIKE_L5,P521_BIKE_L5,153.672389
P521_BIKE_L5,P521_BIKE_L5,151.529417
P521_BIKE_L5,P521_BIKE_L5,156.013395
P521_BIKE_L5,P521_BIKE_L5,156.275421
P521_BIKE_L5,P521_BIKE_L5,156.917284
P521_BIKE_L5,P521_BIKE_L5,153.929759
P521_BIKE_L5,P521_BIKE_L5,158.598954
P521_BIKE_L5,P521_BIKE_L5,161.873564
P521_BIKE_L5,P521_BIKE_L5,151.962586
P521_BIKE_L5,P521_BIKE_L5,154.058869
P521_BIKE_L5,P521_BIKE_L5,152.051263
P521_BIKE_L5,P521_BIKE_L5,156.017007
P521_BIKE_L5,P521_BIKE_L5,158.258351
P521_BIKE_L5,P521_BIKE_L5,158.855525
P521_BIKE_L5,P521_BIKE_L5,153.909905
P521_BIKE_L5,P521_BIKE_L5,154.56905
P521_BIKE_L5,P521_BIKE_L5,154.417769
P521_BIKE_L5,P521_BIKE_L5,154.702951
P521_BIKE_L5,P521_BIKE_L5,152.511494
P521_BIKE_L5,P521_BIKE_L5,157.050322
P521_BIKE_L5,P521_BIKE_L5,155.613533
P521_BIKE_L5,P521_BIKE_L5,155.083895
P521_BIKE_L5,P521_BIKE_L5,157.660587
P521_BIKE_L5,P521_BIKE_L5,156.591499
P521_BIKE_L5,P521_BIKE_L5,160.497304
P521_BIKE_L5,P521_BIKE_L5,158.680742
P521_BIKE_L5,P521_BIKE_L5,154.164787
P521_BIKE_L5,P521_BIKE_L5,150.9364
P521_BIKE_L5,P521_BIKE_L5,156.849425
P521_BIKE_L5,P521_BIKE_L5,152.646529
P521_BIKE_L5,P521_BIKE_L5,159.435965
P521_BIKE_L5,P521_BIKE_L5,156.815148
P521_BIKE_L5,P521_BIKE_L5,151.75745
P521_BIKE_L5,P521_BIKE_L5,150.486405
P521_BIKE_L5,P521_BIKE_L5,157.681803
P521_BIKE_L5,P521_BIKE_L5,154.885398
P521_BIKE_L5,P521_BIKE_L5,154.354521
P521_BIKE_L5,P521_BIKE_L5,151.05474
P521_BIKE_L5,P521_BIKE_L5,150.106302
P521_BIKE_L5,P521_BIKE_L5,160.65811
P521_BIKE_L5,P521_BIKE_L5,152.949588
P521_BIKE_L5,P521_BIKE_L5,158.536565
P521_BIKE_L5,P521_BIKE_L5,160.990353
P521_BIKE_L5,P521_BIKE_L5,158.062443
P521_BIKE_L5,P521_BIKE_L5,155.272754
P521_BIKE_L5,P521_BIKE_L5,150.420031
P521_BIKE_L5,P521_BIKE_L5,162.023957
P521_BIKE_L5,P521_BIKE_L5,155.101899
P521_BIKE_L5,P521_BIKE_L5,154.217989
P521_BIKE_L5,P521_BIKE_L5,150.716542
P521_BIKE_L5,P521_BIKE_L5,160.540286
P521_BIKE_L5,P521_BIKE_L5,156.092135
P521_BIKE_L5,P521_BIKE_L5,155.273919
P521_BIKE_L5,P521_BIKE_L5,155.2441
P521_BIKE_L5,P521_BIKE_L5,152.561387
P521_BIKE_L5,P521_BIKE_L5,152.695984
P521_BIKE_L5,P521_BIKE_L5,153.877353
P521_BIKE_L5,P521_BIKE_L5,151.991593
P521_BIKE_L5,P521_BIKE_L5,156.834975
P521_BIKE_L5,P521_BIKE_L5,152.853483
P521_BIKE_L5,P521_BIKE_L5,153.280067
P521_BIKE_L5,P521_BIKE_L5,157.516694
P521_BIKE_L5,P521_BIKE_L5,156.937292
P521_BIKE_L5,P521_BIKE_L5,158.02378
P521_BIKE_L5,P521_BIKE_L5,154.615698
P521_BIKE_L5,P521_BIKE_L5,156.337237
P521_BIKE_L5,P521_BIKE_L5,157.082803
P521_BIKE_L5,P521_BIKE_L5,151.847795
P521_BIKE_L5,P521_BIKE_L5,156.264343
P521_BIKE_L5,P521_BIKE_L5,154.958133
P521_BIKE_L5,P521_BIKE_L5,152.638271
P521_BIKE_L5,P521_BIKE_L5,156.69132
P521_BIKE_L5,P521_BIKE_L5,153.383769
P521_BIKE_L5,P521_BIKE_L5,157.599728
P521_BIKE_L5,P521_BIKE_L5,151.957204
P521_BIKE_L5,P521_BIKE_L5,151.54419
P521_BIKE_L5,P521_BIKE_L5,148.78024
P521_BIKE_L5,P521_BIKE_L5,160.31703
P521_BIKE_L5,P521_BIKE_L5,153.072421
P521_BIKE_L5,P521_BIKE_L5,153.516469
P521_BIKE_L5,P521_BIKE_L5,157.682183
P521_BIKE_L5,P521_BIKE_L5,153.725482
P521_BIKE_L5,P521_BIKE_L5,156.643126
P521_BIKE_L5,P521_BIKE_L5,152.900601
P521_BIKE_L5,P521_BIKE_L5,150.526235
P521_BIKE_L5,P521_BIKE_L5,157.952323
P521_BIKE_L5,P521_BIKE_L5,156.828509
P521_BIKE_L5,P521_BIKE_L5,157.14198
P521_BIKE_L5,P521_BIKE_L5,156.416383
P521_BIKE_L5,P521_BIKE_L5,159.211198
P521_BIKE_L5,P521_BIKE_L5,156.467627
P521_BIKE_L5,P521_BIKE_L5,157.670898
P521_BIKE_L5,P521_BIKE_L5,158.745995
P521_BIKE_L5,P521_BIKE_L5,159.860098
P521_BIKE_L5,P521_BIKE_L5,157.255119
P521_BIKE_L5,P521_BIKE_L5,163.053464
P521_BIKE_L5,P521_BIKE_L5,159.331567
P521_BIKE_L5,P521_BIKE_L5,156.782407
P521_BIKE_L5,P521_BIKE_L5,152.513865
P521_BIKE_L5,P521_BIKE_L5,150.773071
P521_BIKE_L5,P521_BIKE_L5,151.499352
P521_BIKE_L5,P521_BIKE_L5,154.339952
P521_BIKE_L5,P521_BIKE_L5,156.738461
P521_BIKE_L5,P521_BIKE_L5,158.44826
P521_BIKE_L5,P521_BIKE_L5,155.575338
P521_BIKE_L5,P521_BIKE_L5,161.650253
P521_BIKE_L5,P521_BIKE_L5,158.625023
P521_BIKE_L5,P521_BIKE_L5,159.224559
P521_BIKE_L5,P521_BIKE_L5,152.335229
P521_BIKE_L5,P521_BIKE_L5,153.746684
P521_BIKE_L5,P521_BIKE_L5,157.322299
P521_BIKE_L5,P521_BIKE_L5,152.894534
P521_BIKE_L5,P521_BIKE_L5,160.247035
P521_BIKE_L5,P521_BIKE_L5,156.879014
P521_BIKE_L5,P521_BIKE_L5,150.713747
P521_BIKE_L5,P521_BIKE_L5,156.102994
P521_BIKE_L5,P521_BIKE_L5,157.491318
P521_BIKE_L5,P521_BIKE_L5,157.454227
P521_BIKE_L5,P521_BIKE_L5,155.600886
P521_BIKE_L5,P521_BIKE_L5,161.225574
P521_BIKE_L5,P521_BIKE_L5,154.24954
P521_BIKE_L5,P521_BIKE_L5,154.075215
P521_BIKE_L5,P521_BIKE_L5,149.885158
P521_BIKE_L5,P521_BIKE_L5,155.840759
P521_BIKE_L5,P521_BIKE_L5,150.24195
P521_BIKE_L5,P521_BIKE_L5,162.151859
P521_BIKE_L5,P521_BIKE_L5,156.053106
P521_BIKE_L5,P521_BIKE_L5,153.392003
P521_BIKE_L5,P521_BIKE_L5,158.722836
P521_BIKE_L5,P521_BIKE_L5,152.030887
P521_BIKE_L5,P521_BIKE_L5,155.389894
P521_BIKE_L5,P521_BIKE_L5,157.481345
P521_BIKE_L5,P521_BIKE_L5,156.10902
P521_BIKE_L5,P521_BIKE_L5,149.626547
P521_BIKE_L5,P521_BIKE_L5,153.524864
P521_BIKE_L5,P521_BIKE_L5,147.509148
P521_BIKE_L5,P521_BIKE_L5,151.670519
P521_BIKE_L5,P521_BIKE_L5,155.851797
P521_BIKE_L5,P521_BIKE_L5,159.657254
P521_BIKE_L5,P521_BIKE_L5,158.120786
P521_BIKE_L5,P521_BIKE_L5,150.948509
P521_BIKE_L5,P521_BIKE_L5,156.386124
P521_BIKE_L5,P521_BIKE_L5,156.079168
P521_BIKE_L5,P521_BIKE_L5,156.755642
P521_BIKE_L5,P521_BIKE_L5,153.593269
P521_BIKE_L5,P521_BIKE_L5,157.105517
P521_BIKE_L5,P521_BIKE_L5,159.375304
P521_BIKE_L5,P521_BIKE_L5,158.425992
P521_BIKE_L5,P521_BIKE_L5,155.027183
P521_BIKE_L5,P521_BIKE_L5,154.812341
P521_BIKE_L5,P521_BIKE_L5,152.127602
P521_BIKE_L5,P521_BIKE_L5,151.042312
P521_BIKE_L5,P521_BIKE_L5,157.028028
P521_BIKE_L5,P521_BIKE_L5,156.969455
P521_BIKE_L5,P521_BIKE_L5,159.17454
P521_BIKE_L5,P521_BIKE_L5,153.470389
P521_BIKE_L5,P521_BIKE_L5,153.28527
P521_BIKE_L5,P521_BIKE_L5,152.898479
P521_BIKE_L5,P521_BIKE_L5,149.989537
P521_BIKE_L5,P521_BIKE_L5,158.252957
P521_BIKE_L5,P521_BIKE_L5,159.555583
P521_BIKE_L5,P521_BIKE_L5,155.559661
P521_BIKE_L5,P521_BIKE_L5,153.364862
P521_BIKE_L5,P521_BIKE_L5,152.238769
P521_BIKE_L5,P521_BIKE_L5,154.24585
P521_BIKE_L5,P521_BIKE_L5,152.446426
P521_BIKE_L5,P521_BIKE_L5,152.200882
P521_BIKE_L5,P521_BIKE_L5,155.878048
P521_BIKE_L5,P521_Classic_McEliece_6688128,157.007531
P521_BIKE_L5,P521_Classic_McEliece_6688128,161.832355
P521_BIKE_L5,P521_Classic_McEliece_6688128,157.54781
P521_BIKE_L5,P521_Classic_McEliece_6688128,162.864769
P521_BIKE_L5,P521_Classic_McEliece_6688128,160.764417
P521_BIKE_L5,P521_Classic_McEliece_6688128,161.77269
P521_BIKE_L5,P521_Classic_McEliece_6688128,164.908114
P521_BIKE_L5,P521_Classic_McEliece_6688128,167.106819
P521_BIKE_L5,P521_Classic_McEliece_6688128,166.480361
P521_BIKE_L5,P521_Classic_McEliece_6688128,157.912391
P521_BIKE_L5,P521_Classic_McEliece_6688128,165.220334
P521_BIKE_L5,P521_Classic_McEliece_6688128,160.035664
P521_BIKE_L5,P521_Classic_McEliece_6688128,169.764478
P521_BIKE_L5,P521_Classic_McEliece_6688128,162.616039
P521_BIKE_L5,P521_Classic_McEliece_6688128,163.788831
P521_BIKE_L5,P521_Classic_McEliece_6688128,165.866161
P521_BIKE_L5,P521_Classic_McEliece_6688128,162.313124
P521_BIKE_L5,P521_Classic_McEliece_6688128,162.96003
P521_BIKE_L5,P521_Classic_McEliece_6688128,162.979833
P521_BIKE_L5,P521_Classic_McEliece_6688128,167.352068
P521_BIKE_L5,P521_Classic_McEliece_6688128,163.1689
P521_BIKE_L5,P521_Classic_McEliece_6688128,168.750725
P521_BIKE_L5,P521_Classic_McEliece_6688128,163.859728
P521_BIKE_L5,P521_Classic_McEliece_6688128,167.582096
P521_BIKE_L5,P521_Classic_McEliece_6688128,165.947792
P521_BIKE_L5,P521_Classic_McEliece_6688128,163.279624
P521_BIKE_L5,P521_Classic_McEliece_6688128,169.803999
P521_BIKE_L5,P521_Classic_McEliece_6688128,161.032426
P521_BIKE_L5,P521_Classic_McEliece_6688128,167.113211
P521_BIKE_L5,P521_Classic_McEliece_6688128,163.320143
P521_BIKE_L5,P521_Classic_McEliece_6688128,165.145151
P521_BIKE_L5,P521_Classic_McEliece_6688128,169.454924
P521_BIKE_L5,P521_Classic_McEliece_6688128,167.202443
P521_BIKE_L5,P521_Classic_McEliece_6688128,167.107643
P521_BIKE_L5,P521_Classic_McEliece_6688128,162.966842
P521_BIKE_L5,P521_Classic_McEliece_6688128,162.941913
P521_BIKE_L5,P521_Classic_McEliece_6688128,158.726224
P521_BIKE_L5,P521_Classic_McEliece_6688128,156.068801
P521_BIKE_L5,P521_Classic_McEliece_6688128,165.317237
P521_BIKE_L5,P521_Classic_McEliece_6688128,166.98897
P521_BIKE_L5,P521_Classic_McEliece_6688128,171.004857
P521_BIKE_L5,P521_Classic_McEliece_6688128,164.996659
P521_BIKE_L5,P521_Classic_McEliece_6688128,162.062176
P521_BIKE_L5,P521_Classic_McEliece_6688128,159.397376
P521_BIKE_L5,P521_Classic_McEliece_6688128,165.468237
P521_BIKE_L5,P521_Classic_McEliece_6688128,164.646644
P521_BIKE_L5,P521_Classic_McEliece_6688128,165.429456
P521_BIKE_L5,P521_Classic_McEliece_6688128,166.268166
P521_BIKE_L5,P521_Classic_McEliece_6688128,163.758766
P521_BIKE_L5,P521_Classic_McEliece_6688128,166.001163
P521_BIKE_L5,P521_Classic_McEliece_6688128,158.220178
P521_BIKE_L5,P521_Classic_McEliece_6688128,156.822657
P521_BIKE_L5,P521_Classic_McEliece_6688128,158.700825
P521_BIKE_L5,P521_Classic_McEliece_6688128,160.994604
P521_BIKE_L5,P521_Classic_McEliece_6688128,166.675146
P521_BIKE_L5,P521_Classic_McEliece_6688128,167.61745
P521_BIKE_L5,P521_Classic_McEliece_6688128,167.70074
P521_BIKE_L5,P521_Classic_McEliece_6688128,165.322184
P521_BIKE_L5,P521_Classic_McEliece_6688128,163.155894
P521_BIKE_L5,P521_Classic_McEliece_6688128,158.055563
P521_BIKE_L5,P521_Classic_McEliece_6688128,164.021342
P521_BIKE_L5,P521_Classic_McEliece_6688128,163.138248
P521_BIKE_L5,P521_Classic_McEliece_6688128,157.531479
P521_BIKE_L5,P521_Classic_McEliece_6688128,157.144122
P521_BIKE_L5,P521_Classic_McEliece_6688128,163.838689
P521_BIKE_L5,P521_Classic_McEliece_6688128,166.95207
P521_BIKE_L5,P521_Classic_McEliece_6688128,160.701068
P521_BIKE_L5,P521_Classic_McEliece_6688128,169.910996
P521_BIKE_L5,P521_Classic_McEliece_6688128,162.258734
P521_BIKE_L5,P521_Classic_McEliece_6688128,169.772225
P521_BIKE_L5,P521_Classic_McEliece_6688128,158.831664
P521_BIKE_L5,P521_Classic_McEliece_6688128,165.863551
P521_BIKE_L5,P521_Classic_McEliece_6688128,159.165701
P521_BIKE_L5,P521_Classic_McEliece_6688128,159.481984
P521_BIKE_L5,P521_Classic_McEliece_6688128,162.114966
P521_BIKE_L5,P521_Classic_McEliece_6688128,162.691516
P521_BIKE_L5,P521_Classic_McEliece_6688128,162.729727
P521_BIKE_L5,P521_Classic_McEliece_6688128,165.703642
P521_BIKE_L5,P521_Classic_McEliece_6688128,167.103093
P521_BIKE_L5,P521_Classic_McEliece_6688128,164.720724
P521_BIKE_L5,P521_Classic_McEliece_6688128,165.347677
P521_BIKE_L5,P521_Classic_McEliece_6688128,165.525025
P521_BIKE_L5,P521_Classic_McEliece_6688128,158.654029
P521_BIKE_L5,P521_Classic_McEliece_6688128,159.541345
P521_BIKE_L5,P521_Classic_McEliece_6688128,159.270314
P521_BIKE_L5,P521_Classic_McEliece_6688128,158.025769
P521_BIKE_L5,P521_Classic_McEliece_6688128,163.739193
P521_BIKE_L5,P521_Classic_McEliece_6688128,164.140907
P521_BIKE_L5,P521_Classic_McEliece_6688128,161.927618
P521_BIKE_L5,P521_Classic_McEliece_6688128,157.888238
P521_BIKE_L5,P521_Classic_McEliece_6688128,158.45815
P521_BIKE_L5,P521_Classic_McEliece_6688128,162.270253
P521_BIKE_L5,P521_Classic_McEliece_6688128,166.312745
P521_BIKE_L5,P521_Classic_McEliece_6688128,160.437484
P521_BIKE_L5,P521_Classic_McEliece_6688128,165.074126
P521_BIKE_L5,P521_Classic_McEliece_6688128,163.125962
P521_BIKE_L5,P521_Classic_McEliece_6688128,165.992923
P521_BIKE_L5,P521_Classic_McEliece_6688128,159.000761
P521_BIKE_L5,P521_Classic_McEliece_6688128,165.225454
P521_BIKE_L5,P521_Classic_McEliece_6688128,165.681465
P521_BIKE_L5,P521_Classic_McEliece_6688128,163.650592
P521_BIKE_L5,P521_Classic_McEliece_6688128,164.22651
P521_BIKE_L5,P521_Classic_McEliece_6688128,168.715403
P521_BIKE_L5,P521_Classic_McEliece_6688128,160.360807
P521_BIKE_L5,P521_Classic_McEliece_6688128,157.789805
P521_BIKE_L5,P521_Classic_McEliece_6688128,159.463785
P521_BIKE_L5,P521_Classic_McEliece_6688128,162.995148
P521_BIKE_L5,P521_Classic_McEliece_6688128,166.056736
P521_BIKE_L5,P521_Classic_McEliece_6688128,158.263215
P521_BIKE_L5,P521_Classic_McEliece_6688128,161.126542
P521_BIKE_L5,P521_Classic_McEliece_6688128,166.855362
P521_BIKE_L5,P521_Classic_McEliece_6688128,161.567263
P521_BIKE_L5,P521_Classic_McEliece_6688128,157.214814
P521_BIKE_L5,P521_Classic_McEliece_6688128,165.039722
P521_BIKE_L5,P521_Classic_McEliece_6688128,160.647946
P521_BIKE_L5,P521_Classic_McEliece_6688128,163.594354
P521_BIKE_L5,P521_Classic_McEliece_6688128,165.440423
P521_BIKE_L5,P521_Classic_McEliece_6688128,169.04564
P521_BIKE_L5,P521_Classic_McEliece_6688128,160.368411
P521_BIKE_L5,P521_Classic_McEliece_6688128,165.073924
P521_BIKE_L5,P521_Classic_McEliece_6688128,164.678383
P521_BIKE_L5,P521_Classic_McEliece_6688128,161.535764
P521_BIKE_L5,P521_Classic_McEliece_6688128,156.734305
P521_BIKE_L5,P521_Classic_McEliece_6688128,159.292937
P521_BIKE_L5,P521_Classic_McEliece_6688128,170.315795
P521_BIKE_L5,P521_Classic_McEliece_6688128,160.142824
P521_BIKE_L5,P521_Classic_McEliece_6688128,167.558898
P521_BIKE_L5,P521_Classic_McEliece_6688128,163.943684
P521_BIKE_L5,P521_Classic_McEliece_6688128,168.286418
P521_BIKE_L5,P521_Classic_McEliece_6688128,159.385958
P521_BIKE_L5,P521_Classic_McEliece_6688128,165.256525
P521_BIKE_L5,P521_Classic_McEliece_6688128,166.046959
P521_BIKE_L5,P521_Classic_McEliece_6688128,162.615336
P521_BIKE_L5,P521_Classic_McEliece_6688128,167.384981
P521_BIKE_L5,P521_Classic_McEliece_6688128,159.714649
P521_BIKE_L5,P521_Classic_McEliece_6688128,160.489708
P521_BIKE_L5,P521_Classic_McEliece_6688128,165.146299
P521_BIKE_L5,P521_Classic_McEliece_6688128,165.961741
P521_BIKE_L5,P521_Classic_McEliece_6688128,159.479659
P521_BIKE_L5,P521_Classic_McEliece_6688128,158.091151
P521_BIKE_L5,P521_Classic_McEliece_6688128,167.817902
P521_BIKE_L5,P521_Classic_McEliece_6688128,162.158744
P521_BIKE_L5,P521_Classic_McEliece_6688128,158.939809
P521_BIKE_L5,P521_Classic_McEliece_6688128,157.968349
P521_BIKE_L5,P521_Classic_McEliece_6688128,159.49799
P521_BIKE_L5,P521_Classic_McEliece_6688128,161.817358
P521_BIKE_L5,P521_Classic_McEliece_6688128,159.645022
P521_BIKE_L5,P521_Classic_McEliece_6688128,165.182888
P521_BIKE_L5,P521_Classic_McEliece_6688128,164.699311
P521_BIKE_L5,P521_Classic_McEliece_6688128,159.844925
P521_BIKE_L5,P521_Classic_McEliece_6688128,163.786455
P521_BIKE_L5,P521_Classic_McEliece_6688128,160.946876
P521_BIKE_L5,P521_Classic_McEliece_6688128,160.331292
P521_BIKE_L5,P521_Classic_McEliece_6688128,164.581491
P521_BIKE_L5,P521_Classic_McEliece_6688128,166.889688
P521_BIKE_L5,P521_Classic_McEliece_6688128,166.621611
P521_BIKE_L5,P521_Classic_McEliece_6688128,158.859795
P521_BIKE_L5,P521_Classic_McEliece_6688128,161.411339
P521_BIKE_L5,P521_Classic_McEliece_6688128,167.200693
P521_BIKE_L5,P521_Classic_McEliece_6688128,164.261071
P521_BIKE_L5,P521_Classic_McEliece_6688128,157.757309
P521_BIKE_L5,P521_Classic_McEliece_6688128,165.100056
P521_BIKE_L5,P521_Classic_McEliece_6688128,165.384884
P521_BIKE_L5,P521_Classic_McEliece_6688128,160.705943
P521_BIKE_L5,P521_Classic_McEliece_6688128,162.911072
P521_BIKE_L5,P521_Classic_McEliece_6688128,162.430147
P521_BIKE_L5,P521_Classic_McEliece_6688128,158.571757
P521_BIKE_L5,P521_Classic_McEliece_6688128,163.257478
P521_BIKE_L5,P521_Classic_McEliece_6688128,162.680376
P521_BIKE_L5,P521_Classic_McEliece_6688128,160.98017
P521_BIKE_L5,P521_Classic_McEliece_6688128,165.996956
P521_BIKE_L5,P521_Classic_McEliece_6688128,168.034079
P521_BIKE_L5,P521_Classic_McEliece_6688128,161.509762
P521_BIKE_L5,P521_Classic_McEliece_6688128,164.482032
P521_BIKE_L5,P521_Classic_McEliece_6688128,167.98978
P521_BIKE_L5,P521_Classic_McEliece_6688128,166.932964
P521_BIKE_L5,P521_Classic_McEliece_6688128,159.023181
P521_BIKE_L5,P521_Classic_McEliece_6688128,164.452535
P521_BIKE_L5,P521_Classic_McEliece_6688128,163.465879
P521_BIKE_L5,P521_Classic_McEliece_6688128,160.457827
P521_BIKE_L5,P521_Classic_McEliece_6688128,158.099621
P521_BIKE_L5,P521_Classic_McEliece_6688128,166.232295
P521_BIKE_L5,P521_Classic_McEliece_6688128,165.467697
P521_BIKE_L5,P521_Classic_McEliece_6688128,159.958457
P521_BIKE_L5,P521_Classic_McEliece_6688128,163.654315
P521_BIKE_L5,P521_Classic_McEliece_6688128,159.334641
P521_BIKE_L5,P521_Classic_McEliece_6688128,169.681806
P521_BIKE_L5,P521_Classic_McEliece_6688128,164.857411
P521_BIKE_L5,P521_Classic_McEliece_6688128,172.319984
P521_BIKE_L5,P521_Classic_McEliece_6688128,165.711427
P521_BIKE_L5,P521_Classic_McEliece_6688128,162.868996
P521_BIKE_L5,P521_Classic_McEliece_6688128,170.4218
P521_BIKE_L5,P521_Classic_McEliece_6688128,159.675354
P521_BIKE_L5,P521_Classic_McEliece_6688128,158.571487
P521_BIKE_L5,P521_Classic_McEliece_6688128,167.499034
P521_BIKE_L5,P521_Classic_McEliece_6688128,161.912103
P521_BIKE_L5,P521_Classic_McEliece_6688128,162.05571
P521_BIKE_L5,P521_Classic_McEliece_6688128,158.528951
P521_BIKE_L5,P521_Classic_McEliece_6688128,161.663745
P521_BIKE_L5,P521_Classic_McEliece_6688128,165.512701
P521_BIKE_L5,P521_Classic_McEliece_6688128,167.831433
P521_BIKE_L5,P521_Classic_McEliece_6688128,171.208589
P521_BIKE_L5,P521_Classic_McEliece_6688128,160.702318
P521_BIKE_L5,P521_Classic_McEliece_6688128,164.330352
P521_BIKE_L5,P521_Classic_McEliece_6688128,165.038819
P521_BIKE_L5,P521_Classic_McEliece_6688128,160.143579
P521_BIKE_L5,P521_Classic_McEliece_6688128,164.313241
P521_BIKE_L5,P521_Classic_McEliece_6688128,161.867175
P521_BIKE_L5,P521_Classic_McEliece_6688128,166.526735
P521_BIKE_L5,P521_Classic_McEliece_6688128,162.153569
P521_BIKE_L5,P521_Classic_McEliece_6688128,165.627208
P521_BIKE_L5,P521_Classic_McEliece_6688128,164.390479
P521_BIKE_L5,P521_Classic_McEliece_6688128,163.263207
P521_BIKE_L5,P521_Classic_McEliece_6688128,164.355939
P521_BIKE_L5,P521_Classic_McEliece_6688128,165.913333
P521_BIKE_L5,P521_Classic_McEliece_6688128,159.639276
P521_BIKE_L5,P521_Classic_McEliece_6688128,159.57244
P521_BIKE_L5,P521_Classic_McEliece_6688128,157.647593
P521_BIKE_L5,P521_Classic_McEliece_6688128,163.402079
P521_BIKE_L5,P521_Classic_McEliece_6688128,162.609693
P521_BIKE_L5,P521_Classic_McEliece_6688128,163.252113
P521_BIKE_L5,P521_Classic_McEliece_6688128,163.981402
P521_BIKE_L5,P521_Classic_McEliece_6688128,160.539287
P521_BIKE_L5,P521_Classic_McEliece_6688128,162.008975
P521_BIKE_L5,P521_Classic_McEliece_6688128,159.1351
P521_BIKE_L5,P521_Classic_McEliece_6688128,163.921075
P521_BIKE_L5,P521_Classic_McEliece_6688128,167.22378
P521_BIKE_L5,P521_Classic_McEliece_6688128,165.428643
P521_BIKE_L5,P521_Classic_McEliece_6688128,171.467304
P521_BIKE_L5,P521_Classic_McEliece_6688128,159.339603
P521_BIKE_L5,P521_Classic_McEliece_6688128,159.369226
P521_BIKE_L5,P521_Classic_McEliece_6688128,160.355211
P521_BIKE_L5,P521_Classic_McEliece_6688128,166.499733
P521_BIKE_L5,P521_Classic_McEliece_6688128,162.722141
P521_BIKE_L5,P521_Classic_McEliece_6688128,163.286329
P521_BIKE_L5,P521_Classic_McEliece_6688128,163.821379
P521_BIKE_L5,P521_Classic_McEliece_6688128,160.303206
P521_BIKE_L5,P521_Classic_McEliece_6688128,167.168367
P521_BIKE_L5,P521_Classic_McEliece_6688128,161.76631
P521_BIKE_L5,P521_Classic_McEliece_6688128,158.275323
P521_BIKE_L5,P521_Classic_McEliece_6688128,159.853544
P521_BIKE_L5,P521_Classic_McEliece_6688128,163.312802
P521_BIKE_L5,P521_Classic_McEliece_6688128,163.587906
P521_BIKE_L5,P521_Classic_McEliece_6688128,165.424395
P521_BIKE_L5,P521_Classic_McEliece_6688128,164.586811
P521_BIKE_L5,P521_Classic_McEliece_6688128,167.01487
P521_BIKE_L5,P521_Classic_McEliece_6688128,161.680431
P521_BIKE_L5,P521_Classic_McEliece_6688128,161.430588
P521_BIKE_L5,P521_Classic_McEliece_6688128,162.774157
P521_BIKE_L5,P521_Classic_McEliece_6688128,163.90097
P521_BIKE_L5,P521_Classic_McEliece_6688128,165.419047
P521_BIKE_L5,P521_Classic_McEliece_6688128,164.950378
P521_BIKE_L5,P521_Classic_McEliece_6688128,162.944096
P521_BIKE_L5,P521_Classic_McEliece_6688128,165.705675
P521_BIKE_L5,P521_Classic_McEliece_6688128,160.887842
P521_BIKE_L5,P521_Classic_McEliece_6688128,164.080399
P521_BIKE_L5,P521_Classic_McEliece_6688128,161.733133
P521_BIKE_L5,P521_Classic_McEliece_6688128,157.354294
P521_BIKE_L5,P521_Classic_McEliece_6688128,160.179408
P521_BIKE_L5,P521_Classic_McEliece_6688128,164.664777
P521_BIKE_L5,P521_Classic_McEliece_6688128,162.999287
P521_BIKE_L5,P521_Classic_McEliece_6688128,157.645482
P521_BIKE_L5,P521_Classic_McEliece_6688128,164.669112
P521_BIKE_L5,P521_Classic_McEliece_6688128,160.505059
P521_BIKE_L5,P521_Classic_McEliece_6688128,166.04777
P521_BIKE_L5,P521_Classic_McEliece_6688128,165.038682
P521_BIKE_L5,P521_Classic_McEliece_6688128,166.983342
P521_BIKE_L5,P521_Classic_McEliece_6688128,162.238524
P521_BIKE_L5,P521_Classic_McEliece_6688128,165.955537
P521_BIKE_L5,P521_Classic_McEliece_6688128,156.705463
P521_BIKE_L5,P521_Classic_McEliece_6688128,162.729232
P521_BIKE_L5,P521_Classic_McEliece_6688128,162.176823
P521_BIKE_L5,P521_Classic_McEliece_6688128,157.349857
P521_BIKE_L5,P521_Classic_McEliece_6688128,164.172044
P521_BIKE_L5,P521_Classic_McEliece_6688128,159.832602
P521_BIKE_L5,P521_Classic_McEliece_6688128,162.158234
P521_BIKE_L5,P521_Classic_McEliece_6688128,160.731942
P521_BIKE_L5,P521_Classic_McEliece_6688128,160.443973
P521_BIKE_L5,P521_Classic_McEliece_6688128,156.677459
P521_BIKE_L5,P521_Classic_McEliece_6688128,159.69518
P521_BIKE_L5,P521_Classic_McEliece_6688128,168.450861
P521_BIKE_L5,P521_Classic_McEliece_6688128,154.758823
P521_BIKE_L5,P521_Classic_McEliece_6688128,160.664427
P521_BIKE_L5,P521_Classic_McEliece_6688128,158.67318
P521_BIKE_L5,P521_Classic_McEliece_6688128,158.599053
P521_BIKE_L5,P521_Classic_McEliece_6688128,169.194879
P521_BIKE_L5,P521_Classic_McEliece_6688128,164.163415
P521_BIKE_L5,P521_Classic_McEliece_6688128,160.284107
P521_BIKE_L5,P521_Classic_McEliece_6688128,164.571826
P521_BIKE_L5,P521_Classic_McEliece_6688128,161.988381
P521_BIKE_L5,P521_Classic_McEliece_6688128,163.526831
P521_BIKE_L5,P521_Classic_McEliece_6688128,160.782332
P521_BIKE_L5,P521_Classic_McEliece_6688128,159.857684
P521_BIKE_L5,P521_Classic_McEliece_6688128,161.487621
P521_BIKE_L5,P521_Classic_McEliece_6688128,159.041285
P521_BIKE_L5,P521_Classic_McEliece_6688128,158.52154
P521_BIKE_L5,P521_Classic_McEliece_6688128,163.551649
P521_BIKE_L5,P521_Classic_McEliece_6688128,168.451207
P521_BIKE_L5,P521_Classic_McEliece_6688128,162.722633
P521_BIKE_L5,P521_Classic_McEliece_6688128,165.290054
P521_BIKE_L5,P521_Classic_McEliece_6688128,160.913703
P521_BIKE_L5,P521_Classic_McEliece_6688128,165.168315
P521_BIKE_L5,P521_Classic_McEliece_6688128,163.151158
P521_BIKE_L5,P521_Classic_McEliece_6688128,158.59152
P521_BIKE_L5,P521_Classic_McEliece_6688128,158.189954
P521_BIKE_L5,P521_Classic_McEliece_6688128,162.727912
P521_BIKE_L5,P521_Classic_McEliece_6688128,157.400175
P521_BIKE_L5,P521_Classic_McEliece_6688128,165.015073
P521_BIKE_L5,P521_Classic_McEliece_6688128,166.55318
P521_BIKE_L5,P521_Classic_McEliece_6688128,162.828385
P521_BIKE_L5,P521_Classic_McEliece_6688128,164.094281
P521_BIKE_L5,P521_Classic_McEliece_6688128,159.640523
P521_BIKE_L5,P521_Classic_McEliece_6688128,159.570094
P521_BIKE_L5,P521_Classic_McEliece_6688128,164.315722
P521_BIKE_L5,P521_Classic_McEliece_6688128,161.827401
P521_BIKE_L5,P521_Classic_McEliece_6688128,157.297106
P521_BIKE_L5,P521_Classic_McEliece_6688128,160.123272
P521_BIKE_L5,P521_Classic_McEliece_6688128,163.983106
P521_BIKE_L5,P521_Classic_McEliece_6688128,168.380639
P521_BIKE_L5,P521_Classic_McEliece_6688128,158.927686
P521_BIKE_L5,P521_Classic_McEliece_6688128,165.023463
P521_BIKE_L5,P521_Classic_McEliece_6688128,159.215988
P521_BIKE_L5,P521_Classic_McEliece_6688128,163.400497
P521_BIKE_L5,P521_Classic_McEliece_6688128,167.862679
P521_BIKE_L5,P521_Classic_McEliece_6688128,164.071504
P521_BIKE_L5,P521_Classic_McEliece_6688128,170.154388
P521_BIKE_L5,P521_Classic_McEliece_6688128,159.639316
P521_BIKE_L5,P521_Classic_McEliece_6688128,160.970661
P521_BIKE_L5,P521_Classic_McEliece_6688128,164.871102
P521_BIKE_L5,P521_Classic_McEliece_6688128,159.177875
P521_BIKE_L5,P521_Classic_McEliece_6688128,159.416205
P521_BIKE_L5,P521_Classic_McEliece_6688128,163.337474
P521_BIKE_L5,P521_Classic_McEliece_6688128,160.849017
P521_BIKE_L5,P521_Classic_McEliece_6688128,156.811394
P521_BIKE_L5,P521_Classic_McEliece_6688128,167.527996
P521_BIKE_L5,P521_Classic_McEliece_6688128,162.548586
P521_BIKE_L5,P521_Classic_McEliece_6688128,164.615557
P521_BIKE_L5,P521_Classic_McEliece_6688128,162.674286
P521_BIKE_L5,P521_Classic_McEliece_6688128,163.499363
P521_BIKE_L5,P521_Classic_McEliece_6688128,163.122791
P521_BIKE_L5,P521_Classic_McEliece_6688128,163.33166
P521_BIKE_L5,P521_Classic_McEliece_6688128,170.591988
P521_BIKE_L5,P521_Classic_McEliece_6688128,165.88507
P521_BIKE_L5,P521_Classic_McEliece_6688128,163.0303
P521_BIKE_L5,P521_Classic_McEliece_6688128,168.831269
P521_BIKE_L5,P521_Classic_McEliece_6688128,164.082091
P521_BIKE_L5,P521_Classic_McEliece_6688128,164.807141
P521_BIKE_L5,P521_Classic_McEliece_6688128,157.1905
P521_BIKE_L5,P521_Classic_McEliece_6688128,166.140784
P521_BIKE_L5,P521_Classic_McEliece_6688128,158.464648
P521_BIKE_L5,P521_Classic_McEliece_6688128,159.241955
P521_BIKE_L5,P521_Classic_McEliece_6688128,161.831042
P521_BIKE_L5,P521_Classic_McEliece_6688128,157.906168
P521_BIKE_L5,P521_Classic_McEliece_6688128,162.989185
P521_BIKE_L5,P521_Classic_McEliece_6688128,164.40423
P521_BIKE_L5,P521_Classic_McEliece_6688128,167.374649
P521_BIKE_L5,P521_Classic_McEliece_6688128,163.106373
P521_BIKE_L5,P521_Classic_McEliece_6688128,160.301122
P521_BIKE_L5,P521_Classic_McEliece_6688128,163.89608
P521_BIKE_L5,P521_Classic_McEliece_6688128,166.878386
P521_BIKE_L5,P521_Classic_McEliece_6688128,159.174051
P521_BIKE_L5,P521_Classic_McEliece_6688128,159.263125
P521_BIKE_L5,P521_Classic_McEliece_6688128,157.384226
P521_BIKE_L5,P521_Classic_McEliece_6688128,164.470998
P521_BIKE_L5,P521_Classic_McEliece_6688128,167.710926
P521_BIKE_L5,P521_Classic_McEliece_6688128,158.997173
P521_BIKE_L5,P521_Classic_McEliece_6688128,167.222059
P521_BIKE_L5,P521_Classic_McEliece_6688128,164.200208
P521_BIKE_L5,P521_Classic_McEliece_6688128,158.21979
P521_BIKE_L5,P521_Classic_McEliece_6688128,163.571881
P521_BIKE_L5,P521_Classic_McEliece_6688128,163.141984
P521_BIKE_L5,P521_Classic_McEliece_6688128,169.672778
P521_BIKE_L5,P521_Classic_McEliece_6688128,166.002668
P521_BIKE_L5,P521_Classic_McEliece_6688128,164.220543
P521_BIKE_L5,P521_Classic_McEliece_6688128,169.181135
P521_BIKE_L5,P521_Classic_McEliece_6688128,166.050146
P521_BIKE_L5,P521_Classic_McEliece_6688128,156.722294
P521_BIKE_L5,P521_Classic_McEliece_6688128,161.510269
P521_BIKE_L5,P521_Classic_McEliece_6688128,163.873941
P521_BIKE_L5,P521_Classic_McEliece_6688128,164.377086
P521_BIKE_L5,P521_Classic_McEliece_6688128,161.512669
P521_BIKE_L5,P521_Classic_McEliece_6688128,161.541809
P521_BIKE_L5,P521_Classic_McEliece_6688128,165.98234
P521_BIKE_L5,P521_Classic_McEliece_6688128,166.631024
P521_BIKE_L5,P521_Classic_McEliece_6688128,166.612835
P521_BIKE_L5,P521_Classic_McEliece_6688128,160.092965
P521_BIKE_L5,P521_Classic_McEliece_6688128,165.549648
P521_BIKE_L5,P521_Classic_McEliece_6688128,160.680124
P521_BIKE_L5,P521_Classic_McEliece_6688128,157.84709
P521_BIKE_L5,P521_Classic_McEliece_6688128,160.215608
P521_BIKE_L5,P521_Classic_McEliece_6688128,164.420934
P521_BIKE_L5,P521_Classic_McEliece_6688128,158.279884
P521_BIKE_L5,P521_Classic_McEliece_6688128,158.475601
P521_BIKE_L5,P521_Classic_McEliece_6688128,163.386156
P521_BIKE_L5,P521_Classic_McEliece_6688128,159.81997
P521_BIKE_L5,P521_Classic_McEliece_6688128,165.731227
P521_BIKE_L5,P521_Classic_McEliece_6688128,163.840606
P521_BIKE_L5,P521_Classic_McEliece_6688128,161.441804
P521_BIKE_L5,P521_Classic_McEliece_6688128,166.255878
P521_BIKE_L5,P521_Classic_McEliece_6688128,166.437222
P521_BIKE_L5,P521_Classic_McEliece_6688128,159.17077
P521_BIKE_L5,P521_Classic_McEliece_6688128,169.614956
P521_BIKE_L5,P521_Classic_McEliece_6688128,159.117991
P521_BIKE_L5,P521_Classic_McEliece_6688128,162.179515
P521_BIKE_L5,P521_Classic_McEliece_6688128,160.368001
P521_BIKE_L5,P521_Classic_McEliece_6688128,164.120052
P521_BIKE_L5,P521_Classic_McEliece_6688128,161.660128
P521_BIKE_L5,P521_Classic_McEliece_6688128,168.482801
P521_BIKE_L5,P521_Classic_McEliece_6688128,164.965654
P521_BIKE_L5,P521_Classic_McEliece_6688128,160.293304
P521_BIKE_L5,P521_Classic_McEliece_6688128,167.180116
P521_BIKE_L5,P521_Classic_McEliece_6688128,159.34211
P521_BIKE_L5,P521_Classic_McEliece_6688128,161.898945
P521_BIKE_L5,P521_Classic_McEliece_6688128,163.542826
P521_BIKE_L5,P521_Classic_McEliece_6688128,165.155145
P521_BIKE_L5,P521_Classic_McEliece_6688128,161.0501
P521_BIKE_L5,P521_Classic_McEliece_6688128,164.049656
P521_BIKE_L5,P521_Classic_McEliece_6688128,163.986697
P521_BIKE_L5,P521_Classic_McEliece_6688128,172.413658
P521_BIKE_L5,P521_Classic_McEliece_6688128,163.309992
P521_BIKE_L5,P521_Classic_McEliece_6688128,163.31392
P521_BIKE_L5,P521_Classic_McEliece_6688128,163.63147
P521_BIKE_L5,P521_Classic_McEliece_6688128,161.794327
P521_BIKE_L5,P521_Classic_McEliece_6688128,161.083048
P521_BIKE_L5,P521_Classic_McEliece_6688128,157.299944
P521_BIKE_L5,P521_Classic_McEliece_6688128,163.82952
P521_BIKE_L5,P521_Classic_McEliece_6688128,165.125743
P521_BIKE_L5,P521_Classic_McEliece_6688128,166.677342
P521_BIKE_L5,P521_Classic_McEliece_6688128,166.21605
P521_BIKE_L5,P521_Classic_McEliece_6688128,159.628793
P521_BIKE_L5,P521_Classic_McEliece_6688128,164.911881
P521_BIKE_L5,P521_Classic_McEliece_6688128,160.592386
P521_BIKE_L5,P521_Classic_McEliece_6688128,160.893497
P521_BIKE_L5,P521_Classic_McEliece_6688128,168.205177
P521_BIKE_L5,P521_Classic_McEliece_6688128,158.215106
P521_BIKE_L5,P521_Classic_McEliece_6688128,165.788943
P521_BIKE_L5,P521_Classic_McEliece_6688128,163.253652
P521_BIKE_L5,P521_Classic_McEliece_6688128,165.77335
P521_BIKE_L5,P521_Classic_McEliece_6688128,160.359442
P521_BIKE_L5,P521_Classic_McEliece_6688128,158.509959
P521_BIKE_L5,P521_Classic_McEliece_6688128,162.46223
P521_BIKE_L5,P521_Classic_McEliece_6688128,161.07873
P521_BIKE_L5,P521_Classic_McEliece_6688128,161.98523
P521_BIKE_L5,P521_Classic_McEliece_6688128,165.123378
P521_BIKE_L5,P521_Classic_McEliece_6688128,158.706022
P521_BIKE_L5,P521_Classic_McEliece_6688128,158.819301
P521_BIKE_L5,P521_Classic_McEliece_6688128,163.279268
P521_BIKE_L5,P521_Classic_McEliece_6688128,166.196078
P521_BIKE_L5,P521_Classic_McEliece_6688128,161.807631
P521_BIKE_L5,P521_Classic_McEliece_6688128,161.836249
P521_BIKE_L5,P521_Classic_McEliece_6688128,169.251597
P521_BIKE_L5,P521_Classic_McEliece_6688128,157.383836
P521_BIKE_L5,P521_Classic_McEliece_6688128,168.800378
P521_BIKE_L5,P521_Classic_McEliece_6688128,166.913956
P521_BIKE_L5,P521_Classic_McEliece_6688128,160.435445
P521_BIKE_L5,P521_Classic_McEliece_6688128,160.889226
P521_BIKE_L5,P521_Classic_McEliece_6688128,165.055129
P521_BIKE_L5,P521_Classic_McEliece_6688128,165.727326
P521_BIKE_L5,P521_Classic_McEliece_6688128,158.532725
P521_BIKE_L5,P521_Classic_McEliece_6688128,157.236674
P521_BIKE_L5,P521_Classic_McEliece_6688128,162.889706
P521_BIKE_L5,P521_Classic_McEliece_6688128,164.581542
P521_BIKE_L5,P521_Classic_McEliece_6688128,157.020461
P521_BIKE_L5,P521_Classic_McEliece_6688128,158.327619
P521_BIKE_L5,P521_Classic_McEliece_6688128,156.099405
P521_BIKE_L5,P521_Classic_McEliece_6688128,158.445088
P521_BIKE_L5,P521_Classic_McEliece_6688128,163.593751
P521_BIKE_L5,P521_Classic_McEliece_6688128,160.681526
P521_BIKE_L5,P521_Classic_McEliece_6688128,167.868757
P521_BIKE_L5,P521_Classic_McEliece_6688128,162.247583
P521_BIKE_L5,P521_Classic_McEliece_6688128,169.915227
P521_BIKE_L5,P521_Classic_McEliece_6688128,162.91347
P521_BIKE_L5,P521_Classic_McEliece_6688128,162.785845
P521_BIKE_L5,P521_Classic_McEliece_6688128,160.680671
P521_BIKE_L5,P521_Classic_McEliece_6688128,162.338695
P521_BIKE_L5,P521_Classic_McEliece_6688128,167.056189
P521_BIKE_L5,P521_Classic_McEliece_6688128,163.366955
P521_BIKE_L5,P521_Classic_McEliece_6688128,157.428505
P521_BIKE_L5,P521_Classic_McEliece_6688128,165.017665
P521_BIKE_L5,P521_Classic_McEliece_6688128,165.86647
P521_BIKE_L5,P521_Classic_McEliece_6688128,163.188097
P521_BIKE_L5,P521_Classic_McEliece_6688128,163.615488
P521_BIKE_L5,P521_Classic_McEliece_6688128,164.442163
P521_BIKE_L5,P521_Classic_McEliece_6688128,163.216788
P521_BIKE_L5,P521_Classic_McEliece_6688128,168.038873
P521_BIKE_L5,P521_Classic_McEliece_6688128,159.134481
P521_BIKE_L5,P521_Classic_McEliece_6688128,162.365095
P521_BIKE_L5,P521_Classic_McEliece_6688128,170.38915
P521_BIKE_L5,P521_Classic_McEliece_6688128,166.347398
P521_BIKE_L5,P521_Classic_McEliece_6688128,164.000374
P521_BIKE_L5,P521_Classic_McEliece_6688128,166.223899
P521_BIKE_L5,P521_Classic_McEliece_6688128,166.079421
P521_BIKE_L5,P521_Classic_McEliece_6688128,166.462987
P521_BIKE_L5,P521_Classic_McEliece_6688128,159.436376
P521_BIKE_L5,P521_Classic_McEliece_6688128,165.833578
P521_BIKE_L5,P521_Classic_McEliece_6688128,163.325397
P521_BIKE_L5,P521_Classic_McEliece_6688128,161.882752
P521_BIKE_L5,P521_Classic_McEliece_6688128,167.069878
P521_BIKE_L5,P521_Classic_McEliece_6688128,163.986051
P521_BIKE_L5,P521_Classic_McEliece_6688128,163.590667
P521_BIKE_L5,P521_Classic_McEliece_6688128,165.64046
P521_BIKE_L5,P521_Classic_McEliece_6688128,162.568944
P521_BIKE_L5,P521_Classic_McEliece_6688128,164.32344
P521_BIKE_L5,P521_Classic_McEliece_6688128,169.866667
P521_BIKE_L5,P521_Classic_McEliece_6688128,163.499721
P521_BIKE_L5,P521_Classic_McEliece_6688128,161.744936
P521_BIKE_L5,P521_Classic_McEliece_6688128,161.446939
P521_BIKE_L5,P521_Classic_McEliece_6688128,165.823998
P521_BIKE_L5,P521_Classic_McEliece_6688128,163.758527
P521_BIKE_L5,P521_Classic_McEliece_6688128,164.932534
P521_BIKE_L5,P521_Classic_McEliece_6688128,160.917163
P521_BIKE_L5,P521_Classic_McEliece_6688128,163.654316
P521_BIKE_L5,P521_Classic_McEliece_6688128,166.488302
P521_BIKE_L5,P521_Classic_McEliece_6688128,166.353979
P521_BIKE_L5,P521_Classic_McEliece_6688128,163.208143
P521_BIKE_L5,P521_Classic_McEliece_6688128,164.495338
P521_BIKE_L5,P521_Classic_McEliece_6688128,160.671784
P521_BIKE_L5,P521_Classic_McEliece_6688128,164.261289
P521_BIKE_L5,P521_Classic_McEliece_6688128,173.26594
P521_BIKE_L5,P521_Classic_McEliece_6688128,157.483803
P521_BIKE_L5,P521_Classic_McEliece_6688128,157.828673
P521_BIKE_L5,P521_Classic_McEliece_6688128,162.389147
P521_BIKE_L5,P521_Classic_McEliece_6688128,158.516287
P521_BIKE_L5,P521_Classic_McEliece_6688128,164.27487
P521_BIKE_L5,P521_Classic_McEliece_6688128,163.760495
P521_BIKE_L5,P521_Classic_McEliece_6688128,162.071261
P521_BIKE_L5,P521_Classic_McEliece_6688128,164.396206
P521_BIKE_L5,P521_Classic_McEliece_6688128,157.972477
P521_BIKE_L5,P521_Classic_McEliece_6688128,158.904144
P521_BIKE_L5,P521_Classic_McEliece_6688128,162.997271
P521_BIKE_L5,P521_Classic_McEliece_6688128,164.361051
P521_BIKE_L5,P521_Classic_McEliece_6688128,165.655558
P521_BIKE_L5,P521_Classic_McEliece_6688128,161.905932
P521_BIKE_L5,P521_Classic_McEliece_6688128,159.897226
P521_BIKE_L5,P521_Classic_McEliece_6688128,164.947702
P521_BIKE_L5,P521_Classic_McEliece_6688128,161.856371
P521_BIKE_L5,P521_Classic_McEliece_6688128,159.964553
P521_BIKE_L5,P521_Classic_McEliece_6688128,163.48642
P521_BIKE_L5,P521_Classic_McEliece_6688128,162.406775
P521_BIKE_L5,P521_Classic_McEliece_6688128,161.474996
P521_BIKE_L5,P521_Classic_McEliece_6688128,155.711307
P521_BIKE_L5,P521_Classic_McEliece_6688128,161.054126
P521_BIKE_L5,P521_Classic_McEliece_6688128,161.831595
P521_BIKE_L5,P521_Classic_McEliece_6688128,164.662133
P521_BIKE_L5,P521_Classic_McEliece_6688128,164.572531
P521_BIKE_L5,P521_Classic_McEliece_6688128,165.411399
P521_BIKE_L5,P521_Classic_McEliece_6688128,161.134452
P521_BIKE_L5,P521_Classic_McEliece_6688128,168.629065
P521_BIKE_L5,P521_Classic_McEliece_6688128,170.023013
P521_BIKE_L5,P521_Classic_McEliece_6688128,157.083561
P521_BIKE_L5,P521_Classic_McEliece_6688128,168.579568
P521_BIKE_L5,P521_Classic_McEliece_6688128,161.487255
P521_BIKE_L5,P521_Classic_McEliece_6688128,159.017978
P521_BIKE_L5,P521_Classic_McEliece_6688128,159.27618
P521_BIKE_L5,P521_Classic_McEliece_6688128,163.022969
P521_BIKE_L5,P521_Classic_McEliece_6688128,164.41924
P521_BIKE_L5,P521_Classic_McEliece_6688128,162.869788
P521_BIKE_L5,P521_Classic_McEliece_6688128,159.791909
P521_BIKE_L5,P521_Classic_McEliece_6688128,161.104456
P521_BIKE_L5,P521_Classic_McEliece_6688128,154.367535
P521_BIKE_L5,P521_Classic_McEliece_6688128,168.354117
P521_BIKE_L5,P521_Classic_McEliece_6688128,159.348864
P521_BIKE_L5,P521_Classic_McEliece_6688128,161.839796
P521_BIKE_L5,P521_Classic_McEliece_6688128,158.059476
P521_BIKE_L5,P521_Classic_McEliece_6688128,159.188543
P521_BIKE_L5,P521_Classic_McEliece_6688128,159.182125
P521_BIKE_L5,P521_Classic_McEliece_6688128,163.570471
P521_BIKE_L5,P521_Classic_McEliece_6688128,162.915556
P521_BIKE_L5,P521_Classic_McEliece_6688128,162.869789
P521_BIKE_L5,P521_Classic_McEliece_6688128,160.861199
P521_BIKE_L5,P521_Classic_McEliece_6688128,168.519427
P521_BIKE_L5,P521_Classic_McEliece_6688128,164.52969
P521_BIKE_L5,P521_Classic_McEliece_6688128,162.766949
P521_BIKE_L5,P521_Classic_McEliece_6688128,157.118039
P521_BIKE_L5,P521_Classic_McEliece_6688128,163.870618
P521_BIKE_L5,P521_Classic_McEliece_6688128,166.352042
P521_BIKE_L5,P521_Classic_McEliece_6688128,166.162041
P521_BIKE_L5,P521_Classic_McEliece_6688128,161.277489
P521_BIKE_L5,P521_Classic_McEliece_6688128,160.680698
P521_BIKE_L5,P521_Classic_McEliece_6688128,160.688616
P521_BIKE_L5,P521_Classic_McEliece_6688128,156.586546
P521_BIKE_L5,P521_Classic_McEliece_6688128,167.440777
P521_BIKE_L5,P521_Classic_McEliece_6688128,165.2783
P521_BIKE_L5,P521_Classic_McEliece_6688128,166.654187
P521_BIKE_L5,P521_Classic_McEliece_6688128,161.564049
P521_BIKE_L5,P521_Classic_McEliece_6688128,163.026668
P521_BIKE_L5,P521_Classic_McEliece_6688128,165.421559
P521_BIKE_L5,P521_Classic_McEliece_6688128,159.344372
P521_BIKE_L5,P521_Classic_McEliece_6688128,167.897148
P521_BIKE_L5,P521_Classic_McEliece_6688128,163.50207
P521_BIKE_L5,P521_Classic_McEliece_6688128,160.024843
P521_BIKE_L5,P521_Classic_McEliece_6688128,165.1238
P521_BIKE_L5,P521_Classic_McEliece_6688128,158.183261
P521_BIKE_L5,P521_Classic_McEliece_6688128,157.84929
P521_BIKE_L5,P521_Classic_McEliece_6688128,162.799697
P521_BIKE_L5,P521_Classic_McEliece_6688128,165.273792
P521_BIKE_L5,P521_Classic_McEliece_6688128,167.522639
P521_BIKE_L5,P521_Classic_McEliece_6688128,161.434642
P521_BIKE_L5,P521_Classic_McEliece_6688128,162.468219
P521_BIKE_L5,P521_Classic_McEliece_6688128,162.013201
P521_BIKE_L5,P521_Classic_McEliece_6688128,160.791021
P521_BIKE_L5,P521_Classic_McEliece_6688128,160.394465
P521_BIKE_L5,P521_Classic_McEliece_6688128,166.304701
P521_BIKE_L5,P521_Classic_McEliece_6688128,166.277624
P521_BIKE_L5,P521_Classic_McEliece_6688128,161.809971
P521_BIKE_L5,P521_Classic_McEliece_6688128,161.471396
P521_BIKE_L5,P521_Classic_McEliece_6688128,160.861259
P521_BIKE_L5,P521_Classic_McEliece_6688128,162.421986
P521_BIKE_L5,P521_Classic_McEliece_6688128,162.690396
P521_BIKE_L5,P521_Classic_McEliece_6688128,163.935607
P521_BIKE_L5,P521_Classic_McEliece_6688128,161.870019
P521_BIKE_L5,P521_Classic_McEliece_6688128,158.707361
P521_BIKE_L5,P521_Classic_McEliece_6688128,166.03779
P521_BIKE_L5,P521_Classic_McEliece_6688128,162.824959
P521_BIKE_L5,P521_Classic_McEliece_6688128,158.280909
P521_BIKE_L5,P521_Classic_McEliece_6688128,162.638292
P521_BIKE_L5,P521_Classic_McEliece_6688128,157.880384
P521_BIKE_L5,P521_Classic_McEliece_6688128,162.837911
P521_BIKE_L5,P521_Classic_McEliece_6688128,157.250813
P521_BIKE_L5,P521_Classic_McEliece_6688128,165.231611
P521_BIKE_L5,P521_Classic_McEliece_6688128,158.126863
P521_BIKE_L5,P521_Classic_McEliece_6688128,165.102897
P521_BIKE_L5,P521_Classic_McEliece_6688128,162.223625
P521_BIKE_L5,P521_Classic_McEliece_6688128,159.789543
P521_BIKE_L5,P521_Classic_McEliece_6688128,159.031371
P521_BIKE_L5,P521_Classic_McEliece_6688128,164.191894
P521_BIKE_L5,P521_Classic_McEliece_6688128,156.752818
P521_BIKE_L5,P521_Classic_McEliece_6688128,164.747937
P521_BIKE_L5,P521_Classic_McEliece_6688128,164.795453
P521_BIKE_L5,P521_Classic_McEliece_6688128,164.288516
P521_BIKE_L5,P521_Classic_McEliece_6688128,164.702288
P521_BIKE_L5,P521_Classic_McEliece_6688128,165.591748
P521_BIKE_L5,P521_Classic_McEliece_6688128,162.755817
P521_BIKE_L5,P521_Classic_McEliece_6688128,158.17538
P521_BIKE_L5,P521_Classic_McEliece_6688128,161.897651
P521_BIKE_L5,P521_Classic_McEliece_6688128,162.410166
P521_BIKE_L5,P521_Classic_McEliece_6688128,162.864201
P521_BIKE_L5,P521_Classic_McEliece_6688128,159.86972
P521_BIKE_L5,P521_Classic_McEliece_6688128,164.803309
P521_BIKE_L5,P521_Classic_McEliece_6688128,165.608521
P521_BIKE_L5,P521_Classic_McEliece_6688128,162.9765
P521_BIKE_L5,P521_Classic_McEliece_6688128,163.440107
P521_BIKE_L5,P521_Classic_McEliece_6688128,162.849722
P521_BIKE_L5,P521_Classic_McEliece_6688128,160.752093
P521_BIKE_L5,P521_Classic_McEliece_6688128,163.748752
P521_BIKE_L5,P521_Classic_McEliece_6688128,160.108752
P521_BIKE_L5,P521_Classic_McEliece_6688128,159.238183
P521_BIKE_L5,P521_Classic_McEliece_6688128,164.894301
P521_BIKE_L5,P521_Classic_McEliece_6688128,164.758814
P521_BIKE_L5,P521_Classic_McEliece_6688128,165.692354
P521_BIKE_L5,P521_Classic_McEliece_6688128,165.239808
P521_BIKE_L5,P521_Classic_McEliece_6688128,169.517072
P521_BIKE_L5,P521_Classic_McEliece_6688128,162.242145
P521_BIKE_L5,P521_Classic_McEliece_6688128,160.765823
P521_BIKE_L5,P521_Classic_McEliece_6688128,163.490813
P521_BIKE_L5,P521_Classic_McEliece_6688128,158.616972
P521_BIKE_L5,P521_Classic_McEliece_6688128,159.884247
P521_BIKE_L5,P521_Classic_McEliece_6688128,160.591988
P521_BIKE_L5,P521_Classic_McEliece_6688128,159.291111
P521_BIKE_L5,P521_Classic_McEliece_6688128,162.192769
P521_BIKE_L5,P521_Classic_McEliece_6688128,161.566122
P521_BIKE_L5,P521_Classic_McEliece_6688128,164.335393
P521_BIKE_L5,P521_Classic_McEliece_6688128,164.080481
P521_BIKE_L5,P521_Classic_McEliece_6688128,156.727199
P521_BIKE_L5,P521_Classic_McEliece_6688128,164.686156
P521_BIKE_L5,P521_Classic_McEliece_6688128,163.351919
P521_BIKE_L5,P521_Classic_McEliece_6688128,159.436855
P521_BIKE_L5,P521_Classic_McEliece_6688128,162.683477
P521_BIKE_L5,P521_Classic_McEliece_6688128,168.763264
P521_BIKE_L5,P521_Classic_McEliece_6688128,160.71153
P521_BIKE_L5,P521_Classic_McEliece_6688128,168.357842
P521_BIKE_L5,P521_Classic_McEliece_6688128,164.138793
P521_BIKE_L5,P521_Classic_McEliece_6688128,162.426061
P521_BIKE_L5,P521_Classic_McEliece_6688128,163.192232
P521_BIKE_L5,P521_Classic_McEliece_6688128,162.613857
P521_BIKE_L5,P521_Classic_McEliece_6688128,162.076238
P521_BIKE_L5,P521_Classic_McEliece_6688128,162.399088
P521_BIKE_L5,P521_Classic_McEliece_6688128,161.94241
P521_BIKE_L5,P521_Classic_McEliece_6688128,162.91104
P521_BIKE_L5,P521_Classic_McEliece_6688128,165.084128
P521_BIKE_L5,P521_Classic_McEliece_6688128,156.564732
P521_BIKE_L5,P521_Classic_McEliece_6688128,157.495332
P521_BIKE_L5,P521_Classic_McEliece_6688128,158.924796
P521_BIKE_L5,P521_Classic_McEliece_6688128,156.354195
P521_BIKE_L5,P521_Classic_McEliece_6688128,158.043261
P521_BIKE_L5,P521_Classic_McEliece_6688128,170.696159
P521_BIKE_L5,P521_Classic_McEliece_6688128,169.640293
P521_BIKE_L5,P521_Classic_McEliece_6688128,159.527364
P521_BIKE_L5,P521_Classic_McEliece_6688128,159.304191
P521_BIKE_L5,P521_Classic_McEliece_6688128,163.201554
P521_BIKE_L5,P521_Classic_McEliece_6688128,160.553889
P521_BIKE_L5,P521_Classic_McEliece_6688128,162.647001
P521_BIKE_L5,P521_Classic_McEliece_6688128,164.617606
P521_BIKE_L5,P521_Classic_McEliece_6688128,162.419554
P521_BIKE_L5,P521_Classic_McEliece_6688128,159.077703
P521_BIKE_L5,P521_Classic_McEliece_6688128,157.273151
P521_BIKE_L5,P521_Classic_McEliece_6688128,166.21416
P521_BIKE_L5,P521_Classic_McEliece_6688128,165.299606
P521_BIKE_L5,P521_Classic_McEliece_6688128,173.054368
P521_BIKE_L5,P521_Classic_McEliece_6688128,170.69518
P521_BIKE_L5,P521_Classic_McEliece_6688128,159.601813
P521_BIKE_L5,P521_Classic_McEliece_6688128,161.485953
P521_BIKE_L5,P521_Classic_McEliece_6688128,164.185921
P521_BIKE_L5,P521_Classic_McEliece_6688128,162.347878
P521_BIKE_L5,P521_Classic_McEliece_6688128,164.673459
P521_BIKE_L5,P521_Classic_McEliece_6688128,159.625009
P521_BIKE_L5,P521_Classic_McEliece_6688128,161.489675
P521_BIKE_L5,P521_Classic_McEliece_6688128,169.728765
P521_BIKE_L5,P521_Classic_McEliece_6688128,162.354276
P521_BIKE_L5,P521_Classic_McEliece_6688128,162.808021
P521_BIKE_L5,P521_Classic_McEliece_6688128,166.395366
P521_BIKE_L5,P521_Classic_McEliece_6688128,170.08545
P521_BIKE_L5,P521_Classic_McEliece_6688128,168.387448
P521_BIKE_L5,P521_Classic_McEliece_6688128,161.609236
P521_BIKE_L5,P521_Classic_McEliece_6688128,168.66911
P521_BIKE_L5,P521_Classic_McEliece_6688128,163.550046
P521_BIKE_L5,P521_Classic_McEliece_6688128,163.424421
P521_BIKE_L5,P521_Classic_McEliece_6688128,157.617251
P521_BIKE_L5,P521_Classic_McEliece_6688128,158.39662
P521_BIKE_L5,P521_Classic_McEliece_6688128,163.878516
P521_BIKE_L5,P521_Classic_McEliece_6688128,156.982791
P521_BIKE_L5,P521_Classic_McEliece_6688128,167.858076
P521_BIKE_L5,P521_Classic_McEliece_6688128,161.052067
P521_BIKE_L5,P521_Classic_McEliece_6688128,165.201304
P521_BIKE_L5,P521_Classic_McEliece_6688128,163.691871
P521_BIKE_L5,P521_Classic_McEliece_6688128,159.636122
P521_BIKE_L5,P521_Classic_McEliece_6688128,166.566829
P521_BIKE_L5,P521_Classic_McEliece_6688128,161.563797
P521_BIKE_L5,P521_Classic_McEliece_6688128,165.998503
P521_BIKE_L5,P521_Classic_McEliece_6688128,158.085175
P521_BIKE_L5,P521_Classic_McEliece_6688128,157.352282
P521_BIKE_L5,P521_Classic_McEliece_6688128,168.12036
P521_BIKE_L5,P521_Classic_McEliece_6688128,154.332664
P521_BIKE_L5,P521_Classic_McEliece_6688128,165.37867
P521_BIKE_L5,P521_Classic_McEliece_6688128,161.618291
P521_BIKE_L5,P521_Classic_McEliece_6688128,166.379484
P521_BIKE_L5,P521_Classic_McEliece_6688128,164.66957
P521_BIKE_L5,P521_Classic_McEliece_6688128,165.138504
P521_BIKE_L5,P521_Classic_McEliece_6688128,166.980616
P521_BIKE_L5,P521_Classic_McEliece_6688128,159.852254
P521_BIKE_L5,P521_Classic_McEliece_6688128,165.87448
P521_BIKE_L5,P521_Classic_McEliece_6688128,161.601755
P521_BIKE_L5,P521_Classic_McEliece_6688128,164.287549
P521_BIKE_L5,P521_Classic_McEliece_6688128,157.98343
P521_BIKE_L5,P521_Classic_McEliece_6688128,162.526865
P521_BIKE_L5,P521_Classic_McEliece_6688128,158.849329
P521_BIKE_L5,P521_Classic_McEliece_6688128,159.890039
P521_BIKE_L5,P521_Classic_McEliece_6688128,162.506972
P521_BIKE_L5,P521_Classic_McEliece_6688128,159.770234
P521_BIKE_L5,P521_Classic_McEliece_6688128,164.900214
P521_BIKE_L5,P521_Classic_McEliece_6688128,170.00422
P521_BIKE_L5,P521_Classic_McEliece_6688128,163.1198
P521_BIKE_L5,P521_Classic_McEliece_6688128,158.649703
P521_BIKE_L5,P521_Classic_McEliece_6688128,157.676936
P521_BIKE_L5,P521_Classic_McEliece_6688128,162.524165
P521_BIKE_L5,P521_Classic_McEliece_6688128,159.261667
P521_BIKE_L5,P521_Classic_McEliece_6688128,160.517123
P521_BIKE_L5,P521_Classic_McEliece_6688128,163.994988
P521_BIKE_L5,P521_Classic_McEliece_6688128,161.64982
P521_BIKE_L5,P521_Classic_McEliece_6688128,163.372432
P521_BIKE_L5,P521_Classic_McEliece_6688128,164.29102
P521_BIKE_L5,P521_Classic_McEliece_6688128,158.635804
P521_BIKE_L5,P521_Classic_McEliece_6688128,164.379617
P521_BIKE_L5,P521_Classic_McEliece_6688128,157.910134
P521_BIKE_L5,P521_Classic_McEliece_6688128,162.820416
P521_BIKE_L5,P521_Classic_McEliece_6688128,164.449717
P521_BIKE_L5,P521_Classic_McEliece_6688128,160.958767
P521_BIKE_L5,P521_Classic_McEliece_6688128,160.452556
P521_BIKE_L5,P521_Classic_McEliece_6688128,158.62839
P521_BIKE_L5,P521_Classic_McEliece_6688128,157.778223
P521_BIKE_L5,P521_Classic_McEliece_6688128,164.434227
P521_BIKE_L5,P521_Classic_McEliece_6688128,163.807677
P521_BIKE_L5,P521_Classic_McEliece_6688128,166.785094
P521_BIKE_L5,P521_Classic_McEliece_6688128,166.805942
P521_BIKE_L5,P521_Classic_McEliece_6688128,162.03313
P521_BIKE_L5,P521_Classic_McEliece_6688128,168.39676
P521_BIKE_L5,P521_Classic_McEliece_6688128,160.870277
P521_BIKE_L5,P521_Classic_McEliece_6688128,163.040677
P521_BIKE_L5,P521_Classic_McEliece_6688128,159.874832
P521_BIKE_L5,P521_Classic_McEliece_6688128,163.318416
P521_BIKE_L5,P521_Classic_McEliece_6688128,166.259802
P521_BIKE_L5,P521_Classic_McEliece_6688128,158.816778
P521_BIKE_L5,P521_Classic_McEliece_6688128,158.837903
P521_BIKE_L5,P521_Classic_McEliece_6688128,169.757697
P521_BIKE_L5,P521_Classic_McEliece_6688128,164.4564
P521_BIKE_L5,P521_Classic_McEliece_6688128,166.761456
P521_BIKE_L5,P521_Classic_McEliece_6688128,162.574562
P521_BIKE_L5,P521_Classic_McEliece_6688128,163.669852
P521_BIKE_L5,P521_Classic_McEliece_6688128,169.760378
P521_BIKE_L5,P521_Classic_McEliece_6688128,167.804285
P521_BIKE_L5,P521_Classic_McEliece_6688128,159.164979
P521_BIKE_L5,P521_Classic_McEliece_6688128,165.622333
P521_BIKE_L5,P521_Classic_McEliece_6688128,171.620583
P521_BIKE_L5,P521_Classic_McEliece_6688128,170.165025
P521_BIKE_L5,P521_Classic_McEliece_6688128,166.147096
P521_BIKE_L5,P521_Classic_McEliece_6688128,159.413245
P521_BIKE_L5,P521_Classic_McEliece_6688128,162.570365
P521_BIKE_L5,P521_Classic_McEliece_6688128,163.922176
P521_BIKE_L5,P521_Classic_McEliece_6688128,158.358796
P521_BIKE_L5,P521_Classic_McEliece_6688128,161.97034
P521_BIKE_L5,P521_Classic_McEliece_6688128,161.01444
P521_BIKE_L5,P521_Classic_McEliece_6688128,165.203006
P521_BIKE_L5,P521_Classic_McEliece_6688128,157.995648
P521_BIKE_L5,P521_Classic_McEliece_6688128,161.648762
P521_BIKE_L5,P521_Classic_McEliece_6688128,157.704805
P521_BIKE_L5,P521_Classic_McEliece_6688128,156.151682
P521_BIKE_L5,P521_Classic_McEliece_6688128,167.494152
P521_BIKE_L5,P521_Classic_McEliece_6688128,161.137681
P521_BIKE_L5,P521_Classic_McEliece_6688128,164.435841
P521_BIKE_L5,P521_Classic_McEliece_6688128,163.617942
P521_BIKE_L5,P521_Classic_McEliece_6688128,165.351173
P521_BIKE_L5,P521_Classic_McEliece_6688128,158.372651
P521_BIKE_L5,P521_Classic_McEliece_6688128,162.722951
P521_BIKE_L5,P521_Classic_McEliece_6688128,155.858058
P521_BIKE_L5,P521_Classic_McEliece_6688128,160.077911
P521_BIKE_L5,P521_Classic_McEliece_6688128,159.665243
P521_BIKE_L5,P521_Classic_McEliece_6688128,163.988683
P521_BIKE_L5,P521_Classic_McEliece_6688128,161.844086
P521_BIKE_L5,P521_Classic_McEliece_6688128,161.923976
P521_BIKE_L5,P521_Classic_McEliece_6688128,157.543906
P521_BIKE_L5,P521_Classic_McEliece_6688128,161.508754
P521_BIKE_L5,P521_Classic_McEliece_6688128,161.456831
P521_BIKE_L5,P521_Classic_McEliece_6688128,157.68644
P521_BIKE_L5,P521_Classic_McEliece_6688128,159.951709
P521_BIKE_L5,P521_Classic_McEliece_6688128,161.858866
P521_BIKE_L5,P521_Classic_McEliece_6688128,167.949724
P521_BIKE_L5,P521_Classic_McEliece_6688128,168.007618
P521_BIKE_L5,P521_Classic_McEliece_6688128,158.731717
P521_BIKE_L5,P521_Classic_McEliece_6688128,163.43203
P521_BIKE_L5,P521_Classic_McEliece_6688128,163.945867
P521_BIKE_L5,P521_Classic_McEliece_6688128,158.148009
P521_BIKE_L5,P521_Classic_McEliece_6688128,157.238723
P521_BIKE_L5,P521_Classic_McEliece_6688128,166.161321
P521_BIKE_L5,P521_Classic_McEliece_6688128,162.285623
P521_BIKE_L5,P521_Classic_McEliece_6688128,164.85457
P521_BIKE_L5,P521_Classic_McEliece_6688128,166.374323
P521_BIKE_L5,P521_Classic_McEliece_6688128,168.97463
P521_BIKE_L5,P521_Classic_McEliece_6688128,157.907871
P521_BIKE_L5,P521_Classic_McEliece_6688128,168.029217
P521_BIKE_L5,P521_Classic_McEliece_6688128,158.323489
P521_BIKE_L5,P521_Classic_McEliece_6688128,161.87044
P521_BIKE_L5,P521_Classic_McEliece_6688128,159.408022
P521_BIKE_L5,P521_Classic_McEliece_6688128,158.49256
P521_BIKE_L5,P521_Classic_McEliece_6688128,166.56226
P521_BIKE_L5,P521_Classic_McEliece_6688128,161.525047
P521_BIKE_L5,P521_Classic_McEliece_6688128,162.581573
P521_BIKE_L5,P521_Classic_McEliece_6688128,157.661722
P521_BIKE_L5,P521_Classic_McEliece_6688128,154.882248
P521_BIKE_L5,P521_Classic_McEliece_6688128,155.569428
P521_BIKE_L5,P521_Classic_McEliece_6688128,163.754906
P521_BIKE_L5,P521_Classic_McEliece_6688128,159.353401
P521_BIKE_L5,P521_Classic_McEliece_6688128,172.10159
P521_BIKE_L5,P521_Classic_McEliece_6688128,158.662551
P521_BIKE_L5,P521_Classic_McEliece_6688128,165.816762
P521_BIKE_L5,P521_Classic_McEliece_6688128,162.647819
P521_BIKE_L5,P521_Classic_McEliece_6688128,159.46709
P521_BIKE_L5,P521_Classic_McEliece_6688128,160.309632
P521_BIKE_L5,P521_Classic_McEliece_6688128,161.172985
P521_BIKE_L5,P521_Classic_McEliece_6688128,163.151757
P521_BIKE_L5,P521_Classic_McEliece_6688128,163.256933
P521_BIKE_L5,P521_Classic_McEliece_6688128,157.348544
P521_BIKE_L5,P521_Classic_McEliece_6688128,163.117989
P521_BIKE_L5,P521_Classic_McEliece_6688128,163.684732
P521_BIKE_L5,P521_Classic_McEliece_6688128,166.398319
P521_BIKE_L5,P521_Classic_McEliece_6688128,158.264089
P521_BIKE_L5,P521_Classic_McEliece_6688128,162.643253
P521_BIKE_L5,P521_Classic_McEliece_6688128,165.837669
P521_BIKE_L5,P521_Classic_McEliece_6688128,166.664365
P521_BIKE_L5,P521_Classic_McEliece_6688128,164.803039
P521_BIKE_L5,P521_Classic_McEliece_6688128,166.527749
P521_BIKE_L5,P521_Classic_McEliece_6688128,165.496709
P521_BIKE_L5,P521_Classic_McEliece_6688128,163.969826
P521_BIKE_L5,P521_Classic_McEliece_6688128,166.622971
P521_BIKE_L5,P521_Classic_McEliece_6688128,160.712363
P521_BIKE_L5,P521_Classic_McEliece_6688128,160.078156
P521_BIKE_L5,P521_Classic_McEliece_6688128,163.167908
P521_BIKE_L5,P521_Classic_McEliece_6688128,163.755795
P521_BIKE_L5,P521_Classic_McEliece_6688128,163.441058
P521_BIKE_L5,P521_Classic_McEliece_6688128,160.726224
P521_BIKE_L5,P521_Classic_McEliece_6688128,163.43877
P521_BIKE_L5,P521_Classic_McEliece_6688128,164.438466
P521_BIKE_L5,P521_Classic_McEliece_6688128,164.967773
P521_BIKE_L5,P521_Classic_McEliece_6688128,167.073871
P521_BIKE_L5,P521_Classic_McEliece_6688128,164.369967
P521_BIKE_L5,P521_Classic_McEliece_6688128,168.358079
P521_BIKE_L5,P521_Classic_McEliece_6688128,168.367254
P521_BIKE_L5,P521_Classic_McEliece_6688128,159.093651
P521_BIKE_L5,P521_Classic_McEliece_6688128,163.742316
P521_BIKE_L5,P521_Classic_McEliece_6688128,163.59413
P521_BIKE_L5,P521_Classic_McEliece_6688128,159.734264
P521_BIKE_L5,P521_Classic_McEliece_6688128,159.313022
P521_BIKE_L5,P521_Classic_McEliece_6688128,171.088546
P521_BIKE_L5,P521_Classic_McEliece_6688128,169.921997
P521_BIKE_L5,P521_Classic_McEliece_6688128,159.445033
P521_BIKE_L5,P521_Classic_McEliece_6688128,168.445781
P521_BIKE_L5,P521_Classic_McEliece_6688128,168.127007
P521_BIKE_L5,P521_Classic_McEliece_6688128,166.329511
P521_BIKE_L5,P521_Classic_McEliece_6688128,165.825195
P521_BIKE_L5,P521_Classic_McEliece_6688128,160.999545
P521_BIKE_L5,P521_Classic_McEliece_6688128,160.647875
P521_BIKE_L5,P521_Classic_McEliece_6688128,162.764146
P521_BIKE_L5,P521_Classic_McEliece_6688128,165.039881
P521_BIKE_L5,P521_Classic_McEliece_6688128,164.44297
P521_BIKE_L5,P521_Classic_McEliece_6688128,162.089413
P521_BIKE_L5,P521_Classic_McEliece_6688128,158.314363
P521_BIKE_L5,P521_Classic_McEliece_6688128,158.726732
P521_BIKE_L5,P521_Classic_McEliece_6688128,161.13053
P521_BIKE_L5,P521_Classic_McEliece_6688128,169.388674
P521_BIKE_L5,P521_Classic_McEliece_6688128,161.330164
P521_BIKE_L5,P521_Classic_McEliece_6688128,163.231048
P521_BIKE_L5,P521_Classic_McEliece_6688128,164.696098
P521_BIKE_L5,P521_Classic_McEliece_6688128,169.128594
P521_BIKE_L5,P521_Classic_McEliece_6688128,156.966906
P521_BIKE_L5,P521_Classic_McEliece_6688128,157.692466
P521_BIKE_L5,P521_Classic_McEliece_6688128,166.235762
P521_BIKE_L5,P521_Classic_McEliece_6688128,167.778876
P521_BIKE_L5,P521_Classic_McEliece_6688128,164.734682
P521_BIKE_L5,P521_Classic_McEliece_6688128,167.796459
P521_BIKE_L5,P521_Classic_McEliece_6688128,161.042329
P521_BIKE_L5,P521_Classic_McEliece_6688128,163.748249
P521_BIKE_L5,P521_Classic_McEliece_6688128,168.723656
P521_BIKE_L5,P521_Classic_McEliece_6688128,163.320278
P521_BIKE_L5,P521_Classic_McEliece_6688128,166.197624
P521_BIKE_L5,P521_Classic_McEliece_6688128,160.330855
P521_BIKE_L5,P521_Classic_McEliece_6688128,160.533409
P521_BIKE_L5,P521_Classic_McEliece_6688128,164.914724
P521_BIKE_L5,P521_Classic_McEliece_6688128,158.392747
P521_BIKE_L5,P521_Classic_McEliece_6688128,168.230385
P521_BIKE_L5,P521_Classic_McEliece_6688128,165.528495
P521_BIKE_L5,P521_Classic_McEliece_6688128,164.697378
P521_BIKE_L5,P521_Classic_McEliece_6688128,166.819024
P521_BIKE_L5,P521_Classic_McEliece_6688128,168.83905
P521_BIKE_L5,P521_Classic_McEliece_6688128,167.99037
P521_BIKE_L5,P521_Classic_McEliece_6688128,163.72187
P521_BIKE_L5,P521_Classic_McEliece_6688128,163.530996
P521_BIKE_L5,P521_Classic_McEliece_6688128,157.575492
P521_BIKE_L5,P521_Classic_McEliece_6688128,163.435207
P521_BIKE_L5,P521_Classic_McEliece_6688128,162.950616
P521_BIKE_L5,P521_Classic_McEliece_6688128,158.654044
P521_BIKE_L5,P521_Classic_McEliece_6688128,159.623105
P521_BIKE_L5,P521_Classic_McEliece_6688128,163.144856
P521_BIKE_L5,P521_Classic_McEliece_6688128,163.367358
P521_BIKE_L5,P521_Classic_McEliece_6688128,161.171291
P521_BIKE_L5,P521_Classic_McEliece_6688128,163.009709
P521_BIKE_L5,P521_Classic_McEliece_6688128,162.600302
P521_BIKE_L5,P521_Classic_McEliece_6688128,161.546616
P521_BIKE_L5,P521_Classic_McEliece_6688128,163.468741
P521_BIKE_L5,P521_Classic_McEliece_6688128,159.18674
P521_BIKE_L5,P521_Classic_McEliece_6688128,161.948043
P521_BIKE_L5,P521_Classic_McEliece_6688128,162.851844
P521_BIKE_L5,P521_Classic_McEliece_6688128,159.494922
P521_BIKE_L5,P521_Classic_McEliece_6688128,159.737621
P521_BIKE_L5,P521_Classic_McEliece_6688128,160.370792
P521_BIKE_L5,P521_Classic_McEliece_6688128,163.299673
P521_BIKE_L5,P521_Classic_McEliece_6688128,163.758039
P521_BIKE_L5,P521_Classic_McEliece_6688128,161.211806
P521_BIKE_L5,P521_Classic_McEliece_6688128,166.235337
P521_BIKE_L5,P521_Classic_McEliece_6688128,159.898711
P521_BIKE_L5,P521_Classic_McEliece_6688128,159.195369
P521_BIKE_L5,P521_Classic_McEliece_6688128,163.084856
P521_BIKE_L5,P521_Classic_McEliece_6688128,163.293446
P521_BIKE_L5,P521_Classic_McEliece_6688128,160.965896
P521_BIKE_L5,P521_Classic_McEliece_6688128,166.226895
P521_BIKE_L5,P521_Classic_McEliece_6688128,164.336163
P521_BIKE_L5,P521_Classic_McEliece_6688128,164.026831
P521_BIKE_L5,P521_Classic_McEliece_6688128,165.594511
P521_BIKE_L5,P521_Classic_McEliece_6688128,158.13087
P521_BIKE_L5,P521_Classic_McEliece_6688128,164.255309
P521_BIKE_L5,P521_Classic_McEliece_6688128,161.998776
P521_BIKE_L5,P521_Classic_McEliece_6688128,162.354773
P521_BIKE_L5,P521_Classic_McEliece_6688128,158.117129
P521_BIKE_L5,P521_Classic_McEliece_6688128,160.223774
P521_BIKE_L5,P521_Classic_McEliece_6688128,162.21194
P521_BIKE_L5,P521_Classic_McEliece_6688128,164.665671
P521_BIKE_L5,P521_Classic_McEliece_6688128,163.535294
P521_BIKE_L5,P521_Classic_McEliece_6688128,165.66634
P521_BIKE_L5,P521_Classic_McEliece_6688128,161.515771
P521_BIKE_L5,P521_Classic_McEliece_6688128,168.832308
P521_BIKE_L5,P521_Classic_McEliece_6688128,157.845012
P521_BIKE_L5,P521_Classic_McEliece_6688128,161.596374
P521_BIKE_L5,P521_Classic_McEliece_6688128,157.597222
P521_BIKE_L5,P521_Classic_McEliece_6688128,164.471348
P521_BIKE_L5,P521_Classic_McEliece_6688128,161.736367
P521_BIKE_L5,P521_Classic_McEliece_6688128,163.244967
P521_BIKE_L5,P521_Classic_McEliece_6688128,161.382126
P521_BIKE_L5,P521_Classic_McEliece_6688128,158.049943
P521_BIKE_L5,P521_Classic_McEliece_6688128,162.817281
P521_BIKE_L5,P521_Classic_McEliece_6688128,166.791426
P521_BIKE_L5,P521_Classic_McEliece_6688128,165.138323
P521_BIKE_L5,P521_Classic_McEliece_6688128,167.285845
P521_BIKE_L5,P521_Classic_McEliece_6688128,158.189247
P521_BIKE_L5,P521_Classic_McEliece_6688128,165.349705
P521_BIKE_L5,P521_Classic_McEliece_6688128,162.246179
P521_BIKE_L5,P521_Classic_McEliece_6688128,163.492517
P521_BIKE_L5,P521_Classic_McEliece_6688128,164.427296
P521_BIKE_L5,P521_Classic_McEliece_6688128,164.520838
P521_BIKE_L5,P521_Classic_McEliece_6688128,159.358606
P521_BIKE_L5,P521_Classic_McEliece_6688128,157.025232
P521_BIKE_L5,P521_Classic_McEliece_6688128,161.710225
P521_BIKE_L5,P521_Classic_McEliece_6688128,158.03911