Algoritmo de troca de chaves,Algoritmo de autenticação,Time to send app data
P256_HQC_128,P256_Dilithium2,89.370254
P256_HQC_128,P256_Dilithium2,88.24561
P256_HQC_128,P256_Dilithium2,92.671527
P256_HQC_128,P256_Dilithium2,89.554565
P256_HQC_128,P256_Dilithium2,91.714326
P256_HQC_128,P256_Dilithium2,93.581053
P256_HQC_128,P256_Dilithium2,89.054397
P256_HQC_128,P256_Dilithium2,91.977441
P256_HQC_128,P256_Dilithium2,87.71733
P256_HQC_128,P256_Dilithium2,95.091614
P256_HQC_128,P256_Dilithium2,88.197273
P256_HQC_128,P256_Dilithium2,98.450341
P256_HQC_128,P256_Dilithium2,95.967746
P256_HQC_128,P256_Dilithium2,93.74809
P256_HQC_128,P256_Dilithium2,94.355048
P256_HQC_128,P256_Dilithium2,98.517203
P256_HQC_128,P256_Dilithium2,95.10637
P256_HQC_128,P256_Dilithium2,91.58052
P256_HQC_128,P256_Dilithium2,98.156685
P256_HQC_128,P256_Dilithium2,86.077199
P256_HQC_128,P256_Dilithium2,95.301669
P256_HQC_128,P256_Dilithium2,92.81563
P256_HQC_128,P256_Dilithium2,95.518201
P256_HQC_128,P256_Dilithium2,93.821273
P256_HQC_128,P256_Dilithium2,91.771972
P256_HQC_128,P256_Dilithium2,88.79274
P256_HQC_128,P256_Dilithium2,91.653876
P256_HQC_128,P256_Dilithium2,89.589552
P256_HQC_128,P256_Dilithium2,92.886255
P256_HQC_128,P256_Dilithium2,90.408931
P256_HQC_128,P256_Dilithium2,89.407052
P256_HQC_128,P256_Dilithium2,90.186503
P256_HQC_128,P256_Dilithium2,95.058248
P256_HQC_128,P256_Dilithium2,89.468626
P256_HQC_128,P256_Dilithium2,99.074459
P256_HQC_128,P256_Dilithium2,96.027285
P256_HQC_128,P256_Dilithium2,94.544005
P256_HQC_128,P256_Dilithium2,92.215468
P256_HQC_128,P256_Dilithium2,90.19781
P256_HQC_128,P256_Dilithium2,89.815067
P256_HQC_128,P256_Dilithium2,88.580716
P256_HQC_128,P256_Dilithium2,91.716072
P256_HQC_128,P256_Dilithium2,94.239471
P256_HQC_128,P256_Dilithium2,93.104485
P256_HQC_128,P256_Dilithium2,89.387403
P256_HQC_128,P256_Dilithium2,87.259506
P256_HQC_128,P256_Dilithium2,87.771163
P256_HQC_128,P256_Dilithium2,96.252558
P256_HQC_128,P256_Dilithium2,94.223023
P256_HQC_128,P256_Dilithium2,93.553704
P256_HQC_128,P256_Dilithium2,93.227736
P256_HQC_128,P256_Dilithium2,90.251558
P256_HQC_128,P256_Dilithium2,88.465749
P256_HQC_128,P256_Dilithium2,96.981921
P256_HQC_128,P256_Dilithium2,91.696747
P256_HQC_128,P256_Dilithium2,90.076502
P256_HQC_128,P256_Dilithium2,91.709916
P256_HQC_128,P256_Dilithium2,91.94495
P256_HQC_128,P256_Dilithium2,91.837835
P256_HQC_128,P256_Dilithium2,89.971925
P256_HQC_128,P256_Dilithium2,88.949836
P256_HQC_128,P256_Dilithium2,87.737478
P256_HQC_128,P256_Dilithium2,94.43501
P256_HQC_128,P256_Dilithium2,90.291694
P256_HQC_128,P256_Dilithium2,85.180791
P256_HQC_128,P256_Dilithium2,92.850257
P256_HQC_128,P256_Dilithium2,97.604655
P256_HQC_128,P256_Dilithium2,92.944061
P256_HQC_128,P256_Dilithium2,91.03469
P256_HQC_128,P256_Dilithium2,89.995849
P256_HQC_128,P256_Dilithium2,96.843346
P256_HQC_128,P256_Dilithium2,88.929053
P256_HQC_128,P256_Dilithium2,91.588624
P256_HQC_128,P256_Dilithium2,89.26373
P256_HQC_128,P256_Dilithium2,95.098134
P256_HQC_128,P256_Dilithium2,94.821551
P256_HQC_128,P256_Dilithium2,91.631817
P256_HQC_128,P256_Dilithium2,92.258037
P256_HQC_128,P256_Dilithium2,95.252915
P256_HQC_128,P256_Dilithium2,93.851178
P256_HQC_128,P256_Dilithium2,99.257693
P256_HQC_128,P256_Dilithium2,92.981707
P256_HQC_128,P256_Dilithium2,99.063139
P256_HQC_128,P256_Dilithium2,89.789792
P256_HQC_128,P256_Dilithium2,88.281101
P256_HQC_128,P256_Dilithium2,97.369545
P256_HQC_128,P256_Dilithium2,94.456458
P256_HQC_128,P256_Dilithium2,95.357805
P256_HQC_128,P256_Dilithium2,92.953987
P256_HQC_128,P256_Dilithium2,89.723875
P256_HQC_128,P256_Dilithium2,94.906989
P256_HQC_128,P256_Dilithium2,94.789272
P256_HQC_128,P256_Dilithium2,93.987723
P256_HQC_128,P256_Dilithium2,88.528231
P256_HQC_128,P256_Dilithium2,91.764316
P256_HQC_128,P256_Dilithium2,99.675603
P256_HQC_128,P256_Dilithium2,93.670214
P256_HQC_128,P256_Dilithium2,91.427998
P256_HQC_128,P256_Dilithium2,97.439754
P256_HQC_128,P256_Dilithium2,91.005227
P256_HQC_128,P256_Dilithium2,86.871992
P256_HQC_128,P256_Dilithium2,95.80104
P256_HQC_128,P256_Dilithium2,89.437894
P256_HQC_128,P256_Dilithium2,94.615223
P256_HQC_128,P256_Dilithium2,95.530662
P256_HQC_128,P256_Dilithium2,88.917411
P256_HQC_128,P256_Dilithium2,92.773997
P256_HQC_128,P256_Dilithium2,93.766283
P256_HQC_128,P256_Dilithium2,92.35565
P256_HQC_128,P256_Dilithium2,88.627405
P256_HQC_128,P256_Dilithium2,98.318221
P256_HQC_128,P256_Dilithium2,88.052355
P256_HQC_128,P256_Dilithium2,93.319756
P256_HQC_128,P256_Dilithium2,96.204941
P256_HQC_128,P256_Dilithium2,92.904641
P256_HQC_128,P256_Dilithium2,94.258714
P256_HQC_128,P256_Dilithium2,92.83543
P256_HQC_128,P256_Dilithium2,88.816935
P256_HQC_128,P256_Dilithium2,94.068538
P256_HQC_128,P256_Dilithium2,94.68649
P256_HQC_128,P256_Dilithium2,95.305457
P256_HQC_128,P256_Dilithium2,94.124475
P256_HQC_128,P256_Dilithium2,95.490853
P256_HQC_128,P256_Dilithium2,92.694555
P256_HQC_128,P256_Dilithium2,88.1105
P256_HQC_128,P256_Dilithium2,93.011251
P256_HQC_128,P256_Dilithium2,87.724243
P256_HQC_128,P256_Dilithium2,89.318377
P256_HQC_128,P256_Dilithium2,93.967752
P256_HQC_128,P256_Dilithium2,94.374653
P256_HQC_128,P256_Dilithium2,90.427893
P256_HQC_128,P256_Dilithium2,93.601554
P256_HQC_128,P256_Dilithium2,86.761095
P256_HQC_128,P256_Dilithium2,88.851976
P256_HQC_128,P256_Dilithium2,93.88104
P256_HQC_128,P256_Dilithium2,92.424173
P256_HQC_128,P256_Dilithium2,88.638937
P256_HQC_128,P256_Dilithium2,88.825712
P256_HQC_128,P256_Dilithium2,96.495179
P256_HQC_128,P256_Dilithium2,97.898283
P256_HQC_128,P256_Dilithium2,89.211038
P256_HQC_128,P256_Dilithium2,92.848578
P256_HQC_128,P256_Dilithium2,88.693585
P256_HQC_128,P256_Dilithium2,97.042121
P256_HQC_128,P256_Dilithium2,89.310359
P256_HQC_128,P256_Dilithium2,100.370298
P256_HQC_128,P256_Dilithium2,89.887313
P256_HQC_128,P256_Dilithium2,89.950459
P256_HQC_128,P256_Dilithium2,94.094447
P256_HQC_128,P256_Dilithium2,88.244915
P256_HQC_128,P256_Dilithium2,95.921757
P256_HQC_128,P256_Dilithium2,95.071709
P256_HQC_128,P256_Dilithium2,88.373346
P256_HQC_128,P256_Dilithium2,92.869586
P256_HQC_128,P256_Dilithium2,91.836908
P256_HQC_128,P256_Dilithium2,90.476797
P256_HQC_128,P256_Dilithium2,94.328912
P256_HQC_128,P256_Dilithium2,92.276276
P256_HQC_128,P256_Dilithium2,92.505509
P256_HQC_128,P256_Dilithium2,90.875513
P256_HQC_128,P256_Dilithium2,98.140471
P256_HQC_128,P256_Dilithium2,87.618909
P256_HQC_128,P256_Dilithium2,96.56349
P256_HQC_128,P256_Dilithium2,92.165488
P256_HQC_128,P256_Dilithium2,99.005995
P256_HQC_128,P256_Dilithium2,94.264644
P256_HQC_128,P256_Dilithium2,99.412792
P256_HQC_128,P256_Dilithium2,98.496916
P256_HQC_128,P256_Dilithium2,89.704528
P256_HQC_128,P256_Dilithium2,95.566169
P256_HQC_128,P256_Dilithium2,93.680254
P256_HQC_128,P256_Dilithium2,92.893762
P256_HQC_128,P256_Dilithium2,87.472827
P256_HQC_128,P256_Dilithium2,89.698625
P256_HQC_128,P256_Dilithium2,86.760311
P256_HQC_128,P256_Dilithium2,97.18716
P256_HQC_128,P256_Dilithium2,88.207558
P256_HQC_128,P256_Dilithium2,89.699994
P256_HQC_128,P256_Dilithium2,93.379801
P256_HQC_128,P256_Dilithium2,91.668576
P256_HQC_128,P256_Dilithium2,91.198112
P256_HQC_128,P256_Dilithium2,95.207454
P256_HQC_128,P256_Dilithium2,91.830195
P256_HQC_128,P256_Dilithium2,96.74929
P256_HQC_128,P256_Dilithium2,85.724046
P256_HQC_128,P256_Dilithium2,93.122138
P256_HQC_128,P256_Dilithium2,90.538653
P256_HQC_128,P256_Dilithium2,89.273958
P256_HQC_128,P256_Dilithium2,89.32084
P256_HQC_128,P256_Dilithium2,91.549184
P256_HQC_128,P256_Dilithium2,93.220062
P256_HQC_128,P256_Dilithium2,95.568883
P256_HQC_128,P256_Dilithium2,86.272751
P256_HQC_128,P256_Dilithium2,91.661236
P256_HQC_128,P256_Dilithium2,96.072076
P256_HQC_128,P256_Dilithium2,95.098339
P256_HQC_128,P256_Dilithium2,90.835023
P256_HQC_128,P256_Dilithium2,89.094073
P256_HQC_128,P256_Dilithium2,88.626743
P256_HQC_128,P256_Dilithium2,87.723807
P256_HQC_128,P256_Dilithium2,88.659149
P256_HQC_128,P256_Dilithium2,88.778919
P256_HQC_128,P256_Dilithium2,89.298935
P256_HQC_128,P256_Dilithium2,92.178496
P256_HQC_128,P256_Dilithium2,88.912045
P256_HQC_128,P256_Dilithium2,93.599869
P256_HQC_128,P256_Dilithium2,89.962209
P256_HQC_128,P256_Dilithium2,87.67291
P256_HQC_128,P256_Dilithium2,95.849016
P256_HQC_128,P256_Dilithium2,96.029092
P256_HQC_128,P256_Dilithium2,90.966289
P256_HQC_128,P256_Dilithium2,89.159875
P256_HQC_128,P256_Dilithium2,88.577562
P256_HQC_128,P256_Dilithium2,95.720702
P256_HQC_128,P256_Dilithium2,91.485938
P256_HQC_128,P256_Dilithium2,89.82051
P256_HQC_128,P256_Dilithium2,89.946612
P256_HQC_128,P256_Dilithium2,88.276122
P256_HQC_128,P256_Dilithium2,90.760605
P256_HQC_128,P256_Dilithium2,93.577765
P256_HQC_128,P256_Dilithium2,89.998445
P256_HQC_128,P256_Dilithium2,93.400321
P256_HQC_128,P256_Dilithium2,91.784353
P256_HQC_128,P256_Dilithium2,92.699199
P256_HQC_128,P256_Dilithium2,91.250932
P256_HQC_128,P256_Dilithium2,92.670364
P256_HQC_128,P256_Dilithium2,90.820022
P256_HQC_128,P256_Dilithium2,92.672134
P256_HQC_128,P256_Dilithium2,91.47179
P256_HQC_128,P256_Dilithium2,90.05384
P256_HQC_128,P256_Dilithium2,93.391555
P256_HQC_128,P256_Dilithium2,89.848865
P256_HQC_128,P256_Dilithium2,89.368557
P256_HQC_128,P256_Dilithium2,94.389374
P256_HQC_128,P256_Dilithium2,89.038803
P256_HQC_128,P256_Dilithium2,90.675925
P256_HQC_128,P256_Dilithium2,88.782401
P256_HQC_128,P256_Dilithium2,94.035265
P256_HQC_128,P256_Dilithium2,90.513651
P256_HQC_128,P256_Dilithium2,93.572874
P256_HQC_128,P256_Dilithium2,86.867339
P256_HQC_128,P256_Dilithium2,93.185079
P256_HQC_128,P256_Dilithium2,96.278383
P256_HQC_128,P256_Dilithium2,89.540365
P256_HQC_128,P256_Dilithium2,91.262069
P256_HQC_128,P256_Dilithium2,93.553784
P256_HQC_128,P256_Dilithium2,88.53063
P256_HQC_128,P256_Dilithium2,94.711992
P256_HQC_128,P256_Dilithium2,94.218817
P256_HQC_128,P256_Dilithium2,92.152537
P256_HQC_128,P256_Dilithium2,94.391689
P256_HQC_128,P256_Dilithium2,90.550393
P256_HQC_128,P256_Dilithium2,91.380021
P256_HQC_128,P256_Dilithium2,89.347558
P256_HQC_128,P256_Dilithium2,87.975272
P256_HQC_128,P256_Dilithium2,91.486789
P256_HQC_128,P256_Dilithium2,95.369132
P256_HQC_128,P256_Dilithium2,91.070707
P256_HQC_128,P256_Dilithium2,89.390426
P256_HQC_128,P256_Dilithium2,91.304969
P256_HQC_128,P256_Dilithium2,90.993794
P256_HQC_128,P256_Dilithium2,91.090845
P256_HQC_128,P256_Dilithium2,88.186939
P256_HQC_128,P256_Dilithium2,90.500693
P256_HQC_128,P256_Dilithium2,94.329621
P256_HQC_128,P256_Dilithium2,95.848335
P256_HQC_128,P256_Dilithium2,89.811937
P256_HQC_128,P256_Dilithium2,93.222175
P256_HQC_128,P256_Dilithium2,89.68089
P256_HQC_128,P256_Dilithium2,98.500884
P256_HQC_128,P256_Dilithium2,95.391405
P256_HQC_128,P256_Dilithium2,92.775433
P256_HQC_128,P256_Dilithium2,94.621878
P256_HQC_128,P256_Dilithium2,92.91151
P256_HQC_128,P256_Dilithium2,91.480513
P256_HQC_128,P256_Dilithium2,95.740361
P256_HQC_128,P256_Dilithium2,89.69828
P256_HQC_128,P256_Dilithium2,90.709856
P256_HQC_128,P256_Dilithium2,90.367221
P256_HQC_128,P256_Dilithium2,94.730769
P256_HQC_128,P256_Dilithium2,90.742963
P256_HQC_128,P256_Dilithium2,93.075067
P256_HQC_128,P256_Dilithium2,93.09242
P256_HQC_128,P256_Dilithium2,91.22949
P256_HQC_128,P256_Dilithium2,89.389863
P256_HQC_128,P256_Dilithium2,89.175648
P256_HQC_128,P256_Dilithium2,87.920569
P256_HQC_128,P256_Dilithium2,88.797975
P256_HQC_128,P256_Dilithium2,93.708913
P256_HQC_128,P256_Dilithium2,92.236974
P256_HQC_128,P256_Dilithium2,93.219024
P256_HQC_128,P256_Dilithium2,98.282401
P256_HQC_128,P256_Dilithium2,87.420006
P256_HQC_128,P256_Dilithium2,88.488457
P256_HQC_128,P256_Dilithium2,87.817264
P256_HQC_128,P256_Dilithium2,92.408432
P256_HQC_128,P256_Dilithium2,95.809888
P256_HQC_128,P256_Dilithium2,95.364752
P256_HQC_128,P256_Dilithium2,91.325443
P256_HQC_128,P256_Dilithium2,95.528218
P256_HQC_128,P256_Dilithium2,96.127746
P256_HQC_128,P256_Dilithium2,88.010639
P256_HQC_128,P256_Dilithium2,90.341284
P256_HQC_128,P256_Dilithium2,88.676206
P256_HQC_128,P256_Dilithium2,100.5859
P256_HQC_128,P256_Dilithium2,96.664734
P256_HQC_128,P256_Dilithium2,92.021787
P256_HQC_128,P256_Dilithium2,87.665129
P256_HQC_128,P256_Dilithium2,88.086979
P256_HQC_128,P256_Dilithium2,89.403064
P256_HQC_128,P256_Dilithium2,94.404032
P256_HQC_128,P256_Dilithium2,88.134646
P256_HQC_128,P256_Dilithium2,90.219944
P256_HQC_128,P256_Dilithium2,91.447099
P256_HQC_128,P256_Dilithium2,93.752513
P256_HQC_128,P256_Dilithium2,92.487797
P256_HQC_128,P256_Dilithium2,96.821886
P256_HQC_128,P256_Dilithium2,88.16514
P256_HQC_128,P256_Dilithium2,88.909948
P256_HQC_128,P256_Dilithium2,97.181337
P256_HQC_128,P256_Dilithium2,92.806328
P256_HQC_128,P256_Dilithium2,88.185128
P256_HQC_128,P256_Dilithium2,89.853191
P256_HQC_128,P256_Dilithium2,90.157975
P256_HQC_128,P256_Dilithium2,90.17168
P256_HQC_128,P256_Dilithium2,92.903516
P256_HQC_128,P256_Dilithium2,91.812947
P256_HQC_128,P256_Dilithium2,91.301462
P256_HQC_128,P256_Dilithium2,87.498736
P256_HQC_128,P256_Dilithium2,93.804657
P256_HQC_128,P256_Dilithium2,88.876659
P256_HQC_128,P256_Dilithium2,95.724105
P256_HQC_128,P256_Dilithium2,90.590455
P256_HQC_128,P256_Dilithium2,89.693469
P256_HQC_128,P256_Dilithium2,96.093584
P256_HQC_128,P256_Dilithium2,93.626423
P256_HQC_128,P256_Dilithium2,88.273987
P256_HQC_128,P256_Dilithium2,93.696268
P256_HQC_128,P256_Dilithium2,94.008192
P256_HQC_128,P256_Dilithium2,93.740925
P256_HQC_128,P256_Dilithium2,92.6441
P256_HQC_128,P256_Dilithium2,87.278362
P256_HQC_128,P256_Dilithium2,92.626427
P256_HQC_128,P256_Dilithium2,89.169497
P256_HQC_128,P256_Dilithium2,88.527551
P256_HQC_128,P256_Dilithium2,90.864004
P256_HQC_128,P256_Dilithium2,92.873322
P256_HQC_128,P256_Dilithium2,90.993232
P256_HQC_128,P256_Dilithium2,92.174511
P256_HQC_128,P256_Dilithium2,89.521217
P256_HQC_128,P256_Dilithium2,90.192363
P256_HQC_128,P256_Dilithium2,99.86277
P256_HQC_128,P256_Dilithium2,95.284123
P256_HQC_128,P256_Dilithium2,95.745326
P256_HQC_128,P256_Dilithium2,91.823193
P256_HQC_128,P256_Dilithium2,95.127975
P256_HQC_128,P256_Dilithium2,91.615463
P256_HQC_128,P256_Dilithium2,93.139863
P256_HQC_128,P256_Dilithium2,90.517379
P256_HQC_128,P256_Dilithium2,93.550321
P256_HQC_128,P256_Dilithium2,91.290906
P256_HQC_128,P256_Dilithium2,86.88165
P256_HQC_128,P256_Dilithium2,93.353014
P256_HQC_128,P256_Dilithium2,90.3824
P256_HQC_128,P256_Dilithium2,89.965132
P256_HQC_128,P256_Dilithium2,96.201981
P256_HQC_128,P256_Dilithium2,95.154709
P256_HQC_128,P256_Dilithium2,88.523411
P256_HQC_128,P256_Dilithium2,91.133467
P256_HQC_128,P256_Dilithium2,87.671362
P256_HQC_128,P256_Dilithium2,94.963066
P256_HQC_128,P256_Dilithium2,92.942314
P256_HQC_128,P256_Dilithium2,90.802561
P256_HQC_128,P256_Dilithium2,87.886855
P256_HQC_128,P256_Dilithium2,97.594581
P256_HQC_128,P256_Dilithium2,99.665791
P256_HQC_128,P256_Dilithium2,88.960492
P256_HQC_128,P256_Dilithium2,89.053219
P256_HQC_128,P256_Dilithium2,89.935985
P256_HQC_128,P256_Dilithium2,89.584197
P256_HQC_128,P256_Dilithium2,95.06285
P256_HQC_128,P256_Dilithium2,95.294957
P256_HQC_128,P256_Dilithium2,93.705005
P256_HQC_128,P256_Dilithium2,92.683958
P256_HQC_128,P256_Dilithium2,94.801497
P256_HQC_128,P256_Dilithium2,92.012923
P256_HQC_128,P256_Dilithium2,88.837111
P256_HQC_128,P256_Dilithium2,90.834028
P256_HQC_128,P256_Dilithium2,98.562772
P256_HQC_128,P256_Dilithium2,92.771753
P256_HQC_128,P256_Dilithium2,92.007201
P256_HQC_128,P256_Dilithium2,97.033649
P256_HQC_128,P256_Dilithium2,92.158779
P256_HQC_128,P256_Dilithium2,89.6749
P256_HQC_128,P256_Dilithium2,89.905174
P256_HQC_128,P256_Dilithium2,89.155789
P256_HQC_128,P256_Dilithium2,93.41153
P256_HQC_128,P256_Dilithium2,85.48719
P256_HQC_128,P256_Dilithium2,90.071195
P256_HQC_128,P256_Dilithium2,88.9982
P256_HQC_128,P256_Dilithium2,88.753038
P256_HQC_128,P256_Dilithium2,90.679185
P256_HQC_128,P256_Dilithium2,89.149294
P256_HQC_128,P256_Dilithium2,95.172367
P256_HQC_128,P256_Dilithium2,95.244547
P256_HQC_128,P256_Dilithium2,94.410317
P256_HQC_128,P256_Dilithium2,93.617479
P256_HQC_128,P256_Dilithium2,89.856591
P256_HQC_128,P256_Dilithium2,89.183916
P256_HQC_128,P256_Dilithium2,93.907291
P256_HQC_128,P256_Dilithium2,95.956531
P256_HQC_128,P256_Dilithium2,91.020932
P256_HQC_128,P256_Dilithium2,90.57335
P256_HQC_128,P256_Dilithium2,95.989498
P256_HQC_128,P256_Dilithium2,92.044444
P256_HQC_128,P256_Dilithium2,90.316183
P256_HQC_128,P256_Dilithium2,98.252383
P256_HQC_128,P256_Dilithium2,95.092966
P256_HQC_128,P256_Dilithium2,97.097561
P256_HQC_128,P256_Dilithium2,98.004787
P256_HQC_128,P256_Dilithium2,94.499815
P256_HQC_128,P256_Dilithium2,93.857176
P256_HQC_128,P256_Dilithium2,93.30255
P256_HQC_128,P256_Dilithium2,88.302288
P256_HQC_128,P256_Dilithium2,93.814077
P256_HQC_128,P256_Dilithium2,88.008669
P256_HQC_128,P256_Dilithium2,92.597693
P256_HQC_128,P256_Dilithium2,89.189075
P256_HQC_128,P256_Dilithium2,93.20925
P256_HQC_128,P256_Dilithium2,87.362999
P256_HQC_128,P256_Dilithium2,95.364559
P256_HQC_128,P256_Dilithium2,97.288846
P256_HQC_128,P256_Dilithium2,90.616881
P256_HQC_128,P256_Dilithium2,95.78915
P256_HQC_128,P256_Dilithium2,92.134884
P256_HQC_128,P256_Dilithium2,93.308764
P256_HQC_128,P256_Dilithium2,93.505812
P256_HQC_128,P256_Dilithium2,89.857297
P256_HQC_128,P256_Dilithium2,87.38641
P256_HQC_128,P256_Dilithium2,93.589028
P256_HQC_128,P256_Dilithium2,96.110091
P256_HQC_128,P256_Dilithium2,91.626052
P256_HQC_128,P256_Dilithium2,89.463936
P256_HQC_128,P256_Dilithium2,89.730249
P256_HQC_128,P256_Dilithium2,94.852791
P256_HQC_128,P256_Dilithium2,92.503589
P256_HQC_128,P256_Dilithium2,92.989606
P256_HQC_128,P256_Dilithium2,87.021829
P256_HQC_128,P256_Dilithium2,92.905205
P256_HQC_128,P256_Dilithium2,94.458325
P256_HQC_128,P256_Dilithium2,95.21721
P256_HQC_128,P256_Dilithium2,99.3986
P256_HQC_128,P256_Dilithium2,100.786558
P256_HQC_128,P256_Dilithium2,89.020337
P256_HQC_128,P256_Dilithium2,89.811321
P256_HQC_128,P256_Dilithium2,88.252836
P256_HQC_128,P256_Dilithium2,89.711759
P256_HQC_128,P256_Dilithium2,91.577903
P256_HQC_128,P256_Dilithium2,92.653125
P256_HQC_128,P256_Dilithium2,93.527495
P256_HQC_128,P256_Dilithium2,94.047515
P256_HQC_128,P256_Dilithium2,88.503497
P256_HQC_128,P256_Dilithium2,92.78957
P256_HQC_128,P256_Dilithium2,94.250661
P256_HQC_128,P256_Dilithium2,91.094221
P256_HQC_128,P256_Dilithium2,96.931848
P256_HQC_128,P256_Dilithium2,89.657039
P256_HQC_128,P256_Dilithium2,91.477304
P256_HQC_128,P256_Dilithium2,92.402759
P256_HQC_128,P256_Dilithium2,88.992835
P256_HQC_128,P256_Dilithium2,91.22506
P256_HQC_128,P256_Dilithium2,88.594237
P256_HQC_128,P256_Dilithium2,94.715679
P256_HQC_128,P256_Dilithium2,88.624514
P256_HQC_128,P256_Dilithium2,87.611836
P256_HQC_128,P256_Dilithium2,86.418516
P256_HQC_128,P256_Dilithium2,91.105084
P256_HQC_128,P256_Dilithium2,88.822898
P256_HQC_128,P256_Dilithium2,98.457291
P256_HQC_128,P256_Dilithium2,92.370886
P256_HQC_128,P256_Dilithium2,96.727281
P256_HQC_128,P256_Dilithium2,89.99923
P256_HQC_128,P256_Dilithium2,98.276199
P256_HQC_128,P256_Dilithium2,95.438778
P256_HQC_128,P256_Dilithium2,87.52362
P256_HQC_128,P256_Dilithium2,98.894318
P256_HQC_128,P256_Dilithium2,99.67209
P256_HQC_128,P256_Dilithium2,94.758532
P256_HQC_128,P256_Dilithium2,91.359182
P256_HQC_128,P256_Dilithium2,89.093448
P256_HQC_128,P256_Dilithium2,90.061656
P256_HQC_128,P256_Dilithium2,99.700172
P256_HQC_128,P256_Dilithium2,93.275898
P256_HQC_128,P256_Dilithium2,93.344543
P256_HQC_128,P256_Dilithium2,94.01778
P256_HQC_128,P256_Dilithium2,94.831001
P256_HQC_128,P256_Dilithium2,95.384415
P256_HQC_128,P256_Dilithium2,91.06326
P256_HQC_128,P256_Dilithium2,89.966174
P256_HQC_128,P256_Dilithium2,92.036906
P256_HQC_128,P256_Dilithium2,94.761481
P256_HQC_128,P256_Dilithium2,97.723617
P256_HQC_128,P256_Dilithium2,92.803385
P256_HQC_128,P256_Dilithium2,92.888494
P256_HQC_128,P256_Dilithium2,85.907686
P256_HQC_128,P256_Dilithium2,86.086576
P256_HQC_128,P256_Dilithium2,98.731715
P256_HQC_128,P256_Dilithium2,91.412525
P256_HQC_128,P256_Dilithium2,90.409878
P256_HQC_128,P256_Dilithium2,92.665377
P256_HQC_128,P256_Dilithium2,95.824317
P256_HQC_128,P256_Dilithium2,94.731578
P256_HQC_128,P256_Dilithium2,88.578312
P256_HQC_128,P256_Dilithium2,90.981715
P256_HQC_128,P256_Dilithium2,91.378817
P256_HQC_128,P256_Dilithium2,92.270799
P256_HQC_128,P256_Dilithium2,93.319961
P256_HQC_128,P256_Dilithium2,97.127424
P256_HQC_128,P256_Dilithium2,91.523875
P256_HQC_128,P256_Dilithium2,98.045115
P256_HQC_128,P256_Dilithium2,95.659952
P256_HQC_128,P256_Dilithium2,95.345453
P256_HQC_128,P256_Dilithium2,90.204468
P256_HQC_128,P256_Dilithium2,88.101715
P256_HQC_128,P256_Dilithium2,93.345329
P256_HQC_128,P256_Dilithium2,90.36178
P256_HQC_128,P256_Dilithium2,92.622256
P256_HQC_128,P256_Dilithium2,87.493535
P256_HQC_128,P256_Dilithium2,89.112046
P256_HQC_128,P256_Dilithium2,94.164786
P256_HQC_128,P256_Dilithium2,98.133362
P256_HQC_128,P256_Dilithium2,89.465049
P256_HQC_128,P256_Dilithium2,90.376777
P256_HQC_128,P256_Dilithium2,94.645167
P256_HQC_128,P256_Dilithium2,90.481402
P256_HQC_128,P256_Dilithium2,91.793439
P256_HQC_128,P256_Dilithium2,87.088357
P256_HQC_128,P256_Dilithium2,91.195101
P256_HQC_128,P256_Dilithium2,91.098547
P256_HQC_128,P256_Dilithium2,93.549213
P256_HQC_128,P256_Dilithium2,98.837363
P256_HQC_128,P256_Dilithium2,90.842496
P256_HQC_128,P256_Dilithium2,93.670161
P256_HQC_128,P256_Dilithium2,88.504056
P256_HQC_128,P256_Dilithium2,91.564605
P256_HQC_128,P256_Dilithium2,92.867522
P256_HQC_128,P256_Dilithium2,88.548099
P256_HQC_128,P256_Dilithium2,90.811237
P256_HQC_128,P256_Dilithium2,92.698368
P256_HQC_128,P256_Dilithium2,88.706113
P256_HQC_128,P256_Dilithium2,90.037159
P256_HQC_128,P256_Dilithium2,91.302327
P256_HQC_128,P256_Dilithium2,91.314153
P256_HQC_128,P256_Dilithium2,90.131626
P256_HQC_128,P256_Dilithium2,85.172557
P256_HQC_128,P256_Dilithium2,89.837949
P256_HQC_128,P256_Dilithium2,90.286246
P256_HQC_128,P256_Dilithium2,91.485462
P256_HQC_128,P256_Dilithium2,88.086469
P256_HQC_128,P256_Dilithium2,97.480392
P256_HQC_128,P256_Dilithium2,93.453892
P256_HQC_128,P256_Dilithium2,94.278061
P256_HQC_128,P256_Dilithium2,92.955887
P256_HQC_128,P256_Dilithium2,88.360316
P256_HQC_128,P256_Dilithium2,86.460235
P256_HQC_128,P256_Dilithium2,91.610226
P256_HQC_128,P256_Dilithium2,92.686444
P256_HQC_128,P256_Dilithium2,89.263191
P256_HQC_128,P256_Dilithium2,97.905148
P256_HQC_128,P256_Dilithium2,90.966318
P256_HQC_128,P256_Dilithium2,95.729434
P256_HQC_128,P256_Dilithium2,90.627803
P256_HQC_128,P256_Dilithium2,91.85953
P256_HQC_128,P256_Dilithium2,94.040753
P256_HQC_128,P256_Dilithium2,95.110134
P256_HQC_128,P256_Dilithium2,97.657335
P256_HQC_128,P256_Dilithium2,97.400636
P256_HQC_128,P256_Dilithium2,90.405207
P256_HQC_128,P256_Dilithium2,94.08801
P256_HQC_128,P256_Dilithium2,87.350768
P256_HQC_128,P256_Dilithium2,94.064995
P256_HQC_128,P256_Dilithium2,87.688512
P256_HQC_128,P256_Dilithium2,91.303138
P256_HQC_128,P256_Dilithium2,97.495701
P256_HQC_128,P256_Dilithium2,93.298396
P256_HQC_128,P256_Dilithium2,93.759113
P256_HQC_128,P256_Dilithium2,97.682953
P256_HQC_128,P256_Dilithium2,92.932066
P256_HQC_128,P256_Dilithium2,98.96967
P256_HQC_128,P256_Dilithium2,88.474726
P256_HQC_128,P256_Dilithium2,92.568327
P256_HQC_128,P256_Dilithium2,91.288275
P256_HQC_128,P256_Dilithium2,93.360123
P256_HQC_128,P256_Dilithium2,91.164772
P256_HQC_128,P256_Dilithium2,89.562671
P256_HQC_128,P256_Dilithium2,87.717057
P256_HQC_128,P256_Dilithium2,88.162121
P256_HQC_128,P256_Dilithium2,94.98656
P256_HQC_128,P256_Dilithium2,88.681564
P256_HQC_128,P256_Dilithium2,92.161767
P256_HQC_128,P256_Dilithium2,92.838865
P256_HQC_128,P256_Dilithium2,93.762301
P256_HQC_128,P256_Dilithium2,87.775457
P256_HQC_128,P256_Dilithium2,94.473795
P256_HQC_128,P256_Dilithium2,88.058253
P256_HQC_128,P256_Dilithium2,89.665763
P256_HQC_128,P256_Dilithium2,91.879612
P256_HQC_128,P256_Dilithium2,87.813977
P256_HQC_128,P256_Dilithium2,94.836146
P256_HQC_128,P256_Dilithium2,92.326193
P256_HQC_128,P256_Dilithium2,93.956856
P256_HQC_128,P256_Dilithium2,93.624529
P256_HQC_128,P256_Dilithium2,87.501723
P256_HQC_128,P256_Dilithium2,93.930956
P256_HQC_128,P256_Dilithium2,87.383913
P256_HQC_128,P256_Dilithium2,89.75979
P256_HQC_128,P256_Dilithium2,90.00173
P256_HQC_128,P256_Dilithium2,92.727427
P256_HQC_128,P256_Dilithium2,88.359165
P256_HQC_128,P256_Dilithium2,87.131132
P256_HQC_128,P256_Dilithium2,94.857881
P256_HQC_128,P256_Dilithium2,93.759452
P256_HQC_128,P256_Dilithium2,93.208233
P256_HQC_128,P256_Dilithium2,90.478428
P256_HQC_128,P256_Dilithium2,90.981453
P256_HQC_128,P256_Dilithium2,92.371954
P256_HQC_128,P256_Dilithium2,94.272424
P256_HQC_128,P256_Dilithium2,91.248663
P256_HQC_128,P256_Dilithium2,98.28075
P256_HQC_128,P256_Dilithium2,95.092292
P256_HQC_128,P256_Dilithium2,89.733563
P256_HQC_128,P256_Dilithium2,92.711465
P256_HQC_128,P256_Dilithium2,93.715822
P256_HQC_128,P256_Dilithium2,100.866442
P256_HQC_128,P256_Dilithium2,94.885247
P256_HQC_128,P256_Dilithium2,87.440025
P256_HQC_128,P256_Dilithium2,96.96529
P256_HQC_128,P256_Dilithium2,92.259569
P256_HQC_128,P256_Dilithium2,87.284573
P256_HQC_128,P256_Dilithium2,92.960184
P256_HQC_128,P256_Dilithium2,89.227007
P256_HQC_128,P256_Dilithium2,95.007015
P256_HQC_128,P256_Dilithium2,94.691795
P256_HQC_128,P256_Dilithium2,93.302089
P256_HQC_128,P256_Dilithium2,89.205723
P256_HQC_128,P256_Dilithium2,92.137245
P256_HQC_128,P256_Dilithium2,95.522798
P256_HQC_128,P256_Dilithium2,92.884823
P256_HQC_128,P256_Dilithium2,88.68671
P256_HQC_128,P256_Dilithium2,91.473079
P256_HQC_128,P256_Dilithium2,94.055351
P256_HQC_128,P256_Dilithium2,95.957961
P256_HQC_128,P256_Dilithium2,90.934011
P256_HQC_128,P256_Dilithium2,90.268512
P256_HQC_128,P256_Dilithium2,85.789388
P256_HQC_128,P256_Dilithium2,92.982487
P256_HQC_128,P256_Dilithium2,88.439041
P256_HQC_128,P256_Dilithium2,91.276777
P256_HQC_128,P256_Dilithium2,97.192523
P256_HQC_128,P256_Dilithium2,96.63807
P256_HQC_128,P256_Dilithium2,88.061865
P256_HQC_128,P256_Dilithium2,88.889148
P256_HQC_128,P256_Dilithium2,87.739175
P256_HQC_128,P256_Dilithium2,90.006746
P256_HQC_128,P256_Dilithium2,86.819955
P256_HQC_128,P256_Dilithium2,93.002167
P256_HQC_128,P256_Dilithium2,91.398059
P256_HQC_128,P256_Dilithium2,98.313106
P256_HQC_128,P256_Dilithium2,88.52007
P256_HQC_128,P256_Dilithium2,100.229711
P256_HQC_128,P256_Dilithium2,91.004499
P256_HQC_128,P256_Dilithium2,99.124559
P256_HQC_128,P256_Dilithium2,90.144581
P256_HQC_128,P256_Dilithium2,99.949886
P256_HQC_128,P256_Dilithium2,87.098385
P256_HQC_128,P256_Dilithium2,88.959029
P256_HQC_128,P256_Dilithium2,91.811381
P256_HQC_128,P256_Dilithium2,90.369505
P256_HQC_128,P256_Dilithium2,97.689115
P256_HQC_128,P256_Dilithium2,92.867582
P256_HQC_128,P256_Dilithium2,87.657113
P256_HQC_128,P256_Dilithium2,95.000262
P256_HQC_128,P256_Dilithium2,88.472861
P256_HQC_128,P256_Dilithium2,93.955314
P256_HQC_128,P256_Dilithium2,96.490726
P256_HQC_128,P256_Dilithium2,96.176942
P256_HQC_128,P256_Dilithium2,90.256375
P256_HQC_128,P256_Dilithium2,86.807428
P256_HQC_128,P256_Dilithium2,93.780645
P256_HQC_128,P256_Dilithium2,88.96097
P256_HQC_128,P256_Dilithium2,94.288169
P256_HQC_128,P256_Dilithium2,88.164279
P256_HQC_128,P256_Dilithium2,91.411505
P256_HQC_128,P256_Dilithium2,93.211587
P256_HQC_128,P256_Dilithium2,97.675977
P256_HQC_128,P256_Dilithium2,89.837318
P256_HQC_128,P256_Dilithium2,89.828795
P256_HQC_128,P256_Dilithium2,94.292355
P256_HQC_128,P256_Dilithium2,91.13099
P256_HQC_128,P256_Dilithium2,89.348062
P256_HQC_128,P256_Dilithium2,91.501413
P256_HQC_128,P256_Dilithium2,94.246023
P256_HQC_128,P256_Dilithium2,90.048927
P256_HQC_128,P256_Dilithium2,94.848445
P256_HQC_128,P256_Dilithium2,95.192145
P256_HQC_128,P256_Dilithium2,93.236091
P256_HQC_128,P256_Dilithium2,93.23166
P256_HQC_128,P256_Dilithium2,88.552567
P256_HQC_128,P256_Dilithium2,88.226108
P256_HQC_128,P256_Dilithium2,92.860026
P256_HQC_128,P256_Dilithium2,90.094388
P256_HQC_128,P256_Dilithium2,91.115783
P256_HQC_128,P256_Dilithium2,94.459539
P256_HQC_128,P256_Dilithium2,92.301615
P256_HQC_128,P256_Dilithium2,88.142791
P256_HQC_128,P256_Dilithium2,91.751307
P256_HQC_128,P256_Dilithium2,90.394155
P256_HQC_128,P256_Dilithium2,88.108349
P256_HQC_128,P256_Dilithium2,91.701906
P256_HQC_128,P256_Dilithium2,89.774766
P256_HQC_128,P256_Dilithium2,92.468388
P256_HQC_128,P256_Dilithium2,91.281832
P256_HQC_128,P256_Dilithium2,95.470734
P256_HQC_128,P256_Dilithium2,92.342188
P256_HQC_128,P256_Dilithium2,91.914749
P256_HQC_128,P256_Dilithium2,92.346484
P256_HQC_128,P256_Dilithium2,90.988971
P256_HQC_128,P256_Dilithium2,93.064212
P256_HQC_128,P256_Dilithium2,97.967227
P256_HQC_128,P256_Dilithium2,88.703239
P256_HQC_128,P256_Dilithium2,93.428822
P256_HQC_128,P256_Dilithium2,92.92404
P256_HQC_128,P256_Dilithium2,92.129209
P256_HQC_128,P256_Dilithium2,94.598331
P256_HQC_128,P256_Dilithium2,93.201651
P256_HQC_128,P256_Dilithium2,92.8903
P256_HQC_128,P256_Dilithium2,91.02903
P256_HQC_128,P256_Dilithium2,87.339453
P256_HQC_128,P256_Dilithium2,91.959287
P256_HQC_128,P256_Dilithium2,99.320346
P256_HQC_128,P256_Dilithium2,98.001426
P256_HQC_128,P256_Dilithium2,90.334244
P256_HQC_128,P256_Dilithium2,87.356926
P256_HQC_128,P256_Dilithium2,86.774768
P256_HQC_128,P256_Dilithium2,88.425549
P256_HQC_128,P256_Dilithium2,92.103061
P256_HQC_128,P256_Dilithium2,88.752253
P256_HQC_128,P256_Dilithium2,97.379857
P256_HQC_128,P256_Dilithium2,95.144007
P256_HQC_128,P256_Dilithium2,89.4398
P256_HQC_128,P256_Dilithium2,93.139489
P256_HQC_128,P256_Dilithium2,92.280081
P256_HQC_128,P256_Dilithium2,88.82196
P256_HQC_128,P256_Dilithium2,90.03948
P256_HQC_128,P256_Dilithium2,92.958361
P256_HQC_128,P256_Dilithium2,92.963544
P256_HQC_128,P256_Dilithium2,92.649988
P256_HQC_128,P256_Dilithium2,97.303314
P256_HQC_128,P256_Dilithium2,87.488884
P256_HQC_128,P256_Dilithium2,90.566426
P256_HQC_128,P256_Dilithium2,93.006676
P256_HQC_128,P256_Dilithium2,88.920203
P256_HQC_128,P256_Dilithium2,86.58747
P256_HQC_128,P256_Dilithium2,90.297457
P256_HQC_128,P256_Dilithium2,88.403484
P256_HQC_128,P256_Dilithium2,88.712071
P256_HQC_128,P256_Dilithium2,94.501324
P256_HQC_128,P256_Dilithium2,93.898973
P256_HQC_128,P256_Dilithium2,92.896353
P256_HQC_128,P256_Dilithium2,92.328178
P256_HQC_128,P256_Dilithium2,87.573402
P256_HQC_128,P256_Dilithium2,89.074951
P256_HQC_128,P256_Dilithium2,101.78258
P256_HQC_128,P256_Dilithium2,93.974363
P256_HQC_128,P256_Dilithium2,92.02348
P256_HQC_128,P256_Dilithium2,90.306608
P256_HQC_128,P256_Dilithium2,91.263826
P256_HQC_128,P256_Dilithium2,94.195457
P256_HQC_128,P256_Dilithium2,93.394504
P256_HQC_128,P256_Dilithium2,93.450622
P256_HQC_128,P256_Dilithium2,88.588035
P256_HQC_128,P256_Dilithium2,94.371334
P256_HQC_128,P256_Dilithium2,88.668603
P256_HQC_128,P256_Dilithium2,91.656086
P256_HQC_128,P256_Dilithium2,89.629044
P256_HQC_128,P256_Dilithium2,91.936887
P256_HQC_128,P256_Dilithium2,87.681395
P256_HQC_128,P256_Dilithium2,92.228814
P256_HQC_128,P256_Dilithium2,94.086893
P256_HQC_128,P256_Dilithium2,90.641909
P256_HQC_128,P256_Dilithium2,90.243966
P256_HQC_128,P256_Dilithium2,89.910757
P256_HQC_128,P256_Dilithium2,91.080473
P256_HQC_128,P256_Dilithium2,96.890462
P256_HQC_128,P256_Dilithium2,92.816779
P256_HQC_128,P256_Dilithium2,89.699723
P256_HQC_128,P256_Dilithium2,93.074338
P256_HQC_128,P256_Dilithium2,90.970959
P256_HQC_128,P256_Dilithium2,89.676494
P256_HQC_128,P256_Dilithium2,85.972456
P256_HQC_128,P256_Dilithium2,90.392415
P256_HQC_128,P256_Dilithium2,92.486759
P256_HQC_128,P256_Dilithium2,98.623122
P256_HQC_128,P256_Dilithium2,91.95385
P256_HQC_128,P256_Dilithium2,92.432368
P256_HQC_128,P256_Dilithium2,99.003492
P256_HQC_128,P256_Dilithium2,91.76361
P256_HQC_128,P256_Dilithium2,92.508399
P256_HQC_128,P256_Dilithium2,96.71432
P256_HQC_128,P256_Dilithium2,95.941932
P256_HQC_128,P256_Dilithium2,96.567954
P256_HQC_128,P256_Dilithium2,94.759082
P256_HQC_128,P256_Dilithium2,88.394241
P256_HQC_128,P256_Dilithium2,91.541646
P256_HQC_128,P256_Dilithium2,98.183831
P256_HQC_128,P256_Dilithium2,95.412259
P256_HQC_128,P256_Dilithium2,87.207665
P256_HQC_128,P256_Dilithium2,91.350508
P256_HQC_128,P256_Dilithium2,94.191566
P256_HQC_128,P256_Dilithium2,85.388094
P256_HQC_128,P256_Dilithium2,93.60058
P256_HQC_128,P256_Dilithium2,89.384162
P256_HQC_128,P256_Dilithium2,95.224954
P256_HQC_128,P256_Dilithium2,91.032549
P256_HQC_128,P256_Dilithium2,91.083854
P256_HQC_128,P256_Dilithium2,87.49434
P256_HQC_128,P256_Dilithium2,89.179872
P256_HQC_128,P256_Dilithium2,89.860729
P256_HQC_128,P256_Dilithium2,90.908296
P256_HQC_128,P256_Dilithium2,91.576177
P256_HQC_128,P256_Dilithium2,93.924775
P256_HQC_128,P256_Dilithium2,98.810696
P256_HQC_128,P256_Dilithium2,86.575137
P256_HQC_128,P256_Dilithium2,89.238444
P256_HQC_128,P256_Dilithium2,90.064206
P256_HQC_128,P256_Dilithium2,94.872392
P256_HQC_128,P256_Dilithium2,91.732526
P256_HQC_128,P256_Dilithium2,88.758573
P256_HQC_128,P256_Dilithium2,93.589243
P256_HQC_128,P256_Dilithium2,97.831916
P256_HQC_128,P256_Dilithium2,96.611556
P256_HQC_128,P256_Dilithium2,92.900463
P256_HQC_128,P256_Dilithium2,85.683445
P256_HQC_128,P256_Dilithium2,89.720667
P256_HQC_128,P256_Dilithium2,93.917474
P256_HQC_128,P256_Dilithium2,88.372489
P256_HQC_128,P256_Dilithium2,99.110546
P256_HQC_128,P256_Dilithium2,88.384267
P256_HQC_128,P256_Dilithium2,87.352201
P256_HQC_128,P256_Dilithium2,94.733651
P256_HQC_128,P256_Dilithium2,87.967558
P256_HQC_128,P256_Dilithium2,92.301483
P256_HQC_128,P256_Dilithium2,90.629148
P256_HQC_128,P256_Dilithium2,92.534684
P256_HQC_128,P256_Dilithium2,90.039951
P256_HQC_128,P256_Dilithium2,91.943053
P256_HQC_128,P256_Dilithium2,93.53869
P256_HQC_128,P256_Dilithium2,93.475174
P256_HQC_128,P256_Dilithium2,86.301625
P256_HQC_128,P256_Dilithium2,91.535814
P256_HQC_128,P256_Dilithium2,94.363197
P256_HQC_128,P256_Dilithium2,87.375408
P256_HQC_128,P256_Dilithium2,93.452495
P256_HQC_128,P256_Dilithium2,94.334613
P256_HQC_128,P256_Dilithium2,86.855138
P256_HQC_128,P256_Dilithium2,88.657893
P256_HQC_128,P256_Dilithium2,94.587107
P256_HQC_128,P256_Dilithium2,90.459144
P256_HQC_128,P256_Dilithium2,91.865269
P256_HQC_128,P256_Dilithium2,96.963479
P256_HQC_128,P256_Dilithium2,85.4466
P256_HQC_128,P256_Dilithium2,87.898861
P256_HQC_128,P256_Dilithium2,87.695246
P256_HQC_128,P256_Dilithium2,93.763428
P256_HQC_128,P256_Dilithium2,89.969613
P256_HQC_128,P256_Dilithium2,94.33233
P256_HQC_128,P256_Dilithium2,90.064573
P256_HQC_128,P256_Dilithium2,94.323615
P256_HQC_128,P256_Dilithium2,90.564993
P256_HQC_128,P256_Dilithium2,93.735221
P256_HQC_128,P256_Dilithium2,95.624996
P256_HQC_128,P256_Dilithium2,92.975835
P256_HQC_128,P256_Dilithium2,88.845276
P256_HQC_128,P256_Dilithium2,92.004229
P256_HQC_128,P256_Dilithium2,96.454389
P256_HQC_128,P256_Dilithium2,86.392549
P256_HQC_128,P256_Dilithium2,91.806668
P256_HQC_128,P256_Dilithium2,87.660295
P256_HQC_128,P256_Dilithium2,90.607851
P256_HQC_128,P256_Dilithium2,91.319007
P256_HQC_128,P256_Dilithium2,94.480867
P256_HQC_128,P256_Dilithium2,96.552458
P256_HQC_128,P256_Dilithium2,85.018359
P256_HQC_128,P256_Dilithium2,89.982634
P256_HQC_128,P256_Dilithium2,91.275371
P256_HQC_128,P256_Dilithium2,95.08638
P256_HQC_128,P256_Dilithium2,93.543035
P256_HQC_128,P256_Dilithium2,93.362271
P256_HQC_128,P256_Dilithium2,96.580941
P256_HQC_128,P256_Dilithium2,96.53606
P256_HQC_128,P256_Dilithium2,93.349572
P256_HQC_128,P256_Dilithium2,93.854287
P256_HQC_128,P256_Dilithium2,92.17452
P256_HQC_128,P256_Dilithium2,92.892881
P256_HQC_128,P256_Dilithium2,91.851956
P256_HQC_128,P256_Dilithium2,89.305728
P256_HQC_128,P256_Dilithium2,93.969725
P256_HQC_128,P256_Dilithium2,98.891507
P256_HQC_128,P256_Dilithium2,96.343093
P256_HQC_128,P256_Dilithium2,94.628292
P256_HQC_128,P256_Dilithium2,98.444302
P256_HQC_128,P256_Dilithium2,88.054007
P256_HQC_128,P256_Dilithium2,90.147517
P256_HQC_128,P256_Dilithium2,98.54584
P256_HQC_128,P256_Dilithium2,94.064988
P256_HQC_128,P256_Dilithium2,86.858453
P256_HQC_128,P256_Dilithium2,89.919692
P256_HQC_128,P256_Dilithium2,99.043157
P256_HQC_128,P256_Dilithium2,93.111467
P256_HQC_128,P256_Dilithium2,90.332109
P256_HQC_128,P256_Dilithium2,87.666585
P256_HQC_128,P256_Dilithium2,89.026943
P256_HQC_128,P256_Dilithium2,92.821771
P256_HQC_128,P256_Dilithium2,93.040325
P256_HQC_128,P256_Dilithium2,97.507268
P256_HQC_128,P256_Dilithium2,94.822554
P256_HQC_128,P256_Dilithium2,88.12974
P256_HQC_128,P256_Dilithium2,88.046627
P256_HQC_128,P256_Dilithium2,90.919512
P256_HQC_128,P256_Dilithium2,89.087308
P256_HQC_128,P256_Dilithium2,93.494765
P256_HQC_128,P256_Dilithium2,93.227629
P256_HQC_128,P256_Dilithium2,98.455932
P256_HQC_128,P256_Dilithium2,93.881383
P256_HQC_128,P256_Dilithium2,89.575479
P256_HQC_128,P256_Dilithium2,88.021782
P256_HQC_128,P256_Dilithium2,87.303584
P256_HQC_128,P256_Dilithium2,96.933771
P256_HQC_128,P256_Dilithium2,88.667363
P256_HQC_128,P256_Dilithium2,87.295276
P256_HQC_128,P256_Dilithium2,91.033854
P256_HQC_128,P256_Dilithium2,91.746636
P256_HQC_128,P256_Dilithium2,99.067956
P256_HQC_128,P256_Dilithium2,92.114035
P256_HQC_128,P256_Dilithium2,94.450926
P256_HQC_128,P256_Dilithium2,95.164026
P256_HQC_128,P256_Dilithium2,89.496735
P256_HQC_128,P256_Dilithium2,96.874895
P256_HQC_128,P256_Dilithium2,92.177037
P256_HQC_128,P256_Dilithium2,90.522316
P256_HQC_128,P256_Dilithium2,91.691033
P256_HQC_128,P256_Dilithium2,99.261088
P256_HQC_128,P256_Dilithium2,86.632608
P256_HQC_128,P256_Dilithium2,91.36046
P256_HQC_128,P256_Dilithium2,97.923912
P256_HQC_128,P256_Dilithium2,91.333693
P256_HQC_128,P256_Dilithium2,93.152271
P256_HQC_128,P256_Dilithium2,87.095795
P256_HQC_128,P256_Dilithium2,87.317833
P256_HQC_128,P256_Dilithium2,90.220114
P256_HQC_128,P256_Dilithium2,97.160217
P256_HQC_128,P256_Dilithium2,88.105026
P256_HQC_128,P256_Dilithium2,86.40512
P256_HQC_128,P256_Dilithium2,87.662319
P256_HQC_128,P256_Dilithium2,94.183507
P256_HQC_128,P256_Dilithium2,95.717677
P256_HQC_128,P256_Dilithium2,89.313786
P256_HQC_128,P256_Dilithium2,91.602584
P256_HQC_128,P256_Dilithium2,94.115237
P256_HQC_128,P256_Dilithium2,91.589947
P256_HQC_128,P256_Dilithium2,92.140808
P256_HQC_128,P256_Dilithium2,93.097192
P256_HQC_128,P256_Dilithium2,86.280285
P256_HQC_128,P256_Dilithium2,92.769661
P256_HQC_128,P256_Dilithium2,92.203376
P256_HQC_128,P256_Dilithium2,92.615852
P256_HQC_128,P256_Dilithium2,91.057841
P256_HQC_128,P256_Dilithium2,90.334067
P256_HQC_128,P256_Dilithium2,92.664066
P256_HQC_128,P256_Dilithium2,92.560353
P256_HQC_128,P256_Dilithium2,87.612717
P256_HQC_128,P256_Dilithium2,96.89523
P256_HQC_128,P256_Dilithium2,89.141049
P256_HQC_128,P256_Dilithium2,96.300963
P256_HQC_128,P256_Dilithium2,85.979668
P256_HQC_128,P256_Dilithium2,87.27379
P256_HQC_128,P256_Dilithium2,89.461966
P256_HQC_128,P256_Dilithium2,94.184604
P256_HQC_128,P256_Dilithium2,92.863173
P256_HQC_128,P256_Dilithium2,97.96266
P256_HQC_128,P256_Dilithium2,91.319924
P256_HQC_128,P256_Dilithium2,86.888758
P256_HQC_128,P256_Dilithium2,89.293571
P256_HQC_128,P256_Dilithium2,90.330506
P256_HQC_128,P256_Dilithium2,94.508158
P256_HQC_128,P256_Dilithium2,93.144264
P256_HQC_128,P256_Dilithium2,90.850788
P256_HQC_128,P256_Dilithium2,88.145939
P256_HQC_128,P256_Dilithium2,97.323796
P256_HQC_128,P256_Dilithium2,92.46102
P256_BIKE_L1,P256_Dilithium2,77.565249
P256_BIKE_L1,P256_Dilithium2,77.841346
P256_BIKE_L1,P256_Dilithium2,78.159439
P256_BIKE_L1,P256_Dilithium2,75.184526
P256_BIKE_L1,P256_Dilithium2,75.546046
P256_BIKE_L1,P256_Dilithium2,75.784596
P256_BIKE_L1,P256_Dilithium2,82.9408
P256_BIKE_L1,P256_Dilithium2,81.235273
P256_BIKE_L1,P256_Dilithium2,80.272654
P256_BIKE_L1,P256_Dilithium2,79.95257
P256_BIKE_L1,P256_Dilithium2,82.470245
P256_BIKE_L1,P256_Dilithium2,81.185488
P256_BIKE_L1,P256_Dilithium2,80.06022
P256_BIKE_L1,P256_Dilithium2,79.549351
P256_BIKE_L1,P256_Dilithium2,80.144882
P256_BIKE_L1,P256_Dilithium2,80.986667
P256_BIKE_L1,P256_Dilithium2,75.947799
P256_BIKE_L1,P256_Dilithium2,78.816039
P256_BIKE_L1,P256_Dilithium2,80.471002
P256_BIKE_L1,P256_Dilithium2,73.768198
P256_BIKE_L1,P256_Dilithium2,81.475313
P256_BIKE_L1,P256_Dilithium2,78.336126
P256_BIKE_L1,P256_Dilithium2,75.612677
P256_BIKE_L1,P256_Dilithium2,77.667803
P256_BIKE_L1,P256_Dilithium2,76.153005
P256_BIKE_L1,P256_Dilithium2,81.931419
P256_BIKE_L1,P256_Dilithium2,77.382988
P256_BIKE_L1,P256_Dilithium2,82.011371
P256_BIKE_L1,P256_Dilithium2,81.178185
P256_BIKE_L1,P256_Dilithium2,84.282976
P256_BIKE_L1,P256_Dilithium2,85.806834
P256_BIKE_L1,P256_Dilithium2,78.0579
P256_BIKE_L1,P256_Dilithium2,81.646887
P256_BIKE_L1,P256_Dilithium2,86.729935
P256_BIKE_L1,P256_Dilithium2,76.586524
P256_BIKE_L1,P256_Dilithium2,79.798218
P256_BIKE_L1,P256_Dilithium2,79.191926
P256_BIKE_L1,P256_Dilithium2,79.325989
P256_BIKE_L1,P256_Dilithium2,75.241893
P256_BIKE_L1,P256_Dilithium2,83.122823
P256_BIKE_L1,P256_Dilithium2,81.711063
P256_BIKE_L1,P256_Dilithium2,82.349714
P256_BIKE_L1,P256_Dilithium2,81.970562
P256_BIKE_L1,P256_Dilithium2,77.574514
P256_BIKE_L1,P256_Dilithium2,81.066735
P256_BIKE_L1,P256_Dilithium2,81.507302
P256_BIKE_L1,P256_Dilithium2,75.441284
P256_BIKE_L1,P256_Dilithium2,75.584409
P256_BIKE_L1,P256_Dilithium2,82.95109
P256_BIKE_L1,P256_Dilithium2,78.639427
P256_BIKE_L1,P256_Dilithium2,77.464128
P256_BIKE_L1,P256_Dilithium2,80.51574
P256_BIKE_L1,P256_Dilithium2,78.924445
P256_BIKE_L1,P256_Dilithium2,80.292192
P256_BIKE_L1,P256_Dilithium2,84.417859
P256_BIKE_L1,P256_Dilithium2,79.718501
P256_BIKE_L1,P256_Dilithium2,84.829422
P256_BIKE_L1,P256_Dilithium2,82.045577
P256_BIKE_L1,P256_Dilithium2,76.316522
P256_BIKE_L1,P256_Dilithium2,78.530045
P256_BIKE_L1,P256_Dilithium2,81.447784
P256_BIKE_L1,P256_Dilithium2,76.350223
P256_BIKE_L1,P256_Dilithium2,80.467972
P256_BIKE_L1,P256_Dilithium2,80.456514
P256_BIKE_L1,P256_Dilithium2,77.773729
P256_BIKE_L1,P256_Dilithium2,80.447971
P256_BIKE_L1,P256_Dilithium2,82.245393
P256_BIKE_L1,P256_Dilithium2,76.160897
P256_BIKE_L1,P256_Dilithium2,78.972876
P256_BIKE_L1,P256_Dilithium2,80.408073
P256_BIKE_L1,P256_Dilithium2,75.715808
P256_BIKE_L1,P256_Dilithium2,82.00141
P256_BIKE_L1,P256_Dilithium2,77.432602
P256_BIKE_L1,P256_Dilithium2,79.067359
P256_BIKE_L1,P256_Dilithium2,83.270326
P256_BIKE_L1,P256_Dilithium2,79.947627
P256_BIKE_L1,P256_Dilithium2,77.440336
P256_BIKE_L1,P256_Dilithium2,75.72614
P256_BIKE_L1,P256_Dilithium2,81.066673
P256_BIKE_L1,P256_Dilithium2,75.985904
P256_BIKE_L1,P256_Dilithium2,77.062158
P256_BIKE_L1,P256_Dilithium2,81.664181
P256_BIKE_L1,P256_Dilithium2,83.893946
P256_BIKE_L1,P256_Dilithium2,79.547572
P256_BIKE_L1,P256_Dilithium2,75.869015
P256_BIKE_L1,P256_Dilithium2,80.327821
P256_BIKE_L1,P256_Dilithium2,74.622646
P256_BIKE_L1,P256_Dilithium2,80.112089
P256_BIKE_L1,P256_Dilithium2,82.969842
P256_BIKE_L1,P256_Dilithium2,83.684623
P256_BIKE_L1,P256_Dilithium2,79.568479
P256_BIKE_L1,P256_Dilithium2,76.542762
P256_BIKE_L1,P256_Dilithium2,83.228176
P256_BIKE_L1,P256_Dilithium2,79.935357
P256_BIKE_L1,P256_Dilithium2,82.785733
P256_BIKE_L1,P256_Dilithium2,80.0943
P256_BIKE_L1,P256_Dilithium2,80.001233
P256_BIKE_L1,P256_Dilithium2,79.491208
P256_BIKE_L1,P256_Dilithium2,75.852243
P256_BIKE_L1,P256_Dilithium2,87.221691
P256_BIKE_L1,P256_Dilithium2,82.958623
P256_BIKE_L1,P256_Dilithium2,78.163738
P256_BIKE_L1,P256_Dilithium2,76.298932
P256_BIKE_L1,P256_Dilithium2,85.217269
P256_BIKE_L1,P256_Dilithium2,84.154442
P256_BIKE_L1,P256_Dilithium2,73.990073
P256_BIKE_L1,P256_Dilithium2,84.994082
P256_BIKE_L1,P256_Dilithium2,76.920565
P256_BIKE_L1,P256_Dilithium2,75.336833
P256_BIKE_L1,P256_Dilithium2,80.797845
P256_BIKE_L1,P256_Dilithium2,82.561632
P256_BIKE_L1,P256_Dilithium2,82.437365
P256_BIKE_L1,P256_Dilithium2,77.836589
P256_BIKE_L1,P256_Dilithium2,82.5568
P256_BIKE_L1,P256_Dilithium2,78.862177
P256_BIKE_L1,P256_Dilithium2,87.002331
P256_BIKE_L1,P256_Dilithium2,81.722723
P256_BIKE_L1,P256_Dilithium2,79.987651
P256_BIKE_L1,P256_Dilithium2,78.366345
P256_BIKE_L1,P256_Dilithium2,81.42233
P256_BIKE_L1,P256_Dilithium2,75.73958
P256_BIKE_L1,P256_Dilithium2,78.31467
P256_BIKE_L1,P256_Dilithium2,80.385701
P256_BIKE_L1,P256_Dilithium2,78.643875
P256_BIKE_L1,P256_Dilithium2,79.129029
P256_BIKE_L1,P256_Dilithium2,84.905224
P256_BIKE_L1,P256_Dilithium2,76.596173
P256_BIKE_L1,P256_Dilithium2,77.815589
P256_BIKE_L1,P256_Dilithium2,75.333656
P256_BIKE_L1,P256_Dilithium2,77.488886
P256_BIKE_L1,P256_Dilithium2,76.337828
P256_BIKE_L1,P256_Dilithium2,77.913453
P256_BIKE_L1,P256_Dilithium2,82.100986
P256_BIKE_L1,P256_Dilithium2,81.37172
P256_BIKE_L1,P256_Dilithium2,80.624167
P256_BIKE_L1,P256_Dilithium2,78.73653
P256_BIKE_L1,P256_Dilithium2,81.188623
P256_BIKE_L1,P256_Dilithium2,83.134475
P256_BIKE_L1,P256_Dilithium2,76.802448
P256_BIKE_L1,P256_Dilithium2,77.676015
P256_BIKE_L1,P256_Dilithium2,77.861559
P256_BIKE_L1,P256_Dilithium2,77.278698
P256_BIKE_L1,P256_Dilithium2,78.744441
P256_BIKE_L1,P256_Dilithium2,81.52866
P256_BIKE_L1,P256_Dilithium2,79.777844
P256_BIKE_L1,P256_Dilithium2,76.792852
P256_BIKE_L1,P256_Dilithium2,84.955032
P256_BIKE_L1,P256_Dilithium2,77.090089
P256_BIKE_L1,P256_Dilithium2,81.338804
P256_BIKE_L1,P256_Dilithium2,78.14141
P256_BIKE_L1,P256_Dilithium2,83.717151
P256_BIKE_L1,P256_Dilithium2,82.866249
P256_BIKE_L1,P256_Dilithium2,80.901087
P256_BIKE_L1,P256_Dilithium2,81.431598
P256_BIKE_L1,P256_Dilithium2,79.044398
P256_BIKE_L1,P256_Dilithium2,81.222257
P256_BIKE_L1,P256_Dilithium2,77.177999
P256_BIKE_L1,P256_Dilithium2,73.718517
P256_BIKE_L1,P256_Dilithium2,73.943265
P256_BIKE_L1,P256_Dilithium2,75.717764
P256_BIKE_L1,P256_Dilithium2,79.068615
P256_BIKE_L1,P256_Dilithium2,81.561588
P256_BIKE_L1,P256_Dilithium2,77.228548
P256_BIKE_L1,P256_Dilithium2,74.65492
P256_BIKE_L1,P256_Dilithium2,84.009836
P256_BIKE_L1,P256_Dilithium2,87.386201
P256_BIKE_L1,P256_Dilithium2,80.324168
P256_BIKE_L1,P256_Dilithium2,78.669029
P256_BIKE_L1,P256_Dilithium2,81.17726
P256_BIKE_L1,P256_Dilithium2,80.524784
P256_BIKE_L1,P256_Dilithium2,81.781457
P256_BIKE_L1,P256_Dilithium2,82.720369
P256_BIKE_L1,P256_Dilithium2,79.179071
P256_BIKE_L1,P256_Dilithium2,82.886261
P256_BIKE_L1,P256_Dilithium2,82.083491
P256_BIKE_L1,P256_Dilithium2,76.957588
P256_BIKE_L1,P256_Dilithium2,77.898055
P256_BIKE_L1,P256_Dilithium2,77.452424
P256_BIKE_L1,P256_Dilithium2,80.367899
P256_BIKE_L1,P256_Dilithium2,80.626504
P256_BIKE_L1,P256_Dilithium2,77.026973
P256_BIKE_L1,P256_Dilithium2,77.415395
P256_BIKE_L1,P256_Dilithium2,78.872142
P256_BIKE_L1,P256_Dilithium2,84.617448
P256_BIKE_L1,P256_Dilithium2,81.302164
P256_BIKE_L1,P256_Dilithium2,78.660847
P256_BIKE_L1,P256_Dilithium2,76.731601
P256_BIKE_L1,P256_Dilithium2,77.722282
P256_BIKE_L1,P256_Dilithium2,83.754678
P256_BIKE_L1,P256_Dilithium2,79.137374
P256_BIKE_L1,P256_Dilithium2,83.148171
P256_BIKE_L1,P256_Dilithium2,79.520462
P256_BIKE_L1,P256_Dilithium2,83.886143
P256_BIKE_L1,P256_Dilithium2,78.31523
P256_BIKE_L1,P256_Dilithium2,75.998477
P256_BIKE_L1,P256_Dilithium2,82.674609
P256_BIKE_L1,P256_Dilithium2,82.756253
P256_BIKE_L1,P256_Dilithium2,76.79263
P256_BIKE_L1,P256_Dilithium2,82.875232
P256_BIKE_L1,P256_Dilithium2,77.282868
P256_BIKE_L1,P256_Dilithium2,85.316788
P256_BIKE_L1,P256_Dilithium2,80.328443
P256_BIKE_L1,P256_Dilithium2,74.73786
P256_BIKE_L1,P256_Dilithium2,79.540326
P256_BIKE_L1,P256_Dilithium2,78.779233
P256_BIKE_L1,P256_Dilithium2,73.492025
P256_BIKE_L1,P256_Dilithium2,77.992905
P256_BIKE_L1,P256_Dilithium2,79.326681
P256_BIKE_L1,P256_Dilithium2,75.104408
P256_BIKE_L1,P256_Dilithium2,80.813317
P256_BIKE_L1,P256_Dilithium2,78.99994
P256_BIKE_L1,P256_Dilithium2,83.143395
P256_BIKE_L1,P256_Dilithium2,82.206041
P256_BIKE_L1,P256_Dilithium2,86.455358
P256_BIKE_L1,P256_Dilithium2,78.86864
P256_BIKE_L1,P256_Dilithium2,83.994423
P256_BIKE_L1,P256_Dilithium2,80.124303
P256_BIKE_L1,P256_Dilithium2,77.28466
P256_BIKE_L1,P256_Dilithium2,75.772257
P256_BIKE_L1,P256_Dilithium2,82.030603
P256_BIKE_L1,P256_Dilithium2,85.642308
P256_BIKE_L1,P256_Dilithium2,81.622867
P256_BIKE_L1,P256_Dilithium2,76.872215
P256_BIKE_L1,P256_Dilithium2,85.567969
P256_BIKE_L1,P256_Dilithium2,83.153217
P256_BIKE_L1,P256_Dilithium2,80.671957
P256_BIKE_L1,P256_Dilithium2,79.868756
P256_BIKE_L1,P256_Dilithium2,80.152075
P256_BIKE_L1,P256_Dilithium2,80.75848
P256_BIKE_L1,P256_Dilithium2,79.430102
P256_BIKE_L1,P256_Dilithium2,81.751295
P256_BIKE_L1,P256_Dilithium2,77.687169
P256_BIKE_L1,P256_Dilithium2,86.652405
P256_BIKE_L1,P256_Dilithium2,77.155953
P256_BIKE_L1,P256_Dilithium2,78.240353
P256_BIKE_L1,P256_Dilithium2,83.178487
P256_BIKE_L1,P256_Dilithium2,80.270967
P256_BIKE_L1,P256_Dilithium2,85.01649
P256_BIKE_L1,P256_Dilithium2,79.733297
P256_BIKE_L1,P256_Dilithium2,81.563175
P256_BIKE_L1,P256_Dilithium2,75.469787
P256_BIKE_L1,P256_Dilithium2,76.325024
P256_BIKE_L1,P256_Dilithium2,80.253456
P256_BIKE_L1,P256_Dilithium2,84.389796
P256_BIKE_L1,P256_Dilithium2,84.063894
P256_BIKE_L1,P256_Dilithium2,84.029212
P256_BIKE_L1,P256_Dilithium2,76.140578
P256_BIKE_L1,P256_Dilithium2,73.657271
P256_BIKE_L1,P256_Dilithium2,77.076512
P256_BIKE_L1,P256_Dilithium2,79.154566
P256_BIKE_L1,P256_Dilithium2,77.78253
P256_BIKE_L1,P256_Dilithium2,73.990435
P256_BIKE_L1,P256_Dilithium2,79.827977
P256_BIKE_L1,P256_Dilithium2,78.190907
P256_BIKE_L1,P256_Dilithium2,78.221225
P256_BIKE_L1,P256_Dilithium2,86.198874
P256_BIKE_L1,P256_Dilithium2,85.622342
P256_BIKE_L1,P256_Dilithium2,84.669543
P256_BIKE_L1,P256_Dilithium2,80.362569
P256_BIKE_L1,P256_Dilithium2,76.71034
P256_BIKE_L1,P256_Dilithium2,78.453949
P256_BIKE_L1,P256_Dilithium2,80.190776
P256_BIKE_L1,P256_Dilithium2,74.999863
P256_BIKE_L1,P256_Dilithium2,75.627322
P256_BIKE_L1,P256_Dilithium2,77.352941
P256_BIKE_L1,P256_Dilithium2,81.605361
P256_BIKE_L1,P256_Dilithium2,74.929759
P256_BIKE_L1,P256_Dilithium2,81.585331
P256_BIKE_L1,P256_Dilithium2,75.927818
P256_BIKE_L1,P256_Dilithium2,77.228572
P256_BIKE_L1,P256_Dilithium2,87.369859
P256_BIKE_L1,P256_Dilithium2,83.427589
P256_BIKE_L1,P256_Dilithium2,81.774539
P256_BIKE_L1,P256_Dilithium2,77.460924
P256_BIKE_L1,P256_Dilithium2,84.03231
P256_BIKE_L1,P256_Dilithium2,85.014539
P256_BIKE_L1,P256_Dilithium2,78.109809
P256_BIKE_L1,P256_Dilithium2,75.499594
P256_BIKE_L1,P256_Dilithium2,81.749829
P256_BIKE_L1,P256_Dilithium2,83.166747
P256_BIKE_L1,P256_Dilithium2,78.740346
P256_BIKE_L1,P256_Dilithium2,83.256358
P256_BIKE_L1,P256_Dilithium2,75.556789
P256_BIKE_L1,P256_Dilithium2,75.999364
P256_BIKE_L1,P256_Dilithium2,76.020832
P256_BIKE_L1,P256_Dilithium2,81.934944
P256_BIKE_L1,P256_Dilithium2,86.097478
P256_BIKE_L1,P256_Dilithium2,76.10545
P256_BIKE_L1,P256_Dilithium2,73.594958
P256_BIKE_L1,P256_Dilithium2,80.61231
P256_BIKE_L1,P256_Dilithium2,77.449569
P256_BIKE_L1,P256_Dilithium2,79.688375
P256_BIKE_L1,P256_Dilithium2,81.734147
P256_BIKE_L1,P256_Dilithium2,77.191834
P256_BIKE_L1,P256_Dilithium2,76.377367
P256_BIKE_L1,P256_Dilithium2,84.421006
P256_BIKE_L1,P256_Dilithium2,79.731561
P256_BIKE_L1,P256_Dilithium2,78.302739
P256_BIKE_L1,P256_Dilithium2,79.389763
P256_BIKE_L1,P256_Dilithium2,78.820663
P256_BIKE_L1,P256_Dilithium2,82.296788
P256_BIKE_L1,P256_Dilithium2,84.562718
P256_BIKE_L1,P256_Dilithium2,81.03464
P256_BIKE_L1,P256_Dilithium2,83.080416
P256_BIKE_L1,P256_Dilithium2,80.32128
P256_BIKE_L1,P256_Dilithium2,76.69015
P256_BIKE_L1,P256_Dilithium2,79.470874
P256_BIKE_L1,P256_Dilithium2,81.326995
P256_BIKE_L1,P256_Dilithium2,81.257178
P256_BIKE_L1,P256_Dilithium2,74.020007
P256_BIKE_L1,P256_Dilithium2,76.669587
P256_BIKE_L1,P256_Dilithium2,81.741659
P256_BIKE_L1,P256_Dilithium2,79.961455
P256_BIKE_L1,P256_Dilithium2,80.32065
P256_BIKE_L1,P256_Dilithium2,83.152647
P256_BIKE_L1,P256_Dilithium2,74.304917
P256_BIKE_L1,P256_Dilithium2,80.726154
P256_BIKE_L1,P256_Dilithium2,78.395746
P256_BIKE_L1,P256_Dilithium2,82.936559
P256_BIKE_L1,P256_Dilithium2,75.227254
P256_BIKE_L1,P256_Dilithium2,79.714712
P256_BIKE_L1,P256_Dilithium2,78.527917
P256_BIKE_L1,P256_Dilithium2,75.00664
P256_BIKE_L1,P256_Dilithium2,79.835932
P256_BIKE_L1,P256_Dilithium2,81.155888
P256_BIKE_L1,P256_Dilithium2,86.454639
P256_BIKE_L1,P256_Dilithium2,76.939622
P256_BIKE_L1,P256_Dilithium2,74.217363
P256_BIKE_L1,P256_Dilithium2,80.010665
P256_BIKE_L1,P256_Dilithium2,82.541907
P256_BIKE_L1,P256_Dilithium2,76.155631
P256_BIKE_L1,P256_Dilithium2,81.456029
P256_BIKE_L1,P256_Dilithium2,81.36618
P256_BIKE_L1,P256_Dilithium2,83.621535
P256_BIKE_L1,P256_Dilithium2,84.500534
P256_BIKE_L1,P256_Dilithium2,75.760363
P256_BIKE_L1,P256_Dilithium2,77.30261
P256_BIKE_L1,P256_Dilithium2,85.492775
P256_BIKE_L1,P256_Dilithium2,83.277098
P256_BIKE_L1,P256_Dilithium2,76.979974
P256_BIKE_L1,P256_Dilithium2,79.751878
P256_BIKE_L1,P256_Dilithium2,80.181939
P256_BIKE_L1,P256_Dilithium2,76.084756
P256_BIKE_L1,P256_Dilithium2,87.125513
P256_BIKE_L1,P256_Dilithium2,79.417658
P256_BIKE_L1,P256_Dilithium2,75.268919
P256_BIKE_L1,P256_Dilithium2,83.708965
P256_BIKE_L1,P256_Dilithium2,81.419719
P256_BIKE_L1,P256_Dilithium2,86.76682
P256_BIKE_L1,P256_Dilithium2,81.5966
P256_BIKE_L1,P256_Dilithium2,80.20691
P256_BIKE_L1,P256_Dilithium2,78.722481
P256_BIKE_L1,P256_Dilithium2,76.227462
P256_BIKE_L1,P256_Dilithium2,76.072366
P256_BIKE_L1,P256_Dilithium2,82.443715
P256_BIKE_L1,P256_Dilithium2,77.680943
P256_BIKE_L1,P256_Dilithium2,79.118436
P256_BIKE_L1,P256_Dilithium2,76.406924
P256_BIKE_L1,P256_Dilithium2,82.437917
P256_BIKE_L1,P256_Dilithium2,79.133688
P256_BIKE_L1,P256_Dilithium2,78.048463
P256_BIKE_L1,P256_Dilithium2,78.376122
P256_BIKE_L1,P256_Dilithium2,75.295749
P256_BIKE_L1,P256_Dilithium2,82.59822
P256_BIKE_L1,P256_Dilithium2,81.071041
P256_BIKE_L1,P256_Dilithium2,84.648721
P256_BIKE_L1,P256_Dilithium2,85.336658
P256_BIKE_L1,P256_Dilithium2,78.079562
P256_BIKE_L1,P256_Dilithium2,84.385351
P256_BIKE_L1,P256_Dilithium2,80.071244
P256_BIKE_L1,P256_Dilithium2,81.687831
P256_BIKE_L1,P256_Dilithium2,81.041683
P256_BIKE_L1,P256_Dilithium2,77.12601
P256_BIKE_L1,P256_Dilithium2,83.902105
P256_BIKE_L1,P256_Dilithium2,80.938655
P256_BIKE_L1,P256_Dilithium2,80.019085
P256_BIKE_L1,P256_Dilithium2,81.845323
P256_BIKE_L1,P256_Dilithium2,77.199726
P256_BIKE_L1,P256_Dilithium2,81.628439
P256_BIKE_L1,P256_Dilithium2,81.436707
P256_BIKE_L1,P256_Dilithium2,77.392809
P256_BIKE_L1,P256_Dilithium2,79.910324
P256_BIKE_L1,P256_Dilithium2,79.856768
P256_BIKE_L1,P256_Dilithium2,87.403762
P256_BIKE_L1,P256_Dilithium2,85.033317
P256_BIKE_L1,P256_Dilithium2,78.413257
P256_BIKE_L1,P256_Dilithium2,80.693549
P256_BIKE_L1,P256_Dilithium2,81.616101
P256_BIKE_L1,P256_Dilithium2,80.255772
P256_BIKE_L1,P256_Dilithium2,80.580339
P256_BIKE_L1,P256_Dilithium2,76.726433
P256_BIKE_L1,P256_Dilithium2,83.572622
P256_BIKE_L1,P256_Dilithium2,77.903189
P256_BIKE_L1,P256_Dilithium2,77.154284
P256_BIKE_L1,P256_Dilithium2,74.695983
P256_BIKE_L1,P256_Dilithium2,75.776727
P256_BIKE_L1,P256_Dilithium2,77.501336
P256_BIKE_L1,P256_Dilithium2,75.10947
P256_BIKE_L1,P256_Dilithium2,77.045969
P256_BIKE_L1,P256_Dilithium2,80.654453
P256_BIKE_L1,P256_Dilithium2,83.242739
P256_BIKE_L1,P256_Dilithium2,78.518628
P256_BIKE_L1,P256_Dilithium2,81.41179
P256_BIKE_L1,P256_Dilithium2,75.133722
P256_BIKE_L1,P256_Dilithium2,83.028531
P256_BIKE_L1,P256_Dilithium2,83.164552
P256_BIKE_L1,P256_Dilithium2,81.689396
P256_BIKE_L1,P256_Dilithium2,84.293354
P256_BIKE_L1,P256_Dilithium2,75.171883
P256_BIKE_L1,P256_Dilithium2,78.559814
P256_BIKE_L1,P256_Dilithium2,80.775118
P256_BIKE_L1,P256_Dilithium2,80.061929
P256_BIKE_L1,P256_Dilithium2,81.832175
P256_BIKE_L1,P256_Dilithium2,79.3045
P256_BIKE_L1,P256_Dilithium2,78.703942
P256_BIKE_L1,P256_Dilithium2,86.091321
P256_BIKE_L1,P256_Dilithium2,82.319967
P256_BIKE_L1,P256_Dilithium2,81.80269
P256_BIKE_L1,P256_Dilithium2,79.492914
P256_BIKE_L1,P256_Dilithium2,86.99739
P256_BIKE_L1,P256_Dilithium2,79.822182
P256_BIKE_L1,P256_Dilithium2,79.696781
P256_BIKE_L1,P256_Dilithium2,84.785742
P256_BIKE_L1,P256_Dilithium2,76.22239
P256_BIKE_L1,P256_Dilithium2,81.821149
P256_BIKE_L1,P256_Dilithium2,79.586482
P256_BIKE_L1,P256_Dilithium2,79.628454
P256_BIKE_L1,P256_Dilithium2,81.146779
P256_BIKE_L1,P256_Dilithium2,80.818283
P256_BIKE_L1,P256_Dilithium2,75.372854
P256_BIKE_L1,P256_Dilithium2,77.335609
P256_BIKE_L1,P256_Dilithium2,76.679347
P256_BIKE_L1,P256_Dilithium2,83.454436
P256_BIKE_L1,P256_Dilithium2,79.600076
P256_BIKE_L1,P256_Dilithium2,77.00152
P256_BIKE_L1,P256_Dilithium2,76.094745
P256_BIKE_L1,P256_Dilithium2,74.681054
P256_BIKE_L1,P256_Dilithium2,74.919784
P256_BIKE_L1,P256_Dilithium2,75.847503
P256_BIKE_L1,P256_Dilithium2,73.683838
P256_BIKE_L1,P256_Dilithium2,80.871223
P256_BIKE_L1,P256_Dilithium2,80.530121
P256_BIKE_L1,P256_Dilithium2,77.012755
P256_BIKE_L1,P256_Dilithium2,78.001399
P256_BIKE_L1,P256_Dilithium2,80.534659
P256_BIKE_L1,P256_Dilithium2,81.756981
P256_BIKE_L1,P256_Dilithium2,86.955973
P256_BIKE_L1,P256_Dilithium2,83.159818
P256_BIKE_L1,P256_Dilithium2,78.351434
P256_BIKE_L1,P256_Dilithium2,73.489635
P256_BIKE_L1,P256_Dilithium2,74.440979
P256_BIKE_L1,P256_Dilithium2,76.692704
P256_BIKE_L1,P256_Dilithium2,84.46236
P256_BIKE_L1,P256_Dilithium2,81.033394
P256_BIKE_L1,P256_Dilithium2,75.832074
P256_BIKE_L1,P256_Dilithium2,76.08367
P256_BIKE_L1,P256_Dilithium2,81.73078
P256_BIKE_L1,P256_Dilithium2,86.721981
P256_BIKE_L1,P256_Dilithium2,77.099475
P256_BIKE_L1,P256_Dilithium2,76.809904
P256_BIKE_L1,P256_Dilithium2,77.960357
P256_BIKE_L1,P256_Dilithium2,81.785334
P256_BIKE_L1,P256_Dilithium2,83.566369
P256_BIKE_L1,P256_Dilithium2,85.367901
P256_BIKE_L1,P256_Dilithium2,86.05036
P256_BIKE_L1,P256_Dilithium2,81.937319
P256_BIKE_L1,P256_Dilithium2,78.356303
P256_BIKE_L1,P256_Dilithium2,81.308331
P256_BIKE_L1,P256_Dilithium2,86.581962
P256_BIKE_L1,P256_Dilithium2,85.112851
P256_BIKE_L1,P256_Dilithium2,80.960077
P256_BIKE_L1,P256_Dilithium2,82.702278
P256_BIKE_L1,P256_Dilithium2,79.332395
P256_BIKE_L1,P256_Dilithium2,78.405572
P256_BIKE_L1,P256_Dilithium2,76.065119
P256_BIKE_L1,P256_Dilithium2,81.278943
P256_BIKE_L1,P256_Dilithium2,82.592215
P256_BIKE_L1,P256_Dilithium2,78.879852
P256_BIKE_L1,P256_Dilithium2,80.325994
P256_BIKE_L1,P256_Dilithium2,78.234544
P256_BIKE_L1,P256_Dilithium2,88.393256
P256_BIKE_L1,P256_Dilithium2,87.50348
P256_BIKE_L1,P256_Dilithium2,77.5683
P256_BIKE_L1,P256_Dilithium2,86.582646
P256_BIKE_L1,P256_Dilithium2,80.495428
P256_BIKE_L1,P256_Dilithium2,77.67154
P256_BIKE_L1,P256_Dilithium2,83.23516
P256_BIKE_L1,P256_Dilithium2,76.605832
P256_BIKE_L1,P256_Dilithium2,78.701436
P256_BIKE_L1,P256_Dilithium2,82.744258
P256_BIKE_L1,P256_Dilithium2,79.640778
P256_BIKE_L1,P256_Dilithium2,80.782959
P256_BIKE_L1,P256_Dilithium2,83.399302
P256_BIKE_L1,P256_Dilithium2,81.36359
P256_BIKE_L1,P256_Dilithium2,76.403823
P256_BIKE_L1,P256_Dilithium2,82.387522
P256_BIKE_L1,P256_Dilithium2,76.622068
P256_BIKE_L1,P256_Dilithium2,78.805467
P256_BIKE_L1,P256_Dilithium2,78.691738
P256_BIKE_L1,P256_Dilithium2,82.171481
P256_BIKE_L1,P256_Dilithium2,83.80275
P256_BIKE_L1,P256_Dilithium2,80.897477
P256_BIKE_L1,P256_Dilithium2,79.636378
P256_BIKE_L1,P256_Dilithium2,82.686908
P256_BIKE_L1,P256_Dilithium2,75.050962
P256_BIKE_L1,P256_Dilithium2,80.837229
P256_BIKE_L1,P256_Dilithium2,85.585783
P256_BIKE_L1,P256_Dilithium2,79.282226
P256_BIKE_L1,P256_Dilithium2,80.268252
P256_BIKE_L1,P256_Dilithium2,81.689944
P256_BIKE_L1,P256_Dilithium2,76.93737
P256_BIKE_L1,P256_Dilithium2,77.304986
P256_BIKE_L1,P256_Dilithium2,81.915988
P256_BIKE_L1,P256_Dilithium2,83.444623
P256_BIKE_L1,P256_Dilithium2,81.962394
P256_BIKE_L1,P256_Dilithium2,74.864266
P256_BIKE_L1,P256_Dilithium2,80.663816
P256_BIKE_L1,P256_Dilithium2,80.411213
P256_BIKE_L1,P256_Dilithium2,79.217738
P256_BIKE_L1,P256_Dilithium2,80.928469
P256_BIKE_L1,P256_Dilithium2,79.561418
P256_BIKE_L1,P256_Dilithium2,86.413176
P256_BIKE_L1,P256_Dilithium2,76.331758
P256_BIKE_L1,P256_Dilithium2,81.373707
P256_BIKE_L1,P256_Dilithium2,82.107423
P256_BIKE_L1,P256_Dilithium2,80.810961
P256_BIKE_L1,P256_Dilithium2,77.657443
P256_BIKE_L1,P256_Dilithium2,78.13831
P256_BIKE_L1,P256_Dilithium2,78.446569
P256_BIKE_L1,P256_Dilithium2,83.548358
P256_BIKE_L1,P256_Dilithium2,80.451377
P256_BIKE_L1,P256_Dilithium2,79.213013
P256_BIKE_L1,P256_Dilithium2,85.554355
P256_BIKE_L1,P256_Dilithium2,82.372482
P256_BIKE_L1,P256_Dilithium2,84.127596
P256_BIKE_L1,P256_Dilithium2,81.18417
P256_BIKE_L1,P256_Dilithium2,79.229378
P256_BIKE_L1,P256_Dilithium2,75.347565
P256_BIKE_L1,P256_Dilithium2,83.204283
P256_BIKE_L1,P256_Dilithium2,82.075711
P256_BIKE_L1,P256_Dilithium2,78.796681
P256_BIKE_L1,P256_Dilithium2,81.024894
P256_BIKE_L1,P256_Dilithium2,80.964438
P256_BIKE_L1,P256_Dilithium2,86.781782
P256_BIKE_L1,P256_Dilithium2,87.00456
P256_BIKE_L1,P256_Dilithium2,80.519091
P256_BIKE_L1,P256_Dilithium2,78.232511
P256_BIKE_L1,P256_Dilithium2,86.112
P256_BIKE_L1,P256_Dilithium2,75.666863
P256_BIKE_L1,P256_Dilithium2,83.343014
P256_BIKE_L1,P256_Dilithium2,81.905672
P256_BIKE_L1,P256_Dilithium2,80.239512
P256_BIKE_L1,P256_Dilithium2,78.125422
P256_BIKE_L1,P256_Dilithium2,73.602357
P256_BIKE_L1,P256_Dilithium2,78.803357
P256_BIKE_L1,P256_Dilithium2,82.992514
P256_BIKE_L1,P256_Dilithium2,79.833118
P256_BIKE_L1,P256_Dilithium2,83.069969
P256_BIKE_L1,P256_Dilithium2,77.563334
P256_BIKE_L1,P256_Dilithium2,86.631994
P256_BIKE_L1,P256_Dilithium2,75.787385
P256_BIKE_L1,P256_Dilithium2,79.9186
P256_BIKE_L1,P256_Dilithium2,81.476656
P256_BIKE_L1,P256_Dilithium2,82.181675
P256_BIKE_L1,P256_Dilithium2,80.163721
P256_BIKE_L1,P256_Dilithium2,78.316112
P256_BIKE_L1,P256_Dilithium2,82.716012
P256_BIKE_L1,P256_Dilithium2,82.771691
P256_BIKE_L1,P256_Dilithium2,74.35175
P256_BIKE_L1,P256_Dilithium2,76.293805
P256_BIKE_L1,P256_Dilithium2,82.681591
P256_BIKE_L1,P256_Dilithium2,76.365022
P256_BIKE_L1,P256_Dilithium2,83.47426
P256_BIKE_L1,P256_Dilithium2,81.304875
P256_BIKE_L1,P256_Dilithium2,75.557732
P256_BIKE_L1,P256_Dilithium2,78.601091
P256_BIKE_L1,P256_Dilithium2,76.628308
P256_BIKE_L1,P256_Dilithium2,87.416771
P256_BIKE_L1,P256_Dilithium2,79.175483
P256_BIKE_L1,P256_Dilithium2,78.679329
P256_BIKE_L1,P256_Dilithium2,82.095913
P256_BIKE_L1,P256_Dilithium2,79.665706
P256_BIKE_L1,P256_Dilithium2,75.492063
P256_BIKE_L1,P256_Dilithium2,81.758713
P256_BIKE_L1,P256_Dilithium2,79.22436
P256_BIKE_L1,P256_Dilithium2,76.18145
P256_BIKE_L1,P256_Dilithium2,78.924583
P256_BIKE_L1,P256_Dilithium2,77.845325
P256_BIKE_L1,P256_Dilithium2,82.945449
P256_BIKE_L1,P256_Dilithium2,74.243078
P256_BIKE_L1,P256_Dilithium2,80.366335
P256_BIKE_L1,P256_Dilithium2,80.963819
P256_BIKE_L1,P256_Dilithium2,78.283654
P256_BIKE_L1,P256_Dilithium2,75.388869
P256_BIKE_L1,P256_Dilithium2,78.630886
P256_BIKE_L1,P256_Dilithium2,82.140975
P256_BIKE_L1,P256_Dilithium2,74.823119
P256_BIKE_L1,P256_Dilithium2,75.462302
P256_BIKE_L1,P256_Dilithium2,79.291488
P256_BIKE_L1,P256_Dilithium2,78.039346
P256_BIKE_L1,P256_Dilithium2,80.717974
P256_BIKE_L1,P256_Dilithium2,83.746894
P256_BIKE_L1,P256_Dilithium2,84.134871
P256_BIKE_L1,P256_Dilithium2,79.637038
P256_BIKE_L1,P256_Dilithium2,77.932571
P256_BIKE_L1,P256_Dilithium2,83.112101
P256_BIKE_L1,P256_Dilithium2,84.075325
P256_BIKE_L1,P256_Dilithium2,78.866787
P256_BIKE_L1,P256_Dilithium2,81.191026
P256_BIKE_L1,P256_Dilithium2,78.533543
P256_BIKE_L1,P256_Dilithium2,79.892771
P256_BIKE_L1,P256_Dilithium2,75.911016
P256_BIKE_L1,P256_Dilithium2,75.563518
P256_BIKE_L1,P256_Dilithium2,75.861496
P256_BIKE_L1,P256_Dilithium2,76.830565
P256_BIKE_L1,P256_Dilithium2,75.364173
P256_BIKE_L1,P256_Dilithium2,75.90892
P256_BIKE_L1,P256_Dilithium2,75.781037
P256_BIKE_L1,P256_Dilithium2,80.52154
P256_BIKE_L1,P256_Dilithium2,83.663089
P256_BIKE_L1,P256_Dilithium2,75.617459
P256_BIKE_L1,P256_Dilithium2,74.543474
P256_BIKE_L1,P256_Dilithium2,79.071432
P256_BIKE_L1,P256_Dilithium2,81.95731
P256_BIKE_L1,P256_Dilithium2,84.747266
P256_BIKE_L1,P256_Dilithium2,83.282657
P256_BIKE_L1,P256_Dilithium2,77.34703
P256_BIKE_L1,P256_Dilithium2,74.614775
P256_BIKE_L1,P256_Dilithium2,81.278607
P256_BIKE_L1,P256_Dilithium2,77.573901
P256_BIKE_L1,P256_Dilithium2,80.763247
P256_BIKE_L1,P256_Dilithium2,83.240605
P256_BIKE_L1,P256_Dilithium2,81.394422
P256_BIKE_L1,P256_Dilithium2,78.312562
P256_BIKE_L1,P256_Dilithium2,76.49883
P256_BIKE_L1,P256_Dilithium2,74.166531
P256_BIKE_L1,P256_Dilithium2,78.494423
P256_BIKE_L1,P256_Dilithium2,78.803897
P256_BIKE_L1,P256_Dilithium2,79.314746
P256_BIKE_L1,P256_Dilithium2,77.461698
P256_BIKE_L1,P256_Dilithium2,78.962411
P256_BIKE_L1,P256_Dilithium2,80.470495
P256_BIKE_L1,P256_Dilithium2,74.282815
P256_BIKE_L1,P256_Dilithium2,85.673311
P256_BIKE_L1,P256_Dilithium2,78.025481
P256_BIKE_L1,P256_Dilithium2,77.108011
P256_BIKE_L1,P256_Dilithium2,81.859692
P256_BIKE_L1,P256_Dilithium2,79.903757
P256_BIKE_L1,P256_Dilithium2,85.545061
P256_BIKE_L1,P256_Dilithium2,75.311336
P256_BIKE_L1,P256_Dilithium2,82.628247
P256_BIKE_L1,P256_Dilithium2,77.418419
P256_BIKE_L1,P256_Dilithium2,82.690881
P256_BIKE_L1,P256_Dilithium2,79.050064
P256_BIKE_L1,P256_Dilithium2,77.191861
P256_BIKE_L1,P256_Dilithium2,77.878316
P256_BIKE_L1,P256_Dilithium2,81.5137
P256_BIKE_L1,P256_Dilithium2,84.484307
P256_BIKE_L1,P256_Dilithium2,73.675544
P256_BIKE_L1,P256_Dilithium2,87.291762
P256_BIKE_L1,P256_Dilithium2,75.988986
P256_BIKE_L1,P256_Dilithium2,81.746264
P256_BIKE_L1,P256_Dilithium2,75.757264
P256_BIKE_L1,P256_Dilithium2,76.875811
P256_BIKE_L1,P256_Dilithium2,79.248925
P256_BIKE_L1,P256_Dilithium2,74.508742
P256_BIKE_L1,P256_Dilithium2,84.440952
P256_BIKE_L1,P256_Dilithium2,79.078111
P256_BIKE_L1,P256_Dilithium2,82.528866
P256_BIKE_L1,P256_Dilithium2,78.148487
P256_BIKE_L1,P256_Dilithium2,79.142141
P256_BIKE_L1,P256_Dilithium2,84.95357
P256_BIKE_L1,P256_Dilithium2,78.105813
P256_BIKE_L1,P256_Dilithium2,83.388672
P256_BIKE_L1,P256_Dilithium2,77.593989
P256_BIKE_L1,P256_Dilithium2,75.113295
P256_BIKE_L1,P256_Dilithium2,87.730314
P256_BIKE_L1,P256_Dilithium2,79.11592
P256_BIKE_L1,P256_Dilithium2,76.486319
P256_BIKE_L1,P256_Dilithium2,85.140071
P256_BIKE_L1,P256_Dilithium2,79.82047
P256_BIKE_L1,P256_Dilithium2,85.0361
P256_BIKE_L1,P256_Dilithium2,74.09614
P256_BIKE_L1,P256_Dilithium2,82.7698
P256_BIKE_L1,P256_Dilithium2,80.987794
P256_BIKE_L1,P256_Dilithium2,75.795681
P256_BIKE_L1,P256_Dilithium2,75.43509
P256_BIKE_L1,P256_Dilithium2,79.427244
P256_BIKE_L1,P256_Dilithium2,84.565209
P256_BIKE_L1,P256_Dilithium2,81.460846
P256_BIKE_L1,P256_Dilithium2,82.646446
P256_BIKE_L1,P256_Dilithium2,81.337711
P256_BIKE_L1,P256_Dilithium2,82.845681
P256_BIKE_L1,P256_Dilithium2,76.443012
P256_BIKE_L1,P256_Dilithium2,85.86672
P256_BIKE_L1,P256_Dilithium2,77.544474
P256_BIKE_L1,P256_Dilithium2,76.976106
P256_BIKE_L1,P256_Dilithium2,78.054208
P256_BIKE_L1,P256_Dilithium2,77.648522
P256_BIKE_L1,P256_Dilithium2,82.23393
P256_BIKE_L1,P256_Dilithium2,75.314684
P256_BIKE_L1,P256_Dilithium2,80.888683
P256_BIKE_L1,P256_Dilithium2,83.584393
P256_BIKE_L1,P256_Dilithium2,77.694127
P256_BIKE_L1,P256_Dilithium2,80.694506
P256_BIKE_L1,P256_Dilithium2,81.178191
P256_BIKE_L1,P256_Dilithium2,83.322451
P256_BIKE_L1,P256_Dilithium2,80.555325
P256_BIKE_L1,P256_Dilithium2,76.721699
P256_BIKE_L1,P256_Dilithium2,85.659515
P256_BIKE_L1,P256_Dilithium2,76.637875
P256_BIKE_L1,P256_Dilithium2,78.740132
P256_BIKE_L1,P256_Dilithium2,83.104112
P256_BIKE_L1,P256_Dilithium2,79.379549
P256_BIKE_L1,P256_Dilithium2,81.422275
P256_BIKE_L1,P256_Dilithium2,81.756038
P256_BIKE_L1,P256_Dilithium2,81.420973
P256_BIKE_L1,P256_Dilithium2,80.414121
P256_BIKE_L1,P256_Dilithium2,78.473252
P256_BIKE_L1,P256_Dilithium2,80.179276
P256_BIKE_L1,P256_Dilithium2,80.755052
P256_BIKE_L1,P256_Dilithium2,78.761012
P256_BIKE_L1,P256_Dilithium2,78.427416
P256_BIKE_L1,P256_Dilithium2,79.62147
P256_BIKE_L1,P256_Dilithium2,78.812803
P256_BIKE_L1,P256_Dilithium2,80.67044
P256_BIKE_L1,P256_Dilithium2,84.718054
P256_BIKE_L1,P256_Dilithium2,77.68235
P256_BIKE_L1,P256_Dilithium2,75.58847
P256_BIKE_L1,P256_Dilithium2,84.113481
P256_BIKE_L1,P256_Dilithium2,76.302278
P256_BIKE_L1,P256_Dilithium2,79.061597
P256_BIKE_L1,P256_Dilithium2,78.835419
P256_BIKE_L1,P256_Dilithium2,76.707945
P256_BIKE_L1,P256_Dilithium2,83.253601
P256_BIKE_L1,P256_Dilithium2,80.548999
P256_BIKE_L1,P256_Dilithium2,82.82619
P256_BIKE_L1,P256_Dilithium2,81.124426
P256_BIKE_L1,P256_Dilithium2,78.680635
P256_BIKE_L1,P256_Dilithium2,77.83388
P256_BIKE_L1,P256_Dilithium2,77.673413
P256_BIKE_L1,P256_Dilithium2,83.010454
P256_BIKE_L1,P256_Dilithium2,75.66831
P256_BIKE_L1,P256_Dilithium2,74.250579
P256_BIKE_L1,P256_Dilithium2,79.60687
P256_BIKE_L1,P256_Dilithium2,79.837533
P256_BIKE_L1,P256_Dilithium2,77.039679
P256_BIKE_L1,P256_Dilithium2,79.49322
P256_BIKE_L1,P256_Dilithium2,79.32428
P256_BIKE_L1,P256_Dilithium2,81.122661
P256_BIKE_L1,P256_Dilithium2,80.284751
P256_BIKE_L1,P256_Dilithium2,76.988717
P256_BIKE_L1,P256_Dilithium2,75.273524
P256_BIKE_L1,P256_Dilithium2,74.128434
P256_BIKE_L1,P256_Dilithium2,79.864985
P256_BIKE_L1,P256_Dilithium2,81.572797
P256_BIKE_L1,P256_Dilithium2,80.647078
P256_BIKE_L1,P256_Dilithium2,79.114141
P256_BIKE_L1,P256_Dilithium2,78.484512
P256_BIKE_L1,P256_Dilithium2,80.035638
P256_BIKE_L1,P256_Dilithium2,77.63323
P256_BIKE_L1,P256_Dilithium2,81.755776
P256_BIKE_L1,P256_Dilithium2,80.998052
P256_BIKE_L1,P256_Dilithium2,80.363766
P256_BIKE_L1,P256_Dilithium2,82.739974
P256_BIKE_L1,P256_Dilithium2,83.602572
P256_BIKE_L1,P256_Dilithium2,74.422306
P256_BIKE_L1,P256_Dilithium2,79.663617
P256_BIKE_L1,P256_Dilithium2,77.638831
P256_BIKE_L1,P256_Dilithium2,77.919515
P256_BIKE_L1,P256_Dilithium2,80.608256
P256_BIKE_L1,P256_Dilithium2,81.621288
P256_BIKE_L1,P256_Dilithium2,75.580102
P256_BIKE_L1,P256_Dilithium2,81.626684
P256_BIKE_L1,P256_Dilithium2,83.717368
P256_BIKE_L1,P256_Dilithium2,75.187558
P256_BIKE_L1,P256_Dilithium2,78.806291
P256_BIKE_L1,P256_Dilithium2,78.021147
P256_BIKE_L1,P256_Dilithium2,80.914785
P256_BIKE_L1,P256_Dilithium2,79.823795
P256_BIKE_L1,P256_Dilithium2,87.328324
P256_BIKE_L1,P256_Dilithium2,80.80552
P256_BIKE_L1,P256_Dilithium2,75.985514
P256_BIKE_L1,P256_Dilithium2,76.871972
P256_BIKE_L1,P256_Dilithium2,81.809838
P256_BIKE_L1,P256_Dilithium2,78.730586
P256_BIKE_L1,P256_Dilithium2,80.547189
P256_BIKE_L1,P256_Dilithium2,81.229339
P256_BIKE_L1,P256_Dilithium2,79.573054
P256_BIKE_L1,P256_Dilithium2,73.682919
P256_BIKE_L1,P256_Dilithium2,81.620415
P256_BIKE_L1,P256_Dilithium2,81.344485
P256_BIKE_L1,P256_Dilithium2,81.377494
P256_BIKE_L1,P256_Dilithium2,83.106117
P256_BIKE_L1,P256_Dilithium2,86.190155
P256_BIKE_L1,P256_Dilithium2,80.357956
P256_BIKE_L1,P256_Dilithium2,77.135323
P256_BIKE_L1,P256_Dilithium2,84.56155
P256_BIKE_L1,P256_Dilithium2,80.724376
P256_BIKE_L1,P256_Dilithium2,78.629779
P256_BIKE_L1,P256_Dilithium2,79.017373
P256_BIKE_L1,P256_Dilithium2,78.380954
P256_BIKE_L1,P256_Dilithium2,83.178456
P256_BIKE_L1,P256_Dilithium2,86.581726
P256_BIKE_L1,P256_Dilithium2,77.28512
P256_BIKE_L1,P256_Dilithium2,76.373214
P256_BIKE_L1,P256_Dilithium2,77.705253
P256_BIKE_L1,P256_Dilithium2,79.492088
P256_BIKE_L1,P256_Dilithium2,83.343671
P256_BIKE_L1,P256_Dilithium2,81.828557
P256_BIKE_L1,P256_Dilithium2,80.334173
P256_BIKE_L1,P256_Dilithium2,77.058063
P256_BIKE_L1,P256_Dilithium2,79.199036
P256_BIKE_L1,P256_Dilithium2,77.439836
P256_BIKE_L1,P256_Dilithium2,79.390645
P256_BIKE_L1,P256_Dilithium2,77.433955
P256_BIKE_L1,P256_Dilithium2,78.150884
P256_BIKE_L1,P256_Dilithium2,75.898072
P256_BIKE_L1,P256_Dilithium2,85.250003
P256_BIKE_L1,P256_Dilithium2,82.626484
P256_BIKE_L1,P256_Dilithium2,76.804228
P256_BIKE_L1,P256_Dilithium2,78.681363
P256_BIKE_L1,P256_Dilithium2,74.545574
P256_BIKE_L1,P256_Dilithium2,80.622696
P256_BIKE_L1,P256_Dilithium2,75.057894
P256_BIKE_L1,P256_Dilithium2,82.247894
P256_BIKE_L1,P256_Dilithium2,82.475883
P256_BIKE_L1,P256_Dilithium2,75.889528
P256_BIKE_L1,P256_Dilithium2,82.594974
P256_BIKE_L1,P256_Dilithium2,80.653854
P256_BIKE_L1,P256_Dilithium2,83.036335
P256_BIKE_L1,P256_Dilithium2,79.375773
P256_BIKE_L1,P256_Dilithium2,75.829263
P256_BIKE_L1,P256_Dilithium2,76.634493
P256_BIKE_L1,P256_Dilithium2,76.099003
P256_BIKE_L1,P256_Dilithium2,81.504756
P256_BIKE_L1,P256_Dilithium2,79.836192
P256_BIKE_L1,P256_Dilithium2,74.908386
P256_BIKE_L1,P256_Dilithium2,79.797414
P256_BIKE_L1,P256_Dilithium2,76.198746
P256_BIKE_L1,P256_Dilithium2,80.390448
P256_BIKE_L1,P256_Dilithium2,81.501117
P256_BIKE_L1,P256_Dilithium2,78.099732
P256_BIKE_L1,P256_Dilithium2,76.402945
P256_BIKE_L1,P256_Dilithium2,83.045545
P256_BIKE_L1,P256_Dilithium2,82.149682
P256_BIKE_L1,P256_Dilithium2,83.939386
P256_BIKE_L1,P256_Dilithium2,76.656084
P256_BIKE_L1,P256_Dilithium2,76.730289
P256_BIKE_L1,P256_Dilithium2,77.59627
P256_BIKE_L1,P256_Dilithium2,79.257766
P256_BIKE_L1,P256_Dilithium2,78.773118
P256_BIKE_L1,P256_Dilithium2,82.937499
P256_BIKE_L1,P256_Dilithium2,83.858925
P256_BIKE_L1,P256_Dilithium2,78.038823
P256_BIKE_L1,P256_Dilithium2,86.611277
P256_BIKE_L1,P256_Dilithium2,81.657286
P256_BIKE_L1,P256_Dilithium2,77.635841
P256_BIKE_L1,P256_Dilithium2,77.601205
P256_BIKE_L1,P256_Dilithium2,83.679564
P256_BIKE_L1,P256_Dilithium2,79.708086
P256_BIKE_L1,P256_Dilithium2,80.36185
P256_BIKE_L1,P256_Dilithium2,76.235546
P256_BIKE_L1,P256_Dilithium2,82.072408
P256_BIKE_L1,P256_Dilithium2,86.55511
P256_BIKE_L1,P256_Dilithium2,80.12402
P256_BIKE_L1,P256_Dilithium2,81.443675
P256_BIKE_L1,P256_Dilithium2,86.106157
P256_BIKE_L1,P256_Dilithium2,81.157611
P256_BIKE_L1,P256_Dilithium2,76.847108
P256_BIKE_L1,P256_Dilithium2,78.427208
P256_BIKE_L1,P256_Dilithium2,76.218759
P256_BIKE_L1,P256_Dilithium2,85.850718
P256_BIKE_L1,P256_Dilithium2,78.176185
P256_BIKE_L1,P256_Dilithium2,75.637653
P256_BIKE_L1,P256_Dilithium2,86.736572
P256_BIKE_L1,P256_Dilithium2,78.567697
P256_BIKE_L1,P256_Dilithium2,78.154012
P256_BIKE_L1,P256_Dilithium2,82.249074
P256_BIKE_L1,P256_Dilithium2,80.266721
P256_BIKE_L1,P256_Dilithium2,80.902745
P256_BIKE_L1,P256_Dilithium2,78.324358
P256_BIKE_L1,P256_Dilithium2,77.584389
P256_BIKE_L1,P256_Dilithium2,76.249665
P256_BIKE_L1,P256_Dilithium2,76.88
P256_BIKE_L1,P256_Dilithium2,83.079673
P256_BIKE_L1,P256_Dilithium2,78.809348
P256_BIKE_L1,P256_Dilithium2,77.338818
P256_BIKE_L1,P256_Dilithium2,82.413549
P256_BIKE_L1,P256_Dilithium2,87.137605
P256_BIKE_L1,P256_Dilithium2,78.835536
P256_BIKE_L1,P256_Dilithium2,84.904733
P256_BIKE_L1,P256_Dilithium2,83.974782
P256_BIKE_L1,P256_Dilithium2,79.352852
P256_BIKE_L1,P256_Dilithium2,76.62435
P256_BIKE_L1,P256_Dilithium2,86.318792
P256_BIKE_L1,P256_Dilithium2,77.263165
P256_BIKE_L1,P256_Dilithium2,75.534058
P256_BIKE_L1,P256_Dilithium2,75.120415
P256_BIKE_L1,P256_Dilithium2,76.721302
P256_BIKE_L1,P256_Dilithium2,82.367063
P256_BIKE_L1,P256_Dilithium2,81.871854
P256_BIKE_L1,P256_Dilithium2,77.477381
P256_BIKE_L1,P256_Dilithium2,78.502405
P256_BIKE_L1,P256_Dilithium2,77.061498
P256_BIKE_L1,P256_Dilithium2,75.948598
P256_BIKE_L1,P256_Dilithium2,80.30445
P256_BIKE_L1,P256_Dilithium2,77.936061
P256_BIKE_L1,P256_Dilithium2,81.058297
P256_BIKE_L1,P256_Dilithium2,86.940732
P256_BIKE_L1,P256_Dilithium2,78.050592
P256_BIKE_L1,P256_Dilithium2,81.059437
P256_BIKE_L1,P256_Dilithium2,78.739644
P256_BIKE_L1,P256_Dilithium2,75.477553
P256_BIKE_L1,P256_Dilithium2,81.071329
P256_BIKE_L1,P256_Dilithium2,76.817817
P256_BIKE_L1,P256_Dilithium2,80.854952
P256_BIKE_L1,P256_Dilithium2,76.131272
P256_BIKE_L1,P256_Dilithium2,85.374895
P256_BIKE_L1,P256_Dilithium2,80.739669
P256_BIKE_L1,P256_Dilithium2,85.123425
P256_BIKE_L1,P256_Dilithium2,78.34692
P256_BIKE_L1,P256_Dilithium2,81.130234
P256_BIKE_L1,P256_Dilithium2,76.407534
P256_BIKE_L1,P256_Dilithium2,82.669297
P256_BIKE_L1,P256_Dilithium2,81.197684
P256_BIKE_L1,P256_Dilithium2,77.767856
P256_BIKE_L1,P256_Dilithium2,75.224018
P256_BIKE_L1,P256_Dilithium2,82.207726
P256_BIKE_L1,P256_Dilithium2,79.504755
P256_BIKE_L1,P256_Dilithium2,76.047809
P256_BIKE_L1,P256_Dilithium2,75.401043
P256_BIKE_L1,P256_Dilithium2,73.989953
P256_BIKE_L1,P256_Dilithium2,76.411311
P256_BIKE_L1,P256_Dilithium2,77.106277
P256_BIKE_L1,P256_Dilithium2,77.900773
P256_BIKE_L1,P256_Dilithium2,77.366115
P256_BIKE_L1,P256_Dilithium2,76.448459
P256_BIKE_L1,P256_Dilithium2,81.239581
P256_BIKE_L1,P256_Dilithium2,77.864864
P256_BIKE_L1,P256_Dilithium2,80.108663
P256_BIKE_L1,P256_Dilithium2,77.961804
P256_BIKE_L1,P256_Dilithium2,81.607802
P256_BIKE_L1,P256_Dilithium2,83.108436
P256_BIKE_L1,P256_Dilithium2,77.957216
P256_BIKE_L1,P256_Dilithium2,79.188947
P256_BIKE_L1,P256_Dilithium2,80.533146
P256_BIKE_L1,P256_Dilithium2,80.467087
P256_BIKE_L1,P256_Dilithium2,76.761735
P256_BIKE_L1,P256_Dilithium2,77.052427
P256_BIKE_L1,P256_Dilithium2,79.434511
P256_BIKE_L1,P256_Dilithium2,79.343227
P256_BIKE_L1,P256_Dilithium2,75.423571
P256_BIKE_L1,P256_Dilithium2,74.207462
P256_BIKE_L1,P256_Dilithium2,81.460139
P256_BIKE_L1,P256_Dilithium2,76.667725
P256_BIKE_L1,P256_Dilithium2,80.979319
P256_BIKE_L1,P256_Dilithium2,84.794329
P256_BIKE_L1,P256_Dilithium2,80.182717
P256_BIKE_L1,P256_Dilithium2,79.480027
P256_BIKE_L1,P256_Dilithium2,76.512936
P256_BIKE_L1,P256_Dilithium2,82.056002
P256_BIKE_L1,P256_Dilithium2,87.181269
P256_BIKE_L1,P256_Dilithium2,78.526036
P256_BIKE_L1,P256_Dilithium2,80.242263
P256_BIKE_L1,P256_Dilithium2,75.565483
P256_BIKE_L1,P256_Dilithium2,80.028408
P256_BIKE_L1,P256_Dilithium2,76.656273
P256_BIKE_L1,P256_Dilithium2,76.163014
P256_BIKE_L1,P256_Dilithium2,81.05162
P256_BIKE_L1,P256_Dilithium2,82.654703
P256_BIKE_L1,P256_Dilithium2,77.991407
P256_BIKE_L1,P256_Dilithium2,78.323022
P256_BIKE_L1,P256_Dilithium2,81.174711
P256_BIKE_L1,P256_Dilithium2,84.136019
P256_BIKE_L1,P256_Dilithium2,78.064087
P256_BIKE_L1,P256_Dilithium2,77.438031
P256_BIKE_L1,P256_Dilithium2,77.886407
P256_BIKE_L1,P256_Dilithium2,76.17025
P256_BIKE_L1,P256_Dilithium2,78.943657
P256_BIKE_L1,P256_Dilithium2,78.354289
P256_BIKE_L1,P256_Dilithium2,82.100486
P256_BIKE_L1,P256_Dilithium2,76.361618
P256_BIKE_L1,P256_Dilithium2,78.109158
P256_BIKE_L1,P256_Dilithium2,79.685875
P256_BIKE_L1,P256_Dilithium2,76.311194
P256_BIKE_L1,P256_Dilithium2,81.968429
P256_BIKE_L1,P256_Dilithium2,78.363916
P256_BIKE_L1,P256_Dilithium2,79.298484
P256_BIKE_L1,P256_Dilithium2,81.172041
P256_BIKE_L1,P256_Dilithium2,84.366849
P256_BIKE_L1,P256_Dilithium2,86.002095
P256_BIKE_L1,P256_Dilithium2,75.540746
P256_BIKE_L1,P256_Dilithium2,76.614484
P256_BIKE_L1,P256_Dilithium2,76.095086
P256_BIKE_L1,P256_Dilithium2,79.979126
P256_BIKE_L1,P256_Dilithium2,78.926078
P256_BIKE_L1,P256_Dilithium2,80.752684
P256_BIKE_L1,P256_Dilithium2,88.134398
P256_BIKE_L1,P256_Dilithium2,78.510476
P384_HQC_192,P384_Dilithium3,132.239463
P384_HQC_192,P384_Dilithium3,132.379716
P384_HQC_192,P384_Dilithium3,129.627007
P384_HQC_192,P384_Dilithium3,134.60523
P384_HQC_192,P384_Dilithium3,129.049012
P384_HQC_192,P384_Dilithium3,138.534678
P384_HQC_192,P384_Dilithium3,138.140655
P384_HQC_192,P384_Dilithium3,134.610461
P384_HQC_192,P384_Dilithium3,129.270651
P384_HQC_192,P384_Dilithium3,134.531043
P384_HQC_192,P384_Dilithium3,133.590398
P384_HQC_192,P384_Dilithium3,135.147826
P384_HQC_192,P384_Dilithium3,134.852647
P384_HQC_192,P384_Dilithium3,128.291389
P384_HQC_192,P384_Dilithium3,128.468127
P384_HQC_192,P384_Dilithium3,132.883414
P384_HQC_192,P384_Dilithium3,130.504716
P384_HQC_192,P384_Dilithium3,135.024941
P384_HQC_192,P384_Dilithium3,139.553175
P384_HQC_192,P384_Dilithium3,138.910385
P384_HQC_192,P384_Dilithium3,131.860459
P384_HQC_192,P384_Dilithium3,129.783719
P384_HQC_192,P384_Dilithium3,135.253291
P384_HQC_192,P384_Dilithium3,139.354412
P384_HQC_192,P384_Dilithium3,130.218783
P384_HQC_192,P384_Dilithium3,132.89697
P384_HQC_192,P384_Dilithium3,129.765907
P384_HQC_192,P384_Dilithium3,127.227796
P384_HQC_192,P384_Dilithium3,134.160464
P384_HQC_192,P384_Dilithium3,130.741158
P384_HQC_192,P384_Dilithium3,132.189412
P384_HQC_192,P384_Dilithium3,138.879683
P384_HQC_192,P384_Dilithium3,129.303169
P384_HQC_192,P384_Dilithium3,130.059148
P384_HQC_192,P384_Dilithium3,133.899428
P384_HQC_192,P384_Dilithium3,128.920689
P384_HQC_192,P384_Dilithium3,127.368798
P384_HQC_192,P384_Dilithium3,134.216567
P384_HQC_192,P384_Dilithium3,134.678592
P384_HQC_192,P384_Dilithium3,131.405836
P384_HQC_192,P384_Dilithium3,133.503663
P384_HQC_192,P384_Dilithium3,128.164629
P384_HQC_192,P384_Dilithium3,132.707388
P384_HQC_192,P384_Dilithium3,135.747492
P384_HQC_192,P384_Dilithium3,130.917438
P384_HQC_192,P384_Dilithium3,126.845926
P384_HQC_192,P384_Dilithium3,134.152974
P384_HQC_192,P384_Dilithium3,130.552081
P384_HQC_192,P384_Dilithium3,133.154632
P384_HQC_192,P384_Dilithium3,131.284017
P384_HQC_192,P384_Dilithium3,137.357259
P384_HQC_192,P384_Dilithium3,133.483877
P384_HQC_192,P384_Dilithium3,133.078471
P384_HQC_192,P384_Dilithium3,133.643611
P384_HQC_192,P384_Dilithium3,127.743725
P384_HQC_192,P384_Dilithium3,133.214452
P384_HQC_192,P384_Dilithium3,130.162008
P384_HQC_192,P384_Dilithium3,128.893014
P384_HQC_192,P384_Dilithium3,134.058544
P384_HQC_192,P384_Dilithium3,132.921057
P384_HQC_192,P384_Dilithium3,136.269106
P384_HQC_192,P384_Dilithium3,134.980667
P384_HQC_192,P384_Dilithium3,131.71505
P384_HQC_192,P384_Dilithium3,132.636853
P384_HQC_192,P384_Dilithium3,129.432955
P384_HQC_192,P384_Dilithium3,136.458479
P384_HQC_192,P384_Dilithium3,128.607575
P384_HQC_192,P384_Dilithium3,130.409855
P384_HQC_192,P384_Dilithium3,135.758329
P384_HQC_192,P384_Dilithium3,135.645484
P384_HQC_192,P384_Dilithium3,128.431089
P384_HQC_192,P384_Dilithium3,129.622942
P384_HQC_192,P384_Dilithium3,136.843166
P384_HQC_192,P384_Dilithium3,135.375686
P384_HQC_192,P384_Dilithium3,125.864799
P384_HQC_192,P384_Dilithium3,131.247066
P384_HQC_192,P384_Dilithium3,138.736269
P384_HQC_192,P384_Dilithium3,139.060413
P384_HQC_192,P384_Dilithium3,130.097295
P384_HQC_192,P384_Dilithium3,127.910734
P384_HQC_192,P384_Dilithium3,135.221305
P384_HQC_192,P384_Dilithium3,133.445304
P384_HQC_192,P384_Dilithium3,134.432141
P384_HQC_192,P384_Dilithium3,131.805443
P384_HQC_192,P384_Dilithium3,130.898627
P384_HQC_192,P384_Dilithium3,131.41248
P384_HQC_192,P384_Dilithium3,137.27369
P384_HQC_192,P384_Dilithium3,137.254315
P384_HQC_192,P384_Dilithium3,128.043251
P384_HQC_192,P384_Dilithium3,129.723817
P384_HQC_192,P384_Dilithium3,128.507783
P384_HQC_192,P384_Dilithium3,131.14038
P384_HQC_192,P384_Dilithium3,138.188813
P384_HQC_192,P384_Dilithium3,139.774416
P384_HQC_192,P384_Dilithium3,141.323611
P384_HQC_192,P384_Dilithium3,136.381973
P384_HQC_192,P384_Dilithium3,128.912213
P384_HQC_192,P384_Dilithium3,135.278755
P384_HQC_192,P384_Dilithium3,126.630119
P384_HQC_192,P384_Dilithium3,136.162821
P384_HQC_192,P384_Dilithium3,134.853824
P384_HQC_192,P384_Dilithium3,136.390415
P384_HQC_192,P384_Dilithium3,130.377447
P384_HQC_192,P384_Dilithium3,134.486313
P384_HQC_192,P384_Dilithium3,130.9733
P384_HQC_192,P384_Dilithium3,127.683076
P384_HQC_192,P384_Dilithium3,132.997839
P384_HQC_192,P384_Dilithium3,128.599559
P384_HQC_192,P384_Dilithium3,130.464301
P384_HQC_192,P384_Dilithium3,131.648923
P384_HQC_192,P384_Dilithium3,132.455651
P384_HQC_192,P384_Dilithium3,134.349273
P384_HQC_192,P384_Dilithium3,137.510826
P384_HQC_192,P384_Dilithium3,130.334391
P384_HQC_192,P384_Dilithium3,131.246194
P384_HQC_192,P384_Dilithium3,132.446
P384_HQC_192,P384_Dilithium3,132.30129
P384_HQC_192,P384_Dilithium3,134.279723
P384_HQC_192,P384_Dilithium3,126.80556
P384_HQC_192,P384_Dilithium3,139.847526
P384_HQC_192,P384_Dilithium3,127.774679
P384_HQC_192,P384_Dilithium3,129.840248
P384_HQC_192,P384_Dilithium3,139.040553
P384_HQC_192,P384_Dilithium3,133.257951
P384_HQC_192,P384_Dilithium3,135.999602
P384_HQC_192,P384_Dilithium3,131.995545
P384_HQC_192,P384_Dilithium3,133.466335
P384_HQC_192,P384_Dilithium3,134.529835
P384_HQC_192,P384_Dilithium3,135.417931
P384_HQC_192,P384_Dilithium3,136.906249
P384_HQC_192,P384_Dilithium3,134.571294
P384_HQC_192,P384_Dilithium3,130.982471
P384_HQC_192,P384_Dilithium3,133.789925
P384_HQC_192,P384_Dilithium3,127.404073
P384_HQC_192,P384_Dilithium3,132.373018
P384_HQC_192,P384_Dilithium3,136.550573
P384_HQC_192,P384_Dilithium3,137.159677
P384_HQC_192,P384_Dilithium3,129.076785
P384_HQC_192,P384_Dilithium3,136.635248
P384_HQC_192,P384_Dilithium3,138.51076
P384_HQC_192,P384_Dilithium3,134.557532
P384_HQC_192,P384_Dilithium3,135.087247
P384_HQC_192,P384_Dilithium3,129.015303
P384_HQC_192,P384_Dilithium3,142.988204
P384_HQC_192,P384_Dilithium3,132.007972
P384_HQC_192,P384_Dilithium3,133.357796
P384_HQC_192,P384_Dilithium3,127.376079
P384_HQC_192,P384_Dilithium3,128.336281
P384_HQC_192,P384_Dilithium3,131.184641
P384_HQC_192,P384_Dilithium3,131.731305
P384_HQC_192,P384_Dilithium3,129.82955
P384_HQC_192,P384_Dilithium3,139.587403
P384_HQC_192,P384_Dilithium3,134.073995
P384_HQC_192,P384_Dilithium3,134.129825
P384_HQC_192,P384_Dilithium3,131.537576
P384_HQC_192,P384_Dilithium3,128.9143
P384_HQC_192,P384_Dilithium3,139.336812
P384_HQC_192,P384_Dilithium3,134.219298
P384_HQC_192,P384_Dilithium3,132.679182
P384_HQC_192,P384_Dilithium3,133.2197
P384_HQC_192,P384_Dilithium3,133.582239
P384_HQC_192,P384_Dilithium3,138.625908
P384_HQC_192,P384_Dilithium3,128.776369
P384_HQC_192,P384_Dilithium3,137.311202
P384_HQC_192,P384_Dilithium3,132.522157
P384_HQC_192,P384_Dilithium3,122.941084
P384_HQC_192,P384_Dilithium3,130.45324
P384_HQC_192,P384_Dilithium3,133.319434
P384_HQC_192,P384_Dilithium3,131.729063
P384_HQC_192,P384_Dilithium3,135.586002
P384_HQC_192,P384_Dilithium3,130.308533
P384_HQC_192,P384_Dilithium3,136.975612
P384_HQC_192,P384_Dilithium3,129.395691
P384_HQC_192,P384_Dilithium3,129.56779
P384_HQC_192,P384_Dilithium3,129.221877
P384_HQC_192,P384_Dilithium3,133.630993
P384_HQC_192,P384_Dilithium3,127.984474
P384_HQC_192,P384_Dilithium3,135.703562
P384_HQC_192,P384_Dilithium3,134.353272
P384_HQC_192,P384_Dilithium3,128.499908
P384_HQC_192,P384_Dilithium3,138.757431
P384_HQC_192,P384_Dilithium3,134.04178
P384_HQC_192,P384_Dilithium3,129.184765
P384_HQC_192,P384_Dilithium3,130.468039
P384_HQC_192,P384_Dilithium3,135.083002
P384_HQC_192,P384_Dilithium3,134.946921
P384_HQC_192,P384_Dilithium3,133.713085
P384_HQC_192,P384_Dilithium3,134.500041
P384_HQC_192,P384_Dilithium3,134.104304
P384_HQC_192,P384_Dilithium3,126.704292
P384_HQC_192,P384_Dilithium3,133.873281
P384_HQC_192,P384_Dilithium3,128.454394
P384_HQC_192,P384_Dilithium3,133.614893
P384_HQC_192,P384_Dilithium3,131.470956
P384_HQC_192,P384_Dilithium3,130.560253
P384_HQC_192,P384_Dilithium3,128.672535
P384_HQC_192,P384_Dilithium3,137.152369
P384_HQC_192,P384_Dilithium3,131.741374
P384_HQC_192,P384_Dilithium3,136.565659
P384_HQC_192,P384_Dilithium3,136.750106
P384_HQC_192,P384_Dilithium3,132.858546
P384_HQC_192,P384_Dilithium3,130.596774
P384_HQC_192,P384_Dilithium3,127.121989
P384_HQC_192,P384_Dilithium3,138.163308
P384_HQC_192,P384_Dilithium3,130.282323
P384_HQC_192,P384_Dilithium3,138.453122
P384_HQC_192,P384_Dilithium3,135.687707
P384_HQC_192,P384_Dilithium3,127.528144
P384_HQC_192,P384_Dilithium3,130.470951
P384_HQC_192,P384_Dilithium3,131.405651
P384_HQC_192,P384_Dilithium3,133.036823
P384_HQC_192,P384_Dilithium3,132.095679
P384_HQC_192,P384_Dilithium3,131.761482
P384_HQC_192,P384_Dilithium3,133.606022
P384_HQC_192,P384_Dilithium3,127.631914
P384_HQC_192,P384_Dilithium3,132.214771
P384_HQC_192,P384_Dilithium3,132.3345
P384_HQC_192,P384_Dilithium3,128.867818
P384_HQC_192,P384_Dilithium3,127.426228
P384_HQC_192,P384_Dilithium3,132.82448
P384_HQC_192,P384_Dilithium3,128.01884
P384_HQC_192,P384_Dilithium3,135.745736
P384_HQC_192,P384_Dilithium3,140.90392
P384_HQC_192,P384_Dilithium3,127.980256
P384_HQC_192,P384_Dilithium3,135.482566
P384_HQC_192,P384_Dilithium3,131.777486
P384_HQC_192,P384_Dilithium3,126.717261
P384_HQC_192,P384_Dilithium3,129.008834
P384_HQC_192,P384_Dilithium3,132.846569
P384_HQC_192,P384_Dilithium3,132.844766
P384_HQC_192,P384_Dilithium3,131.848521
P384_HQC_192,P384_Dilithium3,132.637985
P384_HQC_192,P384_Dilithium3,133.813543
P384_HQC_192,P384_Dilithium3,138.504036
P384_HQC_192,P384_Dilithium3,134.07281
P384_HQC_192,P384_Dilithium3,130.233426
P384_HQC_192,P384_Dilithium3,130.532299
P384_HQC_192,P384_Dilithium3,131.950473
P384_HQC_192,P384_Dilithium3,142.111081
P384_HQC_192,P384_Dilithium3,128.490896
P384_HQC_192,P384_Dilithium3,137.869029
P384_HQC_192,P384_Dilithium3,136.441946
P384_HQC_192,P384_Dilithium3,129.326435
P384_HQC_192,P384_Dilithium3,131.031789
P384_HQC_192,P384_Dilithium3,131.44787
P384_HQC_192,P384_Dilithium3,133.648721
P384_HQC_192,P384_Dilithium3,138.816456
P384_HQC_192,P384_Dilithium3,130.400614
P384_HQC_192,P384_Dilithium3,135.02793
P384_HQC_192,P384_Dilithium3,133.950804
P384_HQC_192,P384_Dilithium3,132.254535
P384_HQC_192,P384_Dilithium3,133.33583
P384_HQC_192,P384_Dilithium3,135.100439
P384_HQC_192,P384_Dilithium3,127.012312
P384_HQC_192,P384_Dilithium3,128.480153
P384_HQC_192,P384_Dilithium3,129.857188
P384_HQC_192,P384_Dilithium3,130.681293
P384_HQC_192,P384_Dilithium3,129.815648
P384_HQC_192,P384_Dilithium3,141.204683
P384_HQC_192,P384_Dilithium3,132.75345
P384_HQC_192,P384_Dilithium3,127.168792
P384_HQC_192,P384_Dilithium3,127.720775
P384_HQC_192,P384_Dilithium3,135.366681
P384_HQC_192,P384_Dilithium3,136.968756
P384_HQC_192,P384_Dilithium3,129.662398
P384_HQC_192,P384_Dilithium3,136.866199
P384_HQC_192,P384_Dilithium3,128.619891
P384_HQC_192,P384_Dilithium3,132.118799
P384_HQC_192,P384_Dilithium3,127.957632
P384_HQC_192,P384_Dilithium3,130.264122
P384_HQC_192,P384_Dilithium3,130.451523
P384_HQC_192,P384_Dilithium3,132.129017
P384_HQC_192,P384_Dilithium3,129.660665
P384_HQC_192,P384_Dilithium3,129.421856
P384_HQC_192,P384_Dilithium3,131.05484
P384_HQC_192,P384_Dilithium3,136.979718
P384_HQC_192,P384_Dilithium3,129.353622
P384_HQC_192,P384_Dilithium3,129.064086
P384_HQC_192,P384_Dilithium3,133.522462
P384_HQC_192,P384_Dilithium3,136.014906
P384_HQC_192,P384_Dilithium3,130.795707
P384_HQC_192,P384_Dilithium3,128.741464
P384_HQC_192,P384_Dilithium3,132.03055
P384_HQC_192,P384_Dilithium3,131.958177
P384_HQC_192,P384_Dilithium3,127.919575
P384_HQC_192,P384_Dilithium3,137.40134
P384_HQC_192,P384_Dilithium3,131.721881
P384_HQC_192,P384_Dilithium3,126.951793
P384_HQC_192,P384_Dilithium3,131.31169
P384_HQC_192,P384_Dilithium3,131.405242
P384_HQC_192,P384_Dilithium3,124.984596
P384_HQC_192,P384_Dilithium3,130.814377
P384_HQC_192,P384_Dilithium3,131.043445
P384_HQC_192,P384_Dilithium3,132.209383
P384_HQC_192,P384_Dilithium3,126.694173
P384_HQC_192,P384_Dilithium3,134.260867
P384_HQC_192,P384_Dilithium3,134.566004
P384_HQC_192,P384_Dilithium3,133.49768
P384_HQC_192,P384_Dilithium3,132.850554
P384_HQC_192,P384_Dilithium3,130.721951
P384_HQC_192,P384_Dilithium3,139.23624
P384_HQC_192,P384_Dilithium3,134.852527
P384_HQC_192,P384_Dilithium3,129.911879
P384_HQC_192,P384_Dilithium3,131.75796
P384_HQC_192,P384_Dilithium3,133.655796
P384_HQC_192,P384_Dilithium3,130.478427
P384_HQC_192,P384_Dilithium3,136.685393
P384_HQC_192,P384_Dilithium3,130.673762
P384_HQC_192,P384_Dilithium3,132.973873
P384_HQC_192,P384_Dilithium3,135.044745
P384_HQC_192,P384_Dilithium3,125.32754
P384_HQC_192,P384_Dilithium3,137.215267
P384_HQC_192,P384_Dilithium3,132.756548
P384_HQC_192,P384_Dilithium3,131.403371
P384_HQC_192,P384_Dilithium3,135.366916
P384_HQC_192,P384_Dilithium3,126.934567
P384_HQC_192,P384_Dilithium3,134.38104
P384_HQC_192,P384_Dilithium3,130.917701
P384_HQC_192,P384_Dilithium3,129.331015
P384_HQC_192,P384_Dilithium3,130.765774
P384_HQC_192,P384_Dilithium3,131.073286
P384_HQC_192,P384_Dilithium3,134.762198
P384_HQC_192,P384_Dilithium3,129.988437
P384_HQC_192,P384_Dilithium3,133.501659
P384_HQC_192,P384_Dilithium3,137.510136
P384_HQC_192,P384_Dilithium3,130.819492
P384_HQC_192,P384_Dilithium3,136.171936
P384_HQC_192,P384_Dilithium3,139.092839
P384_HQC_192,P384_Dilithium3,134.416246
P384_HQC_192,P384_Dilithium3,131.831349
P384_HQC_192,P384_Dilithium3,126.571341
P384_HQC_192,P384_Dilithium3,133.744827
P384_HQC_192,P384_Dilithium3,132.454586
P384_HQC_192,P384_Dilithium3,130.956428
P384_HQC_192,P384_Dilithium3,127.923373
P384_HQC_192,P384_Dilithium3,126.147139
P384_HQC_192,P384_Dilithium3,131.520739
P384_HQC_192,P384_Dilithium3,134.337577
P384_HQC_192,P384_Dilithium3,136.289214
P384_HQC_192,P384_Dilithium3,132.535386
P384_HQC_192,P384_Dilithium3,135.454264
P384_HQC_192,P384_Dilithium3,132.249557
P384_HQC_192,P384_Dilithium3,133.973721
P384_HQC_192,P384_Dilithium3,137.929698
P384_HQC_192,P384_Dilithium3,131.031515
P384_HQC_192,P384_Dilithium3,138.025354
P384_HQC_192,P384_Dilithium3,134.01748
P384_HQC_192,P384_Dilithium3,130.339715
P384_HQC_192,P384_Dilithium3,133.264275
P384_HQC_192,P384_Dilithium3,132.066551
P384_HQC_192,P384_Dilithium3,131.018916
P384_HQC_192,P384_Dilithium3,138.537265
P384_HQC_192,P384_Dilithium3,128.292818
P384_HQC_192,P384_Dilithium3,136.247657
P384_HQC_192,P384_Dilithium3,139.209155
P384_HQC_192,P384_Dilithium3,127.342148
P384_HQC_192,P384_Dilithium3,131.19373
P384_HQC_192,P384_Dilithium3,127.815012
P384_HQC_192,P384_Dilithium3,135.038414
P384_HQC_192,P384_Dilithium3,139.873797
P384_HQC_192,P384_Dilithium3,135.170222
P384_HQC_192,P384_Dilithium3,133.748421
P384_HQC_192,P384_Dilithium3,131.439007
P384_HQC_192,P384_Dilithium3,124.409869
P384_HQC_192,P384_Dilithium3,131.084749
P384_HQC_192,P384_Dilithium3,126.526483
P384_HQC_192,P384_Dilithium3,134.921652
P384_HQC_192,P384_Dilithium3,132.728492
P384_HQC_192,P384_Dilithium3,141.405629
P384_HQC_192,P384_Dilithium3,136.080396
P384_HQC_192,P384_Dilithium3,135.103013
P384_HQC_192,P384_Dilithium3,131.538727
P384_HQC_192,P384_Dilithium3,135.208765
P384_HQC_192,P384_Dilithium3,127.129312
P384_HQC_192,P384_Dilithium3,130.351892
P384_HQC_192,P384_Dilithium3,129.254661
P384_HQC_192,P384_Dilithium3,129.383853
P384_HQC_192,P384_Dilithium3,131.174964
P384_HQC_192,P384_Dilithium3,135.830578
P384_HQC_192,P384_Dilithium3,135.189626
P384_HQC_192,P384_Dilithium3,131.831976
P384_HQC_192,P384_Dilithium3,130.13608
P384_HQC_192,P384_Dilithium3,139.019104
P384_HQC_192,P384_Dilithium3,127.272658
P384_HQC_192,P384_Dilithium3,129.960797
P384_HQC_192,P384_Dilithium3,136.909031
P384_HQC_192,P384_Dilithium3,128.9962
P384_HQC_192,P384_Dilithium3,134.535696
P384_HQC_192,P384_Dilithium3,133.257765
P384_HQC_192,P384_Dilithium3,129.599086
P384_HQC_192,P384_Dilithium3,133.535635
P384_HQC_192,P384_Dilithium3,126.813436
P384_HQC_192,P384_Dilithium3,132.98667
P384_HQC_192,P384_Dilithium3,134.1858
P384_HQC_192,P384_Dilithium3,132.197659
P384_HQC_192,P384_Dilithium3,136.379844
P384_HQC_192,P384_Dilithium3,132.371317
P384_HQC_192,P384_Dilithium3,139.067368
P384_HQC_192,P384_Dilithium3,135.817469
P384_HQC_192,P384_Dilithium3,135.063602
P384_HQC_192,P384_Dilithium3,133.971731
P384_HQC_192,P384_Dilithium3,140.52843
P384_HQC_192,P384_Dilithium3,137.083284
P384_HQC_192,P384_Dilithium3,131.826789
P384_HQC_192,P384_Dilithium3,133.354554
P384_HQC_192,P384_Dilithium3,129.447252
P384_HQC_192,P384_Dilithium3,133.313313
P384_HQC_192,P384_Dilithium3,132.906649
P384_HQC_192,P384_Dilithium3,131.010987
P384_HQC_192,P384_Dilithium3,133.788709
P384_HQC_192,P384_Dilithium3,137.638213
P384_HQC_192,P384_Dilithium3,134.276712
P384_HQC_192,P384_Dilithium3,135.669802
P384_HQC_192,P384_Dilithium3,129.63042
P384_HQC_192,P384_Dilithium3,139.85648
P384_HQC_192,P384_Dilithium3,134.089375
P384_HQC_192,P384_Dilithium3,129.522554
P384_HQC_192,P384_Dilithium3,132.661705
P384_HQC_192,P384_Dilithium3,135.19178
P384_HQC_192,P384_Dilithium3,131.653086
P384_HQC_192,P384_Dilithium3,130.043105
P384_HQC_192,P384_Dilithium3,131.550217
P384_HQC_192,P384_Dilithium3,140.218559
P384_HQC_192,P384_Dilithium3,132.177915
P384_HQC_192,P384_Dilithium3,130.746233
P384_HQC_192,P384_Dilithium3,132.512191
P384_HQC_192,P384_Dilithium3,138.879348
P384_HQC_192,P384_Dilithium3,134.389079
P384_HQC_192,P384_Dilithium3,136.410977
P384_HQC_192,P384_Dilithium3,136.21373
P384_HQC_192,P384_Dilithium3,133.348036
P384_HQC_192,P384_Dilithium3,129.152649
P384_HQC_192,P384_Dilithium3,132.12917
P384_HQC_192,P384_Dilithium3,132.275506
P384_HQC_192,P384_Dilithium3,130.692986
P384_HQC_192,P384_Dilithium3,130.649133
P384_HQC_192,P384_Dilithium3,131.647835
P384_HQC_192,P384_Dilithium3,130.764285
P384_HQC_192,P384_Dilithium3,126.666689
P384_HQC_192,P384_Dilithium3,140.249363
P384_HQC_192,P384_Dilithium3,140.600239
P384_HQC_192,P384_Dilithium3,133.273233
P384_HQC_192,P384_Dilithium3,132.151863
P384_HQC_192,P384_Dilithium3,133.904913
P384_HQC_192,P384_Dilithium3,127.587113
P384_HQC_192,P384_Dilithium3,132.519528
P384_HQC_192,P384_Dilithium3,137.458885
P384_HQC_192,P384_Dilithium3,138.555439
P384_HQC_192,P384_Dilithium3,130.345287
P384_HQC_192,P384_Dilithium3,139.359467
P384_HQC_192,P384_Dilithium3,131.571164
P384_HQC_192,P384_Dilithium3,131.121677
P384_HQC_192,P384_Dilithium3,131.176054
P384_HQC_192,P384_Dilithium3,137.748854
P384_HQC_192,P384_Dilithium3,132.939982
P384_HQC_192,P384_Dilithium3,135.353482
P384_HQC_192,P384_Dilithium3,125.242942
P384_HQC_192,P384_Dilithium3,128.106787
P384_HQC_192,P384_Dilithium3,131.411245
P384_HQC_192,P384_Dilithium3,136.559857
P384_HQC_192,P384_Dilithium3,136.721749
P384_HQC_192,P384_Dilithium3,129.18947
P384_HQC_192,P384_Dilithium3,139.78455
P384_HQC_192,P384_Dilithium3,126.31838
P384_HQC_192,P384_Dilithium3,133.997339
P384_HQC_192,P384_Dilithium3,128.644317
P384_HQC_192,P384_Dilithium3,131.616897
P384_HQC_192,P384_Dilithium3,135.750366
P384_HQC_192,P384_Dilithium3,129.221174
P384_HQC_192,P384_Dilithium3,128.373092
P384_HQC_192,P384_Dilithium3,134.257737
P384_HQC_192,P384_Dilithium3,122.145517
P384_HQC_192,P384_Dilithium3,132.208679
P384_HQC_192,P384_Dilithium3,135.677007
P384_HQC_192,P384_Dilithium3,132.159757
P384_HQC_192,P384_Dilithium3,134.400976
P384_HQC_192,P384_Dilithium3,142.576261
P384_HQC_192,P384_Dilithium3,128.449687
P384_HQC_192,P384_Dilithium3,133.781792
P384_HQC_192,P384_Dilithium3,129.889442
P384_HQC_192,P384_Dilithium3,132.797118
P384_HQC_192,P384_Dilithium3,129.368831
P384_HQC_192,P384_Dilithium3,135.047662
P384_HQC_192,P384_Dilithium3,134.758217
P384_HQC_192,P384_Dilithium3,135.506277
P384_HQC_192,P384_Dilithium3,133.768978
P384_HQC_192,P384_Dilithium3,128.94768
P384_HQC_192,P384_Dilithium3,133.984581
P384_HQC_192,P384_Dilithium3,126.144169
P384_HQC_192,P384_Dilithium3,135.680225
P384_HQC_192,P384_Dilithium3,137.171125
P384_HQC_192,P384_Dilithium3,134.081315
P384_HQC_192,P384_Dilithium3,126.365398
P384_HQC_192,P384_Dilithium3,135.496766
P384_HQC_192,P384_Dilithium3,130.801243
P384_HQC_192,P384_Dilithium3,133.875678
P384_HQC_192,P384_Dilithium3,141.676775
P384_HQC_192,P384_Dilithium3,126.578773
P384_HQC_192,P384_Dilithium3,132.177029
P384_HQC_192,P384_Dilithium3,135.88094
P384_HQC_192,P384_Dilithium3,134.684237
P384_HQC_192,P384_Dilithium3,131.91998
P384_HQC_192,P384_Dilithium3,126.634548
P384_HQC_192,P384_Dilithium3,131.978134
P384_HQC_192,P384_Dilithium3,127.840143
P384_HQC_192,P384_Dilithium3,136.609047
P384_HQC_192,P384_Dilithium3,134.441165
P384_HQC_192,P384_Dilithium3,133.738416
P384_HQC_192,P384_Dilithium3,129.450234
P384_HQC_192,P384_Dilithium3,130.363062
P384_HQC_192,P384_Dilithium3,134.858804
P384_HQC_192,P384_Dilithium3,128.386967
P384_HQC_192,P384_Dilithium3,130.096187
P384_HQC_192,P384_Dilithium3,135.22169
P384_HQC_192,P384_Dilithium3,133.358698
P384_HQC_192,P384_Dilithium3,133.920345
P384_HQC_192,P384_Dilithium3,135.158237
P384_HQC_192,P384_Dilithium3,130.997994
P384_HQC_192,P384_Dilithium3,129.822743
P384_HQC_192,P384_Dilithium3,135.212562
P384_HQC_192,P384_Dilithium3,133.132277
P384_HQC_192,P384_Dilithium3,136.292791
P384_HQC_192,P384_Dilithium3,132.672506
P384_HQC_192,P384_Dilithium3,137.992642
P384_HQC_192,P384_Dilithium3,134.713813
P384_HQC_192,P384_Dilithium3,135.636035
P384_HQC_192,P384_Dilithium3,130.552889
P384_HQC_192,P384_Dilithium3,130.183038
P384_HQC_192,P384_Dilithium3,129.0168
P384_HQC_192,P384_Dilithium3,135.899382
P384_HQC_192,P384_Dilithium3,134.011292
P384_HQC_192,P384_Dilithium3,136.784329
P384_HQC_192,P384_Dilithium3,132.750735
P384_HQC_192,P384_Dilithium3,135.350468
P384_HQC_192,P384_Dilithium3,128.25099
P384_HQC_192,P384_Dilithium3,125.800258
P384_HQC_192,P384_Dilithium3,128.843362
P384_HQC_192,P384_Dilithium3,138.713676
P384_HQC_192,P384_Dilithium3,131.735876
P384_HQC_192,P384_Dilithium3,128.258694
P384_HQC_192,P384_Dilithium3,134.050207
P384_HQC_192,P384_Dilithium3,132.704385
P384_HQC_192,P384_Dilithium3,133.781125
P384_HQC_192,P384_Dilithium3,138.007242
P384_HQC_192,P384_Dilithium3,135.383218
P384_HQC_192,P384_Dilithium3,126.43053
P384_HQC_192,P384_Dilithium3,133.18776
P384_HQC_192,P384_Dilithium3,133.344823
P384_HQC_192,P384_Dilithium3,136.331225
P384_HQC_192,P384_Dilithium3,133.248591
P384_HQC_192,P384_Dilithium3,134.786177
P384_HQC_192,P384_Dilithium3,127.849132
P384_HQC_192,P384_Dilithium3,130.381085
P384_HQC_192,P384_Dilithium3,139.377879
P384_HQC_192,P384_Dilithium3,134.838251
P384_HQC_192,P384_Dilithium3,134.620617
P384_HQC_192,P384_Dilithium3,136.197563
P384_HQC_192,P384_Dilithium3,130.030207
P384_HQC_192,P384_Dilithium3,131.999036
P384_HQC_192,P384_Dilithium3,129.980184
P384_HQC_192,P384_Dilithium3,136.990895
P384_HQC_192,P384_Dilithium3,135.652989
P384_HQC_192,P384_Dilithium3,131.191209
P384_HQC_192,P384_Dilithium3,128.068828
P384_HQC_192,P384_Dilithium3,136.580331
P384_HQC_192,P384_Dilithium3,143.147638
P384_HQC_192,P384_Dilithium3,133.647011
P384_HQC_192,P384_Dilithium3,132.812237
P384_HQC_192,P384_Dilithium3,139.608327
P384_HQC_192,P384_Dilithium3,136.315427
P384_HQC_192,P384_Dilithium3,134.941753
P384_HQC_192,P384_Dilithium3,137.367852
P384_HQC_192,P384_Dilithium3,135.04691
P384_HQC_192,P384_Dilithium3,136.101288
P384_HQC_192,P384_Dilithium3,133.770818
P384_HQC_192,P384_Dilithium3,132.006404
P384_HQC_192,P384_Dilithium3,134.322622
P384_HQC_192,P384_Dilithium3,132.302316
P384_HQC_192,P384_Dilithium3,130.863072
P384_HQC_192,P384_Dilithium3,136.002941
P384_HQC_192,P384_Dilithium3,134.420402
P384_HQC_192,P384_Dilithium3,134.886586
P384_HQC_192,P384_Dilithium3,132.499894
P384_HQC_192,P384_Dilithium3,137.128856
P384_HQC_192,P384_Dilithium3,139.741626
P384_HQC_192,P384_Dilithium3,137.38991
P384_HQC_192,P384_Dilithium3,129.184971
P384_HQC_192,P384_Dilithium3,126.356386
P384_HQC_192,P384_Dilithium3,131.200567
P384_HQC_192,P384_Dilithium3,128.398228
P384_HQC_192,P384_Dilithium3,136.511861
P384_HQC_192,P384_Dilithium3,134.151475
P384_HQC_192,P384_Dilithium3,130.402489
P384_HQC_192,P384_Dilithium3,133.983133
P384_HQC_192,P384_Dilithium3,136.599461
P384_HQC_192,P384_Dilithium3,134.262871
P384_HQC_192,P384_Dilithium3,134.373052
P384_HQC_192,P384_Dilithium3,129.648829
P384_HQC_192,P384_Dilithium3,137.138648
P384_HQC_192,P384_Dilithium3,136.887783
P384_HQC_192,P384_Dilithium3,131.193381
P384_HQC_192,P384_Dilithium3,128.791145
P384_HQC_192,P384_Dilithium3,136.697358
P384_HQC_192,P384_Dilithium3,129.884692
P384_HQC_192,P384_Dilithium3,132.532071
P384_HQC_192,P384_Dilithium3,130.434751
P384_HQC_192,P384_Dilithium3,128.505083
P384_HQC_192,P384_Dilithium3,131.19663
P384_HQC_192,P384_Dilithium3,127.604743
P384_HQC_192,P384_Dilithium3,140.533829
P384_HQC_192,P384_Dilithium3,133.576272
P384_HQC_192,P384_Dilithium3,136.515205
P384_HQC_192,P384_Dilithium3,135.98796
P384_HQC_192,P384_Dilithium3,131.94056
P384_HQC_192,P384_Dilithium3,134.518086
P384_HQC_192,P384_Dilithium3,131.261826
P384_HQC_192,P384_Dilithium3,131.080838
P384_HQC_192,P384_Dilithium3,127.742343
P384_HQC_192,P384_Dilithium3,136.307178
P384_HQC_192,P384_Dilithium3,133.551774
P384_HQC_192,P384_Dilithium3,129.896375
P384_HQC_192,P384_Dilithium3,132.209322
P384_HQC_192,P384_Dilithium3,132.496749
P384_HQC_192,P384_Dilithium3,135.699776
P384_HQC_192,P384_Dilithium3,132.181469
P384_HQC_192,P384_Dilithium3,133.553923
P384_HQC_192,P384_Dilithium3,130.744621
P384_HQC_192,P384_Dilithium3,131.640238
P384_HQC_192,P384_Dilithium3,135.95949
P384_HQC_192,P384_Dilithium3,132.60278
P384_HQC_192,P384_Dilithium3,133.274044
P384_HQC_192,P384_Dilithium3,138.999631
P384_HQC_192,P384_Dilithium3,129.655516
P384_HQC_192,P384_Dilithium3,136.309567
P384_HQC_192,P384_Dilithium3,134.087458
P384_HQC_192,P384_Dilithium3,135.507185
P384_HQC_192,P384_Dilithium3,131.579802
P384_HQC_192,P384_Dilithium3,133.489711
P384_HQC_192,P384_Dilithium3,134.311838
P384_HQC_192,P384_Dilithium3,129.094521
P384_HQC_192,P384_Dilithium3,133.178058
P384_HQC_192,P384_Dilithium3,137.662138
P384_HQC_192,P384_Dilithium3,138.25139
P384_HQC_192,P384_Dilithium3,132.369135
P384_HQC_192,P384_Dilithium3,132.227243
P384_HQC_192,P384_Dilithium3,133.824678
P384_HQC_192,P384_Dilithium3,135.353177
P384_HQC_192,P384_Dilithium3,131.318835
P384_HQC_192,P384_Dilithium3,131.247272
P384_HQC_192,P384_Dilithium3,131.444048
P384_HQC_192,P384_Dilithium3,135.217882
P384_HQC_192,P384_Dilithium3,138.356136
P384_HQC_192,P384_Dilithium3,128.152998
P384_HQC_192,P384_Dilithium3,139.746627
P384_HQC_192,P384_Dilithium3,132.336046
P384_HQC_192,P384_Dilithium3,131.614898
P384_HQC_192,P384_Dilithium3,129.52541
P384_HQC_192,P384_Dilithium3,130.72127
P384_HQC_192,P384_Dilithium3,130.979914
P384_HQC_192,P384_Dilithium3,128.740661
P384_HQC_192,P384_Dilithium3,130.755187
P384_HQC_192,P384_Dilithium3,141.867089
P384_HQC_192,P384_Dilithium3,135.821118
P384_HQC_192,P384_Dilithium3,134.137681
P384_HQC_192,P384_Dilithium3,134.976595
P384_HQC_192,P384_Dilithium3,133.217078
P384_HQC_192,P384_Dilithium3,125.850204
P384_HQC_192,P384_Dilithium3,133.826962
P384_HQC_192,P384_Dilithium3,132.63098
P384_HQC_192,P384_Dilithium3,134.934968
P384_HQC_192,P384_Dilithium3,128.729953
P384_HQC_192,P384_Dilithium3,133.098407
P384_HQC_192,P384_Dilithium3,138.375584
P384_HQC_192,P384_Dilithium3,128.123792
P384_HQC_192,P384_Dilithium3,129.04171
P384_HQC_192,P384_Dilithium3,134.352789
P384_HQC_192,P384_Dilithium3,134.904378
P384_HQC_192,P384_Dilithium3,139.383864
P384_HQC_192,P384_Dilithium3,132.467393
P384_HQC_192,P384_Dilithium3,132.14306
P384_HQC_192,P384_Dilithium3,129.37532
P384_HQC_192,P384_Dilithium3,132.52807
P384_HQC_192,P384_Dilithium3,134.143403
P384_HQC_192,P384_Dilithium3,138.558048
P384_HQC_192,P384_Dilithium3,133.416247
P384_HQC_192,P384_Dilithium3,133.417758
P384_HQC_192,P384_Dilithium3,132.179614
P384_HQC_192,P384_Dilithium3,125.737043
P384_HQC_192,P384_Dilithium3,129.116876
P384_HQC_192,P384_Dilithium3,128.583405
P384_HQC_192,P384_Dilithium3,132.582364
P384_HQC_192,P384_Dilithium3,130.247647
P384_HQC_192,P384_Dilithium3,134.999784
P384_HQC_192,P384_Dilithium3,129.687515
P384_HQC_192,P384_Dilithium3,137.409855
P384_HQC_192,P384_Dilithium3,128.53704
P384_HQC_192,P384_Dilithium3,132.962314
P384_HQC_192,P384_Dilithium3,130.398538
P384_HQC_192,P384_Dilithium3,136.138909
P384_HQC_192,P384_Dilithium3,136.430707
P384_HQC_192,P384_Dilithium3,125.279467
P384_HQC_192,P384_Dilithium3,134.238931
P384_HQC_192,P384_Dilithium3,130.177915
P384_HQC_192,P384_Dilithium3,131.7265
P384_HQC_192,P384_Dilithium3,133.409156
P384_HQC_192,P384_Dilithium3,127.494072
P384_HQC_192,P384_Dilithium3,138.922175
P384_HQC_192,P384_Dilithium3,128.88401
P384_HQC_192,P384_Dilithium3,124.902329
P384_HQC_192,P384_Dilithium3,129.642201
P384_HQC_192,P384_Dilithium3,131.759606
P384_HQC_192,P384_Dilithium3,134.295798
P384_HQC_192,P384_Dilithium3,135.327111
P384_HQC_192,P384_Dilithium3,132.973866
P384_HQC_192,P384_Dilithium3,130.547192
P384_HQC_192,P384_Dilithium3,137.38031
P384_HQC_192,P384_Dilithium3,131.303754
P384_HQC_192,P384_Dilithium3,131.553525
P384_HQC_192,P384_Dilithium3,130.798349
P384_HQC_192,P384_Dilithium3,134.454159
P384_HQC_192,P384_Dilithium3,135.332283
P384_HQC_192,P384_Dilithium3,139.412923
P384_HQC_192,P384_Dilithium3,131.215722
P384_HQC_192,P384_Dilithium3,128.654993
P384_HQC_192,P384_Dilithium3,135.843377
P384_HQC_192,P384_Dilithium3,132.413612
P384_HQC_192,P384_Dilithium3,130.44597
P384_HQC_192,P384_Dilithium3,134.887064
P384_HQC_192,P384_Dilithium3,135.581229
P384_HQC_192,P384_Dilithium3,135.463085
P384_HQC_192,P384_Dilithium3,136.636467
P384_HQC_192,P384_Dilithium3,135.720843
P384_HQC_192,P384_Dilithium3,130.122815
P384_HQC_192,P384_Dilithium3,134.399371
P384_HQC_192,P384_Dilithium3,138.225852
P384_HQC_192,P384_Dilithium3,129.303954
P384_HQC_192,P384_Dilithium3,131.720724
P384_HQC_192,P384_Dilithium3,132.791498
P384_HQC_192,P384_Dilithium3,129.734261
P384_HQC_192,P384_Dilithium3,137.158376
P384_HQC_192,P384_Dilithium3,130.67209
P384_HQC_192,P384_Dilithium3,126.480608
P384_HQC_192,P384_Dilithium3,134.305571
P384_HQC_192,P384_Dilithium3,137.8176
P384_HQC_192,P384_Dilithium3,132.279381
P384_HQC_192,P384_Dilithium3,133.461121
P384_HQC_192,P384_Dilithium3,136.744713
P384_HQC_192,P384_Dilithium3,128.472105
P384_HQC_192,P384_Dilithium3,127.474353
P384_HQC_192,P384_Dilithium3,138.825702
P384_HQC_192,P384_Dilithium3,134.488254
P384_HQC_192,P384_Dilithium3,133.830406
P384_HQC_192,P384_Dilithium3,133.583751
P384_HQC_192,P384_Dilithium3,130.755743
P384_HQC_192,P384_Dilithium3,132.129503
P384_HQC_192,P384_Dilithium3,135.925382
P384_HQC_192,P384_Dilithium3,130.425588
P384_HQC_192,P384_Dilithium3,133.087336
P384_HQC_192,P384_Dilithium3,137.617338
P384_HQC_192,P384_Dilithium3,129.835987
P384_HQC_192,P384_Dilithium3,127.61237
P384_HQC_192,P384_Dilithium3,133.310182
P384_HQC_192,P384_Dilithium3,130.5308
P384_HQC_192,P384_Dilithium3,134.227916
P384_HQC_192,P384_Dilithium3,128.061108
P384_HQC_192,P384_Dilithium3,129.758288
P384_HQC_192,P384_Dilithium3,132.003669
P384_HQC_192,P384_Dilithium3,130.051007
P384_HQC_192,P384_Dilithium3,138.943626
P384_HQC_192,P384_Dilithium3,131.717366
P384_HQC_192,P384_Dilithium3,133.517287
P384_HQC_192,P384_Dilithium3,135.857038
P384_HQC_192,P384_Dilithium3,135.5592
P384_HQC_192,P384_Dilithium3,136.95173
P384_HQC_192,P384_Dilithium3,138.078964
P384_HQC_192,P384_Dilithium3,135.559606
P384_HQC_192,P384_Dilithium3,131.846083
P384_HQC_192,P384_Dilithium3,129.900047
P384_HQC_192,P384_Dilithium3,137.48739
P384_HQC_192,P384_Dilithium3,134.280175
P384_HQC_192,P384_Dilithium3,130.464142
P384_HQC_192,P384_Dilithium3,133.226725
P384_HQC_192,P384_Dilithium3,130.132232
P384_HQC_192,P384_Dilithium3,134.478265
P384_HQC_192,P384_Dilithium3,135.729673
P384_HQC_192,P384_Dilithium3,135.77515
P384_HQC_192,P384_Dilithium3,129.73298
P384_HQC_192,P384_Dilithium3,133.252241
P384_HQC_192,P384_Dilithium3,134.890322
P384_HQC_192,P384_Dilithium3,127.553695
P384_HQC_192,P384_Dilithium3,131.978587
P384_HQC_192,P384_Dilithium3,135.576362
P384_HQC_192,P384_Dilithium3,128.840316
P384_HQC_192,P384_Dilithium3,133.01138
P384_HQC_192,P384_Dilithium3,136.475467
P384_HQC_192,P384_Dilithium3,129.163327
P384_HQC_192,P384_Dilithium3,129.254105
P384_HQC_192,P384_Dilithium3,129.785596
P384_HQC_192,P384_Dilithium3,130.41793
P384_HQC_192,P384_Dilithium3,134.733033
P384_HQC_192,P384_Dilithium3,140.459056
P384_HQC_192,P384_Dilithium3,134.592667
P384_HQC_192,P384_Dilithium3,134.864755
P384_HQC_192,P384_Dilithium3,133.712394
P384_HQC_192,P384_Dilithium3,132.14156
P384_HQC_192,P384_Dilithium3,133.542825
P384_HQC_192,P384_Dilithium3,139.538914
P384_HQC_192,P384_Dilithium3,135.374254
P384_HQC_192,P384_Dilithium3,135.97597
P384_HQC_192,P384_Dilithium3,137.547429
P384_HQC_192,P384_Dilithium3,130.220528
P384_HQC_192,P384_Dilithium3,132.951182
P384_HQC_192,P384_Dilithium3,132.465313
P384_HQC_192,P384_Dilithium3,138.243606
P384_HQC_192,P384_Dilithium3,129.913872
P384_HQC_192,P384_Dilithium3,133.187305
P384_HQC_192,P384_Dilithium3,130.991022
P384_HQC_192,P384_Dilithium3,135.243856
P384_HQC_192,P384_Dilithium3,133.268495
P384_HQC_192,P384_Dilithium3,133.316149
P384_HQC_192,P384_Dilithium3,132.049488
P384_HQC_192,P384_Dilithium3,136.696561
P384_HQC_192,P384_Dilithium3,132.641777
P384_HQC_192,P384_Dilithium3,126.473655
P384_HQC_192,P384_Dilithium3,131.683068
P384_HQC_192,P384_Dilithium3,133.254188
P384_HQC_192,P384_Dilithium3,132.15158
P384_HQC_192,P384_Dilithium3,130.677509
P384_HQC_192,P384_Dilithium3,129.31613
P384_HQC_192,P384_Dilithium3,139.122059
P384_HQC_192,P384_Dilithium3,127.508308
P384_HQC_192,P384_Dilithium3,140.468617
P384_HQC_192,P384_Dilithium3,129.443956
P384_HQC_192,P384_Dilithium3,135.988021
P384_HQC_192,P384_Dilithium3,129.208714
P384_HQC_192,P384_Dilithium3,130.857124
P384_HQC_192,P384_Dilithium3,133.516521
P384_HQC_192,P384_Dilithium3,129.306259
P384_HQC_192,P384_Dilithium3,130.277892
P384_HQC_192,P384_Dilithium3,134.707822
P384_HQC_192,P384_Dilithium3,137.869664
P384_HQC_192,P384_Dilithium3,141.510293
P384_HQC_192,P384_Dilithium3,127.896725
P384_HQC_192,P384_Dilithium3,128.416663
P384_HQC_192,P384_Dilithium3,136.2237
P384_HQC_192,P384_Dilithium3,127.869664
P384_HQC_192,P384_Dilithium3,132.121764
P384_HQC_192,P384_Dilithium3,129.095932
P384_HQC_192,P384_Dilithium3,135.182431
P384_HQC_192,P384_Dilithium3,132.799865
P384_HQC_192,P384_Dilithium3,129.218277
P384_HQC_192,P384_Dilithium3,136.539917
P384_HQC_192,P384_Dilithium3,127.696516
P384_HQC_192,P384_Dilithium3,133.366784
P384_HQC_192,P384_Dilithium3,136.124334
P384_HQC_192,P384_Dilithium3,138.032138
P384_HQC_192,P384_Dilithium3,134.665279
P384_HQC_192,P384_Dilithium3,129.339779
P384_HQC_192,P384_Dilithium3,134.354246
P384_HQC_192,P384_Dilithium3,135.985934
P384_HQC_192,P384_Dilithium3,136.952231
P384_HQC_192,P384_Dilithium3,137.071824
P384_HQC_192,P384_Dilithium3,138.155931
P384_HQC_192,P384_Dilithium3,131.053327
P384_HQC_192,P384_Dilithium3,134.153356
P384_HQC_192,P384_Dilithium3,129.43079
P384_HQC_192,P384_Dilithium3,134.030464
P384_HQC_192,P384_Dilithium3,134.070549
P384_HQC_192,P384_Dilithium3,137.301597
P384_HQC_192,P384_Dilithium3,129.275497
P384_HQC_192,P384_Dilithium3,129.359431
P384_HQC_192,P384_Dilithium3,129.708119
P384_HQC_192,P384_Dilithium3,132.067664
P384_HQC_192,P384_Dilithium3,134.499601
P384_HQC_192,P384_Dilithium3,127.476187
P384_HQC_192,P384_Dilithium3,132.76795
P384_HQC_192,P384_Dilithium3,132.075156
P384_HQC_192,P384_Dilithium3,133.477085
P384_HQC_192,P384_Dilithium3,130.727908
P384_HQC_192,P384_Dilithium3,136.171605
P384_HQC_192,P384_Dilithium3,137.265674
P384_HQC_192,P384_Dilithium3,130.106443
P384_HQC_192,P384_Dilithium3,132.35024
P384_HQC_192,P384_Dilithium3,128.421962
P384_HQC_192,P384_Dilithium3,130.260736
P384_HQC_192,P384_Dilithium3,131.021965
P384_HQC_192,P384_Dilithium3,130.597426
P384_HQC_192,P384_Dilithium3,134.820415
P384_HQC_192,P384_Dilithium3,131.796405
P384_HQC_192,P384_Dilithium3,130.638384
P384_HQC_192,P384_Dilithium3,131.391411
P384_HQC_192,P384_Dilithium3,129.246722
P384_HQC_192,P384_Dilithium3,136.567541
P384_HQC_192,P384_Dilithium3,132.871063
P384_HQC_192,P384_Dilithium3,135.967117
P384_HQC_192,P384_Dilithium3,132.55661
P384_HQC_192,P384_Dilithium3,127.434229
P384_HQC_192,P384_Dilithium3,134.553729
P384_HQC_192,P384_Dilithium3,129.323302
P384_HQC_192,P384_Dilithium3,136.684631
P384_HQC_192,P384_Dilithium3,132.881115
P384_HQC_192,P384_Dilithium3,128.287324
P384_HQC_192,P384_Dilithium3,132.030255
P384_HQC_192,P384_Dilithium3,133.516774
P384_HQC_192,P384_Dilithium3,133.328252
P384_HQC_192,P384_Dilithium3,133.003807
P384_HQC_192,P384_Dilithium3,129.487415
P384_HQC_192,P384_Dilithium3,139.16359
P384_HQC_192,P384_Dilithium3,134.746859
P384_HQC_192,P384_Dilithium3,130.216538
P384_HQC_192,P384_Dilithium3,133.449495
P384_HQC_192,P384_Dilithium3,135.954992
P384_HQC_192,P384_Dilithium3,126.501469
P384_HQC_192,P384_Dilithium3,139.62967
P384_HQC_192,P384_Dilithium3,134.114513
P384_HQC_192,P384_Dilithium3,132.278458
P384_HQC_192,P384_Dilithium3,134.798101
P384_HQC_192,P384_Dilithium3,132.48793
P384_HQC_192,P384_Dilithium3,126.890253
P384_HQC_192,P384_Dilithium3,133.141945
P384_HQC_192,P384_Dilithium3,130.714242
P384_HQC_192,P384_Dilithium3,137.598604
P384_HQC_192,P384_Dilithium3,133.726734
P384_HQC_192,P384_Dilithium3,133.387523
P384_HQC_192,P384_Dilithium3,132.6828
P384_HQC_192,P384_Dilithium3,135.301769
P384_HQC_192,P384_Dilithium3,129.62122
P384_HQC_192,P384_Dilithium3,143.75988
P384_HQC_192,P384_Dilithium3,139.522268
P384_HQC_192,P384_Dilithium3,133.418901
P384_HQC_192,P384_Dilithium3,136.101158
P384_HQC_192,P384_Dilithium3,135.134
P384_HQC_192,P384_Dilithium3,133.792498
P384_HQC_192,P384_Dilithium3,130.738111
P384_HQC_192,P384_Dilithium3,132.109827
P384_HQC_192,P384_Dilithium3,132.374725
P384_HQC_192,P384_Dilithium3,129.323795
P384_HQC_192,P384_Dilithium3,130.836141
P384_HQC_192,P384_Dilithium3,132.99308
P384_HQC_192,P384_Dilithium3,125.706668
P384_HQC_192,P384_Dilithium3,128.892414
P384_HQC_192,P384_Dilithium3,131.462144
P384_HQC_192,P384_Dilithium3,135.887115
P384_HQC_192,P384_Dilithium3,125.486645
P384_HQC_192,P384_Dilithium3,130.75484
P384_HQC_192,P384_Dilithium3,137.159689
P384_HQC_192,P384_Dilithium3,134.636317
P384_HQC_192,P384_Dilithium3,128.578398
P384_HQC_192,P384_Dilithium3,133.15875
P384_HQC_192,P384_Dilithium3,138.678009
P384_HQC_192,P384_Dilithium3,135.739988
P384_HQC_192,P384_Dilithium3,137.793597
P384_HQC_192,P384_Dilithium3,131.459401
P384_HQC_192,P384_Dilithium3,136.181732
P384_HQC_192,P384_Dilithium3,136.468937
P384_HQC_192,P384_Dilithium3,140.14821
P384_HQC_192,P384_Dilithium3,132.292908
P384_HQC_192,P384_Dilithium3,134.338788
P384_HQC_192,P384_Dilithium3,125.47106
P384_HQC_192,P384_Dilithium3,133.751792
P384_HQC_192,P384_Dilithium3,139.023728
P384_HQC_192,P384_Dilithium3,131.871534
P384_HQC_192,P384_Dilithium3,129.544624
P384_HQC_192,P384_Dilithium3,138.177659
P384_HQC_192,P384_Dilithium3,131.590605
P384_HQC_192,P384_Dilithium3,138.343115
P384_HQC_192,P384_Dilithium3,139.475245
P384_HQC_192,P384_Dilithium3,132.383673
P384_HQC_192,P384_Dilithium3,137.089346
P384_HQC_192,P384_Dilithium3,136.893849
P384_HQC_192,P384_Dilithium3,134.698062
P384_HQC_192,P384_Dilithium3,134.902347
P384_HQC_192,P384_Dilithium3,133.92756
P384_HQC_192,P384_Dilithium3,132.55564
P384_HQC_192,P384_Dilithium3,130.875011
P384_HQC_192,P384_Dilithium3,132.115618
P384_HQC_192,P384_Dilithium3,137.572464
P384_HQC_192,P384_Dilithium3,137.989376
P384_HQC_192,P384_Dilithium3,136.904611
P384_HQC_192,P384_Dilithium3,134.754711
P384_HQC_192,P384_Dilithium3,133.233037
P384_HQC_192,P384_Dilithium3,133.576811
P384_HQC_192,P384_Dilithium3,135.27211
P384_HQC_192,P384_Dilithium3,135.798258
P384_HQC_192,P384_Dilithium3,136.419451
P384_HQC_192,P384_Dilithium3,129.467822
P384_HQC_192,P384_Dilithium3,132.421854
P384_HQC_192,P384_Dilithium3,138.985012
P384_HQC_192,P384_Dilithium3,128.020445
P384_HQC_192,P384_Dilithium3,130.854238
P384_HQC_192,P384_Dilithium3,137.834402
P384_HQC_192,P384_Dilithium3,135.632074
P384_HQC_192,P384_Dilithium3,133.635753
P384_HQC_192,P384_Dilithium3,132.142851
P384_HQC_192,P384_Dilithium3,132.891809
P384_HQC_192,P384_Dilithium3,128.465949
P384_HQC_192,P384_Dilithium3,135.69901
P384_HQC_192,P384_Dilithium3,129.223639
P384_HQC_192,P384_Dilithium3,136.203608
P384_HQC_192,P384_Dilithium3,136.178517
P384_BIKE_L3,P384_Dilithium3,93.040767
P384_BIKE_L3,P384_Dilithium3,92.754573
P384_BIKE_L3,P384_Dilithium3,100.674881
P384_BIKE_L3,P384_Dilithium3,93.193113
P384_BIKE_L3,P384_Dilithium3,102.052261
P384_BIKE_L3,P384_Dilithium3,97.95944
P384_BIKE_L3,P384_Dilithium3,98.508087
P384_BIKE_L3,P384_Dilithium3,97.705364
P384_BIKE_L3,P384_Dilithium3,93.946978
P384_BIKE_L3,P384_Dilithium3,104.661039
P384_BIKE_L3,P384_Dilithium3,97.023369
P384_BIKE_L3,P384_Dilithium3,99.305105
P384_BIKE_L3,P384_Dilithium3,96.70425
P384_BIKE_L3,P384_Dilithium3,102.831213
P384_BIKE_L3,P384_Dilithium3,96.048874
P384_BIKE_L3,P384_Dilithium3,98.487
P384_BIKE_L3,P384_Dilithium3,96.424057
P384_BIKE_L3,P384_Dilithium3,95.612096
P384_BIKE_L3,P384_Dilithium3,100.071166
P384_BIKE_L3,P384_Dilithium3,99.758275
P384_BIKE_L3,P384_Dilithium3,100.849169
P384_BIKE_L3,P384_Dilithium3,101.733169
P384_BIKE_L3,P384_Dilithium3,91.695231
P384_BIKE_L3,P384_Dilithium3,98.76124
P384_BIKE_L3,P384_Dilithium3,93.596376
P384_BIKE_L3,P384_Dilithium3,106.836045
P384_BIKE_L3,P384_Dilithium3,95.212125
P384_BIKE_L3,P384_Dilithium3,93.435394
P384_BIKE_L3,P384_Dilithium3,99.221752
P384_BIKE_L3,P384_Dilithium3,96.739067
P384_BIKE_L3,P384_Dilithium3,97.556873
P384_BIKE_L3,P384_Dilithium3,102.552693
P384_BIKE_L3,P384_Dilithium3,96.258481
P384_BIKE_L3,P384_Dilithium3,101.289644
P384_BIKE_L3,P384_Dilithium3,106.06145
P384_BIKE_L3,P384_Dilithium3,99.814258
P384_BIKE_L3,P384_Dilithium3,98.125797
P384_BIKE_L3,P384_Dilithium3,98.020043
P384_BIKE_L3,P384_Dilithium3,95.519153
P384_BIKE_L3,P384_Dilithium3,104.036014
P384_BIKE_L3,P384_Dilithium3,96.269068
P384_BIKE_L3,P384_Dilithium3,94.993289
P384_BIKE_L3,P384_Dilithium3,98.7515
P384_BIKE_L3,P384_Dilithium3,95.161262
P384_BIKE_L3,P384_Dilithium3,96.261463
P384_BIKE_L3,P384_Dilithium3,95.185025
P384_BIKE_L3,P384_Dilithium3,106.327341
P384_BIKE_L3,P384_Dilithium3,102.73807
P384_BIKE_L3,P384_Dilithium3,92.201855
P384_BIKE_L3,P384_Dilithium3,99.887431
P384_BIKE_L3,P384_Dilithium3,97.415525
P384_BIKE_L3,P384_Dilithium3,95.546611
P384_BIKE_L3,P384_Dilithium3,95.000065
P384_BIKE_L3,P384_Dilithium3,101.753221
P384_BIKE_L3,P384_Dilithium3,96.669674
P384_BIKE_L3,P384_Dilithium3,94.553894
P384_BIKE_L3,P384_Dilithium3,96.852442
P384_BIKE_L3,P384_Dilithium3,104.556343
P384_BIKE_L3,P384_Dilithium3,100.784389
P384_BIKE_L3,P384_Dilithium3,101.58838
P384_BIKE_L3,P384_Dilithium3,107.617712
P384_BIKE_L3,P384_Dilithium3,104.067509
P384_BIKE_L3,P384_Dilithium3,93.058778
P384_BIKE_L3,P384_Dilithium3,94.350796
P384_BIKE_L3,P384_Dilithium3,93.364934
P384_BIKE_L3,P384_Dilithium3,100.454823
P384_BIKE_L3,P384_Dilithium3,93.709213
P384_BIKE_L3,P384_Dilithium3,106.809656
P384_BIKE_L3,P384_Dilithium3,101.354843
P384_BIKE_L3,P384_Dilithium3,101.882373
P384_BIKE_L3,P384_Dilithium3,102.696223
P384_BIKE_L3,P384_Dilithium3,92.959933
P384_BIKE_L3,P384_Dilithium3,99.717299
P384_BIKE_L3,P384_Dilithium3,95.217241
P384_BIKE_L3,P384_Dilithium3,104.881688
P384_BIKE_L3,P384_Dilithium3,94.288597
P384_BIKE_L3,P384_Dilithium3,92.673054
P384_BIKE_L3,P384_Dilithium3,95.754827
P384_BIKE_L3,P384_Dilithium3,104.383633
P384_BIKE_L3,P384_Dilithium3,100.605465
P384_BIKE_L3,P384_Dilithium3,96.373368
P384_BIKE_L3,P384_Dilithium3,96.665722
P384_BIKE_L3,P384_Dilithium3,91.210497
P384_BIKE_L3,P384_Dilithium3,93.260158
P384_BIKE_L3,P384_Dilithium3,99.523643
P384_BIKE_L3,P384_Dilithium3,98.124838
P384_BIKE_L3,P384_Dilithium3,96.506122
P384_BIKE_L3,P384_Dilithium3,97.320115
P384_BIKE_L3,P384_Dilithium3,95.921785
P384_BIKE_L3,P384_Dilithium3,94.722805
P384_BIKE_L3,P384_Dilithium3,99.26539
P384_BIKE_L3,P384_Dilithium3,102.993152
P384_BIKE_L3,P384_Dilithium3,96.202546
P384_BIKE_L3,P384_Dilithium3,102.597397
P384_BIKE_L3,P384_Dilithium3,99.609673
P384_BIKE_L3,P384_Dilithium3,94.127015
P384_BIKE_L3,P384_Dilithium3,95.359275
P384_BIKE_L3,P384_Dilithium3,102.039938
P384_BIKE_L3,P384_Dilithium3,94.621439
P384_BIKE_L3,P384_Dilithium3,90.866699
P384_BIKE_L3,P384_Dilithium3,101.268043
P384_BIKE_L3,P384_Dilithium3,98.820192
P384_BIKE_L3,P384_Dilithium3,96.07085
P384_BIKE_L3,P384_Dilithium3,97.446413
P384_BIKE_L3,P384_Dilithium3,99.733763
P384_BIKE_L3,P384_Dilithium3,99.979679
P384_BIKE_L3,P384_Dilithium3,94.667718
P384_BIKE_L3,P384_Dilithium3,100.674879
P384_BIKE_L3,P384_Dilithium3,97.564826
P384_BIKE_L3,P384_Dilithium3,101.076486
P384_BIKE_L3,P384_Dilithium3,99.102326
P384_BIKE_L3,P384_Dilithium3,94.990062
P384_BIKE_L3,P384_Dilithium3,103.455507
P384_BIKE_L3,P384_Dilithium3,93.869761
P384_BIKE_L3,P384_Dilithium3,97.768951
P384_BIKE_L3,P384_Dilithium3,98.940162
P384_BIKE_L3,P384_Dilithium3,95.86132
P384_BIKE_L3,P384_Dilithium3,104.287624
P384_BIKE_L3,P384_Dilithium3,103.471235
P384_BIKE_L3,P384_Dilithium3,97.857217
P384_BIKE_L3,P384_Dilithium3,100.212275
P384_BIKE_L3,P384_Dilithium3,94.648472
P384_BIKE_L3,P384_Dilithium3,92.968147
P384_BIKE_L3,P384_Dilithium3,93.412763
P384_BIKE_L3,P384_Dilithium3,96.004662
P384_BIKE_L3,P384_Dilithium3,94.745488
P384_BIKE_L3,P384_Dilithium3,98.795634
P384_BIKE_L3,P384_Dilithium3,97.956721
P384_BIKE_L3,P384_Dilithium3,92.873442
P384_BIKE_L3,P384_Dilithium3,96.161424
P384_BIKE_L3,P384_Dilithium3,100.74351
P384_BIKE_L3,P384_Dilithium3,96.266008
P384_BIKE_L3,P384_Dilithium3,98.973375
P384_BIKE_L3,P384_Dilithium3,98.381475
P384_BIKE_L3,P384_Dilithium3,99.962523
P384_BIKE_L3,P384_Dilithium3,98.212277
P384_BIKE_L3,P384_Dilithium3,92.95089
P384_BIKE_L3,P384_Dilithium3,96.240894
P384_BIKE_L3,P384_Dilithium3,96.893538
P384_BIKE_L3,P384_Dilithium3,101.732896
P384_BIKE_L3,P384_Dilithium3,95.176772
P384_BIKE_L3,P384_Dilithium3,96.418352
P384_BIKE_L3,P384_Dilithium3,98.300108
P384_BIKE_L3,P384_Dilithium3,99.908808
P384_BIKE_L3,P384_Dilithium3,104.608223
P384_BIKE_L3,P384_Dilithium3,97.598717
P384_BIKE_L3,P384_Dilithium3,100.232607
P384_BIKE_L3,P384_Dilithium3,104.156017
P384_BIKE_L3,P384_Dilithium3,95.951055
P384_BIKE_L3,P384_Dilithium3,93.83865
P384_BIKE_L3,P384_Dilithium3,99.521631
P384_BIKE_L3,P384_Dilithium3,95.004986
P384_BIKE_L3,P384_Dilithium3,97.039305
P384_BIKE_L3,P384_Dilithium3,94.685854
P384_BIKE_L3,P384_Dilithium3,99.850201
P384_BIKE_L3,P384_Dilithium3,96.193378
P384_BIKE_L3,P384_Dilithium3,93.223703
P384_BIKE_L3,P384_Dilithium3,104.297522
P384_BIKE_L3,P384_Dilithium3,100.281101
P384_BIKE_L3,P384_Dilithium3,96.547699
P384_BIKE_L3,P384_Dilithium3,97.252127
P384_BIKE_L3,P384_Dilithium3,93.425208
P384_BIKE_L3,P384_Dilithium3,95.911376
P384_BIKE_L3,P384_Dilithium3,95.1046
P384_BIKE_L3,P384_Dilithium3,99.046944
P384_BIKE_L3,P384_Dilithium3,94.563178
P384_BIKE_L3,P384_Dilithium3,96.035327
P384_BIKE_L3,P384_Dilithium3,98.270509
P384_BIKE_L3,P384_Dilithium3,93.928787
P384_BIKE_L3,P384_Dilithium3,96.44064
P384_BIKE_L3,P384_Dilithium3,97.722442
P384_BIKE_L3,P384_Dilithium3,98.161172
P384_BIKE_L3,P384_Dilithium3,96.074384
P384_BIKE_L3,P384_Dilithium3,100.213156
P384_BIKE_L3,P384_Dilithium3,92.940475
P384_BIKE_L3,P384_Dilithium3,100.301365
P384_BIKE_L3,P384_Dilithium3,99.183894
P384_BIKE_L3,P384_Dilithium3,93.98621
P384_BIKE_L3,P384_Dilithium3,99.052722
P384_BIKE_L3,P384_Dilithium3,105.539351
P384_BIKE_L3,P384_Dilithium3,102.557802
P384_BIKE_L3,P384_Dilithium3,99.362415
P384_BIKE_L3,P384_Dilithium3,93.468166
P384_BIKE_L3,P384_Dilithium3,93.997438
P384_BIKE_L3,P384_Dilithium3,98.484399
P384_BIKE_L3,P384_Dilithium3,96.207619
P384_BIKE_L3,P384_Dilithium3,98.381709
P384_BIKE_L3,P384_Dilithium3,102.76322
P384_BIKE_L3,P384_Dilithium3,91.106894
P384_BIKE_L3,P384_Dilithium3,106.270337
P384_BIKE_L3,P384_Dilithium3,98.233812
P384_BIKE_L3,P384_Dilithium3,90.315266
P384_BIKE_L3,P384_Dilithium3,100.797112
P384_BIKE_L3,P384_Dilithium3,99.310461
P384_BIKE_L3,P384_Dilithium3,101.701099
P384_BIKE_L3,P384_Dilithium3,97.511428
P384_BIKE_L3,P384_Dilithium3,100.480041
P384_BIKE_L3,P384_Dilithium3,97.777463
P384_BIKE_L3,P384_Dilithium3,94.656075
P384_BIKE_L3,P384_Dilithium3,93.904195
P384_BIKE_L3,P384_Dilithium3,100.13101
P384_BIKE_L3,P384_Dilithium3,96.162018
P384_BIKE_L3,P384_Dilithium3,97.411007
P384_BIKE_L3,P384_Dilithium3,96.927668
P384_BIKE_L3,P384_Dilithium3,98.911143
P384_BIKE_L3,P384_Dilithium3,96.323939
P384_BIKE_L3,P384_Dilithium3,95.339656
P384_BIKE_L3,P384_Dilithium3,98.398679
P384_BIKE_L3,P384_Dilithium3,95.912757
P384_BIKE_L3,P384_Dilithium3,97.947855
P384_BIKE_L3,P384_Dilithium3,104.200195
P384_BIKE_L3,P384_Dilithium3,99.710992
P384_BIKE_L3,P384_Dilithium3,102.033336
P384_BIKE_L3,P384_Dilithium3,93.251548
P384_BIKE_L3,P384_Dilithium3,92.821114
P384_BIKE_L3,P384_Dilithium3,97.737408
P384_BIKE_L3,P384_Dilithium3,99.755384
P384_BIKE_L3,P384_Dilithium3,104.839812
P384_BIKE_L3,P384_Dilithium3,105.368662
P384_BIKE_L3,P384_Dilithium3,96.201487
P384_BIKE_L3,P384_Dilithium3,97.636426
P384_BIKE_L3,P384_Dilithium3,104.618533
P384_BIKE_L3,P384_Dilithium3,101.414203
P384_BIKE_L3,P384_Dilithium3,90.442548
P384_BIKE_L3,P384_Dilithium3,94.400142
P384_BIKE_L3,P384_Dilithium3,96.860122
P384_BIKE_L3,P384_Dilithium3,101.818391
P384_BIKE_L3,P384_Dilithium3,101.63801
P384_BIKE_L3,P384_Dilithium3,99.858954
P384_BIKE_L3,P384_Dilithium3,96.693019
P384_BIKE_L3,P384_Dilithium3,93.712597
P384_BIKE_L3,P384_Dilithium3,98.73143
P384_BIKE_L3,P384_Dilithium3,99.624976
P384_BIKE_L3,P384_Dilithium3,99.174383
P384_BIKE_L3,P384_Dilithium3,100.054394
P384_BIKE_L3,P384_Dilithium3,101.032473
P384_BIKE_L3,P384_Dilithium3,99.689097
P384_BIKE_L3,P384_Dilithium3,93.520271
P384_BIKE_L3,P384_Dilithium3,94.46713
P384_BIKE_L3,P384_Dilithium3,100.550955
P384_BIKE_L3,P384_Dilithium3,98.834143
P384_BIKE_L3,P384_Dilithium3,101.651672
P384_BIKE_L3,P384_Dilithium3,101.031535
P384_BIKE_L3,P384_Dilithium3,99.3143
P384_BIKE_L3,P384_Dilithium3,101.826945
P384_BIKE_L3,P384_Dilithium3,99.916894
P384_BIKE_L3,P384_Dilithium3,101.179169
P384_BIKE_L3,P384_Dilithium3,100.401877
P384_BIKE_L3,P384_Dilithium3,98.581921
P384_BIKE_L3,P384_Dilithium3,100.579191
P384_BIKE_L3,P384_Dilithium3,93.385295
P384_BIKE_L3,P384_Dilithium3,98.539329
P384_BIKE_L3,P384_Dilithium3,98.423046
P384_BIKE_L3,P384_Dilithium3,100.187574
P384_BIKE_L3,P384_Dilithium3,98.426293
P384_BIKE_L3,P384_Dilithium3,97.101687
P384_BIKE_L3,P384_Dilithium3,96.64023
P384_BIKE_L3,P384_Dilithium3,95.262803
P384_BIKE_L3,P384_Dilithium3,94.985688
P384_BIKE_L3,P384_Dilithium3,99.85511
P384_BIKE_L3,P384_Dilithium3,102.487106
P384_BIKE_L3,P384_Dilithium3,103.005204
P384_BIKE_L3,P384_Dilithium3,96.45367
P384_BIKE_L3,P384_Dilithium3,99.776068
P384_BIKE_L3,P384_Dilithium3,93.992301
P384_BIKE_L3,P384_Dilithium3,105.553876
P384_BIKE_L3,P384_Dilithium3,101.649046
P384_BIKE_L3,P384_Dilithium3,97.329185
P384_BIKE_L3,P384_Dilithium3,99.74164
P384_BIKE_L3,P384_Dilithium3,95.218145
P384_BIKE_L3,P384_Dilithium3,94.420957
P384_BIKE_L3,P384_Dilithium3,96.143524
P384_BIKE_L3,P384_Dilithium3,94.263918
P384_BIKE_L3,P384_Dilithium3,104.454421
P384_BIKE_L3,P384_Dilithium3,98.399272
P384_BIKE_L3,P384_Dilithium3,101.400655
P384_BIKE_L3,P384_Dilithium3,94.01654
P384_BIKE_L3,P384_Dilithium3,99.474839
P384_BIKE_L3,P384_Dilithium3,98.630953
P384_BIKE_L3,P384_Dilithium3,103.614604
P384_BIKE_L3,P384_Dilithium3,96.868554
P384_BIKE_L3,P384_Dilithium3,101.31165
P384_BIKE_L3,P384_Dilithium3,106.688311
P384_BIKE_L3,P384_Dilithium3,97.292685
P384_BIKE_L3,P384_Dilithium3,102.991069
P384_BIKE_L3,P384_Dilithium3,100.604924
P384_BIKE_L3,P384_Dilithium3,97.227457
P384_BIKE_L3,P384_Dilithium3,104.801209
P384_BIKE_L3,P384_Dilithium3,99.428772
P384_BIKE_L3,P384_Dilithium3,101.645892
P384_BIKE_L3,P384_Dilithium3,102.346991
P384_BIKE_L3,P384_Dilithium3,99.362607
P384_BIKE_L3,P384_Dilithium3,100.602647
P384_BIKE_L3,P384_Dilithium3,96.832766
P384_BIKE_L3,P384_Dilithium3,95.114878
P384_BIKE_L3,P384_Dilithium3,99.175645
P384_BIKE_L3,P384_Dilithium3,93.759703
P384_BIKE_L3,P384_Dilithium3,99.250431
P384_BIKE_L3,P384_Dilithium3,101.898024
P384_BIKE_L3,P384_Dilithium3,98.269174
P384_BIKE_L3,P384_Dilithium3,98.185323
P384_BIKE_L3,P384_Dilithium3,101.155299
P384_BIKE_L3,P384_Dilithium3,96.742665
P384_BIKE_L3,P384_Dilithium3,94.392468
P384_BIKE_L3,P384_Dilithium3,103.975975
P384_BIKE_L3,P384_Dilithium3,102.004421
P384_BIKE_L3,P384_Dilithium3,103.22213
P384_BIKE_L3,P384_Dilithium3,96.359563
P384_BIKE_L3,P384_Dilithium3,94.425815
P384_BIKE_L3,P384_Dilithium3,96.814762
P384_BIKE_L3,P384_Dilithium3,99.977022
P384_BIKE_L3,P384_Dilithium3,98.671083
P384_BIKE_L3,P384_Dilithium3,100.059482
P384_BIKE_L3,P384_Dilithium3,99.793506
P384_BIKE_L3,P384_Dilithium3,103.868215
P384_BIKE_L3,P384_Dilithium3,94.658366
P384_BIKE_L3,P384_Dilithium3,95.747815
P384_BIKE_L3,P384_Dilithium3,98.257709
P384_BIKE_L3,P384_Dilithium3,105.469639
P384_BIKE_L3,P384_Dilithium3,95.424733
P384_BIKE_L3,P384_Dilithium3,98.102123
P384_BIKE_L3,P384_Dilithium3,99.869328
P384_BIKE_L3,P384_Dilithium3,95.427499
P384_BIKE_L3,P384_Dilithium3,97.951525
P384_BIKE_L3,P384_Dilithium3,96.565925
P384_BIKE_L3,P384_Dilithium3,98.93354
P384_BIKE_L3,P384_Dilithium3,96.802679
P384_BIKE_L3,P384_Dilithium3,96.843944
P384_BIKE_L3,P384_Dilithium3,100.860762
P384_BIKE_L3,P384_Dilithium3,100.210917
P384_BIKE_L3,P384_Dilithium3,99.583942
P384_BIKE_L3,P384_Dilithium3,99.423026
P384_BIKE_L3,P384_Dilithium3,99.87198
P384_BIKE_L3,P384_Dilithium3,99.543929
P384_BIKE_L3,P384_Dilithium3,96.765401
P384_BIKE_L3,P384_Dilithium3,96.526256
P384_BIKE_L3,P384_Dilithium3,97.832312
P384_BIKE_L3,P384_Dilithium3,98.348946
P384_BIKE_L3,P384_Dilithium3,101.655931
P384_BIKE_L3,P384_Dilithium3,97.402014
P384_BIKE_L3,P384_Dilithium3,94.918778
P384_BIKE_L3,P384_Dilithium3,93.434745
P384_BIKE_L3,P384_Dilithium3,99.568616
P384_BIKE_L3,P384_Dilithium3,98.097419
P384_BIKE_L3,P384_Dilithium3,104.349937
P384_BIKE_L3,P384_Dilithium3,97.571132
P384_BIKE_L3,P384_Dilithium3,90.456265
P384_BIKE_L3,P384_Dilithium3,97.85265
P384_BIKE_L3,P384_Dilithium3,102.786538
P384_BIKE_L3,P384_Dilithium3,92.841622
P384_BIKE_L3,P384_Dilithium3,95.252036
P384_BIKE_L3,P384_Dilithium3,98.649846
P384_BIKE_L3,P384_Dilithium3,101.622295
P384_BIKE_L3,P384_Dilithium3,100.507193
P384_BIKE_L3,P384_Dilithium3,94.863662
P384_BIKE_L3,P384_Dilithium3,105.096549
P384_BIKE_L3,P384_Dilithium3,95.509308
P384_BIKE_L3,P384_Dilithium3,98.637587
P384_BIKE_L3,P384_Dilithium3,95.653394
P384_BIKE_L3,P384_Dilithium3,96.96682
P384_BIKE_L3,P384_Dilithium3,94.436901
P384_BIKE_L3,P384_Dilithium3,103.553225
P384_BIKE_L3,P384_Dilithium3,98.594887
P384_BIKE_L3,P384_Dilithium3,96.766226
P384_BIKE_L3,P384_Dilithium3,99.576413
P384_BIKE_L3,P384_Dilithium3,101.541354
P384_BIKE_L3,P384_Dilithium3,95.351145
P384_BIKE_L3,P384_Dilithium3,103.526244
P384_BIKE_L3,P384_Dilithium3,95.587766
P384_BIKE_L3,P384_Dilithium3,96.691948
P384_BIKE_L3,P384_Dilithium3,97.125921
P384_BIKE_L3,P384_Dilithium3,93.667516
P384_BIKE_L3,P384_Dilithium3,94.068384
P384_BIKE_L3,P384_Dilithium3,96.340423
P384_BIKE_L3,P384_Dilithium3,101.230261
P384_BIKE_L3,P384_Dilithium3,100.000248
P384_BIKE_L3,P384_Dilithium3,95.414955
P384_BIKE_L3,P384_Dilithium3,104.102787
P384_BIKE_L3,P384_Dilithium3,92.269352
P384_BIKE_L3,P384_Dilithium3,99.306958
P384_BIKE_L3,P384_Dilithium3,100.857886
P384_BIKE_L3,P384_Dilithium3,93.886283
P384_BIKE_L3,P384_Dilithium3,96.33134
P384_BIKE_L3,P384_Dilithium3,97.685874
P384_BIKE_L3,P384_Dilithium3,100.295031
P384_BIKE_L3,P384_Dilithium3,98.120106
P384_BIKE_L3,P384_Dilithium3,103.986236
P384_BIKE_L3,P384_Dilithium3,96.440988
P384_BIKE_L3,P384_Dilithium3,103.114008
P384_BIKE_L3,P384_Dilithium3,93.512272
P384_BIKE_L3,P384_Dilithium3,95.552845
P384_BIKE_L3,P384_Dilithium3,100.189514
P384_BIKE_L3,P384_Dilithium3,96.066938
P384_BIKE_L3,P384_Dilithium3,101.155819
P384_BIKE_L3,P384_Dilithium3,97.639253
P384_BIKE_L3,P384_Dilithium3,96.867632
P384_BIKE_L3,P384_Dilithium3,100.075509
P384_BIKE_L3,P384_Dilithium3,94.307505
P384_BIKE_L3,P384_Dilithium3,97.208335
P384_BIKE_L3,P384_Dilithium3,100.551681
P384_BIKE_L3,P384_Dilithium3,99.729835
P384_BIKE_L3,P384_Dilithium3,98.453527
P384_BIKE_L3,P384_Dilithium3,101.587712
P384_BIKE_L3,P384_Dilithium3,100.727033
P384_BIKE_L3,P384_Dilithium3,100.824721
P384_BIKE_L3,P384_Dilithium3,92.691908
P384_BIKE_L3,P384_Dilithium3,95.872294
P384_BIKE_L3,P384_Dilithium3,97.12934
P384_BIKE_L3,P384_Dilithium3,95.99114
P384_BIKE_L3,P384_Dilithium3,98.705808
P384_BIKE_L3,P384_Dilithium3,102.13314
P384_BIKE_L3,P384_Dilithium3,100.702216
P384_BIKE_L3,P384_Dilithium3,99.882028
P384_BIKE_L3,P384_Dilithium3,100.911649
P384_BIKE_L3,P384_Dilithium3,102.859226
P384_BIKE_L3,P384_Dilithium3,98.713066
P384_BIKE_L3,P384_Dilithium3,98.615735
P384_BIKE_L3,P384_Dilithium3,101.373373
P384_BIKE_L3,P384_Dilithium3,94.515501
P384_BIKE_L3,P384_Dilithium3,103.585755
P384_BIKE_L3,P384_Dilithium3,102.935419
P384_BIKE_L3,P384_Dilithium3,100.827207
P384_BIKE_L3,P384_Dilithium3,101.58373
P384_BIKE_L3,P384_Dilithium3,99.889865
P384_BIKE_L3,P384_Dilithium3,99.464265
P384_BIKE_L3,P384_Dilithium3,100.367436
P384_BIKE_L3,P384_Dilithium3,99.34269
P384_BIKE_L3,P384_Dilithium3,95.179602
P384_BIKE_L3,P384_Dilithium3,101.339673
P384_BIKE_L3,P384_Dilithium3,97.202316
P384_BIKE_L3,P384_Dilithium3,104.700936
P384_BIKE_L3,P384_Dilithium3,100.69387
P384_BIKE_L3,P384_Dilithium3,92.805652
P384_BIKE_L3,P384_Dilithium3,98.31585
P384_BIKE_L3,P384_Dilithium3,97.633706
P384_BIKE_L3,P384_Dilithium3,99.884794
P384_BIKE_L3,P384_Dilithium3,94.10576
P384_BIKE_L3,P384_Dilithium3,96.69039
P384_BIKE_L3,P384_Dilithium3,104.334885
P384_BIKE_L3,P384_Dilithium3,96.136213
P384_BIKE_L3,P384_Dilithium3,96.094512
P384_BIKE_L3,P384_Dilithium3,94.409772
P384_BIKE_L3,P384_Dilithium3,99.082225
P384_BIKE_L3,P384_Dilithium3,100.073857
P384_BIKE_L3,P384_Dilithium3,99.376042
P384_BIKE_L3,P384_Dilithium3,104.093072
P384_BIKE_L3,P384_Dilithium3,96.651167
P384_BIKE_L3,P384_Dilithium3,105.624775
P384_BIKE_L3,P384_Dilithium3,98.487611
P384_BIKE_L3,P384_Dilithium3,99.190444
P384_BIKE_L3,P384_Dilithium3,100.611695
P384_BIKE_L3,P384_Dilithium3,97.902916
P384_BIKE_L3,P384_Dilithium3,101.367576
P384_BIKE_L3,P384_Dilithium3,100.170803
P384_BIKE_L3,P384_Dilithium3,98.880155
P384_BIKE_L3,P384_Dilithium3,96.294487
P384_BIKE_L3,P384_Dilithium3,100.88596
P384_BIKE_L3,P384_Dilithium3,99.805393
P384_BIKE_L3,P384_Dilithium3,102.105744
P384_BIKE_L3,P384_Dilithium3,98.802781
P384_BIKE_L3,P384_Dilithium3,103.152011
P384_BIKE_L3,P384_Dilithium3,100.076289
P384_BIKE_L3,P384_Dilithium3,96.650653
P384_BIKE_L3,P384_Dilithium3,100.928025
P384_BIKE_L3,P384_Dilithium3,97.641235
P384_BIKE_L3,P384_Dilithium3,105.478053
P384_BIKE_L3,P384_Dilithium3,104.363686
P384_BIKE_L3,P384_Dilithium3,99.793248
P384_BIKE_L3,P384_Dilithium3,100.065427
P384_BIKE_L3,P384_Dilithium3,104.931419
P384_BIKE_L3,P384_Dilithium3,101.641921
P384_BIKE_L3,P384_Dilithium3,100.583344
P384_BIKE_L3,P384_Dilithium3,94.492614
P384_BIKE_L3,P384_Dilithium3,100.732057
P384_BIKE_L3,P384_Dilithium3,98.861111
P384_BIKE_L3,P384_Dilithium3,95.567794
P384_BIKE_L3,P384_Dilithium3,99.321094
P384_BIKE_L3,P384_Dilithium3,106.872966
P384_BIKE_L3,P384_Dilithium3,99.82359
P384_BIKE_L3,P384_Dilithium3,98.853005
P384_BIKE_L3,P384_Dilithium3,106.01882
P384_BIKE_L3,P384_Dilithium3,100.468773
P384_BIKE_L3,P384_Dilithium3,97.803152
P384_BIKE_L3,P384_Dilithium3,103.783636
P384_BIKE_L3,P384_Dilithium3,101.96385
P384_BIKE_L3,P384_Dilithium3,93.303612
P384_BIKE_L3,P384_Dilithium3,94.145957
P384_BIKE_L3,P384_Dilithium3,99.803192
P384_BIKE_L3,P384_Dilithium3,100.601926
P384_BIKE_L3,P384_Dilithium3,97.329072
P384_BIKE_L3,P384_Dilithium3,99.73218
P384_BIKE_L3,P384_Dilithium3,99.033754
P384_BIKE_L3,P384_Dilithium3,100.137452
P384_BIKE_L3,P384_Dilithium3,102.448332
P384_BIKE_L3,P384_Dilithium3,101.400333
P384_BIKE_L3,P384_Dilithium3,98.080098
P384_BIKE_L3,P384_Dilithium3,92.12633
P384_BIKE_L3,P384_Dilithium3,96.265364
P384_BIKE_L3,P384_Dilithium3,99.845634
P384_BIKE_L3,P384_Dilithium3,98.818582
P384_BIKE_L3,P384_Dilithium3,102.846897
P384_BIKE_L3,P384_Dilithium3,103.18356
P384_BIKE_L3,P384_Dilithium3,104.865722
P384_BIKE_L3,P384_Dilithium3,98.333494
P384_BIKE_L3,P384_Dilithium3,104.530886
P384_BIKE_L3,P384_Dilithium3,100.465
P384_BIKE_L3,P384_Dilithium3,99.870021
P384_BIKE_L3,P384_Dilithium3,97.460679
P384_BIKE_L3,P384_Dilithium3,97.532271
P384_BIKE_L3,P384_Dilithium3,98.457909
P384_BIKE_L3,P384_Dilithium3,92.657198
P384_BIKE_L3,P384_Dilithium3,99.29033
P384_BIKE_L3,P384_Dilithium3,94.009815
P384_BIKE_L3,P384_Dilithium3,101.46674
P384_BIKE_L3,P384_Dilithium3,95.720216
P384_BIKE_L3,P384_Dilithium3,96.124791
P384_BIKE_L3,P384_Dilithium3,93.748196
P384_BIKE_L3,P384_Dilithium3,96.059077
P384_BIKE_L3,P384_Dilithium3,96.405077
P384_BIKE_L3,P384_Dilithium3,93.608813
P384_BIKE_L3,P384_Dilithium3,97.806041
P384_BIKE_L3,P384_Dilithium3,94.728215
P384_BIKE_L3,P384_Dilithium3,98.855343
P384_BIKE_L3,P384_Dilithium3,97.418857
P384_BIKE_L3,P384_Dilithium3,104.056985
P384_BIKE_L3,P384_Dilithium3,102.253802
P384_BIKE_L3,P384_Dilithium3,102.462297
P384_BIKE_L3,P384_Dilithium3,93.568011
P384_BIKE_L3,P384_Dilithium3,100.90182
P384_BIKE_L3,P384_Dilithium3,99.795903
P384_BIKE_L3,P384_Dilithium3,97.469678
P384_BIKE_L3,P384_Dilithium3,99.91176
P384_BIKE_L3,P384_Dilithium3,98.825394
P384_BIKE_L3,P384_Dilithium3,95.039238
P384_BIKE_L3,P384_Dilithium3,101.758007
P384_BIKE_L3,P384_Dilithium3,103.545272
P384_BIKE_L3,P384_Dilithium3,103.853087
P384_BIKE_L3,P384_Dilithium3,104.818137
P384_BIKE_L3,P384_Dilithium3,103.024679
P384_BIKE_L3,P384_Dilithium3,93.329367
P384_BIKE_L3,P384_Dilithium3,97.344928
P384_BIKE_L3,P384_Dilithium3,96.692838
P384_BIKE_L3,P384_Dilithium3,95.701915
P384_BIKE_L3,P384_Dilithium3,90.6035
P384_BIKE_L3,P384_Dilithium3,99.963251
P384_BIKE_L3,P384_Dilithium3,99.470393
P384_BIKE_L3,P384_Dilithium3,96.974532
P384_BIKE_L3,P384_Dilithium3,100.244419
P384_BIKE_L3,P384_Dilithium3,104.904185
P384_BIKE_L3,P384_Dilithium3,98.907687
P384_BIKE_L3,P384_Dilithium3,98.932536
P384_BIKE_L3,P384_Dilithium3,103.124816
P384_BIKE_L3,P384_Dilithium3,103.042391
P384_BIKE_L3,P384_Dilithium3,94.741995
P384_BIKE_L3,P384_Dilithium3,95.477867
P384_BIKE_L3,P384_Dilithium3,102.84617
P384_BIKE_L3,P384_Dilithium3,103.058443
P384_BIKE_L3,P384_Dilithium3,100.482034
P384_BIKE_L3,P384_Dilithium3,94.451569
P384_BIKE_L3,P384_Dilithium3,97.096747
P384_BIKE_L3,P384_Dilithium3,97.281168
P384_BIKE_L3,P384_Dilithium3,99.026972
P384_BIKE_L3,P384_Dilithium3,99.797539
P384_BIKE_L3,P384_Dilithium3,92.517597
P384_BIKE_L3,P384_Dilithium3,100.943346
P384_BIKE_L3,P384_Dilithium3,98.74997
P384_BIKE_L3,P384_Dilithium3,98.636974
P384_BIKE_L3,P384_Dilithium3,93.148721
P384_BIKE_L3,P384_Dilithium3,96.014914
P384_BIKE_L3,P384_Dilithium3,93.694203
P384_BIKE_L3,P384_Dilithium3,95.755578
P384_BIKE_L3,P384_Dilithium3,104.276054
P384_BIKE_L3,P384_Dilithium3,93.524888
P384_BIKE_L3,P384_Dilithium3,101.335296
P384_BIKE_L3,P384_Dilithium3,96.253724
P384_BIKE_L3,P384_Dilithium3,98.978394
P384_BIKE_L3,P384_Dilithium3,99.912428
P384_BIKE_L3,P384_Dilithium3,92.184797
P384_BIKE_L3,P384_Dilithium3,103.964666
P384_BIKE_L3,P384_Dilithium3,104.485324
P384_BIKE_L3,P384_Dilithium3,94.523652
P384_BIKE_L3,P384_Dilithium3,99.895811
P384_BIKE_L3,P384_Dilithium3,104.441447
P384_BIKE_L3,P384_Dilithium3,99.489506
P384_BIKE_L3,P384_Dilithium3,104.147944
P384_BIKE_L3,P384_Dilithium3,94.763321
P384_BIKE_L3,P384_Dilithium3,105.893157
P384_BIKE_L3,P384_Dilithium3,93.299355
P384_BIKE_L3,P384_Dilithium3,98.479286
P384_BIKE_L3,P384_Dilithium3,103.109858
P384_BIKE_L3,P384_Dilithium3,101.185726
P384_BIKE_L3,P384_Dilithium3,101.466823
P384_BIKE_L3,P384_Dilithium3,93.523312
P384_BIKE_L3,P384_Dilithium3,97.576097
P384_BIKE_L3,P384_Dilithium3,96.648652
P384_BIKE_L3,P384_Dilithium3,98.805834
P384_BIKE_L3,P384_Dilithium3,104.915067
P384_BIKE_L3,P384_Dilithium3,96.639174
P384_BIKE_L3,P384_Dilithium3,92.985682
P384_BIKE_L3,P384_Dilithium3,103.08127
P384_BIKE_L3,P384_Dilithium3,100.585881
P384_BIKE_L3,P384_Dilithium3,102.666075
P384_BIKE_L3,P384_Dilithium3,99.515003
P384_BIKE_L3,P384_Dilithium3,98.022131
P384_BIKE_L3,P384_Dilithium3,96.994694
P384_BIKE_L3,P384_Dilithium3,100.999822
P384_BIKE_L3,P384_Dilithium3,93.327598
P384_BIKE_L3,P384_Dilithium3,100.174827
P384_BIKE_L3,P384_Dilithium3,105.050766
P384_BIKE_L3,P384_Dilithium3,101.252273
P384_BIKE_L3,P384_Dilithium3,93.019873
P384_BIKE_L3,P384_Dilithium3,101.094468
P384_BIKE_L3,P384_Dilithium3,101.269376
P384_BIKE_L3,P384_Dilithium3,97.188612
P384_BIKE_L3,P384_Dilithium3,98.925584
P384_BIKE_L3,P384_Dilithium3,104.174516
P384_BIKE_L3,P384_Dilithium3,97.02402
P384_BIKE_L3,P384_Dilithium3,99.139656
P384_BIKE_L3,P384_Dilithium3,100.759205
P384_BIKE_L3,P384_Dilithium3,96.990706
P384_BIKE_L3,P384_Dilithium3,104.224361
P384_BIKE_L3,P384_Dilithium3,97.730484
P384_BIKE_L3,P384_Dilithium3,100.328723
P384_BIKE_L3,P384_Dilithium3,95.883641
P384_BIKE_L3,P384_Dilithium3,98.741498
P384_BIKE_L3,P384_Dilithium3,105.615706
P384_BIKE_L3,P384_Dilithium3,101.058489
P384_BIKE_L3,P384_Dilithium3,96.981685
P384_BIKE_L3,P384_Dilithium3,94.127028
P384_BIKE_L3,P384_Dilithium3,92.604589
P384_BIKE_L3,P384_Dilithium3,95.754413
P384_BIKE_L3,P384_Dilithium3,105.600894
P384_BIKE_L3,P384_Dilithium3,92.706447
P384_BIKE_L3,P384_Dilithium3,97.686583
P384_BIKE_L3,P384_Dilithium3,98.492578
P384_BIKE_L3,P384_Dilithium3,99.447796
P384_BIKE_L3,P384_Dilithium3,96.424108
P384_BIKE_L3,P384_Dilithium3,95.864643
P384_BIKE_L3,P384_Dilithium3,105.662358
P384_BIKE_L3,P384_Dilithium3,96.693679
P384_BIKE_L3,P384_Dilithium3,97.61616
P384_BIKE_L3,P384_Dilithium3,97.860513
P384_BIKE_L3,P384_Dilithium3,96.338204
P384_BIKE_L3,P384_Dilithium3,96.041464
P384_BIKE_L3,P384_Dilithium3,106.240183
P384_BIKE_L3,P384_Dilithium3,94.14634
P384_BIKE_L3,P384_Dilithium3,98.284842
P384_BIKE_L3,P384_Dilithium3,97.12795
P384_BIKE_L3,P384_Dilithium3,104.122615
P384_BIKE_L3,P384_Dilithium3,94.043418
P384_BIKE_L3,P384_Dilithium3,99.418138
P384_BIKE_L3,P384_Dilithium3,97.150027
P384_BIKE_L3,P384_Dilithium3,93.98747
P384_BIKE_L3,P384_Dilithium3,96.574976
P384_BIKE_L3,P384_Dilithium3,99.848316
P384_BIKE_L3,P384_Dilithium3,94.689296
P384_BIKE_L3,P384_Dilithium3,98.753802
P384_BIKE_L3,P384_Dilithium3,98.697288
P384_BIKE_L3,P384_Dilithium3,96.482194
P384_BIKE_L3,P384_Dilithium3,91.905909
P384_BIKE_L3,P384_Dilithium3,101.965516
P384_BIKE_L3,P384_Dilithium3,99.545392
P384_BIKE_L3,P384_Dilithium3,93.444373
P384_BIKE_L3,P384_Dilithium3,97.80532
P384_BIKE_L3,P384_Dilithium3,101.158522
P384_BIKE_L3,P384_Dilithium3,101.267848
P384_BIKE_L3,P384_Dilithium3,96.92666
P384_BIKE_L3,P384_Dilithium3,99.797769
P384_BIKE_L3,P384_Dilithium3,102.196714
P384_BIKE_L3,P384_Dilithium3,98.038248
P384_BIKE_L3,P384_Dilithium3,95.015307
P384_BIKE_L3,P384_Dilithium3,96.490746
P384_BIKE_L3,P384_Dilithium3,102.566969
P384_BIKE_L3,P384_Dilithium3,102.734405
P384_BIKE_L3,P384_Dilithium3,104.523057
P384_BIKE_L3,P384_Dilithium3,104.759239
P384_BIKE_L3,P384_Dilithium3,92.992745
P384_BIKE_L3,P384_Dilithium3,98.271294
P384_BIKE_L3,P384_Dilithium3,99.119222
P384_BIKE_L3,P384_Dilithium3,96.785667
P384_BIKE_L3,P384_Dilithium3,105.223351
P384_BIKE_L3,P384_Dilithium3,104.347092
P384_BIKE_L3,P384_Dilithium3,98.94406
P384_BIKE_L3,P384_Dilithium3,99.379874
P384_BIKE_L3,P384_Dilithium3,98.488675
P384_BIKE_L3,P384_Dilithium3,104.591641
P384_BIKE_L3,P384_Dilithium3,99.377409
P384_BIKE_L3,P384_Dilithium3,96.822505
P384_BIKE_L3,P384_Dilithium3,104.809208
P384_BIKE_L3,P384_Dilithium3,96.302037
P384_BIKE_L3,P384_Dilithium3,101.408672
P384_BIKE_L3,P384_Dilithium3,99.93808
P384_BIKE_L3,P384_Dilithium3,96.614151
P384_BIKE_L3,P384_Dilithium3,103.683988
P384_BIKE_L3,P384_Dilithium3,98.666211
P384_BIKE_L3,P384_Dilithium3,102.997209
P384_BIKE_L3,P384_Dilithium3,102.397594
P384_BIKE_L3,P384_Dilithium3,95.964624
P384_BIKE_L3,P384_Dilithium3,94.141613
P384_BIKE_L3,P384_Dilithium3,103.749762
P384_BIKE_L3,P384_Dilithium3,99.270925
P384_BIKE_L3,P384_Dilithium3,95.03375
P384_BIKE_L3,P384_Dilithium3,94.401578
P384_BIKE_L3,P384_Dilithium3,102.961451
P384_BIKE_L3,P384_Dilithium3,97.461127
P384_BIKE_L3,P384_Dilithium3,94.373177
P384_BIKE_L3,P384_Dilithium3,101.022961
P384_BIKE_L3,P384_Dilithium3,97.08204
P384_BIKE_L3,P384_Dilithium3,96.145211
P384_BIKE_L3,P384_Dilithium3,101.104386
P384_BIKE_L3,P384_Dilithium3,99.92769
P384_BIKE_L3,P384_Dilithium3,95.873829
P384_BIKE_L3,P384_Dilithium3,97.533804
P384_BIKE_L3,P384_Dilithium3,95.67576
P384_BIKE_L3,P384_Dilithium3,104.721917
P384_BIKE_L3,P384_Dilithium3,96.605704
P384_BIKE_L3,P384_Dilithium3,99.716191
P384_BIKE_L3,P384_Dilithium3,99.175747
P384_BIKE_L3,P384_Dilithium3,100.793662
P384_BIKE_L3,P384_Dilithium3,98.354399
P384_BIKE_L3,P384_Dilithium3,100.814088
P384_BIKE_L3,P384_Dilithium3,98.411884
P384_BIKE_L3,P384_Dilithium3,96.211187
P384_BIKE_L3,P384_Dilithium3,99.845359
P384_BIKE_L3,P384_Dilithium3,97.477525
P384_BIKE_L3,P384_Dilithium3,106.90154
P384_BIKE_L3,P384_Dilithium3,100.784179
P384_BIKE_L3,P384_Dilithium3,97.992129
P384_BIKE_L3,P384_Dilithium3,97.447066
P384_BIKE_L3,P384_Dilithium3,99.299057
P384_BIKE_L3,P384_Dilithium3,93.233905
P384_BIKE_L3,P384_Dilithium3,98.672172
P384_BIKE_L3,P384_Dilithium3,94.648775
P384_BIKE_L3,P384_Dilithium3,101.010052
P384_BIKE_L3,P384_Dilithium3,98.267595
P384_BIKE_L3,P384_Dilithium3,101.616082
P384_BIKE_L3,P384_Dilithium3,93.738354
P384_BIKE_L3,P384_Dilithium3,99.70514
P384_BIKE_L3,P384_Dilithium3,100.023991
P384_BIKE_L3,P384_Dilithium3,98.948345
P384_BIKE_L3,P384_Dilithium3,98.023034
P384_BIKE_L3,P384_Dilithium3,97.116932
P384_BIKE_L3,P384_Dilithium3,98.798791
P384_BIKE_L3,P384_Dilithium3,100.633531
P384_BIKE_L3,P384_Dilithium3,98.040807
P384_BIKE_L3,P384_Dilithium3,99.278904
P384_BIKE_L3,P384_Dilithium3,97.328605
P384_BIKE_L3,P384_Dilithium3,94.313001
P384_BIKE_L3,P384_Dilithium3,92.078254
P384_BIKE_L3,P384_Dilithium3,97.099228
P384_BIKE_L3,P384_Dilithium3,97.173376
P384_BIKE_L3,P384_Dilithium3,95.615947
P384_BIKE_L3,P384_Dilithium3,95.742127
P384_BIKE_L3,P384_Dilithium3,99.292966
P384_BIKE_L3,P384_Dilithium3,101.908515
P384_BIKE_L3,P384_Dilithium3,100.135777
P384_BIKE_L3,P384_Dilithium3,100.679504
P384_BIKE_L3,P384_Dilithium3,94.63984
P384_BIKE_L3,P384_Dilithium3,103.119555
P384_BIKE_L3,P384_Dilithium3,99.814783
P384_BIKE_L3,P384_Dilithium3,97.680978
P384_BIKE_L3,P384_Dilithium3,97.494753
P384_BIKE_L3,P384_Dilithium3,99.315835
P384_BIKE_L3,P384_Dilithium3,101.263889
P384_BIKE_L3,P384_Dilithium3,96.844019
P384_BIKE_L3,P384_Dilithium3,100.176043
P384_BIKE_L3,P384_Dilithium3,105.186989
P384_BIKE_L3,P384_Dilithium3,99.136895
P384_BIKE_L3,P384_Dilithium3,99.106696
P384_BIKE_L3,P384_Dilithium3,95.203056
P384_BIKE_L3,P384_Dilithium3,100.812352
P384_BIKE_L3,P384_Dilithium3,95.990145
P384_BIKE_L3,P384_Dilithium3,94.632468
P384_BIKE_L3,P384_Dilithium3,100.466179
P384_BIKE_L3,P384_Dilithium3,98.463344
P384_BIKE_L3,P384_Dilithium3,99.727677
P384_BIKE_L3,P384_Dilithium3,101.77626
P384_BIKE_L3,P384_Dilithium3,98.846563
P384_BIKE_L3,P384_Dilithium3,98.990431
P384_BIKE_L3,P384_Dilithium3,101.04924
P384_BIKE_L3,P384_Dilithium3,95.786165
P384_BIKE_L3,P384_Dilithium3,98.015838
P384_BIKE_L3,P384_Dilithium3,94.94858
P384_BIKE_L3,P384_Dilithium3,100.09385
P384_BIKE_L3,P384_Dilithium3,99.655866
P384_BIKE_L3,P384_Dilithium3,97.660984
P384_BIKE_L3,P384_Dilithium3,98.72816
P384_BIKE_L3,P384_Dilithium3,96.210165
P384_BIKE_L3,P384_Dilithium3,93.497258
P384_BIKE_L3,P384_Dilithium3,100.010314
P384_BIKE_L3,P384_Dilithium3,98.676329
P384_BIKE_L3,P384_Dilithium3,98.472854
P384_BIKE_L3,P384_Dilithium3,101.994608
P384_BIKE_L3,P384_Dilithium3,99.106406
P384_BIKE_L3,P384_Dilithium3,91.862782
P384_BIKE_L3,P384_Dilithium3,92.095374
P384_BIKE_L3,P384_Dilithium3,98.781947
P384_BIKE_L3,P384_Dilithium3,97.56676
P384_BIKE_L3,P384_Dilithium3,96.0562
P384_BIKE_L3,P384_Dilithium3,101.110975
P384_BIKE_L3,P384_Dilithium3,105.131963
P384_BIKE_L3,P384_Dilithium3,93.476075
P384_BIKE_L3,P384_Dilithium3,104.174476
P384_BIKE_L3,P384_Dilithium3,98.008638
P384_BIKE_L3,P384_Dilithium3,97.999047
P384_BIKE_L3,P384_Dilithium3,94.143399
P384_BIKE_L3,P384_Dilithium3,100.948444
P384_BIKE_L3,P384_Dilithium3,93.742727
P384_BIKE_L3,P384_Dilithium3,98.324154
P384_BIKE_L3,P384_Dilithium3,95.27682
P384_BIKE_L3,P384_Dilithium3,94.998979
P384_BIKE_L3,P384_Dilithium3,92.49901
P384_BIKE_L3,P384_Dilithium3,96.990324
P384_BIKE_L3,P384_Dilithium3,101.597047
P384_BIKE_L3,P384_Dilithium3,94.640653
P384_BIKE_L3,P384_Dilithium3,95.057605
P384_BIKE_L3,P384_Dilithium3,97.548685
P384_BIKE_L3,P384_Dilithium3,95.415594
P384_BIKE_L3,P384_Dilithium3,94.129499
P384_BIKE_L3,P384_Dilithium3,102.305586
P384_BIKE_L3,P384_Dilithium3,94.999583
P384_BIKE_L3,P384_Dilithium3,100.77017
P384_BIKE_L3,P384_Dilithium3,99.754507
P384_BIKE_L3,P384_Dilithium3,102.464988
P384_BIKE_L3,P384_Dilithium3,103.34564
P384_BIKE_L3,P384_Dilithium3,96.569607
P384_BIKE_L3,P384_Dilithium3,100.085714
P384_BIKE_L3,P384_Dilithium3,99.834051
P384_BIKE_L3,P384_Dilithium3,94.832848
P384_BIKE_L3,P384_Dilithium3,99.689428
P384_BIKE_L3,P384_Dilithium3,93.071341
P384_BIKE_L3,P384_Dilithium3,92.432132
P384_BIKE_L3,P384_Dilithium3,98.217129
P384_BIKE_L3,P384_Dilithium3,98.534267
P384_BIKE_L3,P384_Dilithium3,98.135315
P384_BIKE_L3,P384_Dilithium3,93.276773
P384_BIKE_L3,P384_Dilithium3,102.262856
P384_BIKE_L3,P384_Dilithium3,96.866948
P384_BIKE_L3,P384_Dilithium3,101.026951
P384_BIKE_L3,P384_Dilithium3,94.759851
P384_BIKE_L3,P384_Dilithium3,99.155603
P384_BIKE_L3,P384_Dilithium3,97.768271
P384_BIKE_L3,P384_Dilithium3,102.695926
P384_BIKE_L3,P384_Dilithium3,94.932146
P384_BIKE_L3,P384_Dilithium3,96.893785
P384_BIKE_L3,P384_Dilithium3,97.272
P384_BIKE_L3,P384_Dilithium3,97.658556
P384_BIKE_L3,P384_Dilithium3,101.923472
P384_BIKE_L3,P384_Dilithium3,103.035676
P384_BIKE_L3,P384_Dilithium3,93.387333
P384_BIKE_L3,P384_Dilithium3,100.570702
P384_BIKE_L3,P384_Dilithium3,101.717525
P384_BIKE_L3,P384_Dilithium3,103.586859
P384_BIKE_L3,P384_Dilithium3,103.428462
P384_BIKE_L3,P384_Dilithium3,94.593677
P384_BIKE_L3,P384_Dilithium3,102.415555
P384_BIKE_L3,P384_Dilithium3,94.360002
P384_BIKE_L3,P384_Dilithium3,98.146407
P384_BIKE_L3,P384_Dilithium3,98.448367
P384_BIKE_L3,P384_Dilithium3,97.1986
P384_BIKE_L3,P384_Dilithium3,96.442652
P384_BIKE_L3,P384_Dilithium3,99.089919
P384_BIKE_L3,P384_Dilithium3,95.368487
P384_BIKE_L3,P384_Dilithium3,98.402152
P384_BIKE_L3,P384_Dilithium3,101.19336
P384_BIKE_L3,P384_Dilithium3,97.828018
P384_BIKE_L3,P384_Dilithium3,103.863689
P384_BIKE_L3,P384_Dilithium3,94.557676
P384_BIKE_L3,P384_Dilithium3,98.804381
P384_BIKE_L3,P384_Dilithium3,94.514277
P384_BIKE_L3,P384_Dilithium3,95.749658
P384_BIKE_L3,P384_Dilithium3,94.964166
P384_BIKE_L3,P384_Dilithium3,97.6037
P384_BIKE_L3,P384_Dilithium3,99.218545
P384_BIKE_L3,P384_Dilithium3,96.749794
P384_BIKE_L3,P384_Dilithium3,98.534561
P384_BIKE_L3,P384_Dilithium3,93.73989
P384_BIKE_L3,P384_Dilithium3,92.825413
P384_BIKE_L3,P384_Dilithium3,99.526687
P384_BIKE_L3,P384_Dilithium3,100.033497
P384_BIKE_L3,P384_Dilithium3,97.031022
P384_BIKE_L3,P384_Dilithium3,99.078447
P384_BIKE_L3,P384_Dilithium3,97.594521
P384_BIKE_L3,P384_Dilithium3,98.771858
P384_BIKE_L3,P384_Dilithium3,100.22106
P384_BIKE_L3,P384_Dilithium3,95.672456
P384_BIKE_L3,P384_Dilithium3,100.195984
P384_BIKE_L3,P384_Dilithium3,99.469248
P384_BIKE_L3,P384_Dilithium3,98.923418
P384_BIKE_L3,P384_Dilithium3,95.769542
P384_BIKE_L3,P384_Dilithium3,98.227424
P384_BIKE_L3,P384_Dilithium3,102.401876
P384_BIKE_L3,P384_Dilithium3,95.935122
P384_BIKE_L3,P384_Dilithium3,105.13051
P384_BIKE_L3,P384_Dilithium3,97.696581
P384_BIKE_L3,P384_Dilithium3,100.388087
P384_BIKE_L3,P384_Dilithium3,103.639402
P384_BIKE_L3,P384_Dilithium3,95.150643
P384_BIKE_L3,P384_Dilithium3,101.477769
P384_BIKE_L3,P384_Dilithium3,100.69019
P384_BIKE_L3,P384_Dilithium3,95.730319
P384_BIKE_L3,P384_Dilithium3,93.6435
P384_BIKE_L3,P384_Dilithium3,106.219552
P384_BIKE_L3,P384_Dilithium3,97.582572
P384_BIKE_L3,P384_Dilithium3,99.337053
P384_BIKE_L3,P384_Dilithium3,92.731466
P384_BIKE_L3,P384_Dilithium3,98.083882
P384_BIKE_L3,P384_Dilithium3,105.065507
P384_BIKE_L3,P384_Dilithium3,101.14922
P384_BIKE_L3,P384_Dilithium3,98.561754
P384_BIKE_L3,P384_Dilithium3,96.049552
P384_BIKE_L3,P384_Dilithium3,98.86645
P384_BIKE_L3,P384_Dilithium3,101.619781
P384_BIKE_L3,P384_Dilithium3,98.410167
P384_BIKE_L3,P384_Dilithium3,100.748099
P384_BIKE_L3,P384_Dilithium3,99.556974
P384_BIKE_L3,P384_Dilithium3,99.655664
P384_BIKE_L3,P384_Dilithium3,101.710755
P384_BIKE_L3,P384_Dilithium3,100.493585
P384_BIKE_L3,P384_Dilithium3,92.099287
P384_BIKE_L3,P384_Dilithium3,104.642749
P384_BIKE_L3,P384_Dilithium3,99.504957
P384_BIKE_L3,P384_Dilithium3,95.264217
P384_BIKE_L3,P384_Dilithium3,92.689841
P384_BIKE_L3,P384_Dilithium3,107.293325
P384_BIKE_L3,P384_Dilithium3,104.135976
P384_BIKE_L3,P384_Dilithium3,97.774172
P384_BIKE_L3,P384_Dilithium3,104.252009
P384_BIKE_L3,P384_Dilithium3,98.494946
P384_BIKE_L3,P384_Dilithium3,97.93258
P384_BIKE_L3,P384_Dilithium3,97.441362
P384_BIKE_L3,P384_Dilithium3,94.985206
P384_BIKE_L3,P384_Dilithium3,97.545742
P384_BIKE_L3,P384_Dilithium3,92.572088
P384_BIKE_L3,P384_Dilithium3,97.840102
P384_BIKE_L3,P384_Dilithium3,98.567581
P384_BIKE_L3,P384_Dilithium3,96.193658
P384_BIKE_L3,P384_Dilithium3,105.105399
P384_BIKE_L3,P384_Dilithium3,96.481317
P384_BIKE_L3,P384_Dilithium3,97.521195
P384_BIKE_L3,P384_Dilithium3,100.478063
P384_BIKE_L3,P384_Dilithium3,97.040392
P384_BIKE_L3,P384_Dilithium3,99.694298
P384_BIKE_L3,P384_Dilithium3,108.437679
P384_BIKE_L3,P384_Dilithium3,103.451949
P384_BIKE_L3,P384_Dilithium3,97.035239
P384_BIKE_L3,P384_Dilithium3,98.145459
P384_BIKE_L3,P384_Dilithium3,99.238171
P384_BIKE_L3,P384_Dilithium3,91.344888
P384_BIKE_L3,P384_Dilithium3,97.20732
P384_BIKE_L3,P384_Dilithium3,97.173257
P384_BIKE_L3,P384_Dilithium3,92.77798
P384_BIKE_L3,P384_Dilithium3,96.774821
P384_BIKE_L3,P384_Dilithium3,93.022057
P384_BIKE_L3,P384_Dilithium3,102.692955
P384_BIKE_L3,P384_Dilithium3,97.549907
P384_BIKE_L3,P384_Dilithium3,103.584269
P384_BIKE_L3,P384_Dilithium3,97.565145
P384_BIKE_L3,P384_Dilithium3,103.376971
P384_BIKE_L3,P384_Dilithium3,98.917036
P384_BIKE_L3,P384_Dilithium3,103.782576
P384_BIKE_L3,P384_Dilithium3,104.415356
P384_BIKE_L3,P384_Dilithium3,100.688019
P384_BIKE_L3,P384_Dilithium3,99.160321
P384_BIKE_L3,P384_Dilithium3,101.201637
P384_BIKE_L3,P384_Dilithium3,95.297842
P384_BIKE_L3,P384_Dilithium3,99.536358
P384_BIKE_L3,P384_Dilithium3,97.955508
P384_BIKE_L3,P384_Dilithium3,97.815042
P384_BIKE_L3,P384_Dilithium3,91.794737
P384_BIKE_L3,P384_Dilithium3,104.728526
P384_BIKE_L3,P384_Dilithium3,94.09026
P384_BIKE_L3,P384_Dilithium3,99.248054
P384_BIKE_L3,P384_Dilithium3,97.537367
P384_BIKE_L3,P384_Dilithium3,99.590393
P384_BIKE_L3,P384_Dilithium3,94.737415
P384_BIKE_L3,P384_Dilithium3,103.335364
P384_BIKE_L3,P384_Dilithium3,99.235675
P384_BIKE_L3,P384_Dilithium3,96.185239
P384_BIKE_L3,P384_Dilithium3,99.652338
P384_BIKE_L3,P384_Dilithium3,98.157154
P384_BIKE_L3,P384_Dilithium3,99.257155
P384_BIKE_L3,P384_Dilithium3,103.442434
P384_BIKE_L3,P384_Dilithium3,106.039244
P384_BIKE_L3,P384_Dilithium3,94.193013
P384_BIKE_L3,P384_Dilithium3,94.692116
P384_BIKE_L3,P384_Dilithium3,99.25978
P384_BIKE_L3,P384_Dilithium3,100.106324
P384_BIKE_L3,P384_Dilithium3,92.117816
P384_BIKE_L3,P384_Dilithium3,97.031148
P384_BIKE_L3,P384_Dilithium3,101.905948
P384_BIKE_L3,P384_Dilithium3,96.181668
P384_BIKE_L3,P384_Dilithium3,96.465939
P384_BIKE_L3,P384_Dilithium3,91.356365
P384_BIKE_L3,P384_Dilithium3,93.415205
P384_BIKE_L3,P384_Dilithium3,95.522837
P384_BIKE_L3,P384_Dilithium3,99.606169
P384_BIKE_L3,P384_Dilithium3,105.292882
P384_BIKE_L3,P384_Dilithium3,97.193964
P384_BIKE_L3,P384_Dilithium3,98.402413
P521_HQC_256,P521_Dilithium5,253.384395
P521_HQC_256,P521_Dilithium5,272.926109
P521_HQC_256,P521_Dilithium5,260.776287
P521_HQC_256,P521_Dilithium5,263.899262
P521_HQC_256,P521_Dilithium5,257.129268
P521_HQC_256,P521_Dilithium5,266.107373
P521_HQC_256,P521_Dilithium5,263.932615
P521_HQC_256,P521_Dilithium5,254.016736
P521_HQC_256,P521_Dilithium5,252.10787
P521_HQC_256,P521_Dilithium5,269.887223
P521_HQC_256,P521_Dilithium5,264.118019
P521_HQC_256,P521_Dilithium5,253.516303
P521_HQC_256,P521_Dilithium5,251.828749
P521_HQC_256,P521_Dilithium5,258.553477
P521_HQC_256,P521_Dilithium5,267.762203
P521_HQC_256,P521_Dilithium5,275.130117
P521_HQC_256,P521_Dilithium5,270.885617
P521_HQC_256,P521_Dilithium5,259.265195
P521_HQC_256,P521_Dilithium5,272.207188
P521_HQC_256,P521_Dilithium5,275.906562
P521_HQC_256,P521_Dilithium5,277.313481
P521_HQC_256,P521_Dilithium5,266.998216
P521_HQC_256,P521_Dilithium5,267.91995
P521_HQC_256,P521_Dilithium5,271.224696
P521_HQC_256,P521_Dilithium5,264.286085
P521_HQC_256,P521_Dilithium5,268.791235
P521_HQC_256,P521_Dilithium5,270.934799
P521_HQC_256,P521_Dilithium5,266.452831
P521_HQC_256,P521_Dilithium5,260.850484
P521_HQC_256,P521_Dilithium5,255.199554
P521_HQC_256,P521_Dilithium5,276.834087
P521_HQC_256,P521_Dilithium5,267.806497
P521_HQC_256,P521_Dilithium5,260.24844
P521_HQC_256,P521_Dilithium5,261.33528
P521_HQC_256,P521_Dilithium5,256.61069
P521_HQC_256,P521_Dilithium5,261.706409
P521_HQC_256,P521_Dilithium5,258.302302
P521_HQC_256,P521_Dilithium5,271.592142
P521_HQC_256,P521_Dilithium5,261.019081
P521_HQC_256,P521_Dilithium5,272.377929
P521_HQC_256,P521_Dilithium5,272.946255
P521_HQC_256,P521_Dilithium5,261.739163
P521_HQC_256,P521_Dilithium5,263.136747
P521_HQC_256,P521_Dilithium5,266.476898
P521_HQC_256,P521_Dilithium5,261.726962
P521_HQC_256,P521_Dilithium5,267.30414
P521_HQC_256,P521_Dilithium5,265.531201
P521_HQC_256,P521_Dilithium5,263.153029
P521_HQC_256,P521_Dilithium5,262.035535
P521_HQC_256,P521_Dilithium5,256.879106
P521_HQC_256,P521_Dilithium5,267.687909
P521_HQC_256,P521_Dilithium5,263.194319
P521_HQC_256,P521_Dilithium5,261.436782
P521_HQC_256,P521_Dilithium5,272.01371
P521_HQC_256,P521_Dilithium5,263.920599
P521_HQC_256,P521_Dilithium5,253.831886
P521_HQC_256,P521_Dilithium5,275.483611
P521_HQC_256,P521_Dilithium5,264.345103
P521_HQC_256,P521_Dilithium5,260.189585
P521_HQC_256,P521_Dilithium5,254.529466
P521_HQC_256,P521_Dilithium5,265.901384
P521_HQC_256,P521_Dilithium5,267.427879
P521_HQC_256,P521_Dilithium5,263.041808
P521_HQC_256,P521_Dilithium5,261.496791
P521_HQC_256,P521_Dilithium5,262.724021
P521_HQC_256,P521_Dilithium5,276.933863
P521_HQC_256,P521_Dilithium5,254.019372
P521_HQC_256,P521_Dilithium5,263.21787
P521_HQC_256,P521_Dilithium5,262.524144
P521_HQC_256,P521_Dilithium5,279.622612
P521_HQC_256,P521_Dilithium5,250.267956
P521_HQC_256,P521_Dilithium5,262.486523
P521_HQC_256,P521_Dilithium5,259.284628
P521_HQC_256,P521_Dilithium5,254.336523
P521_HQC_256,P521_Dilithium5,266.619149
P521_HQC_256,P521_Dilithium5,263.280599
P521_HQC_256,P521_Dilithium5,265.878687
P521_HQC_256,P521_Dilithium5,267.257108
P521_HQC_256,P521_Dilithium5,253.412437
P521_HQC_256,P521_Dilithium5,265.280385
P521_HQC_256,P521_Dilithium5,280.831467
P521_HQC_256,P521_Dilithium5,252.982003
P521_HQC_256,P521_Dilithium5,251.773328
P521_HQC_256,P521_Dilithium5,256.513516
P521_HQC_256,P521_Dilithium5,260.15589
P521_HQC_256,P521_Dilithium5,259.25602
P521_HQC_256,P521_Dilithium5,262.931482
P521_HQC_256,P521_Dilithium5,253.350867
P521_HQC_256,P521_Dilithium5,263.08439
P521_HQC_256,P521_Dilithium5,259.720838
P521_HQC_256,P521_Dilithium5,260.27765
P521_HQC_256,P521_Dilithium5,254.510225
P521_HQC_256,P521_Dilithium5,258.738729
P521_HQC_256,P521_Dilithium5,269.618417
P521_HQC_256,P521_Dilithium5,263.345528
P521_HQC_256,P521_Dilithium5,273.586791
P521_HQC_256,P521_Dilithium5,257.933658
P521_HQC_256,P521_Dilithium5,266.393239
P521_HQC_256,P521_Dilithium5,264.067294
P521_HQC_256,P521_Dilithium5,275.530025
P521_HQC_256,P521_Dilithium5,268.264094
P521_HQC_256,P521_Dilithium5,274.904293
P521_HQC_256,P521_Dilithium5,249.854663
P521_HQC_256,P521_Dilithium5,262.084225
P521_HQC_256,P521_Dilithium5,261.037239
P521_HQC_256,P521_Dilithium5,254.415217
P521_HQC_256,P521_Dilithium5,257.015882
P521_HQC_256,P521_Dilithium5,264.867126
P521_HQC_256,P521_Dilithium5,259.703809
P521_HQC_256,P521_Dilithium5,257.47516
P521_HQC_256,P521_Dilithium5,261.168077
P521_HQC_256,P521_Dilithium5,279.368179
P521_HQC_256,P521_Dilithium5,254.28185
P521_HQC_256,P521_Dilithium5,262.859193
P521_HQC_256,P521_Dilithium5,264.586262
P521_HQC_256,P521_Dilithium5,268.32026
P521_HQC_256,P521_Dilithium5,275.629902
P521_HQC_256,P521_Dilithium5,265.974921
P521_HQC_256,P521_Dilithium5,265.161624
P521_HQC_256,P521_Dilithium5,262.879307
P521_HQC_256,P521_Dilithium5,255.205139
P521_HQC_256,P521_Dilithium5,265.994414
P521_HQC_256,P521_Dilithium5,251.966587
P521_HQC_256,P521_Dilithium5,263.810779
P521_HQC_256,P521_Dilithium5,258.032137
P521_HQC_256,P521_Dilithium5,252.328813
P521_HQC_256,P521_Dilithium5,255.252717
P521_HQC_256,P521_Dilithium5,271.931071
P521_HQC_256,P521_Dilithium5,258.304448
P521_HQC_256,P521_Dilithium5,259.991109
P521_HQC_256,P521_Dilithium5,264.654974
P521_HQC_256,P521_Dilithium5,271.29846
P521_HQC_256,P521_Dilithium5,255.598445
P521_HQC_256,P521_Dilithium5,262.622654
P521_HQC_256,P521_Dilithium5,267.067975
P521_HQC_256,P521_Dilithium5,267.243208
P521_HQC_256,P521_Dilithium5,266.271715
P521_HQC_256,P521_Dilithium5,258.585499
P521_HQC_256,P521_Dilithium5,272.551953
P521_HQC_256,P521_Dilithium5,263.897203
P521_HQC_256,P521_Dilithium5,256.835714
P521_HQC_256,P521_Dilithium5,252.033578
P521_HQC_256,P521_Dilithium5,259.741939
P521_HQC_256,P521_Dilithium5,261.106114
P521_HQC_256,P521_Dilithium5,262.886134
P521_HQC_256,P521_Dilithium5,263.795972
P521_HQC_256,P521_Dilithium5,254.971884
P521_HQC_256,P521_Dilithium5,262.938988
P521_HQC_256,P521_Dilithium5,258.860523
P521_HQC_256,P521_Dilithium5,256.036954
P521_HQC_256,P521_Dilithium5,259.762778
P521_HQC_256,P521_Dilithium5,253.010653
P521_HQC_256,P521_Dilithium5,264.677208
P521_HQC_256,P521_Dilithium5,266.774926
P521_HQC_256,P521_Dilithium5,254.102668
P521_HQC_256,P521_Dilithium5,259.394314
P521_HQC_256,P521_Dilithium5,276.253143
P521_HQC_256,P521_Dilithium5,271.06053
P521_HQC_256,P521_Dilithium5,270.323708
P521_HQC_256,P521_Dilithium5,256.348719
P521_HQC_256,P521_Dilithium5,256.159872
P521_HQC_256,P521_Dilithium5,263.235364
P521_HQC_256,P521_Dilithium5,257.442551
P521_HQC_256,P521_Dilithium5,257.085468
P521_HQC_256,P521_Dilithium5,272.600262
P521_HQC_256,P521_Dilithium5,257.607946
P521_HQC_256,P521_Dilithium5,263.476531
P521_HQC_256,P521_Dilithium5,266.088242
P521_HQC_256,P521_Dilithium5,267.768455
P521_HQC_256,P521_Dilithium5,265.019812
P521_HQC_256,P521_Dilithium5,255.446054
P521_HQC_256,P521_Dilithium5,260.571083
P521_HQC_256,P521_Dilithium5,262.992509
P521_HQC_256,P521_Dilithium5,258.339722
P521_HQC_256,P521_Dilithium5,259.125678
P521_HQC_256,P521_Dilithium5,268.395845
P521_HQC_256,P521_Dilithium5,274.366727
P521_HQC_256,P521_Dilithium5,272.865546
P521_HQC_256,P521_Dilithium5,274.518788
P521_HQC_256,P521_Dilithium5,257.479414
P521_HQC_256,P521_Dilithium5,259.386245
P521_HQC_256,P521_Dilithium5,276.545376
P521_HQC_256,P521_Dilithium5,252.44289
P521_HQC_256,P521_Dilithium5,252.109912
P521_HQC_256,P521_Dilithium5,265.446194
P521_HQC_256,P521_Dilithium5,258.005622
P521_HQC_256,P521_Dilithium5,271.366315
P521_HQC_256,P521_Dilithium5,252.516189
P521_HQC_256,P521_Dilithium5,258.628202
P521_HQC_256,P521_Dilithium5,272.596572
P521_HQC_256,P521_Dilithium5,274.862306
P521_HQC_256,P521_Dilithium5,258.908414
P521_HQC_256,P521_Dilithium5,273.353183
P521_HQC_256,P521_Dilithium5,266.436466
P521_HQC_256,P521_Dilithium5,262.285477
P521_HQC_256,P521_Dilithium5,254.364958
P521_HQC_256,P521_Dilithium5,265.383141
P521_HQC_256,P521_Dilithium5,260.686743
P521_HQC_256,P521_Dilithium5,263.761813
P521_HQC_256,P521_Dilithium5,267.145716
P521_HQC_256,P521_Dilithium5,254.622302
P521_HQC_256,P521_Dilithium5,262.673566
P521_HQC_256,P521_Dilithium5,260.992604
P521_HQC_256,P521_Dilithium5,262.949888
P521_HQC_256,P521_Dilithium5,250.879433
P521_HQC_256,P521_Dilithium5,263.614944
P521_HQC_256,P521_Dilithium5,254.583632
P521_HQC_256,P521_Dilithium5,268.470792
P521_HQC_256,P521_Dilithium5,263.62315
P521_HQC_256,P521_Dilithium5,258.281712
P521_HQC_256,P521_Dilithium5,265.598216
P521_HQC_256,P521_Dilithium5,254.009344
P521_HQC_256,P521_Dilithium5,270.712903
P521_HQC_256,P521_Dilithium5,249.252455
P521_HQC_256,P521_Dilithium5,266.224843
P521_HQC_256,P521_Dilithium5,265.381188
P521_HQC_256,P521_Dilithium5,264.488283
P521_HQC_256,P521_Dilithium5,262.316545
P521_HQC_256,P521_Dilithium5,263.509333
P521_HQC_256,P521_Dilithium5,256.41036
P521_HQC_256,P521_Dilithium5,264.577185
P521_HQC_256,P521_Dilithium5,251.977436
P521_HQC_256,P521_Dilithium5,271.176624
P521_HQC_256,P521_Dilithium5,273.403901
P521_HQC_256,P521_Dilithium5,273.517044
P521_HQC_256,P521_Dilithium5,263.870833
P521_HQC_256,P521_Dilithium5,258.291667
P521_HQC_256,P521_Dilithium5,250.896489
P521_HQC_256,P521_Dilithium5,265.140048
P521_HQC_256,P521_Dilithium5,259.745818
P521_HQC_256,P521_Dilithium5,257.369252
P521_HQC_256,P521_Dilithium5,258.262568
P521_HQC_256,P521_Dilithium5,262.728091
P521_HQC_256,P521_Dilithium5,272.662149
P521_HQC_256,P521_Dilithium5,264.93581
P521_HQC_256,P521_Dilithium5,266.988807
P521_HQC_256,P521_Dilithium5,272.638655
P521_HQC_256,P521_Dilithium5,264.404651
P521_HQC_256,P521_Dilithium5,261.037829
P521_HQC_256,P521_Dilithium5,269.422186
P521_HQC_256,P521_Dilithium5,268.829055
P521_HQC_256,P521_Dilithium5,260.175078
P521_HQC_256,P521_Dilithium5,256.284843
P521_HQC_256,P521_Dilithium5,264.139883
P521_HQC_256,P521_Dilithium5,261.670839
P521_HQC_256,P521_Dilithium5,266.153545
P521_HQC_256,P521_Dilithium5,262.239811
P521_HQC_256,P521_Dilithium5,252.489666
P521_HQC_256,P521_Dilithium5,258.882938
P521_HQC_256,P521_Dilithium5,252.892875
P521_HQC_256,P521_Dilithium5,269.077247
P521_HQC_256,P521_Dilithium5,255.58883
P521_HQC_256,P521_Dilithium5,276.415128
P521_HQC_256,P521_Dilithium5,265.662839
P521_HQC_256,P521_Dilithium5,263.943227
P521_HQC_256,P521_Dilithium5,255.086293
P521_HQC_256,P521_Dilithium5,273.030518
P521_HQC_256,P521_Dilithium5,249.541076
P521_HQC_256,P521_Dilithium5,262.689898
P521_HQC_256,P521_Dilithium5,270.482264
P521_HQC_256,P521_Dilithium5,262.071377
P521_HQC_256,P521_Dilithium5,275.038058
P521_HQC_256,P521_Dilithium5,255.761272
P521_HQC_256,P521_Dilithium5,266.203989
P521_HQC_256,P521_Dilithium5,260.19551
P521_HQC_256,P521_Dilithium5,265.522755
P521_HQC_256,P521_Dilithium5,261.953321
P521_HQC_256,P521_Dilithium5,264.414285
P521_HQC_256,P521_Dilithium5,267.131321
P521_HQC_256,P521_Dilithium5,256.592563
P521_HQC_256,P521_Dilithium5,262.414569
P521_HQC_256,P521_Dilithium5,258.049712
P521_HQC_256,P521_Dilithium5,256.880109
P521_HQC_256,P521_Dilithium5,257.982939
P521_HQC_256,P521_Dilithium5,261.298789
P521_HQC_256,P521_Dilithium5,264.855566
P521_HQC_256,P521_Dilithium5,267.963748
P521_HQC_256,P521_Dilithium5,264.083371
P521_HQC_256,P521_Dilithium5,262.723909
P521_HQC_256,P521_Dilithium5,260.461551
P521_HQC_256,P521_Dilithium5,261.018679
P521_HQC_256,P521_Dilithium5,270.019093
P521_HQC_256,P521_Dilithium5,271.612416
P521_HQC_256,P521_Dilithium5,272.729664
P521_HQC_256,P521_Dilithium5,263.470781
P521_HQC_256,P521_Dilithium5,252.680392
P521_HQC_256,P521_Dilithium5,266.049432
P521_HQC_256,P521_Dilithium5,268.56587
P521_HQC_256,P521_Dilithium5,266.095364
P521_HQC_256,P521_Dilithium5,256.129819
P521_HQC_256,P521_Dilithium5,271.682617
P521_HQC_256,P521_Dilithium5,264.664934
P521_HQC_256,P521_Dilithium5,262.519951
P521_HQC_256,P521_Dilithium5,276.251411
P521_HQC_256,P521_Dilithium5,264.202359
P521_HQC_256,P521_Dilithium5,254.517816
P521_HQC_256,P521_Dilithium5,259.619982
P521_HQC_256,P521_Dilithium5,260.123343
P521_HQC_256,P521_Dilithium5,260.157134
P521_HQC_256,P521_Dilithium5,267.159128
P521_HQC_256,P521_Dilithium5,257.106133
P521_HQC_256,P521_Dilithium5,264.93784
P521_HQC_256,P521_Dilithium5,265.460716
P521_HQC_256,P521_Dilithium5,271.178071
P521_HQC_256,P521_Dilithium5,273.634317
P521_HQC_256,P521_Dilithium5,251.13806
P521_HQC_256,P521_Dilithium5,276.765333
P521_HQC_256,P521_Dilithium5,264.476344
P521_HQC_256,P521_Dilithium5,263.503533
P521_HQC_256,P521_Dilithium5,258.188932
P521_HQC_256,P521_Dilithium5,250.690759
P521_HQC_256,P521_Dilithium5,269.849582
P521_HQC_256,P521_Dilithium5,255.224214
P521_HQC_256,P521_Dilithium5,253.150995
P521_HQC_256,P521_Dilithium5,253.900998
P521_HQC_256,P521_Dilithium5,261.326677
P521_HQC_256,P521_Dilithium5,265.182714
P521_HQC_256,P521_Dilithium5,274.392508
P521_HQC_256,P521_Dilithium5,266.216018
P521_HQC_256,P521_Dilithium5,259.690111
P521_HQC_256,P521_Dilithium5,263.716749
P521_HQC_256,P521_Dilithium5,262.141091
P521_HQC_256,P521_Dilithium5,260.368419
P521_HQC_256,P521_Dilithium5,254.777774
P521_HQC_256,P521_Dilithium5,253.618475
P521_HQC_256,P521_Dilithium5,254.428435
P521_HQC_256,P521_Dilithium5,261.313217
P521_HQC_256,P521_Dilithium5,261.301361
P521_HQC_256,P521_Dilithium5,266.025018
P521_HQC_256,P521_Dilithium5,267.612559
P521_HQC_256,P521_Dilithium5,265.562119
P521_HQC_256,P521_Dilithium5,270.377444
P521_HQC_256,P521_Dilithium5,265.144239
P521_HQC_256,P521_Dilithium5,267.842683
P521_HQC_256,P521_Dilithium5,249.672481
P521_HQC_256,P521_Dilithium5,260.226913
P521_HQC_256,P521_Dilithium5,274.778073
P521_HQC_256,P521_Dilithium5,250.988232
P521_HQC_256,P521_Dilithium5,266.097931
P521_HQC_256,P521_Dilithium5,253.741006
P521_HQC_256,P521_Dilithium5,263.090857
P521_HQC_256,P521_Dilithium5,268.40441
P521_HQC_256,P521_Dilithium5,271.673629
P521_HQC_256,P521_Dilithium5,256.116079
P521_HQC_256,P521_Dilithium5,263.286587
P521_HQC_256,P521_Dilithium5,255.260372
P521_HQC_256,P521_Dilithium5,261.221014
P521_HQC_256,P521_Dilithium5,267.046558
P521_HQC_256,P521_Dilithium5,251.441923
P521_HQC_256,P521_Dilithium5,267.077098
P521_HQC_256,P521_Dilithium5,255.151373
P521_HQC_256,P521_Dilithium5,277.014847
P521_HQC_256,P521_Dilithium5,265.551383
P521_HQC_256,P521_Dilithium5,260.597265
P521_HQC_256,P521_Dilithium5,268.0277
P521_HQC_256,P521_Dilithium5,260.702963
P521_HQC_256,P521_Dilithium5,253.8904
P521_HQC_256,P521_Dilithium5,265.578381
P521_HQC_256,P521_Dilithium5,263.119222
P521_HQC_256,P521_Dilithium5,265.7896
P521_HQC_256,P521_Dilithium5,267.053468
P521_HQC_256,P521_Dilithium5,266.296475
P521_HQC_256,P521_Dilithium5,281.606293
P521_HQC_256,P521_Dilithium5,261.274969
P521_HQC_256,P521_Dilithium5,252.918956
P521_HQC_256,P521_Dilithium5,261.290046
P521_HQC_256,P521_Dilithium5,257.727943
P521_HQC_256,P521_Dilithium5,273.609672
P521_HQC_256,P521_Dilithium5,256.124768
P521_HQC_256,P521_Dilithium5,255.631413
P521_HQC_256,P521_Dilithium5,261.53597
P521_HQC_256,P521_Dilithium5,274.396498
P521_HQC_256,P521_Dilithium5,265.364656
P521_HQC_256,P521_Dilithium5,252.831635
P521_HQC_256,P521_Dilithium5,267.349973
P521_HQC_256,P521_Dilithium5,258.388013
P521_HQC_256,P521_Dilithium5,262.969949
P521_HQC_256,P521_Dilithium5,263.503623
P521_HQC_256,P521_Dilithium5,262.137781
P521_HQC_256,P521_Dilithium5,255.794855
P521_HQC_256,P521_Dilithium5,261.152015
P521_HQC_256,P521_Dilithium5,272.705085
P521_HQC_256,P521_Dilithium5,267.450286
P521_HQC_256,P521_Dilithium5,270.1866
P521_HQC_256,P521_Dilithium5,257.799232
P521_HQC_256,P521_Dilithium5,269.614158
P521_HQC_256,P521_Dilithium5,274.97734
P521_HQC_256,P521_Dilithium5,263.742967
P521_HQC_256,P521_Dilithium5,257.517929
P521_HQC_256,P521_Dilithium5,264.241887
P521_HQC_256,P521_Dilithium5,252.326361
P521_HQC_256,P521_Dilithium5,268.494762
P521_HQC_256,P521_Dilithium5,260.694236
P521_HQC_256,P521_Dilithium5,261.568162
P521_HQC_256,P521_Dilithium5,267.986742
P521_HQC_256,P521_Dilithium5,266.52179
P521_HQC_256,P521_Dilithium5,262.039306
P521_HQC_256,P521_Dilithium5,262.313864
P521_HQC_256,P521_Dilithium5,262.71777
P521_HQC_256,P521_Dilithium5,262.440062
P521_HQC_256,P521_Dilithium5,256.477913
P521_HQC_256,P521_Dilithium5,271.929675
P521_HQC_256,P521_Dilithium5,262.092877
P521_HQC_256,P521_Dilithium5,265.395339
P521_HQC_256,P521_Dilithium5,257.441154
P521_HQC_256,P521_Dilithium5,263.508714
P521_HQC_256,P521_Dilithium5,266.655256
P521_HQC_256,P521_Dilithium5,256.437719
P521_HQC_256,P521_Dilithium5,256.601335
P521_HQC_256,P521_Dilithium5,252.289545
P521_HQC_256,P521_Dilithium5,275.481871
P521_HQC_256,P521_Dilithium5,254.858901
P521_HQC_256,P521_Dilithium5,257.264461
P521_HQC_256,P521_Dilithium5,258.883145
P521_HQC_256,P521_Dilithium5,265.117099
P521_HQC_256,P521_Dilithium5,266.425908
P521_HQC_256,P521_Dilithium5,273.547824
P521_HQC_256,P521_Dilithium5,255.725532
P521_HQC_256,P521_Dilithium5,254.229966
P521_HQC_256,P521_Dilithium5,254.779704
P521_HQC_256,P521_Dilithium5,267.100392
P521_HQC_256,P521_Dilithium5,262.425578
P521_HQC_256,P521_Dilithium5,254.270606
P521_HQC_256,P521_Dilithium5,265.84725
P521_HQC_256,P521_Dilithium5,265.908907
P521_HQC_256,P521_Dilithium5,254.783547
P521_HQC_256,P521_Dilithium5,278.492319
P521_HQC_256,P521_Dilithium5,271.150029
P521_HQC_256,P521_Dilithium5,263.059282
P521_HQC_256,P521_Dilithium5,265.27384
P521_HQC_256,P521_Dilithium5,270.018368
P521_HQC_256,P521_Dilithium5,259.118367
P521_HQC_256,P521_Dilithium5,262.18922
P521_HQC_256,P521_Dilithium5,275.174223
P521_HQC_256,P521_Dilithium5,264.97834
P521_HQC_256,P521_Dilithium5,265.567448
P521_HQC_256,P521_Dilithium5,258.78453
P521_HQC_256,P521_Dilithium5,265.950379
P521_HQC_256,P521_Dilithium5,261.751588
P521_HQC_256,P521_Dilithium5,269.711264
P521_HQC_256,P521_Dilithium5,265.439565
P521_HQC_256,P521_Dilithium5,253.04093
P521_HQC_256,P521_Dilithium5,258.905346
P521_HQC_256,P521_Dilithium5,263.07888
P521_HQC_256,P521_Dilithium5,265.33814
P521_HQC_256,P521_Dilithium5,272.815766
P521_HQC_256,P521_Dilithium5,268.702755
P521_HQC_256,P521_Dilithium5,251.976754
P521_HQC_256,P521_Dilithium5,254.832234
P521_HQC_256,P521_Dilithium5,262.662764
P521_HQC_256,P521_Dilithium5,266.55974
P521_HQC_256,P521_Dilithium5,265.924641
P521_HQC_256,P521_Dilithium5,273.924961
P521_HQC_256,P521_Dilithium5,254.965649
P521_HQC_256,P521_Dilithium5,260.230872
P521_HQC_256,P521_Dilithium5,269.933104
P521_HQC_256,P521_Dilithium5,265.131228
P521_HQC_256,P521_Dilithium5,258.10252
P521_HQC_256,P521_Dilithium5,264.377656
P521_HQC_256,P521_Dilithium5,253.894367
P521_HQC_256,P521_Dilithium5,263.918666
P521_HQC_256,P521_Dilithium5,249.787902
P521_HQC_256,P521_Dilithium5,260.11716
P521_HQC_256,P521_Dilithium5,253.802117
P521_HQC_256,P521_Dilithium5,257.508403
P521_HQC_256,P521_Dilithium5,254.268628
P521_HQC_256,P521_Dilithium5,255.500886
P521_HQC_256,P521_Dilithium5,257.223516
P521_HQC_256,P521_Dilithium5,260.158536
P521_HQC_256,P521_Dilithium5,254.880949
P521_HQC_256,P521_Dilithium5,256.639575
P521_HQC_256,P521_Dilithium5,263.716997
P521_HQC_256,P521_Dilithium5,257.842027
P521_HQC_256,P521_Dilithium5,264.364993
P521_HQC_256,P521_Dilithium5,266.795122
P521_HQC_256,P521_Dilithium5,271.4082
P521_HQC_256,P521_Dilithium5,261.843315
P521_HQC_256,P521_Dilithium5,262.782669
P521_HQC_256,P521_Dilithium5,263.774693
P521_HQC_256,P521_Dilithium5,269.731233
P521_HQC_256,P521_Dilithium5,276.043755
P521_HQC_256,P521_Dilithium5,260.609348
P521_HQC_256,P521_Dilithium5,265.453409
P521_HQC_256,P521_Dilithium5,257.211112
P521_HQC_256,P521_Dilithium5,266.498521
P521_HQC_256,P521_Dilithium5,263.413435
P521_HQC_256,P521_Dilithium5,269.432806
P521_HQC_256,P521_Dilithium5,247.711628
P521_HQC_256,P521_Dilithium5,265.21827
P521_HQC_256,P521_Dilithium5,263.594919
P521_HQC_256,P521_Dilithium5,250.097246
P521_HQC_256,P521_Dilithium5,251.730115
P521_HQC_256,P521_Dilithium5,264.685224
P521_HQC_256,P521_Dilithium5,266.673377
P521_HQC_256,P521_Dilithium5,252.468731
P521_HQC_256,P521_Dilithium5,263.136474
P521_HQC_256,P521_Dilithium5,254.670574
P521_HQC_256,P521_Dilithium5,266.539325
P521_HQC_256,P521_Dilithium5,257.604355
P521_HQC_256,P521_Dilithium5,264.268348
P521_HQC_256,P521_Dilithium5,263.145727
P521_HQC_256,P521_Dilithium5,254.788528
P521_HQC_256,P521_Dilithium5,250.86554
P521_HQC_256,P521_Dilithium5,271.551531
P521_HQC_256,P521_Dilithium5,251.124085
P521_HQC_256,P521_Dilithium5,257.199594
P521_HQC_256,P521_Dilithium5,267.826005
P521_HQC_256,P521_Dilithium5,257.553683
P521_HQC_256,P521_Dilithium5,253.889499
P521_HQC_256,P521_Dilithium5,263.794068
P521_HQC_256,P521_Dilithium5,267.416568
P521_HQC_256,P521_Dilithium5,262.055304
P521_HQC_256,P521_Dilithium5,250.753812
P521_HQC_256,P521_Dilithium5,251.186037
P521_HQC_256,P521_Dilithium5,274.920193
P521_HQC_256,P521_Dilithium5,268.69471
P521_HQC_256,P521_Dilithium5,268.540073
P521_HQC_256,P521_Dilithium5,262.106501
P521_HQC_256,P521_Dilithium5,258.704987
P521_HQC_256,P521_Dilithium5,265.983259
P521_HQC_256,P521_Dilithium5,253.806803
P521_HQC_256,P521_Dilithium5,265.279457
P521_HQC_256,P521_Dilithium5,257.98197
P521_HQC_256,P521_Dilithium5,251.287455
P521_HQC_256,P521_Dilithium5,259.249978
P521_HQC_256,P521_Dilithium5,265.172267
P521_HQC_256,P521_Dilithium5,256.868306
P521_HQC_256,P521_Dilithium5,261.155971
P521_HQC_256,P521_Dilithium5,272.503141
P521_HQC_256,P521_Dilithium5,255.72136
P521_HQC_256,P521_Dilithium5,266.646814
P521_HQC_256,P521_Dilithium5,254.357075
P521_HQC_256,P521_Dilithium5,255.273908
P521_HQC_256,P521_Dilithium5,255.610369
P521_HQC_256,P521_Dilithium5,256.512727
P521_HQC_256,P521_Dilithium5,266.884424
P521_HQC_256,P521_Dilithium5,275.214339
P521_HQC_256,P521_Dilithium5,265.587012
P521_HQC_256,P521_Dilithium5,254.931685
P521_HQC_256,P521_Dilithium5,264.627649
P521_HQC_256,P521_Dilithium5,275.398015
P521_HQC_256,P521_Dilithium5,259.652154
P521_HQC_256,P521_Dilithium5,264.201915
P521_HQC_256,P521_Dilithium5,265.256875
P521_HQC_256,P521_Dilithium5,275.865115
P521_HQC_256,P521_Dilithium5,262.629939
P521_HQC_256,P521_Dilithium5,267.61796
P521_HQC_256,P521_Dilithium5,253.658536
P521_HQC_256,P521_Dilithium5,268.828197
P521_HQC_256,P521_Dilithium5,278.988651
P521_HQC_256,P521_Dilithium5,264.652552
P521_HQC_256,P521_Dilithium5,255.494121
P521_HQC_256,P521_Dilithium5,270.22498
P521_HQC_256,P521_Dilithium5,264.378814
P521_HQC_256,P521_Dilithium5,254.729441
P521_HQC_256,P521_Dilithium5,265.231137
P521_HQC_256,P521_Dilithium5,250.380312
P521_HQC_256,P521_Dilithium5,254.39826
P521_HQC_256,P521_Dilithium5,266.526535
P521_HQC_256,P521_Dilithium5,265.12622
P521_HQC_256,P521_Dilithium5,254.239374
P521_HQC_256,P521_Dilithium5,263.983794
P521_HQC_256,P521_Dilithium5,262.370679
P521_HQC_256,P521_Dilithium5,271.71642
P521_HQC_256,P521_Dilithium5,263.21064
P521_HQC_256,P521_Dilithium5,262.359124
P521_HQC_256,P521_Dilithium5,252.507957
P521_HQC_256,P521_Dilithium5,253.028529
P521_HQC_256,P521_Dilithium5,265.468612
P521_HQC_256,P521_Dilithium5,258.296024
P521_HQC_256,P521_Dilithium5,261.634872
P521_HQC_256,P521_Dilithium5,265.674137
P521_HQC_256,P521_Dilithium5,257.418527
P521_HQC_256,P521_Dilithium5,264.237036
P521_HQC_256,P521_Dilithium5,259.487936
P521_HQC_256,P521_Dilithium5,259.658088
P521_HQC_256,P521_Dilithium5,258.058225
P521_HQC_256,P521_Dilithium5,254.890093
P521_HQC_256,P521_Dilithium5,260.52537
P521_HQC_256,P521_Dilithium5,275.384284
P521_HQC_256,P521_Dilithium5,256.65405
P521_HQC_256,P521_Dilithium5,269.435332
P521_HQC_256,P521_Dilithium5,268.394942
P521_HQC_256,P521_Dilithium5,263.282052
P521_HQC_256,P521_Dilithium5,261.344231
P521_HQC_256,P521_Dilithium5,260.023881
P521_HQC_256,P521_Dilithium5,258.91878
P521_HQC_256,P521_Dilithium5,273.884231
P521_HQC_256,P521_Dilithium5,253.783085
P521_HQC_256,P521_Dilithium5,266.366839
P521_HQC_256,P521_Dilithium5,268.537845
P521_HQC_256,P521_Dilithium5,257.671863
P521_HQC_256,P521_Dilithium5,271.59389
P521_HQC_256,P521_Dilithium5,259.940042
P521_HQC_256,P521_Dilithium5,274.644032
P521_HQC_256,P521_Dilithium5,258.413687
P521_HQC_256,P521_Dilithium5,265.23788
P521_HQC_256,P521_Dilithium5,252.398782
P521_HQC_256,P521_Dilithium5,262.736219
P521_HQC_256,P521_Dilithium5,259.245768
P521_HQC_256,P521_Dilithium5,263.31104
P521_HQC_256,P521_Dilithium5,264.099237
P521_HQC_256,P521_Dilithium5,262.483737
P521_HQC_256,P521_Dilithium5,264.639263
P521_HQC_256,P521_Dilithium5,262.789281
P521_HQC_256,P521_Dilithium5,263.493052
P521_HQC_256,P521_Dilithium5,254.611405
P521_HQC_256,P521_Dilithium5,265.814335
P521_HQC_256,P521_Dilithium5,254.058628
P521_HQC_256,P521_Dilithium5,261.642601
P521_HQC_256,P521_Dilithium5,256.30918
P521_HQC_256,P521_Dilithium5,266.003609
P521_HQC_256,P521_Dilithium5,259.214198
P521_HQC_256,P521_Dilithium5,260.160078
P521_HQC_256,P521_Dilithium5,266.088551
P521_HQC_256,P521_Dilithium5,267.107799
P521_HQC_256,P521_Dilithium5,272.818598
P521_HQC_256,P521_Dilithium5,261.39168
P521_HQC_256,P521_Dilithium5,253.684298
P521_HQC_256,P521_Dilithium5,261.493065
P521_HQC_256,P521_Dilithium5,261.833103
P521_HQC_256,P521_Dilithium5,274.115468
P521_HQC_256,P521_Dilithium5,254.755442
P521_HQC_256,P521_Dilithium5,249.174622
P521_HQC_256,P521_Dilithium5,264.01827
P521_HQC_256,P521_Dilithium5,254.661901
P521_HQC_256,P521_Dilithium5,264.305255
P521_HQC_256,P521_Dilithium5,264.207927
P521_HQC_256,P521_Dilithium5,266.610699
P521_HQC_256,P521_Dilithium5,264.994186
P521_HQC_256,P521_Dilithium5,257.033701
P521_HQC_256,P521_Dilithium5,261.375441
P521_HQC_256,P521_Dilithium5,264.309176
P521_HQC_256,P521_Dilithium5,265.227165
P521_HQC_256,P521_Dilithium5,274.953747
P521_HQC_256,P521_Dilithium5,265.69165
P521_HQC_256,P521_Dilithium5,253.889844
P521_HQC_256,P521_Dilithium5,273.766441
P521_HQC_256,P521_Dilithium5,264.540765
P521_HQC_256,P521_Dilithium5,263.09957
P521_HQC_256,P521_Dilithium5,263.397046
P521_HQC_256,P521_Dilithium5,266.713763
P521_HQC_256,P521_Dilithium5,265.984668
P521_HQC_256,P521_Dilithium5,271.770295
P521_HQC_256,P521_Dilithium5,261.356378
P521_HQC_256,P521_Dilithium5,260.411362
P521_HQC_256,P521_Dilithium5,257.125705
P521_HQC_256,P521_Dilithium5,254.882649
P521_HQC_256,P521_Dilithium5,274.618766
P521_HQC_256,P521_Dilithium5,258.921691
P521_HQC_256,P521_Dilithium5,276.067106
P521_HQC_256,P521_Dilithium5,267.520451
P521_HQC_256,P521_Dilithium5,265.752204
P521_HQC_256,P521_Dilithium5,255.997928
P521_HQC_256,P521_Dilithium5,263.143922
P521_HQC_256,P521_Dilithium5,252.713933
P521_HQC_256,P521_Dilithium5,273.733638
P521_HQC_256,P521_Dilithium5,251.702378
P521_HQC_256,P521_Dilithium5,265.60467
P521_HQC_256,P521_Dilithium5,258.332332
P521_HQC_256,P521_Dilithium5,264.221892
P521_HQC_256,P521_Dilithium5,262.046426
P521_HQC_256,P521_Dilithium5,256.941231
P521_HQC_256,P521_Dilithium5,260.394819
P521_HQC_256,P521_Dilithium5,265.114187
P521_HQC_256,P521_Dilithium5,254.048293
P521_HQC_256,P521_Dilithium5,261.892376
P521_HQC_256,P521_Dilithium5,270.184611
P521_HQC_256,P521_Dilithium5,266.307199
P521_HQC_256,P521_Dilithium5,264.188343
P521_HQC_256,P521_Dilithium5,264.677357
P521_HQC_256,P521_Dilithium5,254.653211
P521_HQC_256,P521_Dilithium5,255.906442
P521_HQC_256,P521_Dilithium5,263.208182
P521_HQC_256,P521_Dilithium5,274.654924
P521_HQC_256,P521_Dilithium5,253.378357
P521_HQC_256,P521_Dilithium5,263.481209
P521_HQC_256,P521_Dilithium5,268.813485
P521_HQC_256,P521_Dilithium5,266.54063
P521_HQC_256,P521_Dilithium5,251.05091
P521_HQC_256,P521_Dilithium5,265.151108
P521_HQC_256,P521_Dilithium5,265.097747
P521_HQC_256,P521_Dilithium5,259.437007
P521_HQC_256,P521_Dilithium5,257.230303
P521_HQC_256,P521_Dilithium5,259.211174
P521_HQC_256,P521_Dilithium5,255.009372
P521_HQC_256,P521_Dilithium5,261.345406
P521_HQC_256,P521_Dilithium5,257.544738
P521_HQC_256,P521_Dilithium5,262.740921
P521_HQC_256,P521_Dilithium5,251.576415
P521_HQC_256,P521_Dilithium5,274.489823
P521_HQC_256,P521_Dilithium5,267.163307
P521_HQC_256,P521_Dilithium5,262.241089
P521_HQC_256,P521_Dilithium5,266.03531
P521_HQC_256,P521_Dilithium5,271.525687
P521_HQC_256,P521_Dilithium5,265.271655
P521_HQC_256,P521_Dilithium5,258.72474
P521_HQC_256,P521_Dilithium5,254.201304
P521_HQC_256,P521_Dilithium5,266.316174
P521_HQC_256,P521_Dilithium5,254.647106
P521_HQC_256,P521_Dilithium5,252.320845
P521_HQC_256,P521_Dilithium5,256.687104
P521_HQC_256,P521_Dilithium5,252.493022
P521_HQC_256,P521_Dilithium5,254.000504
P521_HQC_256,P521_Dilithium5,256.407299
P521_HQC_256,P521_Dilithium5,258.734842
P521_HQC_256,P521_Dilithium5,263.124612
P521_HQC_256,P521_Dilithium5,267.5934
P521_HQC_256,P521_Dilithium5,259.248961
P521_HQC_256,P521_Dilithium5,256.645942
P521_HQC_256,P521_Dilithium5,273.227443
P521_HQC_256,P521_Dilithium5,264.937303
P521_HQC_256,P521_Dilithium5,273.540508
P521_HQC_256,P521_Dilithium5,264.747425
P521_HQC_256,P521_Dilithium5,265.337863
P521_HQC_256,P521_Dilithium5,253.236955
P521_HQC_256,P521_Dilithium5,264.220564
P521_HQC_256,P521_Dilithium5,272.536784
P521_HQC_256,P521_Dilithium5,257.328847
P521_HQC_256,P521_Dilithium5,260.785941
P521_HQC_256,P521_Dilithium5,259.92963
P521_HQC_256,P521_Dilithium5,274.009244
P521_HQC_256,P521_Dilithium5,255.395539
P521_HQC_256,P521_Dilithium5,265.840183
P521_HQC_256,P521_Dilithium5,268.979009
P521_HQC_256,P521_Dilithium5,258.366736
P521_HQC_256,P521_Dilithium5,254.745891
P521_HQC_256,P521_Dilithium5,253.246977
P521_HQC_256,P521_Dilithium5,253.349284
P521_HQC_256,P521_Dilithium5,276.026529
P521_HQC_256,P521_Dilithium5,253.213852
P521_HQC_256,P521_Dilithium5,257.987691
P521_HQC_256,P521_Dilithium5,264.645746
P521_HQC_256,P521_Dilithium5,265.74579
P521_HQC_256,P521_Dilithium5,261.108554
P521_HQC_256,P521_Dilithium5,258.555121
P521_HQC_256,P521_Dilithium5,265.729124
P521_HQC_256,P521_Dilithium5,254.542337
P521_HQC_256,P521_Dilithium5,270.846901
P521_HQC_256,P521_Dilithium5,271.995904
P521_HQC_256,P521_Dilithium5,262.990112
P521_HQC_256,P521_Dilithium5,258.044855
P521_HQC_256,P521_Dilithium5,271.00184
P521_HQC_256,P521_Dilithium5,256.557911
P521_HQC_256,P521_Dilithium5,263.315054
P521_HQC_256,P521_Dilithium5,263.711129
P521_HQC_256,P521_Dilithium5,250.143485
P521_HQC_256,P521_Dilithium5,274.523685
P521_HQC_256,P521_Dilithium5,255.505153
P521_HQC_256,P521_Dilithium5,259.651058
P521_HQC_256,P521_Dilithium5,253.782796
P521_HQC_256,P521_Dilithium5,266.329677
P521_HQC_256,P521_Dilithium5,264.844221
P521_HQC_256,P521_Dilithium5,262.579938
P521_HQC_256,P521_Dilithium5,254.074353
P521_HQC_256,P521_Dilithium5,265.040702
P521_HQC_256,P521_Dilithium5,260.452424
P521_HQC_256,P521_Dilithium5,267.004248
P521_HQC_256,P521_Dilithium5,260.877955
P521_HQC_256,P521_Dilithium5,253.769816
P521_HQC_256,P521_Dilithium5,264.683254
P521_HQC_256,P521_Dilithium5,261.062144
P521_HQC_256,P521_Dilithium5,267.642627
P521_HQC_256,P521_Dilithium5,276.469007
P521_HQC_256,P521_Dilithium5,262.787129
P521_HQC_256,P521_Dilithium5,254.219707
P521_HQC_256,P521_Dilithium5,260.171974
P521_HQC_256,P521_Dilithium5,262.531162
P521_HQC_256,P521_Dilithium5,254.362164
P521_HQC_256,P521_Dilithium5,266.598822
P521_HQC_256,P521_Dilithium5,265.944998
P521_HQC_256,P521_Dilithium5,267.014208
P521_HQC_256,P521_Dilithium5,264.391431
P521_HQC_256,P521_Dilithium5,267.562562
P521_HQC_256,P521_Dilithium5,260.719517
P521_HQC_256,P521_Dilithium5,270.728695
P521_HQC_256,P521_Dilithium5,268.499304
P521_HQC_256,P521_Dilithium5,268.403192
P521_HQC_256,P521_Dilithium5,265.33763
P521_HQC_256,P521_Dilithium5,263.031751
P521_HQC_256,P521_Dilithium5,254.654219
P521_HQC_256,P521_Dilithium5,259.230938
P521_HQC_256,P521_Dilithium5,264.564416
P521_HQC_256,P521_Dilithium5,256.407727
P521_HQC_256,P521_Dilithium5,253.368904
P521_HQC_256,P521_Dilithium5,264.455775
P521_HQC_256,P521_Dilithium5,263.327316
P521_HQC_256,P521_Dilithium5,252.472417
P521_HQC_256,P521_Dilithium5,257.466372
P521_HQC_256,P521_Dilithium5,261.22731
P521_HQC_256,P521_Dilithium5,258.931395
P521_HQC_256,P521_Dilithium5,250.452127
P521_HQC_256,P521_Dilithium5,262.51744
P521_HQC_256,P521_Dilithium5,275.893006
P521_HQC_256,P521_Dilithium5,266.726432
P521_HQC_256,P521_Dilithium5,259.670515
P521_HQC_256,P521_Dilithium5,262.956406
P521_HQC_256,P521_Dilithium5,266.410539
P521_HQC_256,P521_Dilithium5,249.696383
P521_HQC_256,P521_Dilithium5,270.532746
P521_HQC_256,P521_Dilithium5,266.62544
P521_HQC_256,P521_Dilithium5,266.966556
P521_HQC_256,P521_Dilithium5,273.335373
P521_HQC_256,P521_Dilithium5,266.136581
P521_HQC_256,P521_Dilithium5,273.731698
P521_HQC_256,P521_Dilithium5,267.560237
P521_HQC_256,P521_Dilithium5,263.570204
P521_HQC_256,P521_Dilithium5,266.136051
P521_HQC_256,P521_Dilithium5,266.043173
P521_HQC_256,P521_Dilithium5,272.248342
P521_HQC_256,P521_Dilithium5,262.329537
P521_HQC_256,P521_Dilithium5,258.590923
P521_HQC_256,P521_Dilithium5,267.825203
P521_HQC_256,P521_Dilithium5,252.014442
P521_HQC_256,P521_Dilithium5,263.110082
P521_HQC_256,P521_Dilithium5,257.685886
P521_HQC_256,P521_Dilithium5,266.011903
P521_HQC_256,P521_Dilithium5,259.671994
P521_HQC_256,P521_Dilithium5,260.193096
P521_HQC_256,P521_Dilithium5,266.5656
P521_HQC_256,P521_Dilithium5,256.085003
P521_HQC_256,P521_Dilithium5,264.170332
P521_HQC_256,P521_Dilithium5,267.507903
P521_HQC_256,P521_Dilithium5,259.533804
P521_HQC_256,P521_Dilithium5,252.413321
P521_HQC_256,P521_Dilithium5,264.082216
P521_HQC_256,P521_Dilithium5,257.845718
P521_HQC_256,P521_Dilithium5,253.912137
P521_HQC_256,P521_Dilithium5,264.762678
P521_HQC_256,P521_Dilithium5,269.630865
P521_HQC_256,P521_Dilithium5,256.64939
P521_HQC_256,P521_Dilithium5,251.298528
P521_HQC_256,P521_Dilithium5,272.651722
P521_HQC_256,P521_Dilithium5,265.917368
P521_HQC_256,P521_Dilithium5,259.930317
P521_HQC_256,P521_Dilithium5,273.066372
P521_HQC_256,P521_Dilithium5,263.059514
P521_HQC_256,P521_Dilithium5,274.811879
P521_HQC_256,P521_Dilithium5,263.113067
P521_HQC_256,P521_Dilithium5,265.341736
P521_HQC_256,P521_Dilithium5,253.494983
P521_HQC_256,P521_Dilithium5,263.322732
P521_HQC_256,P521_Dilithium5,264.068293
P521_HQC_256,P521_Dilithium5,263.404711
P521_HQC_256,P521_Dilithium5,256.870762
P521_HQC_256,P521_Dilithium5,264.299411
P521_HQC_256,P521_Dilithium5,272.63983
P521_HQC_256,P521_Dilithium5,261.142742
P521_HQC_256,P521_Dilithium5,261.86971
P521_HQC_256,P521_Dilithium5,265.284769
P521_HQC_256,P521_Dilithium5,269.867378
P521_HQC_256,P521_Dilithium5,263.382746
P521_HQC_256,P521_Dilithium5,262.196059
P521_HQC_256,P521_Dilithium5,275.193018
P521_HQC_256,P521_Dilithium5,252.712277
P521_HQC_256,P521_Dilithium5,255.708122
P521_HQC_256,P521_Dilithium5,259.607951
P521_HQC_256,P521_Dilithium5,263.565724
P521_HQC_256,P521_Dilithium5,270.810458
P521_HQC_256,P521_Dilithium5,259.740295
P521_HQC_256,P521_Dilithium5,250.670973
P521_HQC_256,P521_Dilithium5,273.370538
P521_HQC_256,P521_Dilithium5,276.546259
P521_HQC_256,P521_Dilithium5,254.50633
P521_HQC_256,P521_Dilithium5,265.760576
P521_HQC_256,P521_Dilithium5,261.177333
P521_HQC_256,P521_Dilithium5,268.585374
P521_HQC_256,P521_Dilithium5,265.01214
P521_HQC_256,P521_Dilithium5,267.666202
P521_HQC_256,P521_Dilithium5,264.524178
P521_HQC_256,P521_Dilithium5,265.143174
P521_HQC_256,P521_Dilithium5,269.475051
P521_HQC_256,P521_Dilithium5,260.82439
P521_HQC_256,P521_Dilithium5,270.328391
P521_HQC_256,P521_Dilithium5,276.534908
P521_HQC_256,P521_Dilithium5,265.287742
P521_HQC_256,P521_Dilithium5,271.820309
P521_HQC_256,P521_Dilithium5,254.109905
P521_HQC_256,P521_Dilithium5,272.47632
P521_HQC_256,P521_Dilithium5,263.115066
P521_HQC_256,P521_Dilithium5,260.407992
P521_HQC_256,P521_Dilithium5,262.47749
P521_HQC_256,P521_Dilithium5,252.45958
P521_HQC_256,P521_Dilithium5,266.710898
P521_HQC_256,P521_Dilithium5,257.9797
P521_HQC_256,P521_Dilithium5,252.311146
P521_HQC_256,P521_Dilithium5,267.203435
P521_HQC_256,P521_Dilithium5,266.732854
P521_HQC_256,P521_Dilithium5,266.828393
P521_HQC_256,P521_Dilithium5,265.794921
P521_HQC_256,P521_Dilithium5,261.371859
P521_HQC_256,P521_Dilithium5,252.03849
P521_HQC_256,P521_Dilithium5,267.301069
P521_HQC_256,P521_Dilithium5,268.60845
P521_HQC_256,P521_Dilithium5,271.280834
P521_HQC_256,P521_Dilithium5,263.19912
P521_HQC_256,P521_Dilithium5,270.048601
P521_HQC_256,P521_Dilithium5,252.531222
P521_HQC_256,P521_Dilithium5,264.375947
P521_HQC_256,P521_Dilithium5,265.952462
P521_HQC_256,P521_Dilithium5,261.628411
P521_HQC_256,P521_Dilithium5,265.26993
P521_HQC_256,P521_Dilithium5,266.028125
P521_HQC_256,P521_Dilithium5,274.998326
P521_HQC_256,P521_Dilithium5,267.075729
P521_HQC_256,P521_Dilithium5,265.10153
P521_HQC_256,P521_Dilithium5,266.073632
P521_HQC_256,P521_Dilithium5,258.830509
P521_HQC_256,P521_Dilithium5,256.507348
P521_HQC_256,P521_Dilithium5,251.327128
P521_HQC_256,P521_Dilithium5,253.346156
P521_HQC_256,P521_Dilithium5,261.038286
P521_HQC_256,P521_Dilithium5,271.943099
P521_HQC_256,P521_Dilithium5,253.442692
P521_HQC_256,P521_Dilithium5,258.464688
P521_HQC_256,P521_Dilithium5,274.984061
P521_HQC_256,P521_Dilithium5,262.724061
P521_HQC_256,P521_Dilithium5,257.345093
P521_HQC_256,P521_Dilithium5,252.942055
P521_HQC_256,P521_Dilithium5,253.912444
P521_HQC_256,P521_Dilithium5,271.848343
P521_HQC_256,P521_Dilithium5,264.541777
P521_HQC_256,P521_Dilithium5,261.364432
P521_HQC_256,P521_Dilithium5,268.766739
P521_HQC_256,P521_Dilithium5,262.890153
P521_HQC_256,P521_Dilithium5,265.655734
P521_HQC_256,P521_Dilithium5,263.161459
P521_HQC_256,P521_Dilithium5,272.225297
P521_HQC_256,P521_Dilithium5,258.478363
P521_HQC_256,P521_Dilithium5,272.648297
P521_HQC_256,P521_Dilithium5,263.49491
P521_HQC_256,P521_Dilithium5,265.102617
P521_HQC_256,P521_Dilithium5,255.618274
P521_HQC_256,P521_Dilithium5,263.283048
P521_HQC_256,P521_Dilithium5,259.54313
P521_HQC_256,P521_Dilithium5,264.926095
P521_HQC_256,P521_Dilithium5,263.705995
P521_HQC_256,P521_Dilithium5,260.464922
P521_HQC_256,P521_Dilithium5,259.120498
P521_HQC_256,P521_Dilithium5,263.582134
P521_HQC_256,P521_Dilithium5,254.100902
P521_HQC_256,P521_Dilithium5,263.461444
P521_HQC_256,P521_Dilithium5,257.068899
P521_HQC_256,P521_Dilithium5,253.573291
P521_HQC_256,P521_Dilithium5,257.323342
P521_HQC_256,P521_Dilithium5,262.801667
P521_HQC_256,P521_Dilithium5,263.1755
P521_HQC_256,P521_Dilithium5,264.189852
P521_HQC_256,P521_Dilithium5,261.412285
P521_HQC_256,P521_Dilithium5,252.823753
P521_HQC_256,P521_Dilithium5,253.294827
P521_HQC_256,P521_Dilithium5,264.985949
P521_HQC_256,P521_Dilithium5,258.252612
P521_HQC_256,P521_Dilithium5,265.835718
P521_HQC_256,P521_Dilithium5,256.550994
P521_HQC_256,P521_Dilithium5,257.432907
P521_HQC_256,P521_Dilithium5,265.221777
P521_HQC_256,P521_Dilithium5,267.915481
P521_HQC_256,P521_Dilithium5,270.257967
P521_HQC_256,P521_Dilithium5,267.643732
P521_HQC_256,P521_Dilithium5,253.250429
P521_HQC_256,P521_Dilithium5,263.593014
P521_HQC_256,P521_Dilithium5,264.278441
P521_HQC_256,P521_Dilithium5,263.349139
P521_HQC_256,P521_Dilithium5,260.893738
P521_HQC_256,P521_Dilithium5,267.552201
P521_HQC_256,P521_Dilithium5,264.132019
P521_HQC_256,P521_Dilithium5,274.123932
P521_HQC_256,P521_Dilithium5,264.287072
P521_HQC_256,P521_Dilithium5,261.515331
P521_HQC_256,P521_Dilithium5,264.349378
P521_HQC_256,P521_Dilithium5,260.452383
P521_HQC_256,P521_Dilithium5,264.906458
P521_HQC_256,P521_Dilithium5,257.012208
P521_HQC_256,P521_Dilithium5,257.111874
P521_HQC_256,P521_Dilithium5,266.586435
P521_HQC_256,P521_Dilithium5,253.830201
P521_HQC_256,P521_Dilithium5,260.915645
P521_HQC_256,P521_Dilithium5,262.575858
P521_HQC_256,P521_Dilithium5,256.905915
P521_HQC_256,P521_Dilithium5,264.064281
P521_HQC_256,P521_Dilithium5,258.768647
P521_HQC_256,P521_Dilithium5,267.899924
P521_HQC_256,P521_Dilithium5,263.502428
P521_HQC_256,P521_Dilithium5,262.630315
P521_HQC_256,P521_Dilithium5,264.015883
P521_HQC_256,P521_Dilithium5,269.527501
P521_HQC_256,P521_Dilithium5,257.880138
P521_HQC_256,P521_Dilithium5,264.444676
P521_HQC_256,P521_Dilithium5,254.259253
P521_HQC_256,P521_Dilithium5,275.105881
P521_HQC_256,P521_Dilithium5,269.1751
P521_HQC_256,P521_Dilithium5,261.407449
P521_HQC_256,P521_Dilithium5,262.551787
P521_HQC_256,P521_Dilithium5,258.136251
P521_HQC_256,P521_Dilithium5,266.629288
P521_HQC_256,P521_Dilithium5,265.538305
P521_HQC_256,P521_Dilithium5,259.310474
P521_HQC_256,P521_Dilithium5,268.615845
P521_HQC_256,P521_Dilithium5,255.209194
P521_BIKE_L5,P521_Dilithium5,146.247204
P521_BIKE_L5,P521_Dilithium5,145.574847
P521_BIKE_L5,P521_Dilithium5,144.375084
P521_BIKE_L5,P521_Dilithium5,146.097384
P521_BIKE_L5,P521_Dilithium5,142.537498
P521_BIKE_L5,P521_Dilithium5,141.540042
P521_BIKE_L5,P521_Dilithium5,142.071993
P521_BIKE_L5,P521_Dilithium5,141.029406
P521_BIKE_L5,P521_Dilithium5,148.662466
P521_BIKE_L5,P521_Dilithium5,150.682168
P521_BIKE_L5,P521_Dilithium5,143.394863
P521_BIKE_L5,P521_Dilithium5,152.833408
P521_BIKE_L5,P521_Dilithium5,143.039712
P521_BIKE_L5,P521_Dilithium5,140.631187
P521_BIKE_L5,P521_Dilithium5,140.964986
P521_BIKE_L5,P521_Dilithium5,143.650559
P521_BIKE_L5,P521_Dilithium5,150.269688
P521_BIKE_L5,P521_Dilithium5,151.23978
P521_BIKE_L5,P521_Dilithium5,145.053153
P521_BIKE_L5,P521_Dilithium5,142.213573
P521_BIKE_L5,P521_Dilithium5,144.164981
P521_BIKE_L5,P521_Dilithium5,148.269735
P521_BIKE_L5,P521_Dilithium5,143.369076
P521_BIKE_L5,P521_Dilithium5,149.13422
P521_BIKE_L5,P521_Dilithium5,147.57736
P521_BIKE_L5,P521_Dilithium5,146.038627
P521_BIKE_L5,P521_Dilithium5,142.611646
P521_BIKE_L5,P521_Dilithium5,145.734082
P521_BIKE_L5,P521_Dilithium5,143.244153
P521_BIKE_L5,P521_Dilithium5,145.38428
P521_BIKE_L5,P521_Dilithium5,148.304657
P521_BIKE_L5,P521_Dilithium5,148.869521
P521_BIKE_L5,P521_Dilithium5,147.896399
P521_BIKE_L5,P521_Dilithium5,143.929071
P521_BIKE_L5,P521_Dilithium5,140.601912
P521_BIKE_L5,P521_Dilithium5,138.765695
P521_BIKE_L5,P521_Dilithium5,145.64918
P521_BIKE_L5,P521_Dilithium5,145.698127
P521_BIKE_L5,P521_Dilithium5,146.014955
P521_BIKE_L5,P521_Dilithium5,142.405411
P521_BIKE_L5,P521_Dilithium5,151.124981
P521_BIKE_L5,P521_Dilithium5,143.299251
P521_BIKE_L5,P521_Dilithium5,145.323966
P521_BIKE_L5,P521_Dilithium5,143.799852
P521_BIKE_L5,P521_Dilithium5,141.073288
P521_BIKE_L5,P521_Dilithium5,143.413918
P521_BIKE_L5,P521_Dilithium5,146.01683
P521_BIKE_L5,P521_Dilithium5,147.981116
P521_BIKE_L5,P521_Dilithium5,146.468566
P521_BIKE_L5,P521_Dilithium5,149.579912
P521_BIKE_L5,P521_Dilithium5,143.107302
P521_BIKE_L5,P521_Dilithium5,147.262105
P521_BIKE_L5,P521_Dilithium5,150.604255
P521_BIKE_L5,P521_Dilithium5,141.73449
P521_BIKE_L5,P521_Dilithium5,144.959026
P521_BIKE_L5,P521_Dilithium5,146.90726
P521_BIKE_L5,P521_Dilithium5,137.334317
P521_BIKE_L5,P521_Dilithium5,144.954452
P521_BIKE_L5,P521_Dilithium5,142.687719
P521_BIKE_L5,P521_Dilithium5,145.836817
P521_BIKE_L5,P521_Dilithium5,143.735604
P521_BIKE_L5,P521_Dilithium5,152.428028
P521_BIKE_L5,P521_Dilithium5,149.259199
P521_BIKE_L5,P521_Dilithium5,146.51712
P521_BIKE_L5,P521_Dilithium5,149.536472
P521_BIKE_L5,P521_Dilithium5,145.399289
P521_BIKE_L5,P521_Dilithium5,142.91784
P521_BIKE_L5,P521_Dilithium5,145.869302
P521_BIKE_L5,P521_Dilithium5,142.419781
P521_BIKE_L5,P521_Dilithium5,149.315397
P521_BIKE_L5,P521_Dilithium5,143.833056
P521_BIKE_L5,P521_Dilithium5,144.285914
P521_BIKE_L5,P521_Dilithium5,144.849658
P521_BIKE_L5,P521_Dilithium5,141.129502
P521_BIKE_L5,P521_Dilithium5,146.987459
P521_BIKE_L5,P521_Dilithium5,141.898508
P521_BIKE_L5,P521_Dilithium5,147.438382
P521_BIKE_L5,P521_Dilithium5,149.034628
P521_BIKE_L5,P521_Dilithium5,146.380682
P521_BIKE_L5,P521_Dilithium5,146.275503
P521_BIKE_L5,P521_Dilithium5,142.593256
P521_BIKE_L5,P521_Dilithium5,147.526223
P521_BIKE_L5,P521_Dilithium5,152.209084
P521_BIKE_L5,P521_Dilithium5,140.247282
P521_BIKE_L5,P521_Dilithium5,147.543855
P521_BIKE_L5,P521_Dilithium5,146.834469
P521_BIKE_L5,P521_Dilithium5,144.548209
P521_BIKE_L5,P521_Dilithium5,149.385367
P521_BIKE_L5,P521_Dilithium5,145.036304
P521_BIKE_L5,P521_Dilithium5,146.957504
P521_BIKE_L5,P521_Dilithium5,153.227513
P521_BIKE_L5,P521_Dilithium5,143.08187
P521_BIKE_L5,P521_Dilithium5,145.956815
P521_BIKE_L5,P521_Dilithium5,140.478121
P521_BIKE_L5,P521_Dilithium5,140.124718
P521_BIKE_L5,P521_Dilithium5,145.220284
P521_BIKE_L5,P521_Dilithium5,139.937528
P521_BIKE_L5,P521_Dilithium5,140.509433
P521_BIKE_L5,P521_Dilithium5,144.356661
P521_BIKE_L5,P521_Dilithium5,143.376978
P521_BIKE_L5,P521_Dilithium5,148.525959
P521_BIKE_L5,P521_Dilithium5,143.459593
P521_BIKE_L5,P521_Dilithium5,140.252264
P521_BIKE_L5,P521_Dilithium5,151.404768
P521_BIKE_L5,P521_Dilithium5,142.797223
P521_BIKE_L5,P521_Dilithium5,154.187865
P521_BIKE_L5,P521_Dilithium5,140.508354
P521_BIKE_L5,P521_Dilithium5,145.869374
P521_BIKE_L5,P521_Dilithium5,151.00697
P521_BIKE_L5,P521_Dilithium5,145.837794
P521_BIKE_L5,P521_Dilithium5,151.356399
P521_BIKE_L5,P521_Dilithium5,147.370254
P521_BIKE_L5,P521_Dilithium5,144.12634
P521_BIKE_L5,P521_Dilithium5,149.097564
P521_BIKE_L5,P521_Dilithium5,142.014239
P521_BIKE_L5,P521_Dilithium5,145.185103
P521_BIKE_L5,P521_Dilithium5,147.860627
P521_BIKE_L5,P521_Dilithium5,141.537869
P521_BIKE_L5,P521_Dilithium5,142.109344
P521_BIKE_L5,P521_Dilithium5,145.219022
P521_BIKE_L5,P521_Dilithium5,144.570214
P521_BIKE_L5,P521_Dilithium5,146.160387
P521_BIKE_L5,P521_Dilithium5,149.156192
P521_BIKE_L5,P521_Dilithium5,144.294544
P521_BIKE_L5,P521_Dilithium5,139.911873
P521_BIKE_L5,P521_Dilithium5,145.425425
P521_BIKE_L5,P521_Dilithium5,146.04287
P521_BIKE_L5,P521_Dilithium5,147.79157
P521_BIKE_L5,P521_Dilithium5,146.827176
P521_BIKE_L5,P521_Dilithium5,145.001113
P521_BIKE_L5,P521_Dilithium5,151.724384
P521_BIKE_L5,P521_Dilithium5,144.772576
P521_BIKE_L5,P521_Dilithium5,142.497329
P521_BIKE_L5,P521_Dilithium5,141.599339
P521_BIKE_L5,P521_Dilithium5,140.678509
P521_BIKE_L5,P521_Dilithium5,149.202104
P521_BIKE_L5,P521_Dilithium5,150.791518
P521_BIKE_L5,P521_Dilithium5,140.767397
P521_BIKE_L5,P521_Dilithium5,144.939463
P521_BIKE_L5,P521_Dilithium5,145.159737
P521_BIKE_L5,P521_Dilithium5,146.080968
P521_BIKE_L5,P521_Dilithium5,142.496204
P521_BIKE_L5,P521_Dilithium5,147.676098
P521_BIKE_L5,P521_Dilithium5,151.717771
P521_BIKE_L5,P521_Dilithium5,142.876456
P521_BIKE_L5,P521_Dilithium5,143.851043
P521_BIKE_L5,P521_Dilithium5,145.117435
P521_BIKE_L5,P521_Dilithium5,147.15005
P521_BIKE_L5,P521_Dilithium5,151.058068
P521_BIKE_L5,P521_Dilithium5,139.370891
P521_BIKE_L5,P521_Dilithium5,143.916035
P521_BIKE_L5,P521_Dilithium5,141.390025
P521_BIKE_L5,P521_Dilithium5,139.466236
P521_BIKE_L5,P521_Dilithium5,143.222957
P521_BIKE_L5,P521_Dilithium5,142.53265
P521_BIKE_L5,P521_Dilithium5,140.718901
P521_BIKE_L5,P521_Dilithium5,141.620536
P521_BIKE_L5,P521_Dilithium5,149.625628
P521_BIKE_L5,P521_Dilithium5,142.963647
P521_BIKE_L5,P521_Dilithium5,143.876929
P521_BIKE_L5,P521_Dilithium5,152.254884
P521_BIKE_L5,P521_Dilithium5,146.657302
P521_BIKE_L5,P521_Dilithium5,145.920455
P521_BIKE_L5,P521_Dilithium5,145.456223
P521_BIKE_L5,P521_Dilithium5,141.83805
P521_BIKE_L5,P521_Dilithium5,146.078021
P521_BIKE_L5,P521_Dilithium5,140.608208
P521_BIKE_L5,P521_Dilithium5,139.887569
P521_BIKE_L5,P521_Dilithium5,140.784715
P521_BIKE_L5,P521_Dilithium5,145.113357
P521_BIKE_L5,P521_Dilithium5,142.862962
P521_BIKE_L5,P521_Dilithium5,147.258782
P521_BIKE_L5,P521_Dilithium5,147.861738
P521_BIKE_L5,P521_Dilithium5,145.892901
P521_BIKE_L5,P521_Dilithium5,147.308563
P521_BIKE_L5,P521_Dilithium5,147.129941
P521_BIKE_L5,P521_Dilithium5,138.313666
P521_BIKE_L5,P521_Dilithium5,149.580294
P521_BIKE_L5,P521_Dilithium5,140.725826
P521_BIKE_L5,P521_Dilithium5,143.656416
P521_BIKE_L5,P521_Dilithium5,140.872213
P521_BIKE_L5,P521_Dilithium5,142.542287
P521_BIKE_L5,P521_Dilithium5,143.442874
P521_BIKE_L5,P521_Dilithium5,145.005961
P521_BIKE_L5,P521_Dilithium5,142.093311
P521_BIKE_L5,P521_Dilithium5,151.087721
P521_BIKE_L5,P521_Dilithium5,142.440253
P521_BIKE_L5,P521_Dilithium5,144.223718
P521_BIKE_L5,P521_Dilithium5,143.171439
P521_BIKE_L5,P521_Dilithium5,145.312282
P521_BIKE_L5,P521_Dilithium5,147.251153
P521_BIKE_L5,P521_Dilithium5,140.17824
P521_BIKE_L5,P521_Dilithium5,149.201235
P521_BIKE_L5,P521_Dilithium5,145.580316
P521_BIKE_L5,P521_Dilithium5,142.31469
P521_BIKE_L5,P521_Dilithium5,139.792988
P521_BIKE_L5,P521_Dilithium5,147.447139
P521_BIKE_L5,P521_Dilithium5,149.149057
P521_BIKE_L5,P521_Dilithium5,144.286011
P521_BIKE_L5,P521_Dilithium5,149.906224
P521_BIKE_L5,P521_Dilithium5,139.540818
P521_BIKE_L5,P521_Dilithium5,143.102064
P521_BIKE_L5,P521_Dilithium5,139.870776
P521_BIKE_L5,P521_Dilithium5,150.579936
P521_BIKE_L5,P521_Dilithium5,144.063482
P521_BIKE_L5,P521_Dilithium5,139.949647
P521_BIKE_L5,P521_Dilithium5,142.245005
P521_BIKE_L5,P521_Dilithium5,142.893906
P521_BIKE_L5,P521_Dilithium5,148.203331
P521_BIKE_L5,P521_Dilithium5,147.448985
P521_BIKE_L5,P521_Dilithium5,150.438197
P521_BIKE_L5,P521_Dilithium5,144.472766
P521_BIKE_L5,P521_Dilithium5,144.783711
P521_BIKE_L5,P521_Dilithium5,145.195338
P521_BIKE_L5,P521_Dilithium5,153.041696
P521_BIKE_L5,P521_Dilithium5,143.607168
P521_BIKE_L5,P521_Dilithium5,139.452856
P521_BIKE_L5,P521_Dilithium5,146.550579
P521_BIKE_L5,P521_Dilithium5,143.780519
P521_BIKE_L5,P521_Dilithium5,147.9363
P521_BIKE_L5,P521_Dilithium5,146.445508
P521_BIKE_L5,P521_Dilithium5,145.284637
P521_BIKE_L5,P521_Dilithium5,150.578872
P521_BIKE_L5,P521_Dilithium5,148.550733
P521_BIKE_L5,P521_Dilithium5,150.918803
P521_BIKE_L5,P521_Dilithium5,145.946151
P521_BIKE_L5,P521_Dilithium5,147.626299
P521_BIKE_L5,P521_Dilithium5,142.840058
P521_BIKE_L5,P521_Dilithium5,145.893259
P521_BIKE_L5,P521_Dilithium5,140.619458
P521_BIKE_L5,P521_Dilithium5,143.132981
P521_BIKE_L5,P521_Dilithium5,148.203439
P521_BIKE_L5,P521_Dilithium5,140.298144
P521_BIKE_L5,P521_Dilithium5,145.317776
P521_BIKE_L5,P521_Dilithium5,145.062567
P521_BIKE_L5,P521_Dilithium5,140.534949
P521_BIKE_L5,P521_Dilithium5,146.794557
P521_BIKE_L5,P521_Dilithium5,143.679021
P521_BIKE_L5,P521_Dilithium5,151.298514
P521_BIKE_L5,P521_Dilithium5,148.542395
P521_BIKE_L5,P521_Dilithium5,148.57932
P521_BIKE_L5,P521_Dilithium5,138.734162
P521_BIKE_L5,P521_Dilithium5,147.400448
P521_BIKE_L5,P521_Dilithium5,142.942687
P521_BIKE_L5,P521_Dilithium5,144.986267
P521_BIKE_L5,P521_Dilithium5,143.955934
P521_BIKE_L5,P521_Dilithium5,141.372902
P521_BIKE_L5,P521_Dilithium5,140.623287
P521_BIKE_L5,P521_Dilithium5,144.750709
P521_BIKE_L5,P521_Dilithium5,142.341971
P521_BIKE_L5,P521_Dilithium5,144.074088
P521_BIKE_L5,P521_Dilithium5,141.618555
P521_BIKE_L5,P521_Dilithium5,145.454536
P521_BIKE_L5,P521_Dilithium5,141.099757
P521_BIKE_L5,P521_Dilithium5,145.798393
P521_BIKE_L5,P521_Dilithium5,145.576191
P521_BIKE_L5,P521_Dilithium5,140.47451
P521_BIKE_L5,P521_Dilithium5,147.574122
P521_BIKE_L5,P521_Dilithium5,147.482424
P521_BIKE_L5,P521_Dilithium5,145.773396
P521_BIKE_L5,P521_Dilithium5,142.880237
P521_BIKE_L5,P521_Dilithium5,140.769312
P521_BIKE_L5,P521_Dilithium5,144.523276
P521_BIKE_L5,P521_Dilithium5,141.60965
P521_BIKE_L5,P521_Dilithium5,143.045323
P521_BIKE_L5,P521_Dilithium5,141.283645
P521_BIKE_L5,P521_Dilithium5,151.440977
P521_BIKE_L5,P521_Dilithium5,144.048673
P521_BIKE_L5,P521_Dilithium5,150.071313
P521_BIKE_L5,P521_Dilithium5,146.010922
P521_BIKE_L5,P521_Dilithium5,147.520409
P521_BIKE_L5,P521_Dilithium5,148.787489
P521_BIKE_L5,P521_Dilithium5,144.447479
P521_BIKE_L5,P521_Dilithium5,144.209223
P521_BIKE_L5,P521_Dilithium5,149.460918
P521_BIKE_L5,P521_Dilithium5,147.319632
P521_BIKE_L5,P521_Dilithium5,150.015473
P521_BIKE_L5,P521_Dilithium5,143.937421
P521_BIKE_L5,P521_Dilithium5,139.980668
P521_BIKE_L5,P521_Dilithium5,141.783033
P521_BIKE_L5,P521_Dilithium5,147.094001
P521_BIKE_L5,P521_Dilithium5,147.127853
P521_BIKE_L5,P521_Dilithium5,143.076763
P521_BIKE_L5,P521_Dilithium5,140.12455
P521_BIKE_L5,P521_Dilithium5,139.990462
P521_BIKE_L5,P521_Dilithium5,141.101648
P521_BIKE_L5,P521_Dilithium5,145.26484
P521_BIKE_L5,P521_Dilithium5,141.423761
P521_BIKE_L5,P521_Dilithium5,142.308611
P521_BIKE_L5,P521_Dilithium5,140.02727
P521_BIKE_L5,P521_Dilithium5,142.077539
P521_BIKE_L5,P521_Dilithium5,142.403889
P521_BIKE_L5,P521_Dilithium5,143.048886
P521_BIKE_L5,P521_Dilithium5,145.163248
P521_BIKE_L5,P521_Dilithium5,144.142142
P521_BIKE_L5,P521_Dilithium5,139.670563
P521_BIKE_L5,P521_Dilithium5,146.979481
P521_BIKE_L5,P521_Dilithium5,148.598079
P521_BIKE_L5,P521_Dilithium5,152.334396
P521_BIKE_L5,P521_Dilithium5,144.967579
P521_BIKE_L5,P521_Dilithium5,145.693918
P521_BIKE_L5,P521_Dilithium5,147.581675
P521_BIKE_L5,P521_Dilithium5,140.860467
P521_BIKE_L5,P521_Dilithium5,146.030365
P521_BIKE_L5,P521_Dilithium5,146.415918
P521_BIKE_L5,P521_Dilithium5,143.710815
P521_BIKE_L5,P521_Dilithium5,141.284436
P521_BIKE_L5,P521_Dilithium5,139.519147
P521_BIKE_L5,P521_Dilithium5,149.035744
P521_BIKE_L5,P521_Dilithium5,140.236508
P521_BIKE_L5,P521_Dilithium5,143.790508
P521_BIKE_L5,P521_Dilithium5,146.879365
P521_BIKE_L5,P521_Dilithium5,142.989524
P521_BIKE_L5,P521_Dilithium5,147.429438
P521_BIKE_L5,P521_Dilithium5,143.647969
P521_BIKE_L5,P521_Dilithium5,148.18546
P521_BIKE_L5,P521_Dilithium5,149.44068
P521_BIKE_L5,P521_Dilithium5,141.991826
P521_BIKE_L5,P521_Dilithium5,145.344769
P521_BIKE_L5,P521_Dilithium5,144.45828
P521_BIKE_L5,P521_Dilithium5,149.684598
P521_BIKE_L5,P521_Dilithium5,145.680895
P521_BIKE_L5,P521_Dilithium5,142.319156
P521_BIKE_L5,P521_Dilithium5,140.394552
P521_BIKE_L5,P521_Dilithium5,140.811332
P521_BIKE_L5,P521_Dilithium5,142.954231
P521_BIKE_L5,P521_Dilithium5,139.418962
P521_BIKE_L5,P521_Dilithium5,147.240215
P521_BIKE_L5,P521_Dilithium5,145.278498
P521_BIKE_L5,P521_Dilithium5,139.097551
P521_BIKE_L5,P521_Dilithium5,145.397202
P521_BIKE_L5,P521_Dilithium5,147.982953
P521_BIKE_L5,P521_Dilithium5,144.944672
P521_BIKE_L5,P521_Dilithium5,143.673053
P521_BIKE_L5,P521_Dilithium5,143.968489
P521_BIKE_L5,P521_Dilithium5,144.025129
P521_BIKE_L5,P521_Dilithium5,150.247413
P521_BIKE_L5,P521_Dilithium5,148.029797
P521_BIKE_L5,P521_Dilithium5,144.116532
P521_BIKE_L5,P521_Dilithium5,149.877574
P521_BIKE_L5,P521_Dilithium5,141.500978
P521_BIKE_L5,P521_Dilithium5,142.537344
P521_BIKE_L5,P521_Dilithium5,144.304319
P521_BIKE_L5,P521_Dilithium5,150.905278
P521_BIKE_L5,P521_Dilithium5,144.831605
P521_BIKE_L5,P521_Dilithium5,144.578489
P521_BIKE_L5,P521_Dilithium5,143.021957
P521_BIKE_L5,P521_Dilithium5,146.912349
P521_BIKE_L5,P521_Dilithium5,136.816605
P521_BIKE_L5,P521_Dilithium5,139.349914
P521_BIKE_L5,P521_Dilithium5,150.024998
P521_BIKE_L5,P521_Dilithium5,146.549165
P521_BIKE_L5,P521_Dilithium5,144.730317
P521_BIKE_L5,P521_Dilithium5,141.607465
P521_BIKE_L5,P521_Dilithium5,145.847966
P521_BIKE_L5,P521_Dilithium5,139.975549
P521_BIKE_L5,P521_Dilithium5,146.959205
P521_BIKE_L5,P521_Dilithium5,147.030655
P521_BIKE_L5,P521_Dilithium5,143.130486
P521_BIKE_L5,P521_Dilithium5,150.208518
P521_BIKE_L5,P521_Dilithium5,141.477046
P521_BIKE_L5,P521_Dilithium5,141.879615
P521_BIKE_L5,P521_Dilithium5,154.278906
P521_BIKE_L5,P521_Dilithium5,141.255027
P521_BIKE_L5,P521_Dilithium5,144.352678
P521_BIKE_L5,P521_Dilithium5,142.696086
P521_BIKE_L5,P521_Dilithium5,148.094216
P521_BIKE_L5,P521_Dilithium5,151.289925
P521_BIKE_L5,P521_Dilithium5,145.846267
P521_BIKE_L5,P521_Dilithium5,140.856109
P521_BIKE_L5,P521_Dilithium5,146.163474
P521_BIKE_L5,P521_Dilithium5,148.181952
P521_BIKE_L5,P521_Dilithium5,147.162026
P521_BIKE_L5,P521_Dilithium5,145.051557
P521_BIKE_L5,P521_Dilithium5,149.668481
P521_BIKE_L5,P521_Dilithium5,149.578497
P521_BIKE_L5,P521_Dilithium5,138.747823
P521_BIKE_L5,P521_Dilithium5,146.413104
P521_BIKE_L5,P521_Dilithium5,146.120786
P521_BIKE_L5,P521_Dilithium5,150.741661
P521_BIKE_L5,P521_Dilithium5,147.391215
P521_BIKE_L5,P521_Dilithium5,149.338462
P521_BIKE_L5,P521_Dilithium5,148.465191
P521_BIKE_L5,P521_Dilithium5,148.102535
P521_BIKE_L5,P521_Dilithium5,141.877863
P521_BIKE_L5,P521_Dilithium5,144.658628
P521_BIKE_L5,P521_Dilithium5,140.457742
P521_BIKE_L5,P521_Dilithium5,140.029714
P521_BIKE_L5,P521_Dilithium5,142.349944
P521_BIKE_L5,P521_Dilithium5,147.493737
P521_BIKE_L5,P521_Dilithium5,153.310618
P521_BIKE_L5,P521_Dilithium5,141.14816
P521_BIKE_L5,P521_Dilithium5,143.011424
P521_BIKE_L5,P521_Dilithium5,145.554444
P521_BIKE_L5,P521_Dilithium5,148.764022
P521_BIKE_L5,P521_Dilithium5,147.954838
P521_BIKE_L5,P521_Dilithium5,140.39491
P521_BIKE_L5,P521_Dilithium5,145.858931
P521_BIKE_L5,P521_Dilithium5,145.994771
P521_BIKE_L5,P521_Dilithium5,144.033202
P521_BIKE_L5,P521_Dilithium5,138.7948
P521_BIKE_L5,P521_Dilithium5,148.225914
P521_BIKE_L5,P521_Dilithium5,143.005543
P521_BIKE_L5,P521_Dilithium5,141.400634
P521_BIKE_L5,P521_Dilithium5,142.817293
P521_BIKE_L5,P521_Dilithium5,147.968727
P521_BIKE_L5,P521_Dilithium5,142.15573
P521_BIKE_L5,P521_Dilithium5,141.791039
P521_BIKE_L5,P521_Dilithium5,141.414801
P521_BIKE_L5,P521_Dilithium5,140.471394
P521_BIKE_L5,P521_Dilithium5,145.518659
P521_BIKE_L5,P521_Dilithium5,144.378392
P521_BIKE_L5,P521_Dilithium5,141.783475
P521_BIKE_L5,P521_Dilithium5,141.853256
P521_BIKE_L5,P521_Dilithium5,150.897741
P521_BIKE_L5,P521_Dilithium5,139.872917
P521_BIKE_L5,P521_Dilithium5,153.314825
P521_BIKE_L5,P521_Dilithium5,143.14366
P521_BIKE_L5,P521_Dilithium5,139.848827
P521_BIKE_L5,P521_Dilithium5,144.966206
P521_BIKE_L5,P521_Dilithium5,145.828263
P521_BIKE_L5,P521_Dilithium5,140.321525
P521_BIKE_L5,P521_Dilithium5,145.346141
P521_BIKE_L5,P521_Dilithium5,145.694793
P521_BIKE_L5,P521_Dilithium5,146.057747
P521_BIKE_L5,P521_Dilithium5,146.708109
P521_BIKE_L5,P521_Dilithium5,152.977503
P521_BIKE_L5,P521_Dilithium5,147.390347
P521_BIKE_L5,P521_Dilithium5,148.180846
P521_BIKE_L5,P521_Dilithium5,146.031529
P521_BIKE_L5,P521_Dilithium5,145.113622
P521_BIKE_L5,P521_Dilithium5,145.878226
P521_BIKE_L5,P521_Dilithium5,141.999982
P521_BIKE_L5,P521_Dilithium5,147.998639
P521_BIKE_L5,P521_Dilithium5,145.772791
P521_BIKE_L5,P521_Dilithium5,142.095725
P521_BIKE_L5,P521_Dilithium5,142.287426
P521_BIKE_L5,P521_Dilithium5,143.707191
P521_BIKE_L5,P521_Dilithium5,146.047778
P521_BIKE_L5,P521_Dilithium5,141.467979
P521_BIKE_L5,P521_Dilithium5,146.987656
P521_BIKE_L5,P521_Dilithium5,145.22317
P521_BIKE_L5,P521_Dilithium5,147.818723
P521_BIKE_L5,P521_Dilithium5,142.519025
P521_BIKE_L5,P521_Dilithium5,142.135288
P521_BIKE_L5,P521_Dilithium5,140.493848
P521_BIKE_L5,P521_Dilithium5,144.732091
P521_BIKE_L5,P521_Dilithium5,149.270259
P521_BIKE_L5,P521_Dilithium5,142.433052
P521_BIKE_L5,P521_Dilithium5,145.722034
P521_BIKE_L5,P521_Dilithium5,149.325301
P521_BIKE_L5,P521_Dilithium5,149.788749
P521_BIKE_L5,P521_Dilithium5,144.119947
P521_BIKE_L5,P521_Dilithium5,143.208322
P521_BIKE_L5,P521_Dilithium5,149.332886
P521_BIKE_L5,P521_Dilithium5,140.299321
P521_BIKE_L5,P521_Dilithium5,148.162785
P521_BIKE_L5,P521_Dilithium5,145.211456
P521_BIKE_L5,P521_Dilithium5,144.882943
P521_BIKE_L5,P521_Dilithium5,143.037119
P521_BIKE_L5,P521_Dilithium5,147.755086
P521_BIKE_L5,P521_Dilithium5,148.142914
P521_BIKE_L5,P521_Dilithium5,147.187145
P521_BIKE_L5,P521_Dilithium5,139.683627
P521_BIKE_L5,P521_Dilithium5,153.762277
P521_BIKE_L5,P521_Dilithium5,143.779198
P521_BIKE_L5,P521_Dilithium5,141.972315
P521_BIKE_L5,P521_Dilithium5,147.624293
P521_BIKE_L5,P521_Dilithium5,146.167964
P521_BIKE_L5,P521_Dilithium5,146.660987
P521_BIKE_L5,P521_Dilithium5,140.956946
P521_BIKE_L5,P521_Dilithium5,143.091434
P521_BIKE_L5,P521_Dilithium5,148.164111
P521_BIKE_L5,P521_Dilithium5,140.357217
P521_BIKE_L5,P521_Dilithium5,145.569539
P521_BIKE_L5,P521_Dilithium5,148.119157
P521_BIKE_L5,P521_Dilithium5,141.375706
P521_BIKE_L5,P521_Dilithium5,150.683989
P521_BIKE_L5,P521_Dilithium5,142.213974
P521_BIKE_L5,P521_Dilithium5,149.570157
P521_BIKE_L5,P521_Dilithium5,137.991561
P521_BIKE_L5,P521_Dilithium5,146.357436
P521_BIKE_L5,P521_Dilithium5,145.166921
P521_BIKE_L5,P521_Dilithium5,143.138124
P521_BIKE_L5,P521_Dilithium5,143.650473
P521_BIKE_L5,P521_Dilithium5,145.882121
P521_BIKE_L5,P521_Dilithium5,150.339417
P521_BIKE_L5,P521_Dilithium5,142.093412
P521_BIKE_L5,P521_Dilithium5,146.50048
P521_BIKE_L5,P521_Dilithium5,144.543926
P521_BIKE_L5,P521_Dilithium5,147.445312
P521_BIKE_L5,P521_Dilithium5,146.710954
P521_BIKE_L5,P521_Dilithium5,140.337534
P521_BIKE_L5,P521_Dilithium5,147.955136
P521_BIKE_L5,P521_Dilithium5,152.982883
P521_BIKE_L5,P521_Dilithium5,142.477777
P521_BIKE_L5,P521_Dilithium5,139.252032
P521_BIKE_L5,P521_Dilithium5,141.311315
P521_BIKE_L5,P521_Dilithium5,145.245285
P521_BIKE_L5,P521_Dilithium5,141.250356
P521_BIKE_L5,P521_Dilithium5,144.245669
P521_BIKE_L5,P521_Dilithium5,145.142772
P521_BIKE_L5,P521_Dilithium5,149.835794
P521_BIKE_L5,P521_Dilithium5,151.49239
P521_BIKE_L5,P521_Dilithium5,140.263151
P521_BIKE_L5,P521_Dilithium5,144.828568
P521_BIKE_L5,P521_Dilithium5,146.34112
P521_BIKE_L5,P521_Dilithium5,138.886949
P521_BIKE_L5,P521_Dilithium5,143.863571
P521_BIKE_L5,P521_Dilithium5,150.932624
P521_BIKE_L5,P521_Dilithium5,157.309283
P521_BIKE_L5,P521_Dilithium5,141.788882
P521_BIKE_L5,P521_Dilithium5,146.545316
P521_BIKE_L5,P521_Dilithium5,146.363731
P521_BIKE_L5,P521_Dilithium5,141.663976
P521_BIKE_L5,P521_Dilithium5,140.589525
P521_BIKE_L5,P521_Dilithium5,148.538565
P521_BIKE_L5,P521_Dilithium5,144.73835
P521_BIKE_L5,P521_Dilithium5,148.355982
P521_BIKE_L5,P521_Dilithium5,146.543141
P521_BIKE_L5,P521_Dilithium5,145.857861
P521_BIKE_L5,P521_Dilithium5,147.21125
P521_BIKE_L5,P521_Dilithium5,141.855507
P521_BIKE_L5,P521_Dilithium5,151.924627
P521_BIKE_L5,P521_Dilithium5,149.125554
P521_BIKE_L5,P521_Dilithium5,139.392167
P521_BIKE_L5,P521_Dilithium5,143.432392
P521_BIKE_L5,P521_Dilithium5,139.649424
P521_BIKE_L5,P521_Dilithium5,153.118082
P521_BIKE_L5,P521_Dilithium5,152.787081
P521_BIKE_L5,P521_Dilithium5,148.563706
P521_BIKE_L5,P521_Dilithium5,143.976536
P521_BIKE_L5,P521_Dilithium5,140.304412
P521_BIKE_L5,P521_Dilithium5,142.444138
P521_BIKE_L5,P521_Dilithium5,144.692734
P521_BIKE_L5,P521_Dilithium5,143.81264
P521_BIKE_L5,P521_Dilithium5,151.051522
P521_BIKE_L5,P521_Dilithium5,150.97274
P521_BIKE_L5,P521_Dilithium5,144.003099
P521_BIKE_L5,P521_Dilithium5,147.33019
P521_BIKE_L5,P521_Dilithium5,150.983971
P521_BIKE_L5,P521_Dilithium5,143.52547
P521_BIKE_L5,P521_Dilithium5,142.451021
P521_BIKE_L5,P521_Dilithium5,142.566126
P521_BIKE_L5,P521_Dilithium5,149.573523
P521_BIKE_L5,P521_Dilithium5,147.177489
P521_BIKE_L5,P521_Dilithium5,146.370809
P521_BIKE_L5,P521_Dilithium5,148.048936
P521_BIKE_L5,P521_Dilithium5,150.144962
P521_BIKE_L5,P521_Dilithium5,145.304295
P521_BIKE_L5,P521_Dilithium5,145.316687
P521_BIKE_L5,P521_Dilithium5,144.117056
P521_BIKE_L5,P521_Dilithium5,147.155125
P521_BIKE_L5,P521_Dilithium5,141.502267
P521_BIKE_L5,P521_Dilithium5,142.638345
P521_BIKE_L5,P521_Dilithium5,148.353668
P521_BIKE_L5,P521_Dilithium5,144.320832
P521_BIKE_L5,P521_Dilithium5,139.939243
P521_BIKE_L5,P521_Dilithium5,146.459165
P521_BIKE_L5,P521_Dilithium5,146.28005
P521_BIKE_L5,P521_Dilithium5,147.722884
P521_BIKE_L5,P521_Dilithium5,144.942128
P521_BIKE_L5,P521_Dilithium5,140.124871
P521_BIKE_L5,P521_Dilithium5,146.738407
P521_BIKE_L5,P521_Dilithium5,144.755034
P521_BIKE_L5,P521_Dilithium5,142.152031
P521_BIKE_L5,P521_Dilithium5,142.876329
P521_BIKE_L5,P521_Dilithium5,142.499468
P521_BIKE_L5,P521_Dilithium5,149.978901
P521_BIKE_L5,P521_Dilithium5,145.387476
P521_BIKE_L5,P521_Dilithium5,142.058528
P521_BIKE_L5,P521_Dilithium5,141.017166
P521_BIKE_L5,P521_Dilithium5,140.167801
P521_BIKE_L5,P521_Dilithium5,147.866144
P521_BIKE_L5,P521_Dilithium5,140.970476
P521_BIKE_L5,P521_Dilithium5,143.172691
P521_BIKE_L5,P521_Dilithium5,149.465799
P521_BIKE_L5,P521_Dilithium5,147.733875
P521_BIKE_L5,P521_Dilithium5,145.938873
P521_BIKE_L5,P521_Dilithium5,148.848114
P521_BIKE_L5,P521_Dilithium5,147.275995
P521_BIKE_L5,P521_Dilithium5,148.527562
P521_BIKE_L5,P521_Dilithium5,146.937581
P521_BIKE_L5,P521_Dilithium5,146.352969
P521_BIKE_L5,P521_Dilithium5,152.217593
P521_BIKE_L5,P521_Dilithium5,141.432995
P521_BIKE_L5,P521_Dilithium5,141.809939
P521_BIKE_L5,P521_Dilithium5,142.41144
P521_BIKE_L5,P521_Dilithium5,151.096898
P521_BIKE_L5,P521_Dilithium5,146.658886
P521_BIKE_L5,P521_Dilithium5,138.418486
P521_BIKE_L5,P521_Dilithium5,146.612911
P521_BIKE_L5,P521_Dilithium5,143.206812
P521_BIKE_L5,P521_Dilithium5,141.363238
P521_BIKE_L5,P521_Dilithium5,143.790568
P521_BIKE_L5,P521_Dilithium5,146.143201
P521_BIKE_L5,P521_Dilithium5,144.884881
P521_BIKE_L5,P521_Dilithium5,149.217164
P521_BIKE_L5,P521_Dilithium5,144.284446
P521_BIKE_L5,P521_Dilithium5,140.880864
P521_BIKE_L5,P521_Dilithium5,147.260611
P521_BIKE_L5,P521_Dilithium5,143.472663
P521_BIKE_L5,P521_Dilithium5,152.645106
P521_BIKE_L5,P521_Dilithium5,138.503133
P521_BIKE_L5,P521_Dilithium5,141.846942
P521_BIKE_L5,P521_Dilithium5,140.996467
P521_BIKE_L5,P521_Dilithium5,138.720969
P521_BIKE_L5,P521_Dilithium5,145.409802
P521_BIKE_L5,P521_Dilithium5,147.182369
P521_BIKE_L5,P521_Dilithium5,142.309992
P521_BIKE_L5,P521_Dilithium5,146.479467
P521_BIKE_L5,P521_Dilithium5,140.005325
P521_BIKE_L5,P521_Dilithium5,153.962418
P521_BIKE_L5,P521_Dilithium5,144.919136
P521_BIKE_L5,P521_Dilithium5,139.077033
P521_BIKE_L5,P521_Dilithium5,147.364198
P521_BIKE_L5,P521_Dilithium5,146.677864
P521_BIKE_L5,P521_Dilithium5,143.255371
P521_BIKE_L5,P521_Dilithium5,146.272662
P521_BIKE_L5,P521_Dilithium5,146.985729
P521_BIKE_L5,P521_Dilithium5,153.038733
P521_BIKE_L5,P521_Dilithium5,147.714284
P521_BIKE_L5,P521_Dilithium5,148.192562
P521_BIKE_L5,P521_Dilithium5,145.059945
P521_BIKE_L5,P521_Dilithium5,150.193834
P521_BIKE_L5,P521_Dilithium5,144.875944
P521_BIKE_L5,P521_Dilithium5,149.16878
P521_BIKE_L5,P521_Dilithium5,139.532134
P521_BIKE_L5,P521_Dilithium5,143.912935
P521_BIKE_L5,P521_Dilithium5,143.15095
P521_BIKE_L5,P521_Dilithium5,148.164045
P521_BIKE_L5,P521_Dilithium5,140.717115
P521_BIKE_L5,P521_Dilithium5,146.384896
P521_BIKE_L5,P521_Dilithium5,147.039413
P521_BIKE_L5,P521_Dilithium5,144.245569
P521_BIKE_L5,P521_Dilithium5,147.1137
P521_BIKE_L5,P521_Dilithium5,141.268474
P521_BIKE_L5,P521_Dilithium5,146.726245
P521_BIKE_L5,P521_Dilithium5,142.607843
P521_BIKE_L5,P521_Dilithium5,143.643793
P521_BIKE_L5,P521_Dilithium5,148.262626
P521_BIKE_L5,P521_Dilithium5,143.729704
P521_BIKE_L5,P521_Dilithium5,144.712598
P521_BIKE_L5,P521_Dilithium5,142.572619
P521_BIKE_L5,P521_Dilithium5,144.76446
P521_BIKE_L5,P521_Dilithium5,144.899876
P521_BIKE_L5,P521_Dilithium5,150.922932
P521_BIKE_L5,P521_Dilithium5,142.178947
P521_BIKE_L5,P521_Dilithium5,139.3126
P521_BIKE_L5,P521_Dilithium5,144.700488
P521_BIKE_L5,P521_Dilithium5,140.353527
P521_BIKE_L5,P521_Dilithium5,145.581123
P521_BIKE_L5,P521_Dilithium5,146.124867
P521_BIKE_L5,P521_Dilithium5,143.767466
P521_BIKE_L5,P521_Dilithium5,150.20359
P521_BIKE_L5,P521_Dilithium5,146.980528
P521_BIKE_L5,P521_Dilithium5,144.934022
P521_BIKE_L5,P521_Dilithium5,150.342131
P521_BIKE_L5,P521_Dilithium5,151.418077
P521_BIKE_L5,P521_Dilithium5,141.406733
P521_BIKE_L5,P521_Dilithium5,138.76755
P521_BIKE_L5,P521_Dilithium5,144.181024
P521_BIKE_L5,P521_Dilithium5,142.946346
P521_BIKE_L5,P521_Dilithium5,140.085777
P521_BIKE_L5,P521_Dilithium5,148.294829
P521_BIKE_L5,P521_Dilithium5,153.864355
P521_BIKE_L5,P521_Dilithium5,140.51
P521_BIKE_L5,P521_Dilithium5,147.666079
P521_BIKE_L5,P521_Dilithium5,141.337
P521_BIKE_L5,P521_Dilithium5,150.386351
P521_BIKE_L5,P521_Dilithium5,152.329082
P521_BIKE_L5,P521_Dilithium5,141.24894
P521_BIKE_L5,P521_Dilithium5,145.187317
P521_BIKE_L5,P521_Dilithium5,145.565755
P521_BIKE_L5,P521_Dilithium5,138.55756
P521_BIKE_L5,P521_Dilithium5,139.568776
P521_BIKE_L5,P521_Dilithium5,140.464888
P521_BIKE_L5,P521_Dilithium5,150.322381
P521_BIKE_L5,P521_Dilithium5,140.971186
P521_BIKE_L5,P521_Dilithium5,146.741786
P521_BIKE_L5,P521_Dilithium5,146.195975
P521_BIKE_L5,P521_Dilithium5,144.959487
P521_BIKE_L5,P521_Dilithium5,153.173577
P521_BIKE_L5,P521_Dilithium5,148.762814
P521_BIKE_L5,P521_Dilithium5,139.330566
P521_BIKE_L5,P521_Dilithium5,144.903231
P521_BIKE_L5,P521_Dilithium5,140.123848
P521_BIKE_L5,P521_Dilithium5,147.576132
P521_BIKE_L5,P521_Dilithium5,144.306186
P521_BIKE_L5,P521_Dilithium5,146.503469
P521_BIKE_L5,P521_Dilithium5,143.667013
P521_BIKE_L5,P521_Dilithium5,141.554051
P521_BIKE_L5,P521_Dilithium5,147.169582
P521_BIKE_L5,P521_Dilithium5,141.815724
P521_BIKE_L5,P521_Dilithium5,141.95358
P521_BIKE_L5,P521_Dilithium5,150.671105
P521_BIKE_L5,P521_Dilithium5,145.67866
P521_BIKE_L5,P521_Dilithium5,140.81179
P521_BIKE_L5,P521_Dilithium5,142.910403
P521_BIKE_L5,P521_Dilithium5,142.051442
P521_BIKE_L5,P521_Dilithium5,146.658906
P521_BIKE_L5,P521_Dilithium5,140.041159
P521_BIKE_L5,P521_Dilithium5,145.903639
P521_BIKE_L5,P521_Dilithium5,149.073413
P521_BIKE_L5,P521_Dilithium5,149.559357
P521_BIKE_L5,P521_Dilithium5,148.435787
P521_BIKE_L5,P521_Dilithium5,144.107878
P521_BIKE_L5,P521_Dilithium5,146.846848
P521_BIKE_L5,P521_Dilithium5,149.82014
P521_BIKE_L5,P521_Dilithium5,146.274609
P521_BIKE_L5,P521_Dilithium5,144.638343
P521_BIKE_L5,P521_Dilithium5,145.851983
P521_BIKE_L5,P521_Dilithium5,143.920281
P521_BIKE_L5,P521_Dilithium5,143.282894
P521_BIKE_L5,P521_Dilithium5,144.808794
P521_BIKE_L5,P521_Dilithium5,145.297299
P521_BIKE_L5,P521_Dilithium5,148.366804
P521_BIKE_L5,P521_Dilithium5,149.918883
P521_BIKE_L5,P521_Dilithium5,144.546174
P521_BIKE_L5,P521_Dilithium5,140.129143
P521_BIKE_L5,P521_Dilithium5,147.586571
P521_BIKE_L5,P521_Dilithium5,149.291638
P521_BIKE_L5,P521_Dilithium5,145.401714
P521_BIKE_L5,P521_Dilithium5,142.013962
P521_BIKE_L5,P521_Dilithium5,141.566384
P521_BIKE_L5,P521_Dilithium5,147.324512
P521_BIKE_L5,P521_Dilithium5,147.858988
P521_BIKE_L5,P521_Dilithium5,142.568839
P521_BIKE_L5,P521_Dilithium5,147.198989
P521_BIKE_L5,P521_Dilithium5,139.748942
P521_BIKE_L5,P521_Dilithium5,143.154415
P521_BIKE_L5,P521_Dilithium5,143.798632
P521_BIKE_L5,P521_Dilithium5,151.064884
P521_BIKE_L5,P521_Dilithium5,141.405805
P521_BIKE_L5,P521_Dilithium5,147.112457
P521_BIKE_L5,P521_Dilithium5,150.376438
P521_BIKE_L5,P521_Dilithium5,148.501552
P521_BIKE_L5,P521_Dilithium5,142.714547
P521_BIKE_L5,P521_Dilithium5,149.470502
P521_BIKE_L5,P521_Dilithium5,143.316125
P521_BIKE_L5,P521_Dilithium5,150.630703
P521_BIKE_L5,P521_Dilithium5,146.81607
P521_BIKE_L5,P521_Dilithium5,149.464758
P521_BIKE_L5,P521_Dilithium5,147.355755
P521_BIKE_L5,P521_Dilithium5,146.630391
P521_BIKE_L5,P521_Dilithium5,145.305227
P521_BIKE_L5,P521_Dilithium5,147.340125
P521_BIKE_L5,P521_Dilithium5,150.571328
P521_BIKE_L5,P521_Dilithium5,151.035879
P521_BIKE_L5,P521_Dilithium5,145.054288
P521_BIKE_L5,P521_Dilithium5,145.277219
P521_BIKE_L5,P521_Dilithium5,141.181333
P521_BIKE_L5,P521_Dilithium5,148.142756
P521_BIKE_L5,P521_Dilithium5,146.110669
P521_BIKE_L5,P521_Dilithium5,139.200611
P521_BIKE_L5,P521_Dilithium5,146.5994
P521_BIKE_L5,P521_Dilithium5,146.001135
P521_BIKE_L5,P521_Dilithium5,143.630327
P521_BIKE_L5,P521_Dilithium5,140.5903
P521_BIKE_L5,P521_Dilithium5,152.211446
P521_BIKE_L5,P521_Dilithium5,146.542975
P521_BIKE_L5,P521_Dilithium5,148.472058
P521_BIKE_L5,P521_Dilithium5,146.669426
P521_BIKE_L5,P521_Dilithium5,146.815117
P521_BIKE_L5,P521_Dilithium5,144.705158
P521_BIKE_L5,P521_Dilithium5,142.393769
P521_BIKE_L5,P521_Dilithium5,141.340967
P521_BIKE_L5,P521_Dilithium5,139.873103
P521_BIKE_L5,P521_Dilithium5,138.464198
P521_BIKE_L5,P521_Dilithium5,139.799434
P521_BIKE_L5,P521_Dilithium5,143.824451
P521_BIKE_L5,P521_Dilithium5,144.326521
P521_BIKE_L5,P521_Dilithium5,140.800327
P521_BIKE_L5,P521_Dilithium5,148.908469
P521_BIKE_L5,P521_Dilithium5,142.952145
P521_BIKE_L5,P521_Dilithium5,140.295835
P521_BIKE_L5,P521_Dilithium5,147.923315
P521_BIKE_L5,P521_Dilithium5,143.088798
P521_BIKE_L5,P521_Dilithium5,138.84739
P521_BIKE_L5,P521_Dilithium5,147.753834
P521_BIKE_L5,P521_Dilithium5,142.394347
P521_BIKE_L5,P521_Dilithium5,149.666146
P521_BIKE_L5,P521_Dilithium5,143.45708
P521_BIKE_L5,P521_Dilithium5,142.200653
P521_BIKE_L5,P521_Dilithium5,146.553673
P521_BIKE_L5,P521_Dilithium5,138.673387
P521_BIKE_L5,P521_Dilithium5,143.944321
P521_BIKE_L5,P521_Dilithium5,150.48582
P521_BIKE_L5,P521_Dilithium5,144.892358
P521_BIKE_L5,P521_Dilithium5,141.592426
P521_BIKE_L5,P521_Dilithium5,140.656323
P521_BIKE_L5,P521_Dilithium5,141.210629
P521_BIKE_L5,P521_Dilithium5,141.104509
P521_BIKE_L5,P521_Dilithium5,148.61063
P521_BIKE_L5,P521_Dilithium5,140.873309
P521_BIKE_L5,P521_Dilithium5,139.996116
P521_BIKE_L5,P521_Dilithium5,153.78293
P521_BIKE_L5,P521_Dilithium5,148.183915
P521_BIKE_L5,P521_Dilithium5,149.247017
P521_BIKE_L5,P521_Dilithium5,143.79987
P521_BIKE_L5,P521_Dilithium5,148.392515
P521_BIKE_L5,P521_Dilithium5,145.535568
P521_BIKE_L5,P521_Dilithium5,145.441261
P521_BIKE_L5,P521_Dilithium5,146.532169
P521_BIKE_L5,P521_Dilithium5,147.505477
P521_BIKE_L5,P521_Dilithium5,145.605286
P521_BIKE_L5,P521_Dilithium5,140.609413
P521_BIKE_L5,P521_Dilithium5,149.422232
P521_BIKE_L5,P521_Dilithium5,144.459324
P521_BIKE_L5,P521_Dilithium5,152.665017
P521_BIKE_L5,P521_Dilithium5,148.192307
P521_BIKE_L5,P521_Dilithium5,150.969762
P521_BIKE_L5,P521_Dilithium5,147.003499
P521_BIKE_L5,P521_Dilithium5,143.584566
P521_BIKE_L5,P521_Dilithium5,142.912601
P521_BIKE_L5,P521_Dilithium5,145.595179
P521_BIKE_L5,P521_Dilithium5,140.58641
P521_BIKE_L5,P521_Dilithium5,142.734902
P521_BIKE_L5,P521_Dilithium5,147.066441
P521_BIKE_L5,P521_Dilithium5,149.159643
P521_BIKE_L5,P521_Dilithium5,144.365957
P521_BIKE_L5,P521_Dilithium5,148.265043
P521_BIKE_L5,P521_Dilithium5,150.783672
P521_BIKE_L5,P521_Dilithium5,141.155944
P521_BIKE_L5,P521_Dilithium5,146.732075
P521_BIKE_L5,P521_Dilithium5,143.594142
P521_BIKE_L5,P521_Dilithium5,144.388733
P521_BIKE_L5,P521_Dilithium5,144.495838
P521_BIKE_L5,P521_Dilithium5,139.964525
P521_BIKE_L5,P521_Dilithium5,151.354282
P521_BIKE_L5,P521_Dilithium5,145.114011
P521_BIKE_L5,P521_Dilithium5,146.578017
P521_BIKE_L5,P521_Dilithium5,145.883487
P521_BIKE_L5,P521_Dilithium5,138.181263
P521_BIKE_L5,P521_Dilithium5,154.539183
P521_BIKE_L5,P521_Dilithium5,139.535957
P521_BIKE_L5,P521_Dilithium5,145.893202
P521_BIKE_L5,P521_Dilithium5,144.702369
P521_BIKE_L5,P521_Dilithium5,145.063496
P521_BIKE_L5,P521_Dilithium5,146.42206
P521_BIKE_L5,P521_Dilithium5,145.39698
P521_BIKE_L5,P521_Dilithium5,146.936598
P521_BIKE_L5,P521_Dilithium5,150.518883
P521_BIKE_L5,P521_Dilithium5,142.886803
P521_BIKE_L5,P521_Dilithium5,149.816859
P521_BIKE_L5,P521_Dilithium5,142.755378
P521_BIKE_L5,P521_Dilithium5,148.595429
P521_BIKE_L5,P521_Dilithium5,146.792886
P521_BIKE_L5,P521_Dilithium5,147.103059
P521_BIKE_L5,P521_Dilithium5,147.351823
P521_BIKE_L5,P521_Dilithium5,148.35497
P521_BIKE_L5,P521_Dilithium5,141.34987
P521_BIKE_L5,P521_Dilithium5,149.873206
P521_BIKE_L5,P521_Dilithium5,143.6675
P521_BIKE_L5,P521_Dilithium5,142.499634
P521_BIKE_L5,P521_Dilithium5,143.376708
P521_BIKE_L5,P521_Dilithium5,146.602244
P521_BIKE_L5,P521_Dilithium5,144.890017
P521_BIKE_L5,P521_Dilithium5,146.809377
P521_BIKE_L5,P521_Dilithium5,147.771577
P521_BIKE_L5,P521_Dilithium5,139.71684
P521_BIKE_L5,P521_Dilithium5,142.052043
P521_BIKE_L5,P521_Dilithium5,143.372648
P521_BIKE_L5,P521_Dilithium5,147.752354
P521_BIKE_L5,P521_Dilithium5,150.264913
P521_BIKE_L5,P521_Dilithium5,151.651238
P521_BIKE_L5,P521_Dilithium5,144.088501
P521_BIKE_L5,P521_Dilithium5,147.985458
P521_BIKE_L5,P521_Dilithium5,150.115331
P521_BIKE_L5,P521_Dilithium5,145.10406
P521_BIKE_L5,P521_Dilithium5,145.474947
P521_BIKE_L5,P521_Dilithium5,140.69358
P521_BIKE_L5,P521_Dilithium5,145.056339
P521_BIKE_L5,P521_Dilithium5,150.892242
P521_BIKE_L5,P521_Dilithium5,146.012298
P521_BIKE_L5,P521_Dilithium5,146.356496
P521_BIKE_L5,P521_Dilithium5,148.178574
P521_BIKE_L5,P521_Dilithium5,145.297034
P521_BIKE_L5,P521_Dilithium5,150.610968
P521_BIKE_L5,P521_Dilithium5,143.607726
P521_BIKE_L5,P521_Dilithium5,148.765382
P521_BIKE_L5,P521_Dilithium5,145.241312
P521_BIKE_L5,P521_Dilithium5,151.190957
P521_BIKE_L5,P521_Dilithium5,138.623683
P521_BIKE_L5,P521_Dilithium5,148.038108
P521_BIKE_L5,P521_Dilithium5,148.571295
P521_BIKE_L5,P521_Dilithium5,148.873389
P521_BIKE_L5,P521_Dilithium5,147.566323
P521_BIKE_L5,P521_Dilithium5,146.203429
P521_BIKE_L5,P521_Dilithium5,145.594665
P521_BIKE_L5,P521_Dilithium5,149.257538
P521_BIKE_L5,P521_Dilithium5,146.433469
P521_BIKE_L5,P521_Dilithium5,150.756002
P521_BIKE_L5,P521_Dilithium5,152.660042
P521_BIKE_L5,P521_Dilithium5,147.533092
P521_BIKE_L5,P521_Dilithium5,144.74703
P521_BIKE_L5,P521_Dilithium5,146.637674
P521_BIKE_L5,P521_Dilithium5,146.80141
P521_BIKE_L5,P521_Dilithium5,145.752762
P521_BIKE_L5,P521_Dilithium5,140.573225
P521_BIKE_L5,P521_Dilithium5,144.244558
P521_BIKE_L5,P521_Dilithium5,148.969318
P521_BIKE_L5,P521_Dilithium5,141.210943
P521_BIKE_L5,P521_Dilithium5,149.449861
P521_BIKE_L5,P521_Dilithium5,146.281616
P521_BIKE_L5,P521_Dilithium5,143.487018
P521_BIKE_L5,P521_Dilithium5,146.211776
P521_BIKE_L5,P521_Dilithium5,151.147597
P521_BIKE_L5,P521_Dilithium5,143.075683
P521_BIKE_L5,P521_Dilithium5,145.657819
P521_BIKE_L5,P521_Dilithium5,144.204469
P521_BIKE_L5,P521_Dilithium5,144.791158
P521_BIKE_L5,P521_Dilithium5,148.58466
P521_BIKE_L5,P521_Dilithium5,145.81222
P521_BIKE_L5,P521_Dilithium5,142.184091
P521_BIKE_L5,P521_Dilithium5,147.904952
P521_BIKE_L5,P521_Dilithium5,144.24005
P521_BIKE_L5,P521_Dilithium5,147.215719
P521_BIKE_L5,P521_Dilithium5,145.718467
P521_BIKE_L5,P521_Dilithium5,140.177597
P521_BIKE_L5,P521_Dilithium5,147.684797
P521_BIKE_L5,P521_Dilithium5,147.185749
P521_BIKE_L5,P521_Dilithium5,139.267498
P521_BIKE_L5,P521_Dilithium5,147.027744
P521_BIKE_L5,P521_Dilithium5,143.4345
P521_BIKE_L5,P521_Dilithium5,138.328029
P521_BIKE_L5,P521_Dilithium5,146.086016
P521_BIKE_L5,P521_Dilithium5,154.301815
P521_BIKE_L5,P521_Dilithium5,151.734666
P521_BIKE_L5,P521_Dilithium5,147.318798
P521_BIKE_L5,P521_Dilithium5,139.129853
P521_BIKE_L5,P521_Dilithium5,146.189988
P521_BIKE_L5,P521_Dilithium5,147.472762
P521_BIKE_L5,P521_Dilithium5,146.054967
P521_BIKE_L5,P521_Dilithium5,146.404815
P521_BIKE_L5,P521_Dilithium5,147.878608
P521_BIKE_L5,P521_Dilithium5,146.059542
P521_BIKE_L5,P521_Dilithium5,145.452315
P521_BIKE_L5,P521_Dilithium5,146.733091
P521_BIKE_L5,P521_Dilithium5,142.08052
P521_BIKE_L5,P521_Dilithium5,142.165783
P521_BIKE_L5,P521_Dilithium5,141.62362
P521_BIKE_L5,P521_Dilithium5,145.45592
P521_BIKE_L5,P521_Dilithium5,146.716788
P521_BIKE_L5,P521_Dilithium5,143.87567
P521_BIKE_L5,P521_Dilithium5,146.091904
P521_BIKE_L5,P521_Dilithium5,145.691593
P521_BIKE_L5,P521_Dilithium5,145.869965
P521_BIKE_L5,P521_Dilithium5,145.845617
P521_BIKE_L5,P521_Dilithium5,147.701295
P521_BIKE_L5,P521_Dilithium5,142.656368
P521_BIKE_L5,P521_Dilithium5,141.197324
P521_BIKE_L5,P521_Dilithium5,144.080362
P521_BIKE_L5,P521_Dilithium5,149.997805
P521_BIKE_L5,P521_Dilithium5,148.542883
P521_BIKE_L5,P521_Dilithium5,145.681346
P521_BIKE_L5,P521_Dilithium5,141.409769
P521_BIKE_L5,P521_Dilithium5,146.193847
P521_BIKE_L5,P521_Dilithium5,148.771266
P521_BIKE_L5,P521_Dilithium5,145.749623
P521_BIKE_L5,P521_Dilithium5,148.371942
P521_BIKE_L5,P521_Dilithium5,148.885438
P521_BIKE_L5,P521_Dilithium5,147.06594
P521_BIKE_L5,P521_Dilithium5,146.75717
P521_BIKE_L5,P521_Dilithium5,149.639958
P521_BIKE_L5,P521_Dilithium5,155.615267
P521_BIKE_L5,P521_Dilithium5,142.915806
P521_BIKE_L5,P521_Dilithium5,138.47
P521_BIKE_L5,P521_Dilithium5,154.402829
P521_BIKE_L5,P521_Dilithium5,146.757442
P521_BIKE_L5,P521_Dilithium5,142.682198
P521_BIKE_L5,P521_Dilithium5,141.092932
P521_BIKE_L5,P521_Dilithium5,142.615198
P521_BIKE_L5,P521_Dilithium5,145.727102
P521_BIKE_L5,P521_Dilithium5,152.892121
P521_BIKE_L5,P521_Dilithium5,138.797848
P521_BIKE_L5,P521_Dilithium5,144.090284
P521_BIKE_L5,P521_Dilithium5,150.39044
P521_BIKE_L5,P521_Dilithium5,146.257395
P521_BIKE_L5,P521_Dilithium5,138.898267
P521_BIKE_L5,P521_Dilithium5,144.090902
P521_BIKE_L5,P521_Dilithium5,147.161691
P521_BIKE_L5,P521_Dilithium5,147.235951
P521_BIKE_L5,P521_Dilithium5,138.647019
P521_BIKE_L5,P521_Dilithium5,147.733298
P521_BIKE_L5,P521_Dilithium5,147.883807
P521_BIKE_L5,P521_Dilithium5,147.544354
P521_BIKE_L5,P521_Dilithium5,145.488117
P521_BIKE_L5,P521_Dilithium5,145.480419
P521_BIKE_L5,P521_Dilithium5,142.247779
P521_BIKE_L5,P521_Dilithium5,145.889674
P521_BIKE_L5,P521_Dilithium5,145.329151
P521_BIKE_L5,P521_Dilithium5,146.515241
P521_BIKE_L5,P521_Dilithium5,148.838303
P521_BIKE_L5,P521_Dilithium5,141.48791
P521_BIKE_L5,P521_Dilithium5,145.092667
P521_BIKE_L5,P521_Dilithium5,148.356384
P521_BIKE_L5,P521_Dilithium5,145.405214
P521_BIKE_L5,P521_Dilithium5,143.153901
P521_BIKE_L5,P521_Dilithium5,141.842591