Algoritmo de troca de chaves,Algoritmo de autenticação,Time to send app data
P256_HQC_128,P256_HQC_128,153.793262
P256_HQC_128,P256_HQC_128,133.326653
P256_HQC_128,P256_HQC_128,137.912958
P256_HQC_128,P256_HQC_128,147.206783
P256_HQC_128,P256_HQC_128,146.526674
P256_HQC_128,P256_HQC_128,144.008922
P256_HQC_128,P256_HQC_128,149.667631
P256_HQC_128,P256_HQC_128,139.371504
P256_HQC_128,P256_HQC_128,132.696919
P256_HQC_128,P256_HQC_128,138.594706
P256_HQC_128,P256_HQC_128,139.285785
P256_HQC_128,P256_HQC_128,147.232704
P256_HQC_128,P256_HQC_128,145.543775
P256_HQC_128,P256_HQC_128,146.698982
P256_HQC_128,P256_HQC_128,136.760777
P256_HQC_128,P256_HQC_128,137.25747
P256_HQC_128,P256_HQC_128,134.376977
P256_HQC_128,P256_HQC_128,143.990677
P256_HQC_128,P256_HQC_128,140.372957
P256_HQC_128,P256_HQC_128,147.406159
P256_HQC_128,P256_HQC_128,144.273678
P256_HQC_128,P256_HQC_128,135.932745
P256_HQC_128,P256_HQC_128,142.709299
P256_HQC_128,P256_HQC_128,139.769321
P256_HQC_128,P256_HQC_128,146.447624
P256_HQC_128,P256_HQC_128,151.749551
P256_HQC_128,P256_HQC_128,142.773012
P256_HQC_128,P256_HQC_128,145.164647
P256_HQC_128,P256_HQC_128,148.168329
P256_HQC_128,P256_HQC_128,137.943474
P256_HQC_128,P256_HQC_128,147.887276
P256_HQC_128,P256_HQC_128,154.791945
P256_HQC_128,P256_HQC_128,157.372941
P256_HQC_128,P256_HQC_128,138.240324
P256_HQC_128,P256_HQC_128,154.224317
P256_HQC_128,P256_HQC_128,136.725798
P256_HQC_128,P256_HQC_128,151.522436
P256_HQC_128,P256_HQC_128,136.53747
P256_HQC_128,P256_HQC_128,146.281786
P256_HQC_128,P256_HQC_128,143.647957
P256_HQC_128,P256_HQC_128,137.351057
P256_HQC_128,P256_HQC_128,135.711732
P256_HQC_128,P256_HQC_128,137.962452
P256_HQC_128,P256_HQC_128,138.947321
P256_HQC_128,P256_HQC_128,144.231852
P256_HQC_128,P256_HQC_128,156.26536
P256_HQC_128,P256_HQC_128,139.931058
P256_HQC_128,P256_HQC_128,134.833614
P256_HQC_128,P256_HQC_128,143.588643
P256_HQC_128,P256_HQC_128,148.756093
P256_HQC_128,P256_HQC_128,141.405168
P256_HQC_128,P256_HQC_128,148.668429
P256_HQC_128,P256_HQC_128,137.319857
P256_HQC_128,P256_HQC_128,151.156266
P256_HQC_128,P256_HQC_128,146.09893
P256_HQC_128,P256_HQC_128,142.313531
P256_HQC_128,P256_HQC_128,147.047345
P256_HQC_128,P256_HQC_128,139.738874
P256_HQC_128,P256_HQC_128,139.094916
P256_HQC_128,P256_HQC_128,137.866513
P256_HQC_128,P256_HQC_128,141.968096
P256_HQC_128,P256_HQC_128,155.605949
P256_HQC_128,P256_HQC_128,149.959452
P256_HQC_128,P256_HQC_128,136.602076
P256_HQC_128,P256_HQC_128,147.090478
P256_HQC_128,P256_HQC_128,145.448678
P256_HQC_128,P256_HQC_128,154.622689
P256_HQC_128,P256_HQC_128,139.502155
P256_HQC_128,P256_HQC_128,141.706985
P256_HQC_128,P256_HQC_128,148.322479
P256_HQC_128,P256_HQC_128,135.359959
P256_HQC_128,P256_HQC_128,134.43091
P256_HQC_128,P256_HQC_128,141.492292
P256_HQC_128,P256_HQC_128,141.299752
P256_HQC_128,P256_HQC_128,157.324227
P256_HQC_128,P256_HQC_128,136.243812
P256_HQC_128,P256_HQC_128,148.255908
P256_HQC_128,P256_HQC_128,138.285021
P256_HQC_128,P256_HQC_128,137.662586
P256_HQC_128,P256_HQC_128,150.253666
P256_HQC_128,P256_HQC_128,148.552735
P256_HQC_128,P256_HQC_128,139.28314
P256_HQC_128,P256_HQC_128,138.604531
P256_HQC_128,P256_HQC_128,154.53053
P256_HQC_128,P256_HQC_128,135.900197
P256_HQC_128,P256_HQC_128,139.168442
P256_HQC_128,P256_HQC_128,137.835124
P256_HQC_128,P256_HQC_128,133.956082
P256_HQC_128,P256_HQC_128,142.89924
P256_HQC_128,P256_HQC_128,139.622517
P256_HQC_128,P256_HQC_128,136.13513
P256_HQC_128,P256_HQC_128,138.635393
P256_HQC_128,P256_HQC_128,141.113025
P256_HQC_128,P256_HQC_128,149.248693
P256_HQC_128,P256_HQC_128,147.336587
P256_HQC_128,P256_HQC_128,139.785754
P256_HQC_128,P256_HQC_128,138.39716
P256_HQC_128,P256_HQC_128,145.639278
P256_HQC_128,P256_HQC_128,137.593096
P256_HQC_128,P256_HQC_128,134.20335
P256_HQC_128,P256_HQC_128,156.387906
P256_HQC_128,P256_HQC_128,149.246332
P256_HQC_128,P256_HQC_128,140.575019
P256_HQC_128,P256_HQC_128,145.74245
P256_HQC_128,P256_HQC_128,149.676854
P256_HQC_128,P256_HQC_128,135.200418
P256_HQC_128,P256_HQC_128,145.990352
P256_HQC_128,P256_HQC_128,145.129711
P256_HQC_128,P256_HQC_128,145.214764
P256_HQC_128,P256_HQC_128,146.78844
P256_HQC_128,P256_HQC_128,150.14153
P256_HQC_128,P256_HQC_128,153.330197
P256_HQC_128,P256_HQC_128,139.366217
P256_HQC_128,P256_HQC_128,141.70265
P256_HQC_128,P256_HQC_128,154.578888
P256_HQC_128,P256_HQC_128,144.677787
P256_HQC_128,P256_HQC_128,145.46164
P256_HQC_128,P256_HQC_128,137.002288
P256_HQC_128,P256_HQC_128,134.366787
P256_HQC_128,P256_HQC_128,141.303848
P256_HQC_128,P256_HQC_128,138.388984
P256_HQC_128,P256_HQC_128,143.9526
P256_HQC_128,P256_HQC_128,147.06464
P256_HQC_128,P256_HQC_128,142.553905
P256_HQC_128,P256_HQC_128,146.549825
P256_HQC_128,P256_HQC_128,133.77541
P256_HQC_128,P256_HQC_128,146.229785
P256_HQC_128,P256_HQC_128,156.187363
P256_HQC_128,P256_HQC_128,150.090502
P256_HQC_128,P256_HQC_128,156.618923
P256_HQC_128,P256_HQC_128,136.83355
P256_HQC_128,P256_HQC_128,149.377995
P256_HQC_128,P256_HQC_128,138.666405
P256_HQC_128,P256_HQC_128,140.999594
P256_HQC_128,P256_HQC_128,145.961607
P256_HQC_128,P256_HQC_128,135.968711
P256_HQC_128,P256_HQC_128,144.535816
P256_HQC_128,P256_HQC_128,139.525296
P256_HQC_128,P256_HQC_128,145.540117
P256_HQC_128,P256_HQC_128,142.188735
P256_HQC_128,P256_HQC_128,146.696449
P256_HQC_128,P256_HQC_128,134.292495
P256_HQC_128,P256_HQC_128,139.422119
P256_HQC_128,P256_HQC_128,144.759073
P256_HQC_128,P256_HQC_128,137.454331
P256_HQC_128,P256_HQC_128,149.790083
P256_HQC_128,P256_HQC_128,137.684847
P256_HQC_128,P256_HQC_128,138.780408
P256_HQC_128,P256_HQC_128,136.803438
P256_HQC_128,P256_HQC_128,147.767563
P256_HQC_128,P256_HQC_128,146.277395
P256_HQC_128,P256_HQC_128,145.692297
P256_HQC_128,P256_HQC_128,143.918279
P256_HQC_128,P256_HQC_128,156.353501
P256_HQC_128,P256_HQC_128,141.691296
P256_HQC_128,P256_HQC_128,138.40738
P256_HQC_128,P256_HQC_128,141.113401
P256_HQC_128,P256_HQC_128,143.796582
P256_HQC_128,P256_HQC_128,140.147768
P256_HQC_128,P256_HQC_128,145.052886
P256_HQC_128,P256_HQC_128,155.924288
P256_HQC_128,P256_HQC_128,139.568742
P256_HQC_128,P256_HQC_128,138.351252
P256_HQC_128,P256_HQC_128,156.64575
P256_HQC_128,P256_HQC_128,147.170924
P256_HQC_128,P256_HQC_128,134.495986
P256_HQC_128,P256_HQC_128,143.397526
P256_HQC_128,P256_HQC_128,133.214559
P256_HQC_128,P256_HQC_128,140.106173
P256_HQC_128,P256_HQC_128,142.454386
P256_HQC_128,P256_HQC_128,149.338487
P256_HQC_128,P256_HQC_128,147.006209
P256_HQC_128,P256_HQC_128,137.254947
P256_HQC_128,P256_HQC_128,155.97423
P256_HQC_128,P256_HQC_128,137.695754
P256_HQC_128,P256_HQC_128,132.86573
P256_HQC_128,P256_HQC_128,143.247074
P256_HQC_128,P256_HQC_128,147.942035
P256_HQC_128,P256_HQC_128,143.261523
P256_HQC_128,P256_HQC_128,149.069062
P256_HQC_128,P256_HQC_128,135.740897
P256_HQC_128,P256_HQC_128,142.332839
P256_HQC_128,P256_HQC_128,135.538044
P256_HQC_128,P256_HQC_128,141.917371
P256_HQC_128,P256_HQC_128,140.927188
P256_HQC_128,P256_HQC_128,140.647954
P256_HQC_128,P256_HQC_128,148.905079
P256_HQC_128,P256_HQC_128,136.16869
P256_HQC_128,P256_HQC_128,137.748258
P256_HQC_128,P256_HQC_128,137.686749
P256_HQC_128,P256_HQC_128,136.623417
P256_HQC_128,P256_HQC_128,148.256605
P256_HQC_128,P256_HQC_128,152.893639
P256_HQC_128,P256_HQC_128,146.629238
P256_HQC_128,P256_HQC_128,148.05456
P256_HQC_128,P256_HQC_128,149.384705
P256_HQC_128,P256_HQC_128,135.310829
P256_HQC_128,P256_HQC_128,138.621446
P256_HQC_128,P256_HQC_128,147.2977
P256_HQC_128,P256_HQC_128,145.8736
P256_HQC_128,P256_HQC_128,144.369154
P256_HQC_128,P256_HQC_128,138.016354
P256_HQC_128,P256_HQC_128,144.508926
P256_HQC_128,P256_HQC_128,142.60252
P256_HQC_128,P256_HQC_128,136.486426
P256_HQC_128,P256_HQC_128,138.80079
P256_HQC_128,P256_HQC_128,149.30764
P256_HQC_128,P256_HQC_128,143.120828
P256_HQC_128,P256_HQC_128,146.121741
P256_HQC_128,P256_HQC_128,143.613871
P256_HQC_128,P256_HQC_128,138.048706
P256_HQC_128,P256_HQC_128,145.230081
P256_HQC_128,P256_HQC_128,147.243411
P256_HQC_128,P256_HQC_128,139.16997
P256_HQC_128,P256_HQC_128,141.692751
P256_HQC_128,P256_HQC_128,140.675289
P256_HQC_128,P256_HQC_128,139.895929
P256_HQC_128,P256_HQC_128,139.619764
P256_HQC_128,P256_HQC_128,147.544097
P256_HQC_128,P256_HQC_128,153.518772
P256_HQC_128,P256_HQC_128,146.022239
P256_HQC_128,P256_HQC_128,137.980926
P256_HQC_128,P256_HQC_128,138.426963
P256_HQC_128,P256_HQC_128,142.572462
P256_HQC_128,P256_HQC_128,142.349959
P256_HQC_128,P256_HQC_128,138.99433
P256_HQC_128,P256_HQC_128,148.348555
P256_HQC_128,P256_HQC_128,141.429159
P256_HQC_128,P256_HQC_128,148.014797
P256_HQC_128,P256_HQC_128,141.40343
P256_HQC_128,P256_HQC_128,140.155717
P256_HQC_128,P256_HQC_128,141.085489
P256_HQC_128,P256_HQC_128,139.283529
P256_HQC_128,P256_HQC_128,133.201294
P256_HQC_128,P256_HQC_128,131.767651
P256_HQC_128,P256_HQC_128,143.457809
P256_HQC_128,P256_HQC_128,139.572007
P256_HQC_128,P256_HQC_128,142.329328
P256_HQC_128,P256_HQC_128,140.619017
P256_HQC_128,P256_HQC_128,146.188061
P256_HQC_128,P256_HQC_128,151.061867
P256_HQC_128,P256_HQC_128,146.791235
P256_HQC_128,P256_HQC_128,137.619847
P256_HQC_128,P256_HQC_128,141.319315
P256_HQC_128,P256_HQC_128,147.235942
P256_HQC_128,P256_HQC_128,154.793868
P256_HQC_128,P256_HQC_128,141.450092
P256_HQC_128,P256_HQC_128,156.549282
P256_HQC_128,P256_HQC_128,138.98096
P256_HQC_128,P256_HQC_128,145.743256
P256_HQC_128,P256_HQC_128,146.902504
P256_HQC_128,P256_HQC_128,139.787812
P256_HQC_128,P256_HQC_128,145.038691
P256_HQC_128,P256_HQC_128,135.034774
P256_HQC_128,P256_HQC_128,148.38064
P256_HQC_128,P256_HQC_128,146.171174
P256_HQC_128,P256_HQC_128,143.482999
P256_HQC_128,P256_HQC_128,135.478643
P256_HQC_128,P256_HQC_128,152.247974
P256_HQC_128,P256_HQC_128,133.374819
P256_HQC_128,P256_HQC_128,143.231683
P256_HQC_128,P256_HQC_128,149.684856
P256_HQC_128,P256_HQC_128,143.778761
P256_HQC_128,P256_HQC_128,149.982834
P256_HQC_128,P256_HQC_128,146.310095
P256_HQC_128,P256_HQC_128,153.46775
P256_HQC_128,P256_HQC_128,143.828368
P256_HQC_128,P256_HQC_128,148.922956
P256_HQC_128,P256_HQC_128,147.443491
P256_HQC_128,P256_HQC_128,148.826954
P256_HQC_128,P256_HQC_128,138.21982
P256_HQC_128,P256_HQC_128,138.129089
P256_HQC_128,P256_HQC_128,134.973238
P256_HQC_128,P256_HQC_128,139.526821
P256_HQC_128,P256_HQC_128,143.189725
P256_HQC_128,P256_HQC_128,148.19837
P256_HQC_128,P256_HQC_128,156.052182
P256_HQC_128,P256_HQC_128,137.764484
P256_HQC_128,P256_HQC_128,149.392383
P256_HQC_128,P256_HQC_128,149.212873
P256_HQC_128,P256_HQC_128,135.595327
P256_HQC_128,P256_HQC_128,142.253396
P256_HQC_128,P256_HQC_128,148.466661
P256_HQC_128,P256_HQC_128,147.787179
P256_HQC_128,P256_HQC_128,141.08364
P256_HQC_128,P256_HQC_128,144.622149
P256_HQC_128,P256_HQC_128,146.422353
P256_HQC_128,P256_HQC_128,141.883675
P256_HQC_128,P256_HQC_128,155.550165
P256_HQC_128,P256_HQC_128,140.073961
P256_HQC_128,P256_HQC_128,145.009782
P256_HQC_128,P256_HQC_128,138.905626
P256_HQC_128,P256_HQC_128,144.149096
P256_HQC_128,P256_HQC_128,135.03188
P256_HQC_128,P256_HQC_128,143.331669
P256_HQC_128,P256_HQC_128,145.268342
P256_HQC_128,P256_HQC_128,140.791381
P256_HQC_128,P256_HQC_128,152.542088
P256_HQC_128,P256_HQC_128,142.614251
P256_HQC_128,P256_HQC_128,140.551304
P256_HQC_128,P256_HQC_128,146.351977
P256_HQC_128,P256_HQC_128,141.414628
P256_HQC_128,P256_HQC_128,149.502501
P256_HQC_128,P256_HQC_128,149.795723
P256_HQC_128,P256_HQC_128,141.692246
P256_HQC_128,P256_HQC_128,135.714889
P256_HQC_128,P256_HQC_128,145.187319
P256_HQC_128,P256_HQC_128,136.111765
P256_HQC_128,P256_HQC_128,148.527915
P256_HQC_128,P256_HQC_128,134.968284
P256_HQC_128,P256_HQC_128,137.289097
P256_HQC_128,P256_HQC_128,139.104035
P256_HQC_128,P256_HQC_128,135.903253
P256_HQC_128,P256_HQC_128,146.978782
P256_HQC_128,P256_HQC_128,153.064037
P256_HQC_128,P256_HQC_128,134.67468
P256_HQC_128,P256_HQC_128,145.237191
P256_HQC_128,P256_HQC_128,149.948813
P256_HQC_128,P256_HQC_128,141.320218
P256_HQC_128,P256_HQC_128,139.718458
P256_HQC_128,P256_HQC_128,141.037246
P256_HQC_128,P256_HQC_128,136.014726
P256_HQC_128,P256_HQC_128,143.742349
P256_HQC_128,P256_HQC_128,156.605671
P256_HQC_128,P256_HQC_128,155.975682
P256_HQC_128,P256_HQC_128,147.537351
P256_HQC_128,P256_HQC_128,150.085757
P256_HQC_128,P256_HQC_128,140.219785
P256_HQC_128,P256_HQC_128,137.519501
P256_HQC_128,P256_HQC_128,139.238661
P256_HQC_128,P256_HQC_128,134.158096
P256_HQC_128,P256_HQC_128,138.694515
P256_HQC_128,P256_HQC_128,139.141521
P256_HQC_128,P256_HQC_128,149.268123
P256_HQC_128,P256_HQC_128,145.029
P256_HQC_128,P256_HQC_128,136.639689
P256_HQC_128,P256_HQC_128,142.422267
P256_HQC_128,P256_HQC_128,154.414409
P256_HQC_128,P256_HQC_128,138.220023
P256_HQC_128,P256_HQC_128,146.743557
P256_HQC_128,P256_HQC_128,146.57113
P256_HQC_128,P256_HQC_128,140.975897
P256_HQC_128,P256_HQC_128,157.049885
P256_HQC_128,P256_HQC_128,142.629487
P256_HQC_128,P256_HQC_128,146.497903
P256_HQC_128,P256_HQC_128,144.871543
P256_HQC_128,P256_HQC_128,143.44927
P256_HQC_128,P256_HQC_128,154.844856
P256_HQC_128,P256_HQC_128,135.957373
P256_HQC_128,P256_HQC_128,148.73013
P256_HQC_128,P256_HQC_128,153.56578
P256_HQC_128,P256_HQC_128,135.691463
P256_HQC_128,P256_HQC_128,145.107544
P256_HQC_128,P256_HQC_128,134.574307
P256_HQC_128,P256_HQC_128,147.179303
P256_HQC_128,P256_HQC_128,142.978347
P256_HQC_128,P256_HQC_128,135.235539
P256_HQC_128,P256_HQC_128,146.476957
P256_HQC_128,P256_HQC_128,137.990995
P256_HQC_128,P256_HQC_128,136.728242
P256_HQC_128,P256_HQC_128,135.820862
P256_HQC_128,P256_HQC_128,147.78842
P256_HQC_128,P256_HQC_128,140.262708
P256_HQC_128,P256_HQC_128,136.93424
P256_HQC_128,P256_HQC_128,142.687076
P256_HQC_128,P256_HQC_128,153.283535
P256_HQC_128,P256_HQC_128,141.203815
P256_HQC_128,P256_HQC_128,156.259409
P256_HQC_128,P256_HQC_128,156.179575
P256_HQC_128,P256_HQC_128,149.100973
P256_HQC_128,P256_HQC_128,149.308118
P256_HQC_128,P256_HQC_128,139.03034
P256_HQC_128,P256_HQC_128,147.470842
P256_HQC_128,P256_HQC_128,139.121875
P256_HQC_128,P256_HQC_128,139.294551
P256_HQC_128,P256_HQC_128,148.870926
P256_HQC_128,P256_HQC_128,146.578987
P256_HQC_128,P256_HQC_128,145.122827
P256_HQC_128,P256_HQC_128,146.674737
P256_HQC_128,P256_HQC_128,139.892871
P256_HQC_128,P256_HQC_128,132.76163
P256_HQC_128,P256_HQC_128,154.621628
P256_HQC_128,P256_HQC_128,146.475858
P256_HQC_128,P256_HQC_128,142.307996
P256_HQC_128,P256_HQC_128,149.944863
P256_HQC_128,P256_HQC_128,155.272872
P256_HQC_128,P256_HQC_128,137.909713
P256_HQC_128,P256_HQC_128,142.16513
P256_HQC_128,P256_HQC_128,133.987574
P256_HQC_128,P256_HQC_128,147.628072
P256_HQC_128,P256_HQC_128,148.425819
P256_HQC_128,P256_HQC_128,153.484323
P256_HQC_128,P256_HQC_128,140.447593
P256_HQC_128,P256_HQC_128,144.697625
P256_HQC_128,P256_HQC_128,138.048887
P256_HQC_128,P256_HQC_128,146.187684
P256_HQC_128,P256_HQC_128,145.532014
P256_HQC_128,P256_HQC_128,148.429267
P256_HQC_128,P256_HQC_128,138.772717
P256_HQC_128,P256_HQC_128,146.795716
P256_HQC_128,P256_HQC_128,147.268152
P256_HQC_128,P256_HQC_128,139.757107
P256_HQC_128,P256_HQC_128,143.951641
P256_HQC_128,P256_HQC_128,147.624352
P256_HQC_128,P256_HQC_128,149.446532
P256_HQC_128,P256_HQC_128,144.29262
P256_HQC_128,P256_HQC_128,154.591558
P256_HQC_128,P256_HQC_128,148.929174
P256_HQC_128,P256_HQC_128,147.640129
P256_HQC_128,P256_HQC_128,149.144437
P256_HQC_128,P256_HQC_128,145.405906
P256_HQC_128,P256_HQC_128,156.31786
P256_HQC_128,P256_HQC_128,144.216132
P256_HQC_128,P256_HQC_128,138.701235
P256_HQC_128,P256_HQC_128,149.822022
P256_HQC_128,P256_HQC_128,143.729751
P256_HQC_128,P256_HQC_128,149.077415
P256_HQC_128,P256_HQC_128,149.370761
P256_HQC_128,P256_HQC_128,150.221413
P256_HQC_128,P256_HQC_128,137.975886
P256_HQC_128,P256_HQC_128,145.610273
P256_HQC_128,P256_HQC_128,145.441231
P256_HQC_128,P256_HQC_128,142.087727
P256_HQC_128,P256_HQC_128,134.730431
P256_HQC_128,P256_HQC_128,145.660428
P256_HQC_128,P256_HQC_128,146.910573
P256_HQC_128,P256_HQC_128,138.534707
P256_HQC_128,P256_HQC_128,147.242242
P256_HQC_128,P256_HQC_128,147.252119
P256_HQC_128,P256_HQC_128,146.254382
P256_HQC_128,P256_HQC_128,137.438625
P256_HQC_128,P256_HQC_128,137.444112
P256_HQC_128,P256_HQC_128,149.979599
P256_HQC_128,P256_HQC_128,140.143742
P256_HQC_128,P256_HQC_128,144.49567
P256_HQC_128,P256_HQC_128,144.796353
P256_HQC_128,P256_HQC_128,150.128885
P256_HQC_128,P256_HQC_128,136.831621
P256_HQC_128,P256_HQC_128,133.576236
P256_HQC_128,P256_HQC_128,137.944976
P256_HQC_128,P256_HQC_128,148.867104
P256_HQC_128,P256_HQC_128,136.238868
P256_HQC_128,P256_HQC_128,146.368842
P256_HQC_128,P256_HQC_128,136.609593
P256_HQC_128,P256_HQC_128,138.435759
P256_HQC_128,P256_HQC_128,138.02203
P256_HQC_128,P256_HQC_128,152.406624
P256_HQC_128,P256_HQC_128,134.088163
P256_HQC_128,P256_HQC_128,140.317509
P256_HQC_128,P256_HQC_128,153.77337
P256_HQC_128,P256_HQC_128,144.859018
P256_HQC_128,P256_HQC_128,139.502161
P256_HQC_128,P256_HQC_128,144.294478
P256_HQC_128,P256_HQC_128,134.220556
P256_HQC_128,P256_HQC_128,139.339659
P256_HQC_128,P256_HQC_128,149.684031
P256_HQC_128,P256_HQC_128,134.362334
P256_HQC_128,P256_HQC_128,140.405867
P256_HQC_128,P256_HQC_128,135.274471
P256_HQC_128,P256_HQC_128,142.790191
P256_HQC_128,P256_HQC_128,144.379416
P256_HQC_128,P256_HQC_128,144.110738
P256_HQC_128,P256_HQC_128,138.018946
P256_HQC_128,P256_HQC_128,145.82581
P256_HQC_128,P256_HQC_128,144.034004
P256_HQC_128,P256_HQC_128,140.492422
P256_HQC_128,P256_HQC_128,136.114314
P256_HQC_128,P256_HQC_128,141.057152
P256_HQC_128,P256_HQC_128,145.068826
P256_HQC_128,P256_HQC_128,135.894459
P256_HQC_128,P256_HQC_128,139.492662
P256_HQC_128,P256_HQC_128,146.605458
P256_HQC_128,P256_HQC_128,142.400689
P256_HQC_128,P256_HQC_128,143.309877
P256_HQC_128,P256_HQC_128,149.179798
P256_HQC_128,P256_HQC_128,137.219589
P256_HQC_128,P256_HQC_128,137.134178
P256_HQC_128,P256_HQC_128,148.663196
P256_HQC_128,P256_HQC_128,139.211882
P256_HQC_128,P256_HQC_128,155.551142
P256_HQC_128,P256_HQC_128,146.677293
P256_HQC_128,P256_HQC_128,145.16181
P256_HQC_128,P256_HQC_128,139.829122
P256_HQC_128,P256_HQC_128,134.539166
P256_HQC_128,P256_HQC_128,140.112995
P256_HQC_128,P256_HQC_128,145.259348
P256_HQC_128,P256_HQC_128,138.054245
P256_HQC_128,P256_HQC_128,132.742952
P256_HQC_128,P256_HQC_128,141.482153
P256_HQC_128,P256_HQC_128,157.123704
P256_HQC_128,P256_HQC_128,137.582546
P256_HQC_128,P256_HQC_128,137.514213
P256_HQC_128,P256_HQC_128,143.813435
P256_HQC_128,P256_HQC_128,136.531499
P256_HQC_128,P256_HQC_128,136.779314
P256_HQC_128,P256_HQC_128,139.469195
P256_HQC_128,P256_HQC_128,135.760625
P256_HQC_128,P256_HQC_128,142.546404
P256_HQC_128,P256_HQC_128,140.248343
P256_HQC_128,P256_HQC_128,135.477885
P256_HQC_128,P256_HQC_128,140.741691
P256_HQC_128,P256_HQC_128,142.079783
P256_HQC_128,P256_HQC_128,140.465814
P256_HQC_128,P256_HQC_128,139.42869
P256_HQC_128,P256_HQC_128,145.53848
P256_HQC_128,P256_HQC_128,134.528866
P256_HQC_128,P256_HQC_128,142.024459
P256_HQC_128,P256_HQC_128,145.41371
P256_HQC_128,P256_HQC_128,136.162742
P256_HQC_128,P256_HQC_128,139.221575
P256_HQC_128,P256_HQC_128,153.286003
P256_HQC_128,P256_HQC_128,144.035417
P256_HQC_128,P256_HQC_128,141.236501
P256_HQC_128,P256_HQC_128,144.118951
P256_HQC_128,P256_HQC_128,141.748419
P256_HQC_128,P256_HQC_128,146.153723
P256_HQC_128,P256_HQC_128,148.028722
P256_HQC_128,P256_HQC_128,145.158461
P256_HQC_128,P256_HQC_128,148.380368
P256_HQC_128,P256_HQC_128,140.184331
P256_HQC_128,P256_HQC_128,138.039801
P256_HQC_128,P256_HQC_128,136.919179
P256_HQC_128,P256_HQC_128,145.508944
P256_HQC_128,P256_HQC_128,143.44179
P256_HQC_128,P256_HQC_128,142.223191
P256_HQC_128,P256_HQC_128,145.90278
P256_HQC_128,P256_HQC_128,139.485542
P256_HQC_128,P256_HQC_128,147.051826
P256_HQC_128,P256_HQC_128,153.587517
P256_HQC_128,P256_HQC_128,136.007347
P256_HQC_128,P256_HQC_128,139.883401
P256_HQC_128,P256_HQC_128,147.187171
P256_HQC_128,P256_HQC_128,148.608301
P256_HQC_128,P256_HQC_128,139.397051
P256_HQC_128,P256_HQC_128,142.889519
P256_HQC_128,P256_HQC_128,149.225871
P256_HQC_128,P256_HQC_128,146.436322
P256_HQC_128,P256_HQC_128,138.983193
P256_HQC_128,P256_HQC_128,148.83456
P256_HQC_128,P256_HQC_128,138.858291
P256_HQC_128,P256_HQC_128,145.38793
P256_HQC_128,P256_HQC_128,137.273559
P256_HQC_128,P256_HQC_128,145.336041
P256_HQC_128,P256_HQC_128,137.167723
P256_HQC_128,P256_HQC_128,157.73145
P256_HQC_128,P256_HQC_128,145.821483
P256_HQC_128,P256_HQC_128,137.400959
P256_HQC_128,P256_HQC_128,142.55496
P256_HQC_128,P256_HQC_128,135.157185
P256_HQC_128,P256_HQC_128,140.596744
P256_HQC_128,P256_HQC_128,138.544915
P256_HQC_128,P256_HQC_128,147.868307
P256_HQC_128,P256_HQC_128,150.258092
P256_HQC_128,P256_HQC_128,137.64778
P256_HQC_128,P256_HQC_128,144.954506
P256_HQC_128,P256_HQC_128,145.966688
P256_HQC_128,P256_HQC_128,139.830464
P256_HQC_128,P256_HQC_128,139.924282
P256_HQC_128,P256_HQC_128,135.897334
P256_HQC_128,P256_HQC_128,137.155407
P256_HQC_128,P256_HQC_128,137.670176
P256_HQC_128,P256_HQC_128,146.906001
P256_HQC_128,P256_HQC_128,135.81749
P256_HQC_128,P256_HQC_128,146.02145
P256_HQC_128,P256_HQC_128,134.743161
P256_HQC_128,P256_HQC_128,149.58229
P256_HQC_128,P256_HQC_128,136.522153
P256_HQC_128,P256_HQC_128,149.402867
P256_HQC_128,P256_HQC_128,146.632679
P256_HQC_128,P256_HQC_128,147.683494
P256_HQC_128,P256_HQC_128,136.589036
P256_HQC_128,P256_HQC_128,148.660425
P256_HQC_128,P256_HQC_128,137.401512
P256_HQC_128,P256_HQC_128,139.703011
P256_HQC_128,P256_HQC_128,138.202849
P256_HQC_128,P256_HQC_128,143.428427
P256_HQC_128,P256_HQC_128,138.304196
P256_HQC_128,P256_HQC_128,146.34794
P256_HQC_128,P256_HQC_128,141.534064
P256_HQC_128,P256_HQC_128,140.632821
P256_HQC_128,P256_HQC_128,146.480548
P256_HQC_128,P256_HQC_128,145.886734
P256_HQC_128,P256_HQC_128,146.269083
P256_HQC_128,P256_HQC_128,143.369936
P256_HQC_128,P256_HQC_128,140.118167
P256_HQC_128,P256_HQC_128,134.761786
P256_HQC_128,P256_HQC_128,137.639712
P256_HQC_128,P256_HQC_128,146.717976
P256_HQC_128,P256_HQC_128,148.797921
P256_HQC_128,P256_HQC_128,141.5993
P256_HQC_128,P256_HQC_128,134.040057
P256_HQC_128,P256_HQC_128,138.752284
P256_HQC_128,P256_HQC_128,134.759754
P256_HQC_128,P256_HQC_128,132.290742
P256_HQC_128,P256_HQC_128,156.095078
P256_HQC_128,P256_HQC_128,134.523187
P256_HQC_128,P256_HQC_128,142.872771
P256_HQC_128,P256_HQC_128,144.378935
P256_HQC_128,P256_HQC_128,156.898073
P256_HQC_128,P256_HQC_128,138.422236
P256_HQC_128,P256_HQC_128,136.213613
P256_HQC_128,P256_HQC_128,137.428826
P256_HQC_128,P256_HQC_128,139.699413
P256_HQC_128,P256_HQC_128,146.645413
P256_HQC_128,P256_HQC_128,140.41308
P256_HQC_128,P256_HQC_128,132.811592
P256_HQC_128,P256_HQC_128,142.026957
P256_HQC_128,P256_HQC_128,139.857834
P256_HQC_128,P256_HQC_128,155.231252
P256_HQC_128,P256_HQC_128,134.0354
P256_HQC_128,P256_HQC_128,147.472348
P256_HQC_128,P256_HQC_128,136.018567
P256_HQC_128,P256_HQC_128,139.443175
P256_HQC_128,P256_HQC_128,137.906704
P256_HQC_128,P256_HQC_128,146.111474
P256_HQC_128,P256_HQC_128,138.424923
P256_HQC_128,P256_HQC_128,149.699845
P256_HQC_128,P256_HQC_128,146.634138
P256_HQC_128,P256_HQC_128,138.789904
P256_HQC_128,P256_HQC_128,148.496816
P256_HQC_128,P256_HQC_128,141.3103
P256_HQC_128,P256_HQC_128,133.006668
P256_HQC_128,P256_HQC_128,137.832428
P256_HQC_128,P256_HQC_128,140.244285
P256_HQC_128,P256_HQC_128,142.397321
P256_HQC_128,P256_HQC_128,142.694264
P256_HQC_128,P256_HQC_128,144.240399
P256_HQC_128,P256_HQC_128,136.252269
P256_HQC_128,P256_HQC_128,157.910473
P256_HQC_128,P256_HQC_128,133.656655
P256_HQC_128,P256_HQC_128,139.438543
P256_HQC_128,P256_HQC_128,146.15643
P256_HQC_128,P256_HQC_128,148.235586
P256_HQC_128,P256_HQC_128,137.691945
P256_HQC_128,P256_HQC_128,145.49563
P256_HQC_128,P256_HQC_128,135.352228
P256_HQC_128,P256_HQC_128,146.542925
P256_HQC_128,P256_HQC_128,140.886418
P256_HQC_128,P256_HQC_128,147.498592
P256_HQC_128,P256_HQC_128,139.332937
P256_HQC_128,P256_HQC_128,148.574312
P256_HQC_128,P256_HQC_128,138.311972
P256_HQC_128,P256_HQC_128,134.975907
P256_HQC_128,P256_HQC_128,140.294826
P256_HQC_128,P256_HQC_128,142.065148
P256_HQC_128,P256_HQC_128,140.934468
P256_HQC_128,P256_HQC_128,146.283002
P256_HQC_128,P256_HQC_128,148.544026
P256_HQC_128,P256_HQC_128,134.722841
P256_HQC_128,P256_HQC_128,138.410089
P256_HQC_128,P256_HQC_128,139.16106
P256_HQC_128,P256_HQC_128,143.303676
P256_HQC_128,P256_HQC_128,145.916407
P256_HQC_128,P256_HQC_128,138.869464
P256_HQC_128,P256_HQC_128,144.309482
P256_HQC_128,P256_HQC_128,141.812225
P256_HQC_128,P256_HQC_128,141.486207
P256_HQC_128,P256_HQC_128,148.256967
P256_HQC_128,P256_HQC_128,135.304641
P256_HQC_128,P256_HQC_128,145.738418
P256_HQC_128,P256_HQC_128,145.575727
P256_HQC_128,P256_HQC_128,143.196562
P256_HQC_128,P256_HQC_128,141.362089
P256_HQC_128,P256_HQC_128,135.495848
P256_HQC_128,P256_HQC_128,157.391061
P256_HQC_128,P256_HQC_128,142.861413
P256_HQC_128,P256_HQC_128,146.64995
P256_HQC_128,P256_HQC_128,143.923024
P256_HQC_128,P256_HQC_128,146.306807
P256_HQC_128,P256_HQC_128,147.850456
P256_HQC_128,P256_HQC_128,148.438437
P256_HQC_128,P256_HQC_128,143.75961
P256_HQC_128,P256_HQC_128,140.618679
P256_HQC_128,P256_HQC_128,139.536508
P256_HQC_128,P256_HQC_128,136.612468
P256_HQC_128,P256_HQC_128,139.739928
P256_HQC_128,P256_HQC_128,137.940556
P256_HQC_128,P256_HQC_128,145.873205
P256_HQC_128,P256_HQC_128,138.526702
P256_HQC_128,P256_HQC_128,141.220666
P256_HQC_128,P256_HQC_128,144.626048
P256_HQC_128,P256_HQC_128,147.186004
P256_HQC_128,P256_HQC_128,150.018278
P256_HQC_128,P256_HQC_128,134.085096
P256_HQC_128,P256_HQC_128,149.600115
P256_HQC_128,P256_HQC_128,149.880682
P256_HQC_128,P256_HQC_128,138.265803
P256_HQC_128,P256_HQC_128,145.718429
P256_HQC_128,P256_HQC_128,140.913029
P256_HQC_128,P256_HQC_128,132.55283
P256_HQC_128,P256_HQC_128,134.626895
P256_HQC_128,P256_HQC_128,147.755451
P256_HQC_128,P256_HQC_128,145.550955
P256_HQC_128,P256_HQC_128,153.941471
P256_HQC_128,P256_HQC_128,153.550458
P256_HQC_128,P256_HQC_128,144.116767
P256_HQC_128,P256_HQC_128,143.987192
P256_HQC_128,P256_HQC_128,144.470087
P256_HQC_128,P256_HQC_128,146.991735
P256_HQC_128,P256_HQC_128,140.820962
P256_HQC_128,P256_HQC_128,146.296036
P256_HQC_128,P256_HQC_128,140.450805
P256_HQC_128,P256_HQC_128,148.463209
P256_HQC_128,P256_HQC_128,136.774973
P256_HQC_128,P256_HQC_128,139.586081
P256_HQC_128,P256_HQC_128,148.031502
P256_HQC_128,P256_HQC_128,144.851594
P256_HQC_128,P256_HQC_128,136.357489
P256_HQC_128,P256_HQC_128,142.802197
P256_HQC_128,P256_HQC_128,156.671501
P256_HQC_128,P256_HQC_128,152.910955
P256_HQC_128,P256_HQC_128,141.723162
P256_HQC_128,P256_HQC_128,146.286437
P256_HQC_128,P256_HQC_128,139.726458
P256_HQC_128,P256_HQC_128,157.15928
P256_HQC_128,P256_HQC_128,137.093098
P256_HQC_128,P256_HQC_128,137.46524
P256_HQC_128,P256_HQC_128,141.600201
P256_HQC_128,P256_HQC_128,149.357713
P256_HQC_128,P256_HQC_128,144.91846
P256_HQC_128,P256_HQC_128,137.085654
P256_HQC_128,P256_HQC_128,158.637364
P256_HQC_128,P256_HQC_128,144.366886
P256_HQC_128,P256_HQC_128,133.897416
P256_HQC_128,P256_HQC_128,151.562831
P256_HQC_128,P256_HQC_128,147.695463
P256_HQC_128,P256_HQC_128,139.915689
P256_HQC_128,P256_HQC_128,140.664639
P256_HQC_128,P256_HQC_128,139.569771
P256_HQC_128,P256_HQC_128,143.290866
P256_HQC_128,P256_HQC_128,149.104666
P256_HQC_128,P256_HQC_128,138.879835
P256_HQC_128,P256_HQC_128,143.277783
P256_HQC_128,P256_HQC_128,141.657362
P256_HQC_128,P256_HQC_128,154.417213
P256_HQC_128,P256_HQC_128,147.255659
P256_HQC_128,P256_HQC_128,137.191749
P256_HQC_128,P256_HQC_128,133.444799
P256_HQC_128,P256_HQC_128,141.483765
P256_HQC_128,P256_HQC_128,141.422713
P256_HQC_128,P256_HQC_128,142.471927
P256_HQC_128,P256_HQC_128,139.106525
P256_HQC_128,P256_HQC_128,138.259333
P256_HQC_128,P256_HQC_128,136.419492
P256_HQC_128,P256_HQC_128,149.184033
P256_HQC_128,P256_HQC_128,139.316218
P256_HQC_128,P256_HQC_128,153.319642
P256_HQC_128,P256_HQC_128,135.669621
P256_HQC_128,P256_HQC_128,153.670851
P256_HQC_128,P256_HQC_128,140.432929
P256_HQC_128,P256_HQC_128,148.450872
P256_HQC_128,P256_HQC_128,145.667323
P256_HQC_128,P256_HQC_128,145.211656
P256_HQC_128,P256_HQC_128,158.044
P256_HQC_128,P256_HQC_128,142.643159
P256_HQC_128,P256_HQC_128,147.019545
P256_HQC_128,P256_HQC_128,143.089314
P256_HQC_128,P256_HQC_128,143.027271
P256_HQC_128,P256_HQC_128,155.340861
P256_HQC_128,P256_HQC_128,146.285167
P256_HQC_128,P256_HQC_128,141.600115
P256_HQC_128,P256_HQC_128,147.138757
P256_HQC_128,P256_HQC_128,145.672975
P256_HQC_128,P256_HQC_128,136.842241
P256_HQC_128,P256_HQC_128,146.761031
P256_HQC_128,P256_HQC_128,145.643087
P256_HQC_128,P256_HQC_128,141.733195
P256_HQC_128,P256_HQC_128,150.260838
P256_HQC_128,P256_HQC_128,140.846781
P256_HQC_128,P256_HQC_128,131.25966
P256_HQC_128,P256_HQC_128,148.626223
P256_HQC_128,P256_HQC_128,144.616272
P256_HQC_128,P256_HQC_128,139.907795
P256_HQC_128,P256_HQC_128,141.247985
P256_HQC_128,P256_HQC_128,140.558602
P256_HQC_128,P256_HQC_128,147.213316
P256_HQC_128,P256_HQC_128,157.144231
P256_HQC_128,P256_HQC_128,156.695262
P256_HQC_128,P256_HQC_128,141.353247
P256_HQC_128,P256_HQC_128,153.532271
P256_HQC_128,P256_HQC_128,135.552793
P256_HQC_128,P256_HQC_128,145.623496
P256_HQC_128,P256_HQC_128,139.385366
P256_HQC_128,P256_HQC_128,147.064555
P256_HQC_128,P256_HQC_128,134.762232
P256_HQC_128,P256_HQC_128,146.734678
P256_HQC_128,P256_HQC_128,133.452067
P256_HQC_128,P256_HQC_128,142.30688
P256_HQC_128,P256_HQC_128,142.396407
P256_HQC_128,P256_HQC_128,138.644679
P256_HQC_128,P256_HQC_128,144.93244
P256_HQC_128,P256_HQC_128,149.300135
P256_HQC_128,P256_HQC_128,145.302735
P256_HQC_128,P256_HQC_128,154.96288
P256_HQC_128,P256_HQC_128,141.158064
P256_HQC_128,P256_HQC_128,136.014631
P256_HQC_128,P256_HQC_128,142.159431
P256_HQC_128,P256_HQC_128,138.696148
P256_HQC_128,P256_HQC_128,146.12204
P256_HQC_128,P256_HQC_128,142.165227
P256_HQC_128,P256_HQC_128,144.975499
P256_HQC_128,P256_HQC_128,146.948951
P256_HQC_128,P256_HQC_128,145.273539
P256_HQC_128,P256_HQC_128,136.114575
P256_HQC_128,P256_HQC_128,140.554454
P256_HQC_128,P256_HQC_128,135.116128
P256_HQC_128,P256_HQC_128,144.540765
P256_HQC_128,P256_HQC_128,141.811313
P256_HQC_128,P256_HQC_128,148.902554
P256_HQC_128,P256_HQC_128,145.201082
P256_HQC_128,P256_HQC_128,146.462589
P256_HQC_128,P256_HQC_128,138.894589
P256_HQC_128,P256_HQC_128,140.200995
P256_HQC_128,P256_HQC_128,152.907467
P256_HQC_128,P256_HQC_128,139.364219
P256_HQC_128,P256_HQC_128,136.312267
P256_HQC_128,P256_HQC_128,141.775574
P256_HQC_128,P256_HQC_128,155.655432
P256_HQC_128,P256_HQC_128,140.729186
P256_HQC_128,P256_HQC_128,135.112092
P256_HQC_128,P256_HQC_128,144.646897
P256_HQC_128,P256_HQC_128,144.497282
P256_HQC_128,P256_HQC_128,142.602407
P256_HQC_128,P256_HQC_128,139.818625
P256_HQC_128,P256_HQC_128,137.444592
P256_HQC_128,P256_HQC_128,137.734097
P256_HQC_128,P256_HQC_128,145.096603
P256_HQC_128,P256_HQC_128,152.947959
P256_HQC_128,P256_HQC_128,138.614788
P256_HQC_128,P256_HQC_128,143.156096
P256_HQC_128,P256_HQC_128,134.657273
P256_HQC_128,P256_HQC_128,138.467177
P256_HQC_128,P256_HQC_128,137.140589
P256_HQC_128,P256_HQC_128,138.013749
P256_HQC_128,P256_HQC_128,144.561961
P256_HQC_128,P256_HQC_128,136.839657
P256_HQC_128,P256_HQC_128,148.753002
P256_HQC_128,P256_HQC_128,145.246937
P256_HQC_128,P256_HQC_128,141.327705
P256_HQC_128,P256_HQC_128,136.536595
P256_HQC_128,P256_HQC_128,146.075349
P256_HQC_128,P256_HQC_128,148.912761
P256_HQC_128,P256_HQC_128,139.779499
P256_HQC_128,P256_HQC_128,137.854285
P256_HQC_128,P256_HQC_128,156.24842
P256_HQC_128,P256_HQC_128,150.481497
P256_HQC_128,P256_HQC_128,140.076377
P256_HQC_128,P256_HQC_128,143.360087
P256_HQC_128,P256_HQC_128,141.776299
P256_HQC_128,P256_HQC_128,150.371992
P256_HQC_128,P256_HQC_128,147.932311
P256_HQC_128,P256_HQC_128,143.31627
P256_HQC_128,P256_HQC_128,133.264987
P256_HQC_128,P256_HQC_128,139.410062
P256_HQC_128,P256_HQC_128,144.559875
P256_HQC_128,P256_HQC_128,139.611823
P256_HQC_128,P256_HQC_128,143.560916
P256_HQC_128,P256_HQC_128,138.348948
P256_HQC_128,P256_HQC_128,136.799838
P256_HQC_128,P256_HQC_128,134.697478
P256_HQC_128,P256_HQC_128,139.838265
P256_HQC_128,P256_HQC_128,146.258133
P256_HQC_128,P256_HQC_128,143.39216
P256_HQC_128,P256_HQC_128,140.079013
P256_HQC_128,P256_HQC_128,151.030877
P256_HQC_128,P256_HQC_128,140.097367
P256_HQC_128,P256_HQC_128,138.331726
P256_HQC_128,P256_HQC_128,135.415194
P256_HQC_128,P256_HQC_128,153.211027
P256_HQC_128,P256_HQC_128,134.087589
P256_HQC_128,P256_HQC_128,139.914587
P256_HQC_128,P256_HQC_128,145.299363
P256_HQC_128,P256_HQC_128,145.674313
P256_HQC_128,P256_HQC_128,143.806922
P256_HQC_128,P256_HQC_128,136.36405
P256_HQC_128,P256_HQC_128,133.56811
P256_HQC_128,P256_HQC_128,141.909882
P256_HQC_128,P256_HQC_128,141.902395
P256_HQC_128,P256_HQC_128,139.230809
P256_HQC_128,P256_HQC_128,138.560662
P256_HQC_128,P256_HQC_128,142.702571
P256_HQC_128,P256_HQC_128,145.894907
P256_HQC_128,P256_HQC_128,139.236431
P256_HQC_128,P256_HQC_128,144.408149
P256_HQC_128,P256_HQC_128,150.576107
P256_HQC_128,P256_HQC_128,148.758682
P256_HQC_128,P256_HQC_128,148.46729
P256_HQC_128,P256_HQC_128,136.943823
P256_HQC_128,P256_HQC_128,144.829457
P256_HQC_128,P256_HQC_128,137.103983
P256_HQC_128,P256_HQC_128,133.881267
P256_HQC_128,P256_HQC_128,147.54905
P256_HQC_128,P256_HQC_128,141.282461
P256_HQC_128,P256_HQC_128,148.652966
P256_HQC_128,P256_HQC_128,147.001153
P256_HQC_128,P256_HQC_128,149.21654
P256_HQC_128,P256_HQC_128,139.766896
P256_HQC_128,P256_HQC_128,138.720592
P256_HQC_128,P256_HQC_128,143.001764
P256_HQC_128,P256_HQC_128,137.611957
P256_HQC_128,P256_HQC_128,137.004272
P256_HQC_128,P256_HQC_128,146.819284
P256_HQC_128,P256_HQC_128,149.750676
P256_HQC_128,P256_HQC_128,137.310934
P256_HQC_128,P256_HQC_128,141.317784
P256_HQC_128,P256_HQC_128,150.177358
P256_HQC_128,P256_HQC_128,146.455789
P256_HQC_128,P256_HQC_128,147.787806
P256_HQC_128,P256_HQC_128,149.887187
P256_HQC_128,P256_HQC_128,140.599159
P256_HQC_128,P256_HQC_128,156.686768
P256_HQC_128,P256_HQC_128,149.061658
P256_HQC_128,P256_HQC_128,154.709235
P256_HQC_128,P256_HQC_128,139.650077
P256_HQC_128,P256_HQC_128,147.982855
P256_HQC_128,P256_HQC_128,153.894207
P256_HQC_128,P256_HQC_128,138.782109
P256_HQC_128,P256_HQC_128,148.552707
P256_HQC_128,P256_HQC_128,145.829502
P256_HQC_128,P256_HQC_128,145.878832
P256_HQC_128,P256_HQC_128,142.440101
P256_HQC_128,P256_HQC_128,156.830749
P256_HQC_128,P256_HQC_128,145.322373
P256_HQC_128,P256_HQC_128,140.526297
P256_HQC_128,P256_HQC_128,157.096603
P256_HQC_128,P256_HQC_128,142.681807
P256_HQC_128,P256_HQC_128,135.162463
P256_HQC_128,P256_HQC_128,139.012149
P256_HQC_128,P256_HQC_128,136.655992
P256_HQC_128,P256_HQC_128,142.530279
P256_HQC_128,P256_HQC_128,139.486728
P256_HQC_128,P256_HQC_128,148.551098
P256_HQC_128,P256_HQC_128,141.416958
P256_HQC_128,P256_HQC_128,145.654953
P256_HQC_128,P256_HQC_128,138.046797
P256_HQC_128,P256_HQC_128,141.381593
P256_HQC_128,P256_HQC_128,142.709872
P256_HQC_128,P256_HQC_128,142.339473
P256_HQC_128,P256_HQC_128,153.356113
P256_HQC_128,P256_HQC_128,147.016863
P256_HQC_128,P256_HQC_128,136.589682
P256_HQC_128,P256_HQC_128,143.058228
P256_HQC_128,P256_HQC_128,132.844454
P256_HQC_128,P256_HQC_128,137.366375
P256_HQC_128,P256_HQC_128,144.293757
P256_HQC_128,P256_HQC_128,149.032951
P256_HQC_128,P256_HQC_128,146.124549
P256_HQC_128,P256_HQC_128,140.37129
P256_HQC_128,P256_HQC_128,147.169785
P256_HQC_128,P256_HQC_128,151.673227
P256_HQC_128,P256_HQC_128,143.649441
P256_HQC_128,P256_HQC_128,142.481988
P256_HQC_128,P256_HQC_128,148.197102
P256_HQC_128,P256_HQC_128,137.866788
P256_HQC_128,P256_HQC_128,136.601089
P256_HQC_128,P256_HQC_128,144.407933
P256_HQC_128,P256_HQC_128,147.187994
P256_HQC_128,P256_HQC_128,146.449568
P256_HQC_128,P256_HQC_128,142.576164
P256_HQC_128,P256_HQC_128,148.149467
P256_HQC_128,P256_HQC_128,139.813287
P256_HQC_128,P256_HQC_128,142.531108
P256_HQC_128,P256_HQC_128,143.600189
P256_HQC_128,P256_HQC_128,143.820053
P256_HQC_128,P256_HQC_128,135.656347
P256_HQC_128,P256_HQC_128,146.205109
P256_HQC_128,P256_HQC_128,138.663699
P256_HQC_128,P256_HQC_128,144.687319
P256_HQC_128,P256_HQC_128,148.501595
P256_HQC_128,P256_HQC_128,137.34878
P256_HQC_128,P256_HQC_128,142.640127
P256_HQC_128,P256_HQC_128,140.242646
P256_HQC_128,P256_HQC_128,158.431586
P256_HQC_128,P256_HQC_128,142.495287
P256_HQC_128,P256_HQC_128,137.203677
P256_HQC_128,P256_HQC_128,143.563194
P256_HQC_128,P256_HQC_128,135.553585
P256_HQC_128,P256_HQC_128,141.083978
P256_HQC_128,P256_HQC_128,156.018311
P256_HQC_128,P256_HQC_128,136.230559
P256_HQC_128,P256_HQC_128,144.380432
P256_HQC_128,P256_HQC_128,136.293473
P256_HQC_128,P256_HQC_128,136.641298
P256_HQC_128,P256_HQC_128,139.783274
P256_HQC_128,P256_HQC_128,142.866621
P256_HQC_128,P256_HQC_128,136.03181
P256_HQC_128,P256_HQC_128,150.059698
P256_HQC_128,P256_HQC_128,136.889109
P256_HQC_128,P256_HQC_128,142.847787
P256_HQC_128,P256_HQC_128,149.629455
P256_HQC_128,P256_HQC_128,139.62406
P256_HQC_128,P256_HQC_128,148.086919
P256_HQC_128,P256_HQC_128,145.058903
P256_HQC_128,P256_HQC_128,138.039249
P256_HQC_128,P256_HQC_128,140.389708
P256_HQC_128,P256_HQC_128,147.848099
P256_HQC_128,P256_HQC_128,146.697279
P256_HQC_128,P256_HQC_128,145.155595
P256_HQC_128,P256_HQC_128,138.048207
P256_HQC_128,P256_HQC_128,139.578378
P256_BIKE_L1,P256_BIKE_L1,139.000414
P256_BIKE_L1,P256_BIKE_L1,120.437055
P256_BIKE_L1,P256_BIKE_L1,124.366944
P256_BIKE_L1,P256_BIKE_L1,124.952193
P256_BIKE_L1,P256_BIKE_L1,126.275919
P256_BIKE_L1,P256_BIKE_L1,123.530633
P256_BIKE_L1,P256_BIKE_L1,133.996728
P256_BIKE_L1,P256_BIKE_L1,128.252538
P256_BIKE_L1,P256_BIKE_L1,133.064524
P256_BIKE_L1,P256_BIKE_L1,133.959642
P256_BIKE_L1,P256_BIKE_L1,125.431788
P256_BIKE_L1,P256_BIKE_L1,127.216387
P256_BIKE_L1,P256_BIKE_L1,132.913351
P256_BIKE_L1,P256_BIKE_L1,144.686212
P256_BIKE_L1,P256_BIKE_L1,137.880927
P256_BIKE_L1,P256_BIKE_L1,123.325051
P256_BIKE_L1,P256_BIKE_L1,143.212248
P256_BIKE_L1,P256_BIKE_L1,129.295182
P256_BIKE_L1,P256_BIKE_L1,125.987348
P256_BIKE_L1,P256_BIKE_L1,128.733186
P256_BIKE_L1,P256_BIKE_L1,132.460567
P256_BIKE_L1,P256_BIKE_L1,130.917633
P256_BIKE_L1,P256_BIKE_L1,129.932804
P256_BIKE_L1,P256_BIKE_L1,120.908833
P256_BIKE_L1,P256_BIKE_L1,128.212386
P256_BIKE_L1,P256_BIKE_L1,134.893083
P256_BIKE_L1,P256_BIKE_L1,125.715699
P256_BIKE_L1,P256_BIKE_L1,136.416632
P256_BIKE_L1,P256_BIKE_L1,126.541491
P256_BIKE_L1,P256_BIKE_L1,125.792615
P256_BIKE_L1,P256_BIKE_L1,130.51625
P256_BIKE_L1,P256_BIKE_L1,127.841099
P256_BIKE_L1,P256_BIKE_L1,122.340445
P256_BIKE_L1,P256_BIKE_L1,126.426957
P256_BIKE_L1,P256_BIKE_L1,135.803285
P256_BIKE_L1,P256_BIKE_L1,128.969179
P256_BIKE_L1,P256_BIKE_L1,133.169517
P256_BIKE_L1,P256_BIKE_L1,134.275953
P256_BIKE_L1,P256_BIKE_L1,122.266914
P256_BIKE_L1,P256_BIKE_L1,129.293624
P256_BIKE_L1,P256_BIKE_L1,138.328547
P256_BIKE_L1,P256_BIKE_L1,123.292075
P256_BIKE_L1,P256_BIKE_L1,121.98835
P256_BIKE_L1,P256_BIKE_L1,122.654087
P256_BIKE_L1,P256_BIKE_L1,125.932283
P256_BIKE_L1,P256_BIKE_L1,125.885406
P256_BIKE_L1,P256_BIKE_L1,122.390886
P256_BIKE_L1,P256_BIKE_L1,124.747286
P256_BIKE_L1,P256_BIKE_L1,133.937799
P256_BIKE_L1,P256_BIKE_L1,123.710582
P256_BIKE_L1,P256_BIKE_L1,135.18907
P256_BIKE_L1,P256_BIKE_L1,135.413521
P256_BIKE_L1,P256_BIKE_L1,130.041229
P256_BIKE_L1,P256_BIKE_L1,125.570571
P256_BIKE_L1,P256_BIKE_L1,132.88113
P256_BIKE_L1,P256_BIKE_L1,139.431369
P256_BIKE_L1,P256_BIKE_L1,136.808671
P256_BIKE_L1,P256_BIKE_L1,133.894655
P256_BIKE_L1,P256_BIKE_L1,126.007342
P256_BIKE_L1,P256_BIKE_L1,137.667787
P256_BIKE_L1,P256_BIKE_L1,133.994184
P256_BIKE_L1,P256_BIKE_L1,135.124539
P256_BIKE_L1,P256_BIKE_L1,125.483015
P256_BIKE_L1,P256_BIKE_L1,131.512368
P256_BIKE_L1,P256_BIKE_L1,130.899396
P256_BIKE_L1,P256_BIKE_L1,132.92559
P256_BIKE_L1,P256_BIKE_L1,133.67833
P256_BIKE_L1,P256_BIKE_L1,125.773432
P256_BIKE_L1,P256_BIKE_L1,127.6185
P256_BIKE_L1,P256_BIKE_L1,125.961928
P256_BIKE_L1,P256_BIKE_L1,131.634278
P256_BIKE_L1,P256_BIKE_L1,126.370218
P256_BIKE_L1,P256_BIKE_L1,136.229145
P256_BIKE_L1,P256_BIKE_L1,128.212181
P256_BIKE_L1,P256_BIKE_L1,131.295336
P256_BIKE_L1,P256_BIKE_L1,129.356199
P256_BIKE_L1,P256_BIKE_L1,128.670064
P256_BIKE_L1,P256_BIKE_L1,140.640457
P256_BIKE_L1,P256_BIKE_L1,131.081834
P256_BIKE_L1,P256_BIKE_L1,136.748788
P256_BIKE_L1,P256_BIKE_L1,128.784516
P256_BIKE_L1,P256_BIKE_L1,124.772002
P256_BIKE_L1,P256_BIKE_L1,133.891307
P256_BIKE_L1,P256_BIKE_L1,128.729222
P256_BIKE_L1,P256_BIKE_L1,129.401613
P256_BIKE_L1,P256_BIKE_L1,130.94859
P256_BIKE_L1,P256_BIKE_L1,132.038107
P256_BIKE_L1,P256_BIKE_L1,132.696817
P256_BIKE_L1,P256_BIKE_L1,133.795255
P256_BIKE_L1,P256_BIKE_L1,125.282495
P256_BIKE_L1,P256_BIKE_L1,124.763888
P256_BIKE_L1,P256_BIKE_L1,126.419618
P256_BIKE_L1,P256_BIKE_L1,125.812848
P256_BIKE_L1,P256_BIKE_L1,128.509037
P256_BIKE_L1,P256_BIKE_L1,129.779983
P256_BIKE_L1,P256_BIKE_L1,134.147005
P256_BIKE_L1,P256_BIKE_L1,136.722042
P256_BIKE_L1,P256_BIKE_L1,128.770099
P256_BIKE_L1,P256_BIKE_L1,119.861593
P256_BIKE_L1,P256_BIKE_L1,135.797421
P256_BIKE_L1,P256_BIKE_L1,124.611622
P256_BIKE_L1,P256_BIKE_L1,142.900321
P256_BIKE_L1,P256_BIKE_L1,143.762105
P256_BIKE_L1,P256_BIKE_L1,122.880919
P256_BIKE_L1,P256_BIKE_L1,126.510308
P256_BIKE_L1,P256_BIKE_L1,134.50611
P256_BIKE_L1,P256_BIKE_L1,133.988806
P256_BIKE_L1,P256_BIKE_L1,122.923476
P256_BIKE_L1,P256_BIKE_L1,131.48601
P256_BIKE_L1,P256_BIKE_L1,136.392917
P256_BIKE_L1,P256_BIKE_L1,138.602669
P256_BIKE_L1,P256_BIKE_L1,136.857444
P256_BIKE_L1,P256_BIKE_L1,142.2248
P256_BIKE_L1,P256_BIKE_L1,130.483372
P256_BIKE_L1,P256_BIKE_L1,120.047459
P256_BIKE_L1,P256_BIKE_L1,133.945943
P256_BIKE_L1,P256_BIKE_L1,128.765742
P256_BIKE_L1,P256_BIKE_L1,125.96682
P256_BIKE_L1,P256_BIKE_L1,142.936165
P256_BIKE_L1,P256_BIKE_L1,136.77922
P256_BIKE_L1,P256_BIKE_L1,133.818787
P256_BIKE_L1,P256_BIKE_L1,127.733451
P256_BIKE_L1,P256_BIKE_L1,125.183782
P256_BIKE_L1,P256_BIKE_L1,125.889518
P256_BIKE_L1,P256_BIKE_L1,125.172274
P256_BIKE_L1,P256_BIKE_L1,132.70445
P256_BIKE_L1,P256_BIKE_L1,138.201365
P256_BIKE_L1,P256_BIKE_L1,144.306866
P256_BIKE_L1,P256_BIKE_L1,130.608632
P256_BIKE_L1,P256_BIKE_L1,143.41305
P256_BIKE_L1,P256_BIKE_L1,133.114063
P256_BIKE_L1,P256_BIKE_L1,131.645702
P256_BIKE_L1,P256_BIKE_L1,134.408946
P256_BIKE_L1,P256_BIKE_L1,134.058411
P256_BIKE_L1,P256_BIKE_L1,145.670028
P256_BIKE_L1,P256_BIKE_L1,126.770932
P256_BIKE_L1,P256_BIKE_L1,124.18941
P256_BIKE_L1,P256_BIKE_L1,121.765228
P256_BIKE_L1,P256_BIKE_L1,132.476279
P256_BIKE_L1,P256_BIKE_L1,133.05561
P256_BIKE_L1,P256_BIKE_L1,130.815403
P256_BIKE_L1,P256_BIKE_L1,125.745013
P256_BIKE_L1,P256_BIKE_L1,124.911913
P256_BIKE_L1,P256_BIKE_L1,132.567404
P256_BIKE_L1,P256_BIKE_L1,145.034757
P256_BIKE_L1,P256_BIKE_L1,135.756912
P256_BIKE_L1,P256_BIKE_L1,127.969871
P256_BIKE_L1,P256_BIKE_L1,134.567605
P256_BIKE_L1,P256_BIKE_L1,138.078334
P256_BIKE_L1,P256_BIKE_L1,130.897745
P256_BIKE_L1,P256_BIKE_L1,129.619437
P256_BIKE_L1,P256_BIKE_L1,135.041516
P256_BIKE_L1,P256_BIKE_L1,135.579437
P256_BIKE_L1,P256_BIKE_L1,144.178695
P256_BIKE_L1,P256_BIKE_L1,124.811165
P256_BIKE_L1,P256_BIKE_L1,127.050122
P256_BIKE_L1,P256_BIKE_L1,129.599265
P256_BIKE_L1,P256_BIKE_L1,130.956227
P256_BIKE_L1,P256_BIKE_L1,135.53527
P256_BIKE_L1,P256_BIKE_L1,132.766045
P256_BIKE_L1,P256_BIKE_L1,131.084302
P256_BIKE_L1,P256_BIKE_L1,135.124245
P256_BIKE_L1,P256_BIKE_L1,138.970295
P256_BIKE_L1,P256_BIKE_L1,124.464389
P256_BIKE_L1,P256_BIKE_L1,133.623589
P256_BIKE_L1,P256_BIKE_L1,134.10279
P256_BIKE_L1,P256_BIKE_L1,128.167328
P256_BIKE_L1,P256_BIKE_L1,123.278616
P256_BIKE_L1,P256_BIKE_L1,122.029397
P256_BIKE_L1,P256_BIKE_L1,121.920557
P256_BIKE_L1,P256_BIKE_L1,132.738223
P256_BIKE_L1,P256_BIKE_L1,127.3278
P256_BIKE_L1,P256_BIKE_L1,137.620553
P256_BIKE_L1,P256_BIKE_L1,125.570107
P256_BIKE_L1,P256_BIKE_L1,136.849852
P256_BIKE_L1,P256_BIKE_L1,135.233946
P256_BIKE_L1,P256_BIKE_L1,124.794151
P256_BIKE_L1,P256_BIKE_L1,124.119075
P256_BIKE_L1,P256_BIKE_L1,124.250175
P256_BIKE_L1,P256_BIKE_L1,122.439277
P256_BIKE_L1,P256_BIKE_L1,135.834883
P256_BIKE_L1,P256_BIKE_L1,123.908324
P256_BIKE_L1,P256_BIKE_L1,137.039388
P256_BIKE_L1,P256_BIKE_L1,133.952562
P256_BIKE_L1,P256_BIKE_L1,137.23335
P256_BIKE_L1,P256_BIKE_L1,135.220886
P256_BIKE_L1,P256_BIKE_L1,126.531014
P256_BIKE_L1,P256_BIKE_L1,136.818717
P256_BIKE_L1,P256_BIKE_L1,127.45007
P256_BIKE_L1,P256_BIKE_L1,122.332271
P256_BIKE_L1,P256_BIKE_L1,125.933304
P256_BIKE_L1,P256_BIKE_L1,121.673429
P256_BIKE_L1,P256_BIKE_L1,132.667909
P256_BIKE_L1,P256_BIKE_L1,136.885675
P256_BIKE_L1,P256_BIKE_L1,142.016451
P256_BIKE_L1,P256_BIKE_L1,136.53323
P256_BIKE_L1,P256_BIKE_L1,135.676784
P256_BIKE_L1,P256_BIKE_L1,123.354655
P256_BIKE_L1,P256_BIKE_L1,134.807821
P256_BIKE_L1,P256_BIKE_L1,121.798292
P256_BIKE_L1,P256_BIKE_L1,133.827439
P256_BIKE_L1,P256_BIKE_L1,122.967224
P256_BIKE_L1,P256_BIKE_L1,138.837504
P256_BIKE_L1,P256_BIKE_L1,140.729995
P256_BIKE_L1,P256_BIKE_L1,124.378299
P256_BIKE_L1,P256_BIKE_L1,132.017766
P256_BIKE_L1,P256_BIKE_L1,129.278933
P256_BIKE_L1,P256_BIKE_L1,130.944582
P256_BIKE_L1,P256_BIKE_L1,134.843187
P256_BIKE_L1,P256_BIKE_L1,125.674699
P256_BIKE_L1,P256_BIKE_L1,124.799987
P256_BIKE_L1,P256_BIKE_L1,126.888282
P256_BIKE_L1,P256_BIKE_L1,135.365626
P256_BIKE_L1,P256_BIKE_L1,127.333394
P256_BIKE_L1,P256_BIKE_L1,127.182465
P256_BIKE_L1,P256_BIKE_L1,122.881066
P256_BIKE_L1,P256_BIKE_L1,130.480214
P256_BIKE_L1,P256_BIKE_L1,121.54319
P256_BIKE_L1,P256_BIKE_L1,134.504981
P256_BIKE_L1,P256_BIKE_L1,124.080429
P256_BIKE_L1,P256_BIKE_L1,125.575378
P256_BIKE_L1,P256_BIKE_L1,128.121643
P256_BIKE_L1,P256_BIKE_L1,122.411044
P256_BIKE_L1,P256_BIKE_L1,127.562089
P256_BIKE_L1,P256_BIKE_L1,124.111655
P256_BIKE_L1,P256_BIKE_L1,121.495812
P256_BIKE_L1,P256_BIKE_L1,132.793529
P256_BIKE_L1,P256_BIKE_L1,132.817542
P256_BIKE_L1,P256_BIKE_L1,132.393764
P256_BIKE_L1,P256_BIKE_L1,121.894869
P256_BIKE_L1,P256_BIKE_L1,135.419567
P256_BIKE_L1,P256_BIKE_L1,133.461928
P256_BIKE_L1,P256_BIKE_L1,129.088216
P256_BIKE_L1,P256_BIKE_L1,125.648854
P256_BIKE_L1,P256_BIKE_L1,121.825286
P256_BIKE_L1,P256_BIKE_L1,137.715277
P256_BIKE_L1,P256_BIKE_L1,138.230143
P256_BIKE_L1,P256_BIKE_L1,134.409852
P256_BIKE_L1,P256_BIKE_L1,125.364311
P256_BIKE_L1,P256_BIKE_L1,136.567659
P256_BIKE_L1,P256_BIKE_L1,136.912395
P256_BIKE_L1,P256_BIKE_L1,129.373959
P256_BIKE_L1,P256_BIKE_L1,136.188178
P256_BIKE_L1,P256_BIKE_L1,137.199641
P256_BIKE_L1,P256_BIKE_L1,125.577963
P256_BIKE_L1,P256_BIKE_L1,132.187536
P256_BIKE_L1,P256_BIKE_L1,128.40914
P256_BIKE_L1,P256_BIKE_L1,127.497553
P256_BIKE_L1,P256_BIKE_L1,131.238081
P256_BIKE_L1,P256_BIKE_L1,141.515779
P256_BIKE_L1,P256_BIKE_L1,123.567876
P256_BIKE_L1,P256_BIKE_L1,130.680334
P256_BIKE_L1,P256_BIKE_L1,136.090156
P256_BIKE_L1,P256_BIKE_L1,131.543161
P256_BIKE_L1,P256_BIKE_L1,125.739393
P256_BIKE_L1,P256_BIKE_L1,124.542214
P256_BIKE_L1,P256_BIKE_L1,145.250307
P256_BIKE_L1,P256_BIKE_L1,143.563351
P256_BIKE_L1,P256_BIKE_L1,145.026892
P256_BIKE_L1,P256_BIKE_L1,125.849237
P256_BIKE_L1,P256_BIKE_L1,121.346166
P256_BIKE_L1,P256_BIKE_L1,123.336074
P256_BIKE_L1,P256_BIKE_L1,131.141573
P256_BIKE_L1,P256_BIKE_L1,126.161605
P256_BIKE_L1,P256_BIKE_L1,130.491658
P256_BIKE_L1,P256_BIKE_L1,134.523329
P256_BIKE_L1,P256_BIKE_L1,137.747996
P256_BIKE_L1,P256_BIKE_L1,134.601523
P256_BIKE_L1,P256_BIKE_L1,144.897712
P256_BIKE_L1,P256_BIKE_L1,142.234219
P256_BIKE_L1,P256_BIKE_L1,126.485965
P256_BIKE_L1,P256_BIKE_L1,137.295902
P256_BIKE_L1,P256_BIKE_L1,126.005438
P256_BIKE_L1,P256_BIKE_L1,131.34223
P256_BIKE_L1,P256_BIKE_L1,132.897106
P256_BIKE_L1,P256_BIKE_L1,133.225199
P256_BIKE_L1,P256_BIKE_L1,128.728447
P256_BIKE_L1,P256_BIKE_L1,135.683774
P256_BIKE_L1,P256_BIKE_L1,136.94368
P256_BIKE_L1,P256_BIKE_L1,137.692734
P256_BIKE_L1,P256_BIKE_L1,122.508134
P256_BIKE_L1,P256_BIKE_L1,132.616695
P256_BIKE_L1,P256_BIKE_L1,142.448044
P256_BIKE_L1,P256_BIKE_L1,143.440312
P256_BIKE_L1,P256_BIKE_L1,136.48822
P256_BIKE_L1,P256_BIKE_L1,131.938716
P256_BIKE_L1,P256_BIKE_L1,132.298325
P256_BIKE_L1,P256_BIKE_L1,136.52545
P256_BIKE_L1,P256_BIKE_L1,134.982774
P256_BIKE_L1,P256_BIKE_L1,126.885057
P256_BIKE_L1,P256_BIKE_L1,124.647438
P256_BIKE_L1,P256_BIKE_L1,124.463748
P256_BIKE_L1,P256_BIKE_L1,130.239193
P256_BIKE_L1,P256_BIKE_L1,130.624402
P256_BIKE_L1,P256_BIKE_L1,134.751197
P256_BIKE_L1,P256_BIKE_L1,132.445739
P256_BIKE_L1,P256_BIKE_L1,128.145693
P256_BIKE_L1,P256_BIKE_L1,133.69798
P256_BIKE_L1,P256_BIKE_L1,132.772274
P256_BIKE_L1,P256_BIKE_L1,128.52027
P256_BIKE_L1,P256_BIKE_L1,125.133867
P256_BIKE_L1,P256_BIKE_L1,124.109892
P256_BIKE_L1,P256_BIKE_L1,125.364502
P256_BIKE_L1,P256_BIKE_L1,126.18508
P256_BIKE_L1,P256_BIKE_L1,133.708574
P256_BIKE_L1,P256_BIKE_L1,124.629325
P256_BIKE_L1,P256_BIKE_L1,122.373451
P256_BIKE_L1,P256_BIKE_L1,134.166238
P256_BIKE_L1,P256_BIKE_L1,123.350379
P256_BIKE_L1,P256_BIKE_L1,130.576343
P256_BIKE_L1,P256_BIKE_L1,142.935117
P256_BIKE_L1,P256_BIKE_L1,132.334117
P256_BIKE_L1,P256_BIKE_L1,129.913409
P256_BIKE_L1,P256_BIKE_L1,123.178975
P256_BIKE_L1,P256_BIKE_L1,126.203759
P256_BIKE_L1,P256_BIKE_L1,143.664445
P256_BIKE_L1,P256_BIKE_L1,135.091571
P256_BIKE_L1,P256_BIKE_L1,123.195994
P256_BIKE_L1,P256_BIKE_L1,126.335592
P256_BIKE_L1,P256_BIKE_L1,133.091571
P256_BIKE_L1,P256_BIKE_L1,137.06724
P256_BIKE_L1,P256_BIKE_L1,137.312493
P256_BIKE_L1,P256_BIKE_L1,124.600438
P256_BIKE_L1,P256_BIKE_L1,131.25968
P256_BIKE_L1,P256_BIKE_L1,131.472624
P256_BIKE_L1,P256_BIKE_L1,124.392242
P256_BIKE_L1,P256_BIKE_L1,133.638624
P256_BIKE_L1,P256_BIKE_L1,125.888912
P256_BIKE_L1,P256_BIKE_L1,122.224084
P256_BIKE_L1,P256_BIKE_L1,145.677866
P256_BIKE_L1,P256_BIKE_L1,130.026772
P256_BIKE_L1,P256_BIKE_L1,123.230452
P256_BIKE_L1,P256_BIKE_L1,138.705717
P256_BIKE_L1,P256_BIKE_L1,124.689475
P256_BIKE_L1,P256_BIKE_L1,129.039257
P256_BIKE_L1,P256_BIKE_L1,126.25174
P256_BIKE_L1,P256_BIKE_L1,135.107266
P256_BIKE_L1,P256_BIKE_L1,125.023374
P256_BIKE_L1,P256_BIKE_L1,121.626956
P256_BIKE_L1,P256_BIKE_L1,127.725641
P256_BIKE_L1,P256_BIKE_L1,132.857348
P256_BIKE_L1,P256_BIKE_L1,126.151812
P256_BIKE_L1,P256_BIKE_L1,123.941472
P256_BIKE_L1,P256_BIKE_L1,126.253053
P256_BIKE_L1,P256_BIKE_L1,123.257997
P256_BIKE_L1,P256_BIKE_L1,126.270959
P256_BIKE_L1,P256_BIKE_L1,137.75131
P256_BIKE_L1,P256_BIKE_L1,126.634975
P256_BIKE_L1,P256_BIKE_L1,122.085565
P256_BIKE_L1,P256_BIKE_L1,126.135445
P256_BIKE_L1,P256_BIKE_L1,146.087243
P256_BIKE_L1,P256_BIKE_L1,131.23139
P256_BIKE_L1,P256_BIKE_L1,144.270894
P256_BIKE_L1,P256_BIKE_L1,128.943834
P256_BIKE_L1,P256_BIKE_L1,136.439339
P256_BIKE_L1,P256_BIKE_L1,140.985137
P256_BIKE_L1,P256_BIKE_L1,125.738092
P256_BIKE_L1,P256_BIKE_L1,144.391438
P256_BIKE_L1,P256_BIKE_L1,126.37235
P256_BIKE_L1,P256_BIKE_L1,136.047732
P256_BIKE_L1,P256_BIKE_L1,121.630345
P256_BIKE_L1,P256_BIKE_L1,129.19194
P256_BIKE_L1,P256_BIKE_L1,133.825605
P256_BIKE_L1,P256_BIKE_L1,132.623491
P256_BIKE_L1,P256_BIKE_L1,133.445392
P256_BIKE_L1,P256_BIKE_L1,121.917026
P256_BIKE_L1,P256_BIKE_L1,136.080681
P256_BIKE_L1,P256_BIKE_L1,127.585696
P256_BIKE_L1,P256_BIKE_L1,132.955649
P256_BIKE_L1,P256_BIKE_L1,136.169797
P256_BIKE_L1,P256_BIKE_L1,126.696931
P256_BIKE_L1,P256_BIKE_L1,135.669079
P256_BIKE_L1,P256_BIKE_L1,146.101972
P256_BIKE_L1,P256_BIKE_L1,137.135856
P256_BIKE_L1,P256_BIKE_L1,139.338646
P256_BIKE_L1,P256_BIKE_L1,134.992461
P256_BIKE_L1,P256_BIKE_L1,129.631741
P256_BIKE_L1,P256_BIKE_L1,127.615843
P256_BIKE_L1,P256_BIKE_L1,124.588421
P256_BIKE_L1,P256_BIKE_L1,134.494477
P256_BIKE_L1,P256_BIKE_L1,137.547286
P256_BIKE_L1,P256_BIKE_L1,125.228143
P256_BIKE_L1,P256_BIKE_L1,134.202506
P256_BIKE_L1,P256_BIKE_L1,131.839377
P256_BIKE_L1,P256_BIKE_L1,131.461418
P256_BIKE_L1,P256_BIKE_L1,142.410193
P256_BIKE_L1,P256_BIKE_L1,133.698862
P256_BIKE_L1,P256_BIKE_L1,137.981321
P256_BIKE_L1,P256_BIKE_L1,142.505131
P256_BIKE_L1,P256_BIKE_L1,131.970295
P256_BIKE_L1,P256_BIKE_L1,126.524107
P256_BIKE_L1,P256_BIKE_L1,126.050548
P256_BIKE_L1,P256_BIKE_L1,126.809903
P256_BIKE_L1,P256_BIKE_L1,121.763546
P256_BIKE_L1,P256_BIKE_L1,129.985488
P256_BIKE_L1,P256_BIKE_L1,138.017074
P256_BIKE_L1,P256_BIKE_L1,126.909947
P256_BIKE_L1,P256_BIKE_L1,133.548091
P256_BIKE_L1,P256_BIKE_L1,123.17539
P256_BIKE_L1,P256_BIKE_L1,137.917185
P256_BIKE_L1,P256_BIKE_L1,140.905502
P256_BIKE_L1,P256_BIKE_L1,135.59348
P256_BIKE_L1,P256_BIKE_L1,143.722472
P256_BIKE_L1,P256_BIKE_L1,129.094048
P256_BIKE_L1,P256_BIKE_L1,133.020217
P256_BIKE_L1,P256_BIKE_L1,124.462648
P256_BIKE_L1,P256_BIKE_L1,122.742573
P256_BIKE_L1,P256_BIKE_L1,137.001476
P256_BIKE_L1,P256_BIKE_L1,136.041806
P256_BIKE_L1,P256_BIKE_L1,129.14155
P256_BIKE_L1,P256_BIKE_L1,133.477143
P256_BIKE_L1,P256_BIKE_L1,124.265706
P256_BIKE_L1,P256_BIKE_L1,134.687834
P256_BIKE_L1,P256_BIKE_L1,144.236336
P256_BIKE_L1,P256_BIKE_L1,133.778958
P256_BIKE_L1,P256_BIKE_L1,127.996078
P256_BIKE_L1,P256_BIKE_L1,134.187805
P256_BIKE_L1,P256_BIKE_L1,123.148699
P256_BIKE_L1,P256_BIKE_L1,128.553528
P256_BIKE_L1,P256_BIKE_L1,127.717402
P256_BIKE_L1,P256_BIKE_L1,123.765128
P256_BIKE_L1,P256_BIKE_L1,126.377944
P256_BIKE_L1,P256_BIKE_L1,128.332359
P256_BIKE_L1,P256_BIKE_L1,132.550655
P256_BIKE_L1,P256_BIKE_L1,133.040042
P256_BIKE_L1,P256_BIKE_L1,123.198476
P256_BIKE_L1,P256_BIKE_L1,128.665996
P256_BIKE_L1,P256_BIKE_L1,143.918368
P256_BIKE_L1,P256_BIKE_L1,137.284894
P256_BIKE_L1,P256_BIKE_L1,135.055539
P256_BIKE_L1,P256_BIKE_L1,126.814135
P256_BIKE_L1,P256_BIKE_L1,144.517044
P256_BIKE_L1,P256_BIKE_L1,129.047855
P256_BIKE_L1,P256_BIKE_L1,133.472681
P256_BIKE_L1,P256_BIKE_L1,123.634044
P256_BIKE_L1,P256_BIKE_L1,141.449177
P256_BIKE_L1,P256_BIKE_L1,124.47053
P256_BIKE_L1,P256_BIKE_L1,140.617433
P256_BIKE_L1,P256_BIKE_L1,137.391975
P256_BIKE_L1,P256_BIKE_L1,135.072748
P256_BIKE_L1,P256_BIKE_L1,136.235734
P256_BIKE_L1,P256_BIKE_L1,126.432567
P256_BIKE_L1,P256_BIKE_L1,124.043558
P256_BIKE_L1,P256_BIKE_L1,129.267597
P256_BIKE_L1,P256_BIKE_L1,130.590787
P256_BIKE_L1,P256_BIKE_L1,124.547802
P256_BIKE_L1,P256_BIKE_L1,129.548194
P256_BIKE_L1,P256_BIKE_L1,144.826822
P256_BIKE_L1,P256_BIKE_L1,126.65825
P256_BIKE_L1,P256_BIKE_L1,128.608421
P256_BIKE_L1,P256_BIKE_L1,123.345702
P256_BIKE_L1,P256_BIKE_L1,126.407195
P256_BIKE_L1,P256_BIKE_L1,134.2555
P256_BIKE_L1,P256_BIKE_L1,144.876816
P256_BIKE_L1,P256_BIKE_L1,126.036396
P256_BIKE_L1,P256_BIKE_L1,137.667643
P256_BIKE_L1,P256_BIKE_L1,134.086871
P256_BIKE_L1,P256_BIKE_L1,124.368745
P256_BIKE_L1,P256_BIKE_L1,136.225059
P256_BIKE_L1,P256_BIKE_L1,135.14453
P256_BIKE_L1,P256_BIKE_L1,134.51402
P256_BIKE_L1,P256_BIKE_L1,129.670308
P256_BIKE_L1,P256_BIKE_L1,133.876223
P256_BIKE_L1,P256_BIKE_L1,136.045536
P256_BIKE_L1,P256_BIKE_L1,126.055054
P256_BIKE_L1,P256_BIKE_L1,134.463604
P256_BIKE_L1,P256_BIKE_L1,126.13016
P256_BIKE_L1,P256_BIKE_L1,130.910511
P256_BIKE_L1,P256_BIKE_L1,126.398824
P256_BIKE_L1,P256_BIKE_L1,122.690091
P256_BIKE_L1,P256_BIKE_L1,132.326039
P256_BIKE_L1,P256_BIKE_L1,138.428339
P256_BIKE_L1,P256_BIKE_L1,134.114779
P256_BIKE_L1,P256_BIKE_L1,136.101057
P256_BIKE_L1,P256_BIKE_L1,137.480212
P256_BIKE_L1,P256_BIKE_L1,125.400032
P256_BIKE_L1,P256_BIKE_L1,125.23363
P256_BIKE_L1,P256_BIKE_L1,125.454405
P256_BIKE_L1,P256_BIKE_L1,133.155852
P256_BIKE_L1,P256_BIKE_L1,125.969952
P256_BIKE_L1,P256_BIKE_L1,131.036579
P256_BIKE_L1,P256_BIKE_L1,131.622401
P256_BIKE_L1,P256_BIKE_L1,126.753429
P256_BIKE_L1,P256_BIKE_L1,126.110135
P256_BIKE_L1,P256_BIKE_L1,136.010189
P256_BIKE_L1,P256_BIKE_L1,124.915838
P256_BIKE_L1,P256_BIKE_L1,145.331357
P256_BIKE_L1,P256_BIKE_L1,126.723829
P256_BIKE_L1,P256_BIKE_L1,132.533502
P256_BIKE_L1,P256_BIKE_L1,137.973083
P256_BIKE_L1,P256_BIKE_L1,144.754666
P256_BIKE_L1,P256_BIKE_L1,126.904301
P256_BIKE_L1,P256_BIKE_L1,126.653558
P256_BIKE_L1,P256_BIKE_L1,127.588953
P256_BIKE_L1,P256_BIKE_L1,137.300025
P256_BIKE_L1,P256_BIKE_L1,132.530243
P256_BIKE_L1,P256_BIKE_L1,129.971623
P256_BIKE_L1,P256_BIKE_L1,129.006845
P256_BIKE_L1,P256_BIKE_L1,129.321545
P256_BIKE_L1,P256_BIKE_L1,131.093235
P256_BIKE_L1,P256_BIKE_L1,137.054449
P256_BIKE_L1,P256_BIKE_L1,122.476552
P256_BIKE_L1,P256_BIKE_L1,129.081564
P256_BIKE_L1,P256_BIKE_L1,144.481563
P256_BIKE_L1,P256_BIKE_L1,134.393896
P256_BIKE_L1,P256_BIKE_L1,144.592344
P256_BIKE_L1,P256_BIKE_L1,141.497391
P256_BIKE_L1,P256_BIKE_L1,142.764007
P256_BIKE_L1,P256_BIKE_L1,144.211113
P256_BIKE_L1,P256_BIKE_L1,122.125999
P256_BIKE_L1,P256_BIKE_L1,135.232961
P256_BIKE_L1,P256_BIKE_L1,136.714149
P256_BIKE_L1,P256_BIKE_L1,122.60256
P256_BIKE_L1,P256_BIKE_L1,135.432726
P256_BIKE_L1,P256_BIKE_L1,124.484672
P256_BIKE_L1,P256_BIKE_L1,136.287924
P256_BIKE_L1,P256_BIKE_L1,136.401116
P256_BIKE_L1,P256_BIKE_L1,134.324946
P256_BIKE_L1,P256_BIKE_L1,129.936275
P256_BIKE_L1,P256_BIKE_L1,121.724906
P256_BIKE_L1,P256_BIKE_L1,129.189433
P256_BIKE_L1,P256_BIKE_L1,133.003844
P256_BIKE_L1,P256_BIKE_L1,132.385606
P256_BIKE_L1,P256_BIKE_L1,133.660939
P256_BIKE_L1,P256_BIKE_L1,134.115634
P256_BIKE_L1,P256_BIKE_L1,134.243177
P256_BIKE_L1,P256_BIKE_L1,128.980535
P256_BIKE_L1,P256_BIKE_L1,141.418869
P256_BIKE_L1,P256_BIKE_L1,129.46814
P256_BIKE_L1,P256_BIKE_L1,128.70325
P256_BIKE_L1,P256_BIKE_L1,130.058872
P256_BIKE_L1,P256_BIKE_L1,122.814868
P256_BIKE_L1,P256_BIKE_L1,143.097423
P256_BIKE_L1,P256_BIKE_L1,133.219485
P256_BIKE_L1,P256_BIKE_L1,133.27241
P256_BIKE_L1,P256_BIKE_L1,137.0496
P256_BIKE_L1,P256_BIKE_L1,120.995828
P256_BIKE_L1,P256_BIKE_L1,134.099813
P256_BIKE_L1,P256_BIKE_L1,132.22509
P256_BIKE_L1,P256_BIKE_L1,136.955018
P256_BIKE_L1,P256_BIKE_L1,131.247695
P256_BIKE_L1,P256_BIKE_L1,130.778889
P256_BIKE_L1,P256_BIKE_L1,128.738377
P256_BIKE_L1,P256_BIKE_L1,134.583477
P256_BIKE_L1,P256_BIKE_L1,127.904343
P256_BIKE_L1,P256_BIKE_L1,124.62564
P256_BIKE_L1,P256_BIKE_L1,121.551524
P256_BIKE_L1,P256_BIKE_L1,144.975294
P256_BIKE_L1,P256_BIKE_L1,135.964375
P256_BIKE_L1,P256_BIKE_L1,127.365207
P256_BIKE_L1,P256_BIKE_L1,122.827987
P256_BIKE_L1,P256_BIKE_L1,123.105835
P256_BIKE_L1,P256_BIKE_L1,145.865323
P256_BIKE_L1,P256_BIKE_L1,130.629702
P256_BIKE_L1,P256_BIKE_L1,126.564857
P256_BIKE_L1,P256_BIKE_L1,130.847754
P256_BIKE_L1,P256_BIKE_L1,122.085276
P256_BIKE_L1,P256_BIKE_L1,125.055404
P256_BIKE_L1,P256_BIKE_L1,135.27954
P256_BIKE_L1,P256_BIKE_L1,128.381083
P256_BIKE_L1,P256_BIKE_L1,125.417183
P256_BIKE_L1,P256_BIKE_L1,135.437084
P256_BIKE_L1,P256_BIKE_L1,134.162645
P256_BIKE_L1,P256_BIKE_L1,124.854403
P256_BIKE_L1,P256_BIKE_L1,133.691927
P256_BIKE_L1,P256_BIKE_L1,125.280749
P256_BIKE_L1,P256_BIKE_L1,127.344338
P256_BIKE_L1,P256_BIKE_L1,126.155956
P256_BIKE_L1,P256_BIKE_L1,134.869341
P256_BIKE_L1,P256_BIKE_L1,126.945053
P256_BIKE_L1,P256_BIKE_L1,135.736074
P256_BIKE_L1,P256_BIKE_L1,121.640104
P256_BIKE_L1,P256_BIKE_L1,130.536531
P256_BIKE_L1,P256_BIKE_L1,136.73665
P256_BIKE_L1,P256_BIKE_L1,127.401996
P256_BIKE_L1,P256_BIKE_L1,136.02136
P256_BIKE_L1,P256_BIKE_L1,129.736238
P256_BIKE_L1,P256_BIKE_L1,138.682916
P256_BIKE_L1,P256_BIKE_L1,143.946784
P256_BIKE_L1,P256_BIKE_L1,137.001816
P256_BIKE_L1,P256_BIKE_L1,126.046796
P256_BIKE_L1,P256_BIKE_L1,138.663545
P256_BIKE_L1,P256_BIKE_L1,133.026825
P256_BIKE_L1,P256_BIKE_L1,126.618169
P256_BIKE_L1,P256_BIKE_L1,144.086347
P256_BIKE_L1,P256_BIKE_L1,144.987252
P256_BIKE_L1,P256_BIKE_L1,125.298006
P256_BIKE_L1,P256_BIKE_L1,144.23416
P256_BIKE_L1,P256_BIKE_L1,132.558597
P256_BIKE_L1,P256_BIKE_L1,136.550857
P256_BIKE_L1,P256_BIKE_L1,125.802772
P256_BIKE_L1,P256_BIKE_L1,135.694988
P256_BIKE_L1,P256_BIKE_L1,132.971503
P256_BIKE_L1,P256_BIKE_L1,124.625094
P256_BIKE_L1,P256_BIKE_L1,125.293609
P256_BIKE_L1,P256_BIKE_L1,127.334918
P256_BIKE_L1,P256_BIKE_L1,131.063079
P256_BIKE_L1,P256_BIKE_L1,135.294486
P256_BIKE_L1,P256_BIKE_L1,135.641302
P256_BIKE_L1,P256_BIKE_L1,128.945534
P256_BIKE_L1,P256_BIKE_L1,126.023905
P256_BIKE_L1,P256_BIKE_L1,128.385011
P256_BIKE_L1,P256_BIKE_L1,133.809977
P256_BIKE_L1,P256_BIKE_L1,130.969364
P256_BIKE_L1,P256_BIKE_L1,128.507632
P256_BIKE_L1,P256_BIKE_L1,138.340634
P256_BIKE_L1,P256_BIKE_L1,137.514
P256_BIKE_L1,P256_BIKE_L1,123.831427
P256_BIKE_L1,P256_BIKE_L1,135.582954
P256_BIKE_L1,P256_BIKE_L1,127.838553
P256_BIKE_L1,P256_BIKE_L1,124.459422
P256_BIKE_L1,P256_BIKE_L1,142.049248
P256_BIKE_L1,P256_BIKE_L1,125.780463
P256_BIKE_L1,P256_BIKE_L1,134.074455
P256_BIKE_L1,P256_BIKE_L1,126.953495
P256_BIKE_L1,P256_BIKE_L1,136.156604
P256_BIKE_L1,P256_BIKE_L1,125.007435
P256_BIKE_L1,P256_BIKE_L1,130.371832
P256_BIKE_L1,P256_BIKE_L1,124.194374
P256_BIKE_L1,P256_BIKE_L1,141.441208
P256_BIKE_L1,P256_BIKE_L1,135.322972
P256_BIKE_L1,P256_BIKE_L1,132.84126
P256_BIKE_L1,P256_BIKE_L1,134.913157
P256_BIKE_L1,P256_BIKE_L1,143.918819
P256_BIKE_L1,P256_BIKE_L1,126.518665
P256_BIKE_L1,P256_BIKE_L1,124.95972
P256_BIKE_L1,P256_BIKE_L1,133.45543
P256_BIKE_L1,P256_BIKE_L1,126.340024
P256_BIKE_L1,P256_BIKE_L1,132.897475
P256_BIKE_L1,P256_BIKE_L1,135.720943
P256_BIKE_L1,P256_BIKE_L1,126.147834
P256_BIKE_L1,P256_BIKE_L1,126.958585
P256_BIKE_L1,P256_BIKE_L1,125.076324
P256_BIKE_L1,P256_BIKE_L1,133.971391
P256_BIKE_L1,P256_BIKE_L1,141.10657
P256_BIKE_L1,P256_BIKE_L1,134.081375
P256_BIKE_L1,P256_BIKE_L1,124.954925
P256_BIKE_L1,P256_BIKE_L1,144.915603
P256_BIKE_L1,P256_BIKE_L1,124.606568
P256_BIKE_L1,P256_BIKE_L1,122.25178
P256_BIKE_L1,P256_BIKE_L1,124.174996
P256_BIKE_L1,P256_BIKE_L1,139.748076
P256_BIKE_L1,P256_BIKE_L1,136.825527
P256_BIKE_L1,P256_BIKE_L1,122.467558
P256_BIKE_L1,P256_BIKE_L1,134.405835
P256_BIKE_L1,P256_BIKE_L1,127.112747
P256_BIKE_L1,P256_BIKE_L1,132.986493
P256_BIKE_L1,P256_BIKE_L1,129.590942
P256_BIKE_L1,P256_BIKE_L1,122.817873
P256_BIKE_L1,P256_BIKE_L1,124.775926
P256_BIKE_L1,P256_BIKE_L1,132.688294
P256_BIKE_L1,P256_BIKE_L1,127.006934
P256_BIKE_L1,P256_BIKE_L1,124.777925
P256_BIKE_L1,P256_BIKE_L1,126.539028
P256_BIKE_L1,P256_BIKE_L1,131.033223
P256_BIKE_L1,P256_BIKE_L1,134.405194
P256_BIKE_L1,P256_BIKE_L1,127.275501
P256_BIKE_L1,P256_BIKE_L1,122.988527
P256_BIKE_L1,P256_BIKE_L1,142.8425
P256_BIKE_L1,P256_BIKE_L1,129.658979
P256_BIKE_L1,P256_BIKE_L1,140.726458
P256_BIKE_L1,P256_BIKE_L1,128.22156
P256_BIKE_L1,P256_BIKE_L1,120.808493
P256_BIKE_L1,P256_BIKE_L1,135.102977
P256_BIKE_L1,P256_BIKE_L1,127.314937
P256_BIKE_L1,P256_BIKE_L1,145.550891
P256_BIKE_L1,P256_BIKE_L1,125.955761
P256_BIKE_L1,P256_BIKE_L1,123.448479
P256_BIKE_L1,P256_BIKE_L1,131.948832
P256_BIKE_L1,P256_BIKE_L1,136.670808
P256_BIKE_L1,P256_BIKE_L1,122.214777
P256_BIKE_L1,P256_BIKE_L1,125.013992
P256_BIKE_L1,P256_BIKE_L1,142.088582
P256_BIKE_L1,P256_BIKE_L1,136.580842
P256_BIKE_L1,P256_BIKE_L1,135.098252
P256_BIKE_L1,P256_BIKE_L1,128.078382
P256_BIKE_L1,P256_BIKE_L1,134.602267
P256_BIKE_L1,P256_BIKE_L1,128.725067
P256_BIKE_L1,P256_BIKE_L1,127.761043
P256_BIKE_L1,P256_BIKE_L1,126.862938
P256_BIKE_L1,P256_BIKE_L1,134.886661
P256_BIKE_L1,P256_BIKE_L1,129.008215
P256_BIKE_L1,P256_BIKE_L1,134.682813
P256_BIKE_L1,P256_BIKE_L1,138.811643
P256_BIKE_L1,P256_BIKE_L1,122.656415
P256_BIKE_L1,P256_BIKE_L1,134.164715
P256_BIKE_L1,P256_BIKE_L1,135.222155
P256_BIKE_L1,P256_BIKE_L1,137.526578
P256_BIKE_L1,P256_BIKE_L1,131.264549
P256_BIKE_L1,P256_BIKE_L1,124.682197
P256_BIKE_L1,P256_BIKE_L1,141.012192
P256_BIKE_L1,P256_BIKE_L1,141.991889
P256_BIKE_L1,P256_BIKE_L1,144.001217
P256_BIKE_L1,P256_BIKE_L1,125.75942
P256_BIKE_L1,P256_BIKE_L1,132.73675
P256_BIKE_L1,P256_BIKE_L1,126.566009
P256_BIKE_L1,P256_BIKE_L1,134.815662
P256_BIKE_L1,P256_BIKE_L1,134.480167
P256_BIKE_L1,P256_BIKE_L1,133.389367
P256_BIKE_L1,P256_BIKE_L1,136.859963
P256_BIKE_L1,P256_BIKE_L1,129.618202
P256_BIKE_L1,P256_BIKE_L1,125.455368
P256_BIKE_L1,P256_BIKE_L1,119.399039
P256_BIKE_L1,P256_BIKE_L1,133.369652
P256_BIKE_L1,P256_BIKE_L1,122.669575
P256_BIKE_L1,P256_BIKE_L1,127.618658
P256_BIKE_L1,P256_BIKE_L1,126.61859
P256_BIKE_L1,P256_BIKE_L1,142.743868
P256_BIKE_L1,P256_BIKE_L1,121.853906
P256_BIKE_L1,P256_BIKE_L1,125.967037
P256_BIKE_L1,P256_BIKE_L1,136.24627
P256_BIKE_L1,P256_BIKE_L1,126.562353
P256_BIKE_L1,P256_BIKE_L1,133.491949
P256_BIKE_L1,P256_BIKE_L1,135.401753
P256_BIKE_L1,P256_BIKE_L1,128.079978
P256_BIKE_L1,P256_BIKE_L1,120.942444
P256_BIKE_L1,P256_BIKE_L1,123.875444
P256_BIKE_L1,P256_BIKE_L1,129.98047
P256_BIKE_L1,P256_BIKE_L1,132.671821
P256_BIKE_L1,P256_BIKE_L1,134.429197
P256_BIKE_L1,P256_BIKE_L1,133.503489
P256_BIKE_L1,P256_BIKE_L1,131.184333
P256_BIKE_L1,P256_BIKE_L1,132.679752
P256_BIKE_L1,P256_BIKE_L1,131.664085
P256_BIKE_L1,P256_BIKE_L1,133.397118
P256_BIKE_L1,P256_BIKE_L1,138.01964
P256_BIKE_L1,P256_BIKE_L1,124.146295
P256_BIKE_L1,P256_BIKE_L1,125.525638
P256_BIKE_L1,P256_BIKE_L1,126.662685
P256_BIKE_L1,P256_BIKE_L1,136.421449
P256_BIKE_L1,P256_BIKE_L1,143.626686
P256_BIKE_L1,P256_BIKE_L1,128.437487
P256_BIKE_L1,P256_BIKE_L1,137.96578
P256_BIKE_L1,P256_BIKE_L1,122.851637
P256_BIKE_L1,P256_BIKE_L1,130.702249
P256_BIKE_L1,P256_BIKE_L1,125.777039
P256_BIKE_L1,P256_BIKE_L1,134.017965
P256_BIKE_L1,P256_BIKE_L1,134.677028
P256_BIKE_L1,P256_BIKE_L1,122.566673
P256_BIKE_L1,P256_BIKE_L1,130.81906
P256_BIKE_L1,P256_BIKE_L1,126.847639
P256_BIKE_L1,P256_BIKE_L1,132.335271
P256_BIKE_L1,P256_BIKE_L1,130.570131
P256_BIKE_L1,P256_BIKE_L1,142.038145
P256_BIKE_L1,P256_BIKE_L1,136.565558
P256_BIKE_L1,P256_BIKE_L1,126.844266
P256_BIKE_L1,P256_BIKE_L1,123.505934
P256_BIKE_L1,P256_BIKE_L1,128.410409
P256_BIKE_L1,P256_BIKE_L1,129.788942
P256_BIKE_L1,P256_BIKE_L1,133.978369
P256_BIKE_L1,P256_BIKE_L1,128.664263
P256_BIKE_L1,P256_BIKE_L1,128.289247
P256_BIKE_L1,P256_BIKE_L1,122.504429
P256_BIKE_L1,P256_BIKE_L1,126.924168
P256_BIKE_L1,P256_BIKE_L1,124.815417
P256_BIKE_L1,P256_BIKE_L1,129.823384
P256_BIKE_L1,P256_BIKE_L1,127.378547
P256_BIKE_L1,P256_BIKE_L1,126.98057
P256_BIKE_L1,P256_BIKE_L1,124.895311
P256_BIKE_L1,P256_BIKE_L1,143.916452
P256_BIKE_L1,P256_BIKE_L1,126.077393
P256_BIKE_L1,P256_BIKE_L1,125.507638
P256_BIKE_L1,P256_BIKE_L1,125.977256
P256_BIKE_L1,P256_BIKE_L1,134.949113
P256_BIKE_L1,P256_BIKE_L1,134.595887
P256_BIKE_L1,P256_BIKE_L1,125.547265
P256_BIKE_L1,P256_BIKE_L1,134.120553
P256_BIKE_L1,P256_BIKE_L1,131.495265
P256_BIKE_L1,P256_BIKE_L1,124.596446
P256_BIKE_L1,P256_BIKE_L1,126.836279
P256_BIKE_L1,P256_BIKE_L1,138.768411
P256_BIKE_L1,P256_BIKE_L1,132.841726
P256_BIKE_L1,P256_BIKE_L1,133.703027
P256_BIKE_L1,P256_BIKE_L1,137.744352
P256_BIKE_L1,P256_BIKE_L1,128.189531
P256_BIKE_L1,P256_BIKE_L1,125.557387
P256_BIKE_L1,P256_BIKE_L1,122.534115
P256_BIKE_L1,P256_BIKE_L1,125.193674
P256_BIKE_L1,P256_BIKE_L1,134.580208
P256_BIKE_L1,P256_BIKE_L1,132.063292
P256_BIKE_L1,P256_BIKE_L1,127.306209
P256_BIKE_L1,P256_BIKE_L1,132.086215
P256_BIKE_L1,P256_BIKE_L1,135.472717
P256_BIKE_L1,P256_BIKE_L1,137.18914
P256_BIKE_L1,P256_BIKE_L1,136.421121
P256_BIKE_L1,P256_BIKE_L1,125.923603
P256_BIKE_L1,P256_BIKE_L1,136.181049
P256_BIKE_L1,P256_BIKE_L1,124.747952
P256_BIKE_L1,P256_BIKE_L1,130.755478
P256_BIKE_L1,P256_BIKE_L1,134.265535
P256_BIKE_L1,P256_BIKE_L1,132.837108
P256_BIKE_L1,P256_BIKE_L1,138.858508
P256_BIKE_L1,P256_BIKE_L1,133.879132
P256_BIKE_L1,P256_BIKE_L1,142.36998
P256_BIKE_L1,P256_BIKE_L1,136.671574
P256_BIKE_L1,P256_BIKE_L1,125.005923
P256_BIKE_L1,P256_BIKE_L1,130.631471
P256_BIKE_L1,P256_BIKE_L1,132.567996
P256_BIKE_L1,P256_BIKE_L1,131.591221
P256_BIKE_L1,P256_BIKE_L1,129.690705
P256_BIKE_L1,P256_BIKE_L1,142.562982
P256_BIKE_L1,P256_BIKE_L1,123.245966
P256_BIKE_L1,P256_BIKE_L1,121.636426
P256_BIKE_L1,P256_BIKE_L1,135.188852
P256_BIKE_L1,P256_BIKE_L1,129.347072
P256_BIKE_L1,P256_BIKE_L1,124.048985
P256_BIKE_L1,P256_BIKE_L1,125.15853
P256_BIKE_L1,P256_BIKE_L1,134.625373
P256_BIKE_L1,P256_BIKE_L1,132.004584
P256_BIKE_L1,P256_BIKE_L1,125.916615
P256_BIKE_L1,P256_BIKE_L1,125.28387
P256_BIKE_L1,P256_BIKE_L1,135.02312
P256_BIKE_L1,P256_BIKE_L1,126.579831
P256_BIKE_L1,P256_BIKE_L1,124.691153
P256_BIKE_L1,P256_BIKE_L1,126.53019
P256_BIKE_L1,P256_BIKE_L1,127.095136
P256_BIKE_L1,P256_BIKE_L1,137.316092
P256_BIKE_L1,P256_BIKE_L1,129.885089
P256_BIKE_L1,P256_BIKE_L1,121.862486
P256_BIKE_L1,P256_BIKE_L1,125.175002
P256_BIKE_L1,P256_BIKE_L1,133.458395
P256_BIKE_L1,P256_BIKE_L1,135.725813
P256_BIKE_L1,P256_BIKE_L1,134.272882
P256_BIKE_L1,P256_BIKE_L1,129.947021
P256_BIKE_L1,P256_BIKE_L1,120.838904
P256_BIKE_L1,P256_BIKE_L1,128.462549
P256_BIKE_L1,P256_BIKE_L1,125.54417
P256_BIKE_L1,P256_BIKE_L1,125.849462
P256_BIKE_L1,P256_BIKE_L1,137.54537
P256_BIKE_L1,P256_BIKE_L1,141.939574
P256_BIKE_L1,P256_BIKE_L1,120.797428
P256_BIKE_L1,P256_BIKE_L1,133.44495
P256_BIKE_L1,P256_BIKE_L1,132.529752
P256_BIKE_L1,P256_BIKE_L1,134.604922
P256_BIKE_L1,P256_BIKE_L1,135.991571
P256_BIKE_L1,P256_BIKE_L1,133.224873
P256_BIKE_L1,P256_BIKE_L1,131.156561
P256_BIKE_L1,P256_BIKE_L1,124.827219
P256_BIKE_L1,P256_BIKE_L1,121.730887
P256_BIKE_L1,P256_BIKE_L1,122.106374
P256_BIKE_L1,P256_BIKE_L1,129.836271
P256_BIKE_L1,P256_BIKE_L1,130.655552
P256_BIKE_L1,P256_BIKE_L1,138.473739
P256_BIKE_L1,P256_BIKE_L1,125.221596
P256_BIKE_L1,P256_BIKE_L1,126.617
P256_BIKE_L1,P256_BIKE_L1,126.415728
P256_BIKE_L1,P256_BIKE_L1,137.672511
P256_BIKE_L1,P256_BIKE_L1,133.696984
P256_BIKE_L1,P256_BIKE_L1,134.357288
P256_BIKE_L1,P256_BIKE_L1,126.129785
P256_BIKE_L1,P256_BIKE_L1,126.877568
P256_BIKE_L1,P256_BIKE_L1,132.770253
P256_BIKE_L1,P256_BIKE_L1,124.942585
P256_BIKE_L1,P256_BIKE_L1,125.364452
P256_BIKE_L1,P256_BIKE_L1,126.046182
P256_BIKE_L1,P256_BIKE_L1,129.724835
P256_BIKE_L1,P256_BIKE_L1,126.245727
P256_BIKE_L1,P256_BIKE_L1,144.675696
P256_BIKE_L1,P256_BIKE_L1,139.128189
P256_BIKE_L1,P256_BIKE_L1,128.836215
P256_BIKE_L1,P256_BIKE_L1,138.023449
P256_BIKE_L1,P256_BIKE_L1,126.297684
P256_BIKE_L1,P256_BIKE_L1,133.186683
P256_BIKE_L1,P256_BIKE_L1,145.725261
P256_BIKE_L1,P256_BIKE_L1,132.932357
P256_BIKE_L1,P256_BIKE_L1,132.833965
P256_BIKE_L1,P256_BIKE_L1,128.441154
P256_BIKE_L1,P256_BIKE_L1,135.38564
P256_BIKE_L1,P256_BIKE_L1,129.068585
P256_BIKE_L1,P256_BIKE_L1,135.262686
P256_BIKE_L1,P256_BIKE_L1,143.762059
P256_BIKE_L1,P256_BIKE_L1,124.011859
P256_BIKE_L1,P256_BIKE_L1,129.445345
P256_BIKE_L1,P256_BIKE_L1,134.060334
P256_BIKE_L1,P256_BIKE_L1,126.496317
P256_BIKE_L1,P256_BIKE_L1,124.594342
P256_BIKE_L1,P256_BIKE_L1,126.673586
P256_BIKE_L1,P256_BIKE_L1,131.70485
P256_BIKE_L1,P256_BIKE_L1,135.618681
P256_BIKE_L1,P256_BIKE_L1,129.210308
P256_BIKE_L1,P256_BIKE_L1,135.248356
P256_BIKE_L1,P256_BIKE_L1,135.210077
P256_BIKE_L1,P256_BIKE_L1,131.207487
P256_BIKE_L1,P256_BIKE_L1,133.311634
P256_BIKE_L1,P256_BIKE_L1,126.688159
P256_BIKE_L1,P256_BIKE_L1,122.903055
P256_BIKE_L1,P256_BIKE_L1,133.648479
P256_BIKE_L1,P256_BIKE_L1,132.891026
P256_BIKE_L1,P256_BIKE_L1,122.952179
P256_BIKE_L1,P256_BIKE_L1,134.97217
P256_BIKE_L1,P256_BIKE_L1,137.122807
P256_BIKE_L1,P256_BIKE_L1,137.561873
P256_BIKE_L1,P256_BIKE_L1,126.498294
P256_BIKE_L1,P256_BIKE_L1,123.406785
P256_BIKE_L1,P256_BIKE_L1,122.345505
P256_BIKE_L1,P256_BIKE_L1,135.34536
P256_BIKE_L1,P256_BIKE_L1,131.758281
P256_BIKE_L1,P256_BIKE_L1,135.205107
P256_BIKE_L1,P256_BIKE_L1,131.126557
P256_BIKE_L1,P256_BIKE_L1,130.768852
P256_BIKE_L1,P256_BIKE_L1,125.940257
P256_BIKE_L1,P256_BIKE_L1,132.299961
P256_BIKE_L1,P256_BIKE_L1,144.610812
P256_BIKE_L1,P256_BIKE_L1,131.403487
P256_BIKE_L1,P256_BIKE_L1,123.813197
P256_BIKE_L1,P256_BIKE_L1,140.644768
P256_BIKE_L1,P256_BIKE_L1,123.861821
P256_BIKE_L1,P256_BIKE_L1,128.390475
P256_BIKE_L1,P256_BIKE_L1,144.307337
P256_BIKE_L1,P256_BIKE_L1,129.485004
P256_BIKE_L1,P256_BIKE_L1,130.73716
P256_BIKE_L1,P256_BIKE_L1,133.996846
P256_BIKE_L1,P256_BIKE_L1,127.377492
P256_BIKE_L1,P256_BIKE_L1,131.550207
P256_BIKE_L1,P256_BIKE_L1,121.954285
P256_BIKE_L1,P256_BIKE_L1,132.529851
P256_BIKE_L1,P256_BIKE_L1,137.074185
P256_BIKE_L1,P256_BIKE_L1,129.274853
P256_BIKE_L1,P256_BIKE_L1,135.904601
P256_BIKE_L1,P256_BIKE_L1,130.37722
P256_BIKE_L1,P256_BIKE_L1,124.316154
P256_BIKE_L1,P256_BIKE_L1,134.076812
P256_BIKE_L1,P256_BIKE_L1,135.324165
P256_BIKE_L1,P256_BIKE_L1,129.164881
P256_BIKE_L1,P256_BIKE_L1,122.358221
P256_BIKE_L1,P256_BIKE_L1,126.924602
P256_BIKE_L1,P256_BIKE_L1,124.580238
P256_BIKE_L1,P256_BIKE_L1,125.014219
P256_BIKE_L1,P256_BIKE_L1,134.420125
P256_BIKE_L1,P256_BIKE_L1,133.394115
P256_BIKE_L1,P256_BIKE_L1,123.155479
P256_BIKE_L1,P256_BIKE_L1,129.895165
P256_BIKE_L1,P256_BIKE_L1,141.502668
P256_BIKE_L1,P256_BIKE_L1,125.178252
P256_BIKE_L1,P256_BIKE_L1,129.048824
P256_BIKE_L1,P256_BIKE_L1,131.295939
P256_BIKE_L1,P256_BIKE_L1,125.310949
P256_BIKE_L1,P256_BIKE_L1,120.289036
P256_BIKE_L1,P256_BIKE_L1,125.983551
P256_BIKE_L1,P256_BIKE_L1,127.367927
P256_BIKE_L1,P256_BIKE_L1,141.32129
P256_BIKE_L1,P256_BIKE_L1,122.766968
P256_BIKE_L1,P256_BIKE_L1,137.440105
P256_BIKE_L1,P256_BIKE_L1,120.432718
P256_BIKE_L1,P256_BIKE_L1,129.300356
P256_BIKE_L1,P256_BIKE_L1,123.606134
P256_BIKE_L1,P256_BIKE_L1,144.321132
P256_BIKE_L1,P256_BIKE_L1,128.573701
P256_BIKE_L1,P256_BIKE_L1,129.849266
P256_BIKE_L1,P256_BIKE_L1,123.894349
P256_BIKE_L1,P256_BIKE_L1,139.995913
P256_BIKE_L1,P256_BIKE_L1,135.330013
P256_BIKE_L1,P256_BIKE_L1,122.492055
P256_BIKE_L1,P256_BIKE_L1,132.682183
P256_BIKE_L1,P256_BIKE_L1,125.647741
P256_BIKE_L1,P256_BIKE_L1,131.092788
P256_BIKE_L1,P256_BIKE_L1,133.156981
P256_BIKE_L1,P256_BIKE_L1,136.298437
P256_BIKE_L1,P256_BIKE_L1,133.286537
P256_BIKE_L1,P256_BIKE_L1,132.847737
P256_BIKE_L1,P256_BIKE_L1,126.164277
P256_BIKE_L1,P256_BIKE_L1,131.994193
P256_BIKE_L1,P256_BIKE_L1,124.403794
P256_BIKE_L1,P256_BIKE_L1,132.96913
P256_BIKE_L1,P256_BIKE_L1,127.78793
P256_BIKE_L1,P256_BIKE_L1,132.991047
P256_BIKE_L1,P256_BIKE_L1,135.401061
P256_BIKE_L1,P256_BIKE_L1,132.421627
P256_BIKE_L1,P256_BIKE_L1,133.796938
P256_BIKE_L1,P256_BIKE_L1,123.968527
P256_BIKE_L1,P256_BIKE_L1,133.428797
P256_BIKE_L1,P256_BIKE_L1,132.917856
P256_BIKE_L1,P256_BIKE_L1,127.968017
P256_BIKE_L1,P256_BIKE_L1,129.573004
P256_BIKE_L1,P256_BIKE_L1,133.126914
P256_BIKE_L1,P256_BIKE_L1,132.954097
P256_BIKE_L1,P256_BIKE_L1,142.675815
P256_BIKE_L1,P256_BIKE_L1,132.685926
P256_BIKE_L1,P256_BIKE_L1,125.580784
P256_BIKE_L1,P256_BIKE_L1,142.563125
P256_BIKE_L1,P256_BIKE_L1,131.928383
P256_BIKE_L1,P256_BIKE_L1,121.958399
P256_BIKE_L1,P256_BIKE_L1,137.136505
P256_BIKE_L1,P256_BIKE_L1,124.434096
P256_BIKE_L1,P256_BIKE_L1,142.758636
P256_BIKE_L1,P256_BIKE_L1,124.710185
P256_BIKE_L1,P256_BIKE_L1,131.939587
P256_BIKE_L1,P256_BIKE_L1,129.207742
P256_BIKE_L1,P256_BIKE_L1,133.958168
P256_BIKE_L1,P256_BIKE_L1,137.980952
P256_BIKE_L1,P256_BIKE_L1,123.064108
P256_BIKE_L1,P256_BIKE_L1,127.772318
P256_BIKE_L1,P256_BIKE_L1,132.915318
P256_BIKE_L1,P256_BIKE_L1,135.563689
P256_BIKE_L1,P256_BIKE_L1,135.181992
P256_BIKE_L1,P256_BIKE_L1,128.425895
P256_BIKE_L1,P256_BIKE_L1,127.060128
P256_BIKE_L1,P256_BIKE_L1,133.872522
P256_BIKE_L1,P256_BIKE_L1,128.121072
P256_BIKE_L1,P256_BIKE_L1,132.587545
P384_HQC_192,P384_HQC_192,169.80998
P384_HQC_192,P384_HQC_192,157.845645
P384_HQC_192,P384_HQC_192,165.723011
P384_HQC_192,P384_HQC_192,165.420656
P384_HQC_192,P384_HQC_192,163.102532
P384_HQC_192,P384_HQC_192,158.042016
P384_HQC_192,P384_HQC_192,158.031306
P384_HQC_192,P384_HQC_192,164.081962
P384_HQC_192,P384_HQC_192,157.643071
P384_HQC_192,P384_HQC_192,161.408247
P384_HQC_192,P384_HQC_192,168.410782
P384_HQC_192,P384_HQC_192,154.78923
P384_HQC_192,P384_HQC_192,162.172573
P384_HQC_192,P384_HQC_192,170.159687
P384_HQC_192,P384_HQC_192,162.342663
P384_HQC_192,P384_HQC_192,178.649437
P384_HQC_192,P384_HQC_192,165.852885
P384_HQC_192,P384_HQC_192,158.686051
P384_HQC_192,P384_HQC_192,168.168432
P384_HQC_192,P384_HQC_192,160.036252
P384_HQC_192,P384_HQC_192,163.330938
P384_HQC_192,P384_HQC_192,166.919348
P384_HQC_192,P384_HQC_192,172.471999
P384_HQC_192,P384_HQC_192,159.362164
P384_HQC_192,P384_HQC_192,161.009678
P384_HQC_192,P384_HQC_192,159.089529
P384_HQC_192,P384_HQC_192,158.450599
P384_HQC_192,P384_HQC_192,169.765896
P384_HQC_192,P384_HQC_192,159.843804
P384_HQC_192,P384_HQC_192,157.559836
P384_HQC_192,P384_HQC_192,166.219463
P384_HQC_192,P384_HQC_192,161.859889
P384_HQC_192,P384_HQC_192,159.373387
P384_HQC_192,P384_HQC_192,160.938407
P384_HQC_192,P384_HQC_192,171.547675
P384_HQC_192,P384_HQC_192,156.49224
P384_HQC_192,P384_HQC_192,161.657326
P384_HQC_192,P384_HQC_192,158.234095
P384_HQC_192,P384_HQC_192,162.017533
P384_HQC_192,P384_HQC_192,160.652732
P384_HQC_192,P384_HQC_192,177.016895
P384_HQC_192,P384_HQC_192,179.069554
P384_HQC_192,P384_HQC_192,162.008456
P384_HQC_192,P384_HQC_192,158.91377
P384_HQC_192,P384_HQC_192,176.399896
P384_HQC_192,P384_HQC_192,164.113363
P384_HQC_192,P384_HQC_192,167.273926
P384_HQC_192,P384_HQC_192,169.895486
P384_HQC_192,P384_HQC_192,165.155956
P384_HQC_192,P384_HQC_192,161.484016
P384_HQC_192,P384_HQC_192,165.271668
P384_HQC_192,P384_HQC_192,168.068763
P384_HQC_192,P384_HQC_192,169.017998
P384_HQC_192,P384_HQC_192,158.098405
P384_HQC_192,P384_HQC_192,174.159583
P384_HQC_192,P384_HQC_192,173.006245
P384_HQC_192,P384_HQC_192,169.859705
P384_HQC_192,P384_HQC_192,170.661606
P384_HQC_192,P384_HQC_192,165.851229
P384_HQC_192,P384_HQC_192,161.686848
P384_HQC_192,P384_HQC_192,158.247939
P384_HQC_192,P384_HQC_192,173.53113
P384_HQC_192,P384_HQC_192,157.045766
P384_HQC_192,P384_HQC_192,164.913696
P384_HQC_192,P384_HQC_192,160.092564
P384_HQC_192,P384_HQC_192,168.251531
P384_HQC_192,P384_HQC_192,159.261939
P384_HQC_192,P384_HQC_192,167.864192
P384_HQC_192,P384_HQC_192,166.535117
P384_HQC_192,P384_HQC_192,162.41093
P384_HQC_192,P384_HQC_192,171.53424
P384_HQC_192,P384_HQC_192,167.327439
P384_HQC_192,P384_HQC_192,167.515396
P384_HQC_192,P384_HQC_192,161.348087
P384_HQC_192,P384_HQC_192,161.37256
P384_HQC_192,P384_HQC_192,164.443504
P384_HQC_192,P384_HQC_192,163.456042
P384_HQC_192,P384_HQC_192,165.389706
P384_HQC_192,P384_HQC_192,158.669702
P384_HQC_192,P384_HQC_192,160.774689
P384_HQC_192,P384_HQC_192,160.658532
P384_HQC_192,P384_HQC_192,157.436454
P384_HQC_192,P384_HQC_192,165.267085
P384_HQC_192,P384_HQC_192,158.172516
P384_HQC_192,P384_HQC_192,171.006113
P384_HQC_192,P384_HQC_192,169.025463
P384_HQC_192,P384_HQC_192,170.159576
P384_HQC_192,P384_HQC_192,168.84571
P384_HQC_192,P384_HQC_192,158.224163
P384_HQC_192,P384_HQC_192,172.537932
P384_HQC_192,P384_HQC_192,162.183466
P384_HQC_192,P384_HQC_192,157.452253
P384_HQC_192,P384_HQC_192,169.379804
P384_HQC_192,P384_HQC_192,164.192918
P384_HQC_192,P384_HQC_192,161.280559
P384_HQC_192,P384_HQC_192,171.435295
P384_HQC_192,P384_HQC_192,167.225656
P384_HQC_192,P384_HQC_192,158.11476
P384_HQC_192,P384_HQC_192,161.160452
P384_HQC_192,P384_HQC_192,164.710667
P384_HQC_192,P384_HQC_192,167.273385
P384_HQC_192,P384_HQC_192,156.526194
P384_HQC_192,P384_HQC_192,179.397661
P384_HQC_192,P384_HQC_192,165.053358
P384_HQC_192,P384_HQC_192,158.883882
P384_HQC_192,P384_HQC_192,178.591363
P384_HQC_192,P384_HQC_192,165.215227
P384_HQC_192,P384_HQC_192,160.960808
P384_HQC_192,P384_HQC_192,170.441779
P384_HQC_192,P384_HQC_192,168.955948
P384_HQC_192,P384_HQC_192,162.019664
P384_HQC_192,P384_HQC_192,171.291035
P384_HQC_192,P384_HQC_192,161.085465
P384_HQC_192,P384_HQC_192,156.616333
P384_HQC_192,P384_HQC_192,172.237601
P384_HQC_192,P384_HQC_192,165.770648
P384_HQC_192,P384_HQC_192,166.944367
P384_HQC_192,P384_HQC_192,158.051171
P384_HQC_192,P384_HQC_192,168.19358
P384_HQC_192,P384_HQC_192,162.624181
P384_HQC_192,P384_HQC_192,168.460621
P384_HQC_192,P384_HQC_192,180.261356
P384_HQC_192,P384_HQC_192,168.029982
P384_HQC_192,P384_HQC_192,159.948045
P384_HQC_192,P384_HQC_192,172.768441
P384_HQC_192,P384_HQC_192,162.373706
P384_HQC_192,P384_HQC_192,169.536122
P384_HQC_192,P384_HQC_192,163.736976
P384_HQC_192,P384_HQC_192,159.048883
P384_HQC_192,P384_HQC_192,166.897781
P384_HQC_192,P384_HQC_192,161.84749
P384_HQC_192,P384_HQC_192,168.405908
P384_HQC_192,P384_HQC_192,179.542
P384_HQC_192,P384_HQC_192,169.751073
P384_HQC_192,P384_HQC_192,161.955886
P384_HQC_192,P384_HQC_192,158.522351
P384_HQC_192,P384_HQC_192,166.915619
P384_HQC_192,P384_HQC_192,159.085362
P384_HQC_192,P384_HQC_192,161.111971
P384_HQC_192,P384_HQC_192,160.110429
P384_HQC_192,P384_HQC_192,162.073288
P384_HQC_192,P384_HQC_192,160.639865
P384_HQC_192,P384_HQC_192,155.316467
P384_HQC_192,P384_HQC_192,157.896263
P384_HQC_192,P384_HQC_192,159.567552
P384_HQC_192,P384_HQC_192,177.932839
P384_HQC_192,P384_HQC_192,163.105005
P384_HQC_192,P384_HQC_192,170.340552
P384_HQC_192,P384_HQC_192,158.317623
P384_HQC_192,P384_HQC_192,165.268835
P384_HQC_192,P384_HQC_192,166.964504
P384_HQC_192,P384_HQC_192,170.073594
P384_HQC_192,P384_HQC_192,169.392928
P384_HQC_192,P384_HQC_192,168.672401
P384_HQC_192,P384_HQC_192,166.26503
P384_HQC_192,P384_HQC_192,164.933234
P384_HQC_192,P384_HQC_192,166.153181
P384_HQC_192,P384_HQC_192,166.525121
P384_HQC_192,P384_HQC_192,169.580926
P384_HQC_192,P384_HQC_192,165.917323
P384_HQC_192,P384_HQC_192,157.579809
P384_HQC_192,P384_HQC_192,159.174487
P384_HQC_192,P384_HQC_192,165.892156
P384_HQC_192,P384_HQC_192,167.094517
P384_HQC_192,P384_HQC_192,170.827854
P384_HQC_192,P384_HQC_192,165.483914
P384_HQC_192,P384_HQC_192,161.417148
P384_HQC_192,P384_HQC_192,169.456901
P384_HQC_192,P384_HQC_192,180.2128
P384_HQC_192,P384_HQC_192,169.157524
P384_HQC_192,P384_HQC_192,162.611228
P384_HQC_192,P384_HQC_192,157.305468
P384_HQC_192,P384_HQC_192,163.385112
P384_HQC_192,P384_HQC_192,171.52664
P384_HQC_192,P384_HQC_192,168.948363
P384_HQC_192,P384_HQC_192,162.076748
P384_HQC_192,P384_HQC_192,158.34914
P384_HQC_192,P384_HQC_192,167.661296
P384_HQC_192,P384_HQC_192,162.257304
P384_HQC_192,P384_HQC_192,162.987025
P384_HQC_192,P384_HQC_192,164.190543
P384_HQC_192,P384_HQC_192,158.500809
P384_HQC_192,P384_HQC_192,172.353056
P384_HQC_192,P384_HQC_192,158.667021
P384_HQC_192,P384_HQC_192,156.546651
P384_HQC_192,P384_HQC_192,165.091508
P384_HQC_192,P384_HQC_192,160.456825
P384_HQC_192,P384_HQC_192,169.04663
P384_HQC_192,P384_HQC_192,169.158079
P384_HQC_192,P384_HQC_192,162.525545
P384_HQC_192,P384_HQC_192,168.418681
P384_HQC_192,P384_HQC_192,162.965314
P384_HQC_192,P384_HQC_192,171.516846
P384_HQC_192,P384_HQC_192,163.964779
P384_HQC_192,P384_HQC_192,164.716118
P384_HQC_192,P384_HQC_192,166.986477
P384_HQC_192,P384_HQC_192,169.207514
P384_HQC_192,P384_HQC_192,158.65919
P384_HQC_192,P384_HQC_192,169.254745
P384_HQC_192,P384_HQC_192,158.672322
P384_HQC_192,P384_HQC_192,179.30609
P384_HQC_192,P384_HQC_192,156.917258
P384_HQC_192,P384_HQC_192,161.014152
P384_HQC_192,P384_HQC_192,161.148189
P384_HQC_192,P384_HQC_192,169.693012
P384_HQC_192,P384_HQC_192,160.332713
P384_HQC_192,P384_HQC_192,169.658417
P384_HQC_192,P384_HQC_192,163.838449
P384_HQC_192,P384_HQC_192,160.27688
P384_HQC_192,P384_HQC_192,159.259257
P384_HQC_192,P384_HQC_192,159.761043
P384_HQC_192,P384_HQC_192,165.969979
P384_HQC_192,P384_HQC_192,159.609086
P384_HQC_192,P384_HQC_192,164.432939
P384_HQC_192,P384_HQC_192,170.781536
P384_HQC_192,P384_HQC_192,158.709252
P384_HQC_192,P384_HQC_192,159.696309
P384_HQC_192,P384_HQC_192,161.807913
P384_HQC_192,P384_HQC_192,161.43974
P384_HQC_192,P384_HQC_192,166.490736
P384_HQC_192,P384_HQC_192,179.612357
P384_HQC_192,P384_HQC_192,171.752686
P384_HQC_192,P384_HQC_192,155.958274
P384_HQC_192,P384_HQC_192,170.115135
P384_HQC_192,P384_HQC_192,158.191232
P384_HQC_192,P384_HQC_192,169.788172
P384_HQC_192,P384_HQC_192,169.827153
P384_HQC_192,P384_HQC_192,158.968154
P384_HQC_192,P384_HQC_192,168.361515
P384_HQC_192,P384_HQC_192,163.292981
P384_HQC_192,P384_HQC_192,169.916536
P384_HQC_192,P384_HQC_192,167.231305
P384_HQC_192,P384_HQC_192,165.991028
P384_HQC_192,P384_HQC_192,170.892826
P384_HQC_192,P384_HQC_192,161.568868
P384_HQC_192,P384_HQC_192,171.579288
P384_HQC_192,P384_HQC_192,161.467534
P384_HQC_192,P384_HQC_192,167.067854
P384_HQC_192,P384_HQC_192,168.224653
P384_HQC_192,P384_HQC_192,172.999334
P384_HQC_192,P384_HQC_192,164.735707
P384_HQC_192,P384_HQC_192,167.117753
P384_HQC_192,P384_HQC_192,158.352719
P384_HQC_192,P384_HQC_192,177.465433
P384_HQC_192,P384_HQC_192,167.537207
P384_HQC_192,P384_HQC_192,167.440398
P384_HQC_192,P384_HQC_192,163.295805
P384_HQC_192,P384_HQC_192,169.060171
P384_HQC_192,P384_HQC_192,160.095984
P384_HQC_192,P384_HQC_192,165.668255
P384_HQC_192,P384_HQC_192,168.707622
P384_HQC_192,P384_HQC_192,158.097826
P384_HQC_192,P384_HQC_192,167.183397
P384_HQC_192,P384_HQC_192,179.863403
P384_HQC_192,P384_HQC_192,168.319091
P384_HQC_192,P384_HQC_192,168.250797
P384_HQC_192,P384_HQC_192,166.057138
P384_HQC_192,P384_HQC_192,164.669889
P384_HQC_192,P384_HQC_192,163.607359
P384_HQC_192,P384_HQC_192,166.599516
P384_HQC_192,P384_HQC_192,161.081385
P384_HQC_192,P384_HQC_192,163.825237
P384_HQC_192,P384_HQC_192,167.977311
P384_HQC_192,P384_HQC_192,163.203379
P384_HQC_192,P384_HQC_192,175.450448
P384_HQC_192,P384_HQC_192,167.332896
P384_HQC_192,P384_HQC_192,167.263033
P384_HQC_192,P384_HQC_192,167.908934
P384_HQC_192,P384_HQC_192,171.514509
P384_HQC_192,P384_HQC_192,161.121355
P384_HQC_192,P384_HQC_192,161.863314
P384_HQC_192,P384_HQC_192,165.721532
P384_HQC_192,P384_HQC_192,164.707071
P384_HQC_192,P384_HQC_192,173.385125
P384_HQC_192,P384_HQC_192,161.745741
P384_HQC_192,P384_HQC_192,158.382461
P384_HQC_192,P384_HQC_192,169.311447
P384_HQC_192,P384_HQC_192,172.463899
P384_HQC_192,P384_HQC_192,167.132927
P384_HQC_192,P384_HQC_192,171.331293
P384_HQC_192,P384_HQC_192,158.616305
P384_HQC_192,P384_HQC_192,161.117265
P384_HQC_192,P384_HQC_192,161.299261
P384_HQC_192,P384_HQC_192,168.472125
P384_HQC_192,P384_HQC_192,168.513017
P384_HQC_192,P384_HQC_192,177.587573
P384_HQC_192,P384_HQC_192,169.32586
P384_HQC_192,P384_HQC_192,160.215315
P384_HQC_192,P384_HQC_192,160.441658
P384_HQC_192,P384_HQC_192,171.756696
P384_HQC_192,P384_HQC_192,170.054892
P384_HQC_192,P384_HQC_192,164.057982
P384_HQC_192,P384_HQC_192,156.261811
P384_HQC_192,P384_HQC_192,158.044612
P384_HQC_192,P384_HQC_192,158.734699
P384_HQC_192,P384_HQC_192,158.858723
P384_HQC_192,P384_HQC_192,167.521466
P384_HQC_192,P384_HQC_192,172.601572
P384_HQC_192,P384_HQC_192,169.411284
P384_HQC_192,P384_HQC_192,157.632859
P384_HQC_192,P384_HQC_192,166.371759
P384_HQC_192,P384_HQC_192,163.732034
P384_HQC_192,P384_HQC_192,179.785842
P384_HQC_192,P384_HQC_192,159.588955
P384_HQC_192,P384_HQC_192,167.753426
P384_HQC_192,P384_HQC_192,159.233679
P384_HQC_192,P384_HQC_192,176.149653
P384_HQC_192,P384_HQC_192,169.350673
P384_HQC_192,P384_HQC_192,169.423264
P384_HQC_192,P384_HQC_192,165.499709
P384_HQC_192,P384_HQC_192,174.210164
P384_HQC_192,P384_HQC_192,171.626278
P384_HQC_192,P384_HQC_192,170.32657
P384_HQC_192,P384_HQC_192,167.823392
P384_HQC_192,P384_HQC_192,176.330109
P384_HQC_192,P384_HQC_192,181.051039
P384_HQC_192,P384_HQC_192,164.007371
P384_HQC_192,P384_HQC_192,172.884306
P384_HQC_192,P384_HQC_192,165.107535
P384_HQC_192,P384_HQC_192,157.897581
P384_HQC_192,P384_HQC_192,167.083823
P384_HQC_192,P384_HQC_192,177.964623
P384_HQC_192,P384_HQC_192,161.089493
P384_HQC_192,P384_HQC_192,158.581042
P384_HQC_192,P384_HQC_192,167.347041
P384_HQC_192,P384_HQC_192,171.769606
P384_HQC_192,P384_HQC_192,162.971857
P384_HQC_192,P384_HQC_192,156.425854
P384_HQC_192,P384_HQC_192,171.482312
P384_HQC_192,P384_HQC_192,164.466144
P384_HQC_192,P384_HQC_192,169.169839
P384_HQC_192,P384_HQC_192,160.251191
P384_HQC_192,P384_HQC_192,171.581458
P384_HQC_192,P384_HQC_192,170.689712
P384_HQC_192,P384_HQC_192,161.669872
P384_HQC_192,P384_HQC_192,158.093569
P384_HQC_192,P384_HQC_192,165.103441
P384_HQC_192,P384_HQC_192,163.946902
P384_HQC_192,P384_HQC_192,167.326541
P384_HQC_192,P384_HQC_192,166.042696
P384_HQC_192,P384_HQC_192,160.190358
P384_HQC_192,P384_HQC_192,164.567114
P384_HQC_192,P384_HQC_192,168.230253
P384_HQC_192,P384_HQC_192,166.778917
P384_HQC_192,P384_HQC_192,169.78643
P384_HQC_192,P384_HQC_192,160.818399
P384_HQC_192,P384_HQC_192,167.104719
P384_HQC_192,P384_HQC_192,169.326216
P384_HQC_192,P384_HQC_192,169.434201
P384_HQC_192,P384_HQC_192,162.014905
P384_HQC_192,P384_HQC_192,166.072047
P384_HQC_192,P384_HQC_192,167.372469
P384_HQC_192,P384_HQC_192,165.280507
P384_HQC_192,P384_HQC_192,179.518888
P384_HQC_192,P384_HQC_192,159.328526
P384_HQC_192,P384_HQC_192,159.793645
P384_HQC_192,P384_HQC_192,161.917233
P384_HQC_192,P384_HQC_192,164.878416
P384_HQC_192,P384_HQC_192,170.170275
P384_HQC_192,P384_HQC_192,162.142742
P384_HQC_192,P384_HQC_192,162.834241
P384_HQC_192,P384_HQC_192,163.01057
P384_HQC_192,P384_HQC_192,159.728211
P384_HQC_192,P384_HQC_192,164.365814
P384_HQC_192,P384_HQC_192,159.549984
P384_HQC_192,P384_HQC_192,171.429519
P384_HQC_192,P384_HQC_192,165.846792
P384_HQC_192,P384_HQC_192,161.931192
P384_HQC_192,P384_HQC_192,179.402547
P384_HQC_192,P384_HQC_192,166.903499
P384_HQC_192,P384_HQC_192,161.163192
P384_HQC_192,P384_HQC_192,169.697868
P384_HQC_192,P384_HQC_192,161.631175
P384_HQC_192,P384_HQC_192,172.251842
P384_HQC_192,P384_HQC_192,160.830733
P384_HQC_192,P384_HQC_192,161.693979
P384_HQC_192,P384_HQC_192,163.198081
P384_HQC_192,P384_HQC_192,162.445819
P384_HQC_192,P384_HQC_192,179.20593
P384_HQC_192,P384_HQC_192,164.196951
P384_HQC_192,P384_HQC_192,164.796003
P384_HQC_192,P384_HQC_192,157.137859
P384_HQC_192,P384_HQC_192,157.440464
P384_HQC_192,P384_HQC_192,172.397033
P384_HQC_192,P384_HQC_192,172.802735
P384_HQC_192,P384_HQC_192,169.559024
P384_HQC_192,P384_HQC_192,158.059375
P384_HQC_192,P384_HQC_192,162.568914
P384_HQC_192,P384_HQC_192,165.092355
P384_HQC_192,P384_HQC_192,160.159919
P384_HQC_192,P384_HQC_192,176.859249
P384_HQC_192,P384_HQC_192,169.422266
P384_HQC_192,P384_HQC_192,169.18155
P384_HQC_192,P384_HQC_192,160.228802
P384_HQC_192,P384_HQC_192,166.357784
P384_HQC_192,P384_HQC_192,155.503837
P384_HQC_192,P384_HQC_192,160.144295
P384_HQC_192,P384_HQC_192,158.871232
P384_HQC_192,P384_HQC_192,160.261941
P384_HQC_192,P384_HQC_192,169.224163
P384_HQC_192,P384_HQC_192,169.167341
P384_HQC_192,P384_HQC_192,165.803864
P384_HQC_192,P384_HQC_192,165.836622
P384_HQC_192,P384_HQC_192,160.74697
P384_HQC_192,P384_HQC_192,169.835058
P384_HQC_192,P384_HQC_192,167.594724
P384_HQC_192,P384_HQC_192,164.075592
P384_HQC_192,P384_HQC_192,177.482252
P384_HQC_192,P384_HQC_192,176.465894
P384_HQC_192,P384_HQC_192,162.66966
P384_HQC_192,P384_HQC_192,166.742592
P384_HQC_192,P384_HQC_192,159.457924
P384_HQC_192,P384_HQC_192,169.70416
P384_HQC_192,P384_HQC_192,176.090352
P384_HQC_192,P384_HQC_192,159.54436
P384_HQC_192,P384_HQC_192,171.416688
P384_HQC_192,P384_HQC_192,155.384263
P384_HQC_192,P384_HQC_192,159.056535
P384_HQC_192,P384_HQC_192,166.033194
P384_HQC_192,P384_HQC_192,162.672526
P384_HQC_192,P384_HQC_192,169.399713
P384_HQC_192,P384_HQC_192,167.589151
P384_HQC_192,P384_HQC_192,158.078645
P384_HQC_192,P384_HQC_192,165.19831
P384_HQC_192,P384_HQC_192,160.06395
P384_HQC_192,P384_HQC_192,179.005507
P384_HQC_192,P384_HQC_192,159.730157
P384_HQC_192,P384_HQC_192,179.9636
P384_HQC_192,P384_HQC_192,162.220473
P384_HQC_192,P384_HQC_192,168.157426
P384_HQC_192,P384_HQC_192,165.797392
P384_HQC_192,P384_HQC_192,167.803276
P384_HQC_192,P384_HQC_192,160.375266
P384_HQC_192,P384_HQC_192,166.059794
P384_HQC_192,P384_HQC_192,161.737045
P384_HQC_192,P384_HQC_192,171.457051
P384_HQC_192,P384_HQC_192,157.266517
P384_HQC_192,P384_HQC_192,159.494265
P384_HQC_192,P384_HQC_192,164.439486
P384_HQC_192,P384_HQC_192,173.777251
P384_HQC_192,P384_HQC_192,158.507583
P384_HQC_192,P384_HQC_192,168.31978
P384_HQC_192,P384_HQC_192,161.224235
P384_HQC_192,P384_HQC_192,169.300519
P384_HQC_192,P384_HQC_192,166.974706
P384_HQC_192,P384_HQC_192,169.769172
P384_HQC_192,P384_HQC_192,171.3693
P384_HQC_192,P384_HQC_192,169.109857
P384_HQC_192,P384_HQC_192,168.695418
P384_HQC_192,P384_HQC_192,166.099338
P384_HQC_192,P384_HQC_192,169.287555
P384_HQC_192,P384_HQC_192,172.801608
P384_HQC_192,P384_HQC_192,171.267489
P384_HQC_192,P384_HQC_192,166.447622
P384_HQC_192,P384_HQC_192,169.799213
P384_HQC_192,P384_HQC_192,162.101967
P384_HQC_192,P384_HQC_192,169.996519
P384_HQC_192,P384_HQC_192,164.923431
P384_HQC_192,P384_HQC_192,162.171649
P384_HQC_192,P384_HQC_192,158.423917
P384_HQC_192,P384_HQC_192,169.201765
P384_HQC_192,P384_HQC_192,179.13845
P384_HQC_192,P384_HQC_192,167.564225
P384_HQC_192,P384_HQC_192,169.552652
P384_HQC_192,P384_HQC_192,177.777381
P384_HQC_192,P384_HQC_192,158.359604
P384_HQC_192,P384_HQC_192,160.242111
P384_HQC_192,P384_HQC_192,161.673412
P384_HQC_192,P384_HQC_192,159.030532
P384_HQC_192,P384_HQC_192,164.397371
P384_HQC_192,P384_HQC_192,162.319522
P384_HQC_192,P384_HQC_192,168.815767
P384_HQC_192,P384_HQC_192,162.981318
P384_HQC_192,P384_HQC_192,166.90532
P384_HQC_192,P384_HQC_192,178.105358
P384_HQC_192,P384_HQC_192,162.112043
P384_HQC_192,P384_HQC_192,172.914363
P384_HQC_192,P384_HQC_192,167.483753
P384_HQC_192,P384_HQC_192,161.942069
P384_HQC_192,P384_HQC_192,178.096398
P384_HQC_192,P384_HQC_192,165.85627
P384_HQC_192,P384_HQC_192,165.66973
P384_HQC_192,P384_HQC_192,161.66299
P384_HQC_192,P384_HQC_192,157.6445
P384_HQC_192,P384_HQC_192,162.119736
P384_HQC_192,P384_HQC_192,170.99662
P384_HQC_192,P384_HQC_192,160.80401
P384_HQC_192,P384_HQC_192,156.737406
P384_HQC_192,P384_HQC_192,172.987575
P384_HQC_192,P384_HQC_192,160.36306
P384_HQC_192,P384_HQC_192,162.559942
P384_HQC_192,P384_HQC_192,162.498911
P384_HQC_192,P384_HQC_192,159.961811
P384_HQC_192,P384_HQC_192,168.611597
P384_HQC_192,P384_HQC_192,157.9492
P384_HQC_192,P384_HQC_192,169.538552
P384_HQC_192,P384_HQC_192,163.168102
P384_HQC_192,P384_HQC_192,169.859916
P384_HQC_192,P384_HQC_192,176.594192
P384_HQC_192,P384_HQC_192,169.411757
P384_HQC_192,P384_HQC_192,156.91709
P384_HQC_192,P384_HQC_192,170.359452
P384_HQC_192,P384_HQC_192,159.187491
P384_HQC_192,P384_HQC_192,157.357959
P384_HQC_192,P384_HQC_192,166.744775
P384_HQC_192,P384_HQC_192,162.867991
P384_HQC_192,P384_HQC_192,159.529594
P384_HQC_192,P384_HQC_192,168.331952
P384_HQC_192,P384_HQC_192,166.250382
P384_HQC_192,P384_HQC_192,159.061749
P384_HQC_192,P384_HQC_192,157.973871
P384_HQC_192,P384_HQC_192,170.330871
P384_HQC_192,P384_HQC_192,166.939638
P384_HQC_192,P384_HQC_192,161.323821
P384_HQC_192,P384_HQC_192,164.035253
P384_HQC_192,P384_HQC_192,157.274364
P384_HQC_192,P384_HQC_192,180.735217
P384_HQC_192,P384_HQC_192,162.00467
P384_HQC_192,P384_HQC_192,166.879734
P384_HQC_192,P384_HQC_192,165.914256
P384_HQC_192,P384_HQC_192,167.345306
P384_HQC_192,P384_HQC_192,171.839354
P384_HQC_192,P384_HQC_192,168.226611
P384_HQC_192,P384_HQC_192,163.712706
P384_HQC_192,P384_HQC_192,167.057245
P384_HQC_192,P384_HQC_192,179.364704
P384_HQC_192,P384_HQC_192,166.63481
P384_HQC_192,P384_HQC_192,161.067299
P384_HQC_192,P384_HQC_192,160.328303
P384_HQC_192,P384_HQC_192,163.566529
P384_HQC_192,P384_HQC_192,164.698147
P384_HQC_192,P384_HQC_192,170.483105
P384_HQC_192,P384_HQC_192,163.499072
P384_HQC_192,P384_HQC_192,163.279121
P384_HQC_192,P384_HQC_192,168.127838
P384_HQC_192,P384_HQC_192,168.205804
P384_HQC_192,P384_HQC_192,164.35202
P384_HQC_192,P384_HQC_192,159.199257
P384_HQC_192,P384_HQC_192,158.92407
P384_HQC_192,P384_HQC_192,162.409865
P384_HQC_192,P384_HQC_192,172.25873
P384_HQC_192,P384_HQC_192,170.156607
P384_HQC_192,P384_HQC_192,164.331701
P384_HQC_192,P384_HQC_192,157.07851
P384_HQC_192,P384_HQC_192,164.437707
P384_HQC_192,P384_HQC_192,171.623822
P384_HQC_192,P384_HQC_192,160.695858
P384_HQC_192,P384_HQC_192,163.683904
P384_HQC_192,P384_HQC_192,168.710712
P384_HQC_192,P384_HQC_192,173.175541
P384_HQC_192,P384_HQC_192,170.333268
P384_HQC_192,P384_HQC_192,163.93593
P384_HQC_192,P384_HQC_192,169.122287
P384_HQC_192,P384_HQC_192,166.966177
P384_HQC_192,P384_HQC_192,157.023858
P384_HQC_192,P384_HQC_192,175.492142
P384_HQC_192,P384_HQC_192,161.747884
P384_HQC_192,P384_HQC_192,180.159078
P384_HQC_192,P384_HQC_192,160.02212
P384_HQC_192,P384_HQC_192,159.384177
P384_HQC_192,P384_HQC_192,159.705105
P384_HQC_192,P384_HQC_192,168.347764
P384_HQC_192,P384_HQC_192,159.533943
P384_HQC_192,P384_HQC_192,169.920854
P384_HQC_192,P384_HQC_192,179.887532
P384_HQC_192,P384_HQC_192,169.681394
P384_HQC_192,P384_HQC_192,170.824266
P384_HQC_192,P384_HQC_192,164.657161
P384_HQC_192,P384_HQC_192,157.913
P384_HQC_192,P384_HQC_192,158.956902
P384_HQC_192,P384_HQC_192,176.145367
P384_HQC_192,P384_HQC_192,161.287839
P384_HQC_192,P384_HQC_192,166.775595
P384_HQC_192,P384_HQC_192,161.567852
P384_HQC_192,P384_HQC_192,164.191688
P384_HQC_192,P384_HQC_192,161.948766
P384_HQC_192,P384_HQC_192,158.009387
P384_HQC_192,P384_HQC_192,161.331384
P384_HQC_192,P384_HQC_192,167.334246
P384_HQC_192,P384_HQC_192,158.997899
P384_HQC_192,P384_HQC_192,165.520297
P384_HQC_192,P384_HQC_192,167.883698
P384_HQC_192,P384_HQC_192,175.956411
P384_HQC_192,P384_HQC_192,172.002749
P384_HQC_192,P384_HQC_192,177.718964
P384_HQC_192,P384_HQC_192,162.364041
P384_HQC_192,P384_HQC_192,167.292025
P384_HQC_192,P384_HQC_192,166.492634
P384_HQC_192,P384_HQC_192,168.960114
P384_HQC_192,P384_HQC_192,166.783909
P384_HQC_192,P384_HQC_192,160.433323
P384_HQC_192,P384_HQC_192,157.319475
P384_HQC_192,P384_HQC_192,162.876398
P384_HQC_192,P384_HQC_192,171.616807
P384_HQC_192,P384_HQC_192,166.990914
P384_HQC_192,P384_HQC_192,163.267916
P384_HQC_192,P384_HQC_192,164.082179
P384_HQC_192,P384_HQC_192,158.888645
P384_HQC_192,P384_HQC_192,169.812951
P384_HQC_192,P384_HQC_192,158.912117
P384_HQC_192,P384_HQC_192,158.997171
P384_HQC_192,P384_HQC_192,166.201158
P384_HQC_192,P384_HQC_192,161.02071
P384_HQC_192,P384_HQC_192,168.496484
P384_HQC_192,P384_HQC_192,163.18356
P384_HQC_192,P384_HQC_192,175.433094
P384_HQC_192,P384_HQC_192,160.378712
P384_HQC_192,P384_HQC_192,172.256535
P384_HQC_192,P384_HQC_192,162.358861
P384_HQC_192,P384_HQC_192,160.223305
P384_HQC_192,P384_HQC_192,161.75173
P384_HQC_192,P384_HQC_192,176.922409
P384_HQC_192,P384_HQC_192,161.19757
P384_HQC_192,P384_HQC_192,162.413178
P384_HQC_192,P384_HQC_192,160.772796
P384_HQC_192,P384_HQC_192,159.332686
P384_HQC_192,P384_HQC_192,157.245213
P384_HQC_192,P384_HQC_192,164.639425
P384_HQC_192,P384_HQC_192,179.0154
P384_HQC_192,P384_HQC_192,173.809855
P384_HQC_192,P384_HQC_192,164.258871
P384_HQC_192,P384_HQC_192,164.983316
P384_HQC_192,P384_HQC_192,162.049926
P384_HQC_192,P384_HQC_192,162.540892
P384_HQC_192,P384_HQC_192,162.374162
P384_HQC_192,P384_HQC_192,160.292898
P384_HQC_192,P384_HQC_192,165.66014
P384_HQC_192,P384_HQC_192,158.734248
P384_HQC_192,P384_HQC_192,157.663024
P384_HQC_192,P384_HQC_192,159.244156
P384_HQC_192,P384_HQC_192,168.236027
P384_HQC_192,P384_HQC_192,170.903585
P384_HQC_192,P384_HQC_192,170.035784
P384_HQC_192,P384_HQC_192,174.824835
P384_HQC_192,P384_HQC_192,154.497638
P384_HQC_192,P384_HQC_192,173.817925
P384_HQC_192,P384_HQC_192,166.875496
P384_HQC_192,P384_HQC_192,158.223811
P384_HQC_192,P384_HQC_192,165.921045
P384_HQC_192,P384_HQC_192,167.282974
P384_HQC_192,P384_HQC_192,164.772303
P384_HQC_192,P384_HQC_192,169.400402
P384_HQC_192,P384_HQC_192,164.389915
P384_HQC_192,P384_HQC_192,158.54416
P384_HQC_192,P384_HQC_192,159.64587
P384_HQC_192,P384_HQC_192,170.529597
P384_HQC_192,P384_HQC_192,161.713489
P384_HQC_192,P384_HQC_192,160.548936
P384_HQC_192,P384_HQC_192,170.059572
P384_HQC_192,P384_HQC_192,165.155568
P384_HQC_192,P384_HQC_192,165.003674
P384_HQC_192,P384_HQC_192,158.671646
P384_HQC_192,P384_HQC_192,169.803547
P384_HQC_192,P384_HQC_192,167.031463
P384_HQC_192,P384_HQC_192,161.069286
P384_HQC_192,P384_HQC_192,168.516248
P384_HQC_192,P384_HQC_192,166.272565
P384_HQC_192,P384_HQC_192,177.016192
P384_HQC_192,P384_HQC_192,179.852549
P384_HQC_192,P384_HQC_192,161.617419
P384_HQC_192,P384_HQC_192,166.167314
P384_HQC_192,P384_HQC_192,167.664863
P384_HQC_192,P384_HQC_192,172.130519
P384_HQC_192,P384_HQC_192,164.510599
P384_HQC_192,P384_HQC_192,163.702186
P384_HQC_192,P384_HQC_192,160.043027
P384_HQC_192,P384_HQC_192,162.396306
P384_HQC_192,P384_HQC_192,168.278304
P384_HQC_192,P384_HQC_192,162.084923
P384_HQC_192,P384_HQC_192,166.179601
P384_HQC_192,P384_HQC_192,161.041508
P384_HQC_192,P384_HQC_192,165.013229
P384_HQC_192,P384_HQC_192,169.779649
P384_HQC_192,P384_HQC_192,163.767068
P384_HQC_192,P384_HQC_192,161.039389
P384_HQC_192,P384_HQC_192,168.531708
P384_HQC_192,P384_HQC_192,157.785356
P384_HQC_192,P384_HQC_192,170.929077
P384_HQC_192,P384_HQC_192,171.854515
P384_HQC_192,P384_HQC_192,159.573561
P384_HQC_192,P384_HQC_192,172.159903
P384_HQC_192,P384_HQC_192,158.54422
P384_HQC_192,P384_HQC_192,159.035205
P384_HQC_192,P384_HQC_192,157.988802
P384_HQC_192,P384_HQC_192,158.69973
P384_HQC_192,P384_HQC_192,177.557051
P384_HQC_192,P384_HQC_192,162.965041
P384_HQC_192,P384_HQC_192,161.605002
P384_HQC_192,P384_HQC_192,161.369128
P384_HQC_192,P384_HQC_192,167.733948
P384_HQC_192,P384_HQC_192,160.687113
P384_HQC_192,P384_HQC_192,166.127873
P384_HQC_192,P384_HQC_192,172.728936
P384_HQC_192,P384_HQC_192,161.140343
P384_HQC_192,P384_HQC_192,173.114091
P384_HQC_192,P384_HQC_192,170.485956
P384_HQC_192,P384_HQC_192,171.533162
P384_HQC_192,P384_HQC_192,172.97397
P384_HQC_192,P384_HQC_192,158.69923
P384_HQC_192,P384_HQC_192,161.448184
P384_HQC_192,P384_HQC_192,173.74389
P384_HQC_192,P384_HQC_192,163.524795
P384_HQC_192,P384_HQC_192,163.91347
P384_HQC_192,P384_HQC_192,166.954226
P384_HQC_192,P384_HQC_192,166.561085
P384_HQC_192,P384_HQC_192,169.137406
P384_HQC_192,P384_HQC_192,168.906097
P384_HQC_192,P384_HQC_192,159.671736
P384_HQC_192,P384_HQC_192,164.878174
P384_HQC_192,P384_HQC_192,165.10264
P384_HQC_192,P384_HQC_192,171.50342
P384_HQC_192,P384_HQC_192,163.0165
P384_HQC_192,P384_HQC_192,159.00315
P384_HQC_192,P384_HQC_192,172.410559
P384_HQC_192,P384_HQC_192,157.230092
P384_HQC_192,P384_HQC_192,165.208953
P384_HQC_192,P384_HQC_192,158.194494
P384_HQC_192,P384_HQC_192,168.436077
P384_HQC_192,P384_HQC_192,162.543615
P384_HQC_192,P384_HQC_192,159.183942
P384_HQC_192,P384_HQC_192,167.86456
P384_HQC_192,P384_HQC_192,160.200426
P384_HQC_192,P384_HQC_192,160.354213
P384_HQC_192,P384_HQC_192,159.633588
P384_HQC_192,P384_HQC_192,167.945338
P384_HQC_192,P384_HQC_192,168.625595
P384_HQC_192,P384_HQC_192,167.412723
P384_HQC_192,P384_HQC_192,171.710971
P384_HQC_192,P384_HQC_192,159.888954
P384_HQC_192,P384_HQC_192,167.403038
P384_HQC_192,P384_HQC_192,166.852309
P384_HQC_192,P384_HQC_192,173.44225
P384_HQC_192,P384_HQC_192,165.265841
P384_HQC_192,P384_HQC_192,160.624768
P384_HQC_192,P384_HQC_192,156.469531
P384_HQC_192,P384_HQC_192,170.697807
P384_HQC_192,P384_HQC_192,172.229075
P384_HQC_192,P384_HQC_192,165.662612
P384_HQC_192,P384_HQC_192,173.313842
P384_HQC_192,P384_HQC_192,163.11859
P384_HQC_192,P384_HQC_192,161.351679
P384_HQC_192,P384_HQC_192,180.125185
P384_HQC_192,P384_HQC_192,169.315346
P384_HQC_192,P384_HQC_192,170.302222
P384_HQC_192,P384_HQC_192,160.485428
P384_HQC_192,P384_HQC_192,159.044205
P384_HQC_192,P384_HQC_192,159.717126
P384_HQC_192,P384_HQC_192,161.020303
P384_HQC_192,P384_HQC_192,177.947978
P384_HQC_192,P384_HQC_192,164.59329
P384_HQC_192,P384_HQC_192,165.41994
P384_HQC_192,P384_HQC_192,156.881477
P384_HQC_192,P384_HQC_192,168.451424
P384_HQC_192,P384_HQC_192,169.794837
P384_HQC_192,P384_HQC_192,165.614484
P384_HQC_192,P384_HQC_192,170.129749
P384_HQC_192,P384_HQC_192,162.74023
P384_HQC_192,P384_HQC_192,178.247149
P384_HQC_192,P384_HQC_192,168.775084
P384_HQC_192,P384_HQC_192,163.633927
P384_HQC_192,P384_HQC_192,164.663643
P384_HQC_192,P384_HQC_192,161.806348
P384_HQC_192,P384_HQC_192,165.50546
P384_HQC_192,P384_HQC_192,171.685353
P384_HQC_192,P384_HQC_192,159.596402
P384_HQC_192,P384_HQC_192,169.08662
P384_HQC_192,P384_HQC_192,169.272708
P384_HQC_192,P384_HQC_192,165.666569
P384_HQC_192,P384_HQC_192,166.720438
P384_HQC_192,P384_HQC_192,164.983119
P384_HQC_192,P384_HQC_192,170.642414
P384_HQC_192,P384_HQC_192,161.368021
P384_HQC_192,P384_HQC_192,165.819044
P384_HQC_192,P384_HQC_192,179.270593
P384_HQC_192,P384_HQC_192,163.238886
P384_HQC_192,P384_HQC_192,158.073281
P384_HQC_192,P384_HQC_192,164.313782
P384_HQC_192,P384_HQC_192,169.245308
P384_HQC_192,P384_HQC_192,162.721034
P384_HQC_192,P384_HQC_192,158.633147
P384_HQC_192,P384_HQC_192,167.243264
P384_HQC_192,P384_HQC_192,170.379307
P384_HQC_192,P384_HQC_192,167.289063
P384_HQC_192,P384_HQC_192,159.866345
P384_HQC_192,P384_HQC_192,173.213194
P384_HQC_192,P384_HQC_192,159.791067
P384_HQC_192,P384_HQC_192,176.996499
P384_HQC_192,P384_HQC_192,169.946209
P384_HQC_192,P384_HQC_192,160.285567
P384_HQC_192,P384_HQC_192,161.237409
P384_HQC_192,P384_HQC_192,167.021835
P384_HQC_192,P384_HQC_192,168.302292
P384_HQC_192,P384_HQC_192,174.256941
P384_HQC_192,P384_HQC_192,170.616693
P384_HQC_192,P384_HQC_192,164.365133
P384_HQC_192,P384_HQC_192,162.811569
P384_HQC_192,P384_HQC_192,164.953376
P384_HQC_192,P384_HQC_192,167.32254
P384_HQC_192,P384_HQC_192,162.417359
P384_HQC_192,P384_HQC_192,178.821665
P384_HQC_192,P384_HQC_192,163.952674
P384_HQC_192,P384_HQC_192,173.094657
P384_HQC_192,P384_HQC_192,177.195311
P384_HQC_192,P384_HQC_192,172.909045
P384_HQC_192,P384_HQC_192,158.713222
P384_HQC_192,P384_HQC_192,168.439455
P384_HQC_192,P384_HQC_192,161.597125
P384_HQC_192,P384_HQC_192,163.929257
P384_HQC_192,P384_HQC_192,165.282463
P384_HQC_192,P384_HQC_192,170.597629
P384_HQC_192,P384_HQC_192,164.179423
P384_HQC_192,P384_HQC_192,162.949184
P384_HQC_192,P384_HQC_192,169.720293
P384_HQC_192,P384_HQC_192,169.290523
P384_HQC_192,P384_HQC_192,160.81692
P384_HQC_192,P384_HQC_192,160.007691
P384_HQC_192,P384_HQC_192,158.315171
P384_HQC_192,P384_HQC_192,166.498101
P384_HQC_192,P384_HQC_192,177.232066
P384_HQC_192,P384_HQC_192,160.15934
P384_HQC_192,P384_HQC_192,170.397056
P384_HQC_192,P384_HQC_192,170.069334
P384_HQC_192,P384_HQC_192,167.435734
P384_HQC_192,P384_HQC_192,171.752183
P384_HQC_192,P384_HQC_192,161.194399
P384_HQC_192,P384_HQC_192,170.462544
P384_HQC_192,P384_HQC_192,161.115178
P384_HQC_192,P384_HQC_192,165.584609
P384_HQC_192,P384_HQC_192,165.406186
P384_HQC_192,P384_HQC_192,172.164132
P384_HQC_192,P384_HQC_192,162.923121
P384_HQC_192,P384_HQC_192,169.90422
P384_HQC_192,P384_HQC_192,162.482904
P384_HQC_192,P384_HQC_192,158.890074
P384_HQC_192,P384_HQC_192,172.511821
P384_HQC_192,P384_HQC_192,164.955677
P384_HQC_192,P384_HQC_192,160.818427
P384_HQC_192,P384_HQC_192,161.965466
P384_HQC_192,P384_HQC_192,168.87417
P384_HQC_192,P384_HQC_192,159.741068
P384_HQC_192,P384_HQC_192,168.207832
P384_HQC_192,P384_HQC_192,168.565437
P384_HQC_192,P384_HQC_192,173.613098
P384_HQC_192,P384_HQC_192,160.277008
P384_HQC_192,P384_HQC_192,158.651486
P384_HQC_192,P384_HQC_192,163.40883
P384_HQC_192,P384_HQC_192,158.288035
P384_HQC_192,P384_HQC_192,165.273398
P384_HQC_192,P384_HQC_192,162.886324
P384_HQC_192,P384_HQC_192,160.643614
P384_HQC_192,P384_HQC_192,158.054699
P384_HQC_192,P384_HQC_192,163.186479
P384_HQC_192,P384_HQC_192,161.653248
P384_HQC_192,P384_HQC_192,161.883191
P384_HQC_192,P384_HQC_192,159.01247
P384_HQC_192,P384_HQC_192,159.621405
P384_HQC_192,P384_HQC_192,163.178516
P384_HQC_192,P384_HQC_192,171.461203
P384_HQC_192,P384_HQC_192,168.503763
P384_HQC_192,P384_HQC_192,160.568986
P384_HQC_192,P384_HQC_192,164.688464
P384_HQC_192,P384_HQC_192,165.674254
P384_HQC_192,P384_HQC_192,169.188088
P384_HQC_192,P384_HQC_192,162.077972
P384_HQC_192,P384_HQC_192,163.652381
P384_HQC_192,P384_HQC_192,158.709082
P384_HQC_192,P384_HQC_192,156.086437
P384_HQC_192,P384_HQC_192,165.000708
P384_HQC_192,P384_HQC_192,167.608651
P384_HQC_192,P384_HQC_192,172.212795
P384_HQC_192,P384_HQC_192,160.945959
P384_HQC_192,P384_HQC_192,157.935107
P384_HQC_192,P384_HQC_192,161.479969
P384_HQC_192,P384_HQC_192,164.6051
P384_HQC_192,P384_HQC_192,163.950584
P384_HQC_192,P384_HQC_192,158.609269
P384_HQC_192,P384_HQC_192,168.280054
P384_HQC_192,P384_HQC_192,161.783864
P384_HQC_192,P384_HQC_192,159.287411
P384_HQC_192,P384_HQC_192,162.925058
P384_HQC_192,P384_HQC_192,161.874208
P384_HQC_192,P384_HQC_192,160.884426
P384_HQC_192,P384_HQC_192,163.133198
P384_HQC_192,P384_HQC_192,174.158737
P384_HQC_192,P384_HQC_192,171.847004
P384_HQC_192,P384_HQC_192,162.581024
P384_HQC_192,P384_HQC_192,164.61035
P384_HQC_192,P384_HQC_192,165.255048
P384_HQC_192,P384_HQC_192,169.119699
P384_HQC_192,P384_HQC_192,169.895859
P384_HQC_192,P384_HQC_192,160.982391
P384_HQC_192,P384_HQC_192,165.14092
P384_HQC_192,P384_HQC_192,167.176938
P384_HQC_192,P384_HQC_192,158.258587
P384_HQC_192,P384_HQC_192,171.552559
P384_HQC_192,P384_HQC_192,158.723057
P384_HQC_192,P384_HQC_192,168.283977
P384_HQC_192,P384_HQC_192,163.704711
P384_HQC_192,P384_HQC_192,158.361332
P384_HQC_192,P384_HQC_192,167.880208
P384_HQC_192,P384_HQC_192,165.062585
P384_HQC_192,P384_HQC_192,174.597437
P384_HQC_192,P384_HQC_192,163.363652
P384_HQC_192,P384_HQC_192,160.449722
P384_HQC_192,P384_HQC_192,162.023147
P384_HQC_192,P384_HQC_192,168.240859
P384_HQC_192,P384_HQC_192,164.583653
P384_HQC_192,P384_HQC_192,172.538664
P384_HQC_192,P384_HQC_192,163.3699
P384_HQC_192,P384_HQC_192,167.333613
P384_HQC_192,P384_HQC_192,162.898249
P384_HQC_192,P384_HQC_192,159.613975
P384_HQC_192,P384_HQC_192,173.07289
P384_HQC_192,P384_HQC_192,171.951733
P384_HQC_192,P384_HQC_192,159.16255
P384_HQC_192,P384_HQC_192,169.969637
P384_HQC_192,P384_HQC_192,177.347949
P384_HQC_192,P384_HQC_192,169.318329
P384_HQC_192,P384_HQC_192,172.643341
P384_HQC_192,P384_HQC_192,168.463805
P384_HQC_192,P384_HQC_192,167.431103
P384_HQC_192,P384_HQC_192,176.509565
P384_HQC_192,P384_HQC_192,160.722226
P384_HQC_192,P384_HQC_192,161.278811
P384_HQC_192,P384_HQC_192,159.870151
P384_HQC_192,P384_HQC_192,168.399607
P384_HQC_192,P384_HQC_192,169.497071
P384_HQC_192,P384_HQC_192,165.983968
P384_HQC_192,P384_HQC_192,161.06351
P384_HQC_192,P384_HQC_192,164.671437
P384_HQC_192,P384_HQC_192,166.425121
P384_HQC_192,P384_HQC_192,160.36408
P384_HQC_192,P384_HQC_192,162.278015
P384_HQC_192,P384_HQC_192,176.607689
P384_HQC_192,P384_HQC_192,166.847276
P384_HQC_192,P384_HQC_192,165.22619
P384_HQC_192,P384_HQC_192,161.889086
P384_HQC_192,P384_HQC_192,171.674501
P384_HQC_192,P384_HQC_192,177.372181
P384_HQC_192,P384_HQC_192,158.193985
P384_HQC_192,P384_HQC_192,174.376297
P384_HQC_192,P384_HQC_192,172.977977
P384_HQC_192,P384_HQC_192,162.763207
P384_HQC_192,P384_HQC_192,171.23908
P384_HQC_192,P384_HQC_192,158.642972
P384_HQC_192,P384_HQC_192,177.764484
P384_HQC_192,P384_HQC_192,163.632489
P384_HQC_192,P384_HQC_192,171.395672
P384_HQC_192,P384_HQC_192,161.856231
P384_HQC_192,P384_HQC_192,169.949196
P384_HQC_192,P384_HQC_192,165.774024
P384_HQC_192,P384_HQC_192,171.45971
P384_HQC_192,P384_HQC_192,171.532661
P384_HQC_192,P384_HQC_192,170.65009
P384_HQC_192,P384_HQC_192,157.71293
P384_HQC_192,P384_HQC_192,158.001255
P384_HQC_192,P384_HQC_192,176.021324
P384_HQC_192,P384_HQC_192,171.52352
P384_HQC_192,P384_HQC_192,165.453096
P384_HQC_192,P384_HQC_192,157.703008
P384_HQC_192,P384_HQC_192,179.717861
P384_HQC_192,P384_HQC_192,165.843906
P384_HQC_192,P384_HQC_192,172.104427
P384_HQC_192,P384_HQC_192,160.292047
P384_HQC_192,P384_HQC_192,171.497054
P384_HQC_192,P384_HQC_192,171.281921
P384_HQC_192,P384_HQC_192,159.525893
P384_HQC_192,P384_HQC_192,159.774179
P384_HQC_192,P384_HQC_192,160.49048
P384_HQC_192,P384_HQC_192,164.69374
P384_HQC_192,P384_HQC_192,167.524572
P384_HQC_192,P384_HQC_192,161.311072
P384_HQC_192,P384_HQC_192,168.937751
P384_HQC_192,P384_HQC_192,164.984497
P384_HQC_192,P384_HQC_192,162.069831
P384_HQC_192,P384_HQC_192,168.984243
P384_HQC_192,P384_HQC_192,173.027235
P384_HQC_192,P384_HQC_192,169.057062
P384_HQC_192,P384_HQC_192,157.904194
P384_HQC_192,P384_HQC_192,163.944865
P384_HQC_192,P384_HQC_192,165.233958
P384_HQC_192,P384_HQC_192,167.638623
P384_HQC_192,P384_HQC_192,165.781205
P384_HQC_192,P384_HQC_192,177.880422
P384_HQC_192,P384_HQC_192,171.787967
P384_HQC_192,P384_HQC_192,177.779905
P384_HQC_192,P384_HQC_192,166.027945
P384_HQC_192,P384_HQC_192,180.851452
P384_HQC_192,P384_HQC_192,162.247983
P384_HQC_192,P384_HQC_192,157.25825
P384_HQC_192,P384_HQC_192,158.800118
P384_HQC_192,P384_HQC_192,161.856615
P384_HQC_192,P384_HQC_192,159.7816
P384_HQC_192,P384_HQC_192,158.58516
P384_HQC_192,P384_HQC_192,161.698315
P384_HQC_192,P384_HQC_192,168.779008
P384_HQC_192,P384_HQC_192,165.82069
P384_HQC_192,P384_HQC_192,161.812364
P384_HQC_192,P384_HQC_192,163.626067
P384_HQC_192,P384_HQC_192,170.070349
P384_BIKE_L3,P384_BIKE_L3,126.043451
P384_BIKE_L3,P384_BIKE_L3,123.55455
P384_BIKE_L3,P384_BIKE_L3,132.891929
P384_BIKE_L3,P384_BIKE_L3,138.106874
P384_BIKE_L3,P384_BIKE_L3,131.321495
P384_BIKE_L3,P384_BIKE_L3,131.305868
P384_BIKE_L3,P384_BIKE_L3,136.585527
P384_BIKE_L3,P384_BIKE_L3,126.667471
P384_BIKE_L3,P384_BIKE_L3,130.538708
P384_BIKE_L3,P384_BIKE_L3,129.673082
P384_BIKE_L3,P384_BIKE_L3,134.150253
P384_BIKE_L3,P384_BIKE_L3,140.156187
P384_BIKE_L3,P384_BIKE_L3,137.429093
P384_BIKE_L3,P384_BIKE_L3,129.722244
P384_BIKE_L3,P384_BIKE_L3,129.979758
P384_BIKE_L3,P384_BIKE_L3,142.267177
P384_BIKE_L3,P384_BIKE_L3,129.593148
P384_BIKE_L3,P384_BIKE_L3,136.138268
P384_BIKE_L3,P384_BIKE_L3,134.669341
P384_BIKE_L3,P384_BIKE_L3,135.74078
P384_BIKE_L3,P384_BIKE_L3,132.546604
P384_BIKE_L3,P384_BIKE_L3,134.015839
P384_BIKE_L3,P384_BIKE_L3,132.133411
P384_BIKE_L3,P384_BIKE_L3,127.249835
P384_BIKE_L3,P384_BIKE_L3,123.335217
P384_BIKE_L3,P384_BIKE_L3,137.106243
P384_BIKE_L3,P384_BIKE_L3,138.208393
P384_BIKE_L3,P384_BIKE_L3,134.679851
P384_BIKE_L3,P384_BIKE_L3,129.339023
P384_BIKE_L3,P384_BIKE_L3,132.050098
P384_BIKE_L3,P384_BIKE_L3,125.991266
P384_BIKE_L3,P384_BIKE_L3,139.963578
P384_BIKE_L3,P384_BIKE_L3,136.300354
P384_BIKE_L3,P384_BIKE_L3,128.614344
P384_BIKE_L3,P384_BIKE_L3,137.649788
P384_BIKE_L3,P384_BIKE_L3,137.849999
P384_BIKE_L3,P384_BIKE_L3,134.963856
P384_BIKE_L3,P384_BIKE_L3,138.826883
P384_BIKE_L3,P384_BIKE_L3,135.866243
P384_BIKE_L3,P384_BIKE_L3,137.96467
P384_BIKE_L3,P384_BIKE_L3,130.66965
P384_BIKE_L3,P384_BIKE_L3,133.940754
P384_BIKE_L3,P384_BIKE_L3,135.041019
P384_BIKE_L3,P384_BIKE_L3,139.233433
P384_BIKE_L3,P384_BIKE_L3,130.537901
P384_BIKE_L3,P384_BIKE_L3,129.325772
P384_BIKE_L3,P384_BIKE_L3,148.209639
P384_BIKE_L3,P384_BIKE_L3,136.350829
P384_BIKE_L3,P384_BIKE_L3,128.375697
P384_BIKE_L3,P384_BIKE_L3,147.369722
P384_BIKE_L3,P384_BIKE_L3,141.142979
P384_BIKE_L3,P384_BIKE_L3,136.227172
P384_BIKE_L3,P384_BIKE_L3,141.590565
P384_BIKE_L3,P384_BIKE_L3,140.743715
P384_BIKE_L3,P384_BIKE_L3,133.729084
P384_BIKE_L3,P384_BIKE_L3,144.382203
P384_BIKE_L3,P384_BIKE_L3,128.804922
P384_BIKE_L3,P384_BIKE_L3,134.842724
P384_BIKE_L3,P384_BIKE_L3,134.456681
P384_BIKE_L3,P384_BIKE_L3,139.809274
P384_BIKE_L3,P384_BIKE_L3,136.723584
P384_BIKE_L3,P384_BIKE_L3,141.360064
P384_BIKE_L3,P384_BIKE_L3,129.402097
P384_BIKE_L3,P384_BIKE_L3,131.985883
P384_BIKE_L3,P384_BIKE_L3,130.244624
P384_BIKE_L3,P384_BIKE_L3,126.939652
P384_BIKE_L3,P384_BIKE_L3,131.98328
P384_BIKE_L3,P384_BIKE_L3,136.972204
P384_BIKE_L3,P384_BIKE_L3,136.949541
P384_BIKE_L3,P384_BIKE_L3,127.969993
P384_BIKE_L3,P384_BIKE_L3,128.778944
P384_BIKE_L3,P384_BIKE_L3,136.470022
P384_BIKE_L3,P384_BIKE_L3,136.326314
P384_BIKE_L3,P384_BIKE_L3,138.85457
P384_BIKE_L3,P384_BIKE_L3,126.846418
P384_BIKE_L3,P384_BIKE_L3,148.047835
P384_BIKE_L3,P384_BIKE_L3,133.612779
P384_BIKE_L3,P384_BIKE_L3,127.899487
P384_BIKE_L3,P384_BIKE_L3,137.360623
P384_BIKE_L3,P384_BIKE_L3,127.789304
P384_BIKE_L3,P384_BIKE_L3,137.933419
P384_BIKE_L3,P384_BIKE_L3,147.356185
P384_BIKE_L3,P384_BIKE_L3,124.065236
P384_BIKE_L3,P384_BIKE_L3,134.842062
P384_BIKE_L3,P384_BIKE_L3,144.84925
P384_BIKE_L3,P384_BIKE_L3,132.059691
P384_BIKE_L3,P384_BIKE_L3,135.013465
P384_BIKE_L3,P384_BIKE_L3,136.114703
P384_BIKE_L3,P384_BIKE_L3,127.417923
P384_BIKE_L3,P384_BIKE_L3,137.623354
P384_BIKE_L3,P384_BIKE_L3,128.065558
P384_BIKE_L3,P384_BIKE_L3,137.172106
P384_BIKE_L3,P384_BIKE_L3,137.546629
P384_BIKE_L3,P384_BIKE_L3,125.543737
P384_BIKE_L3,P384_BIKE_L3,134.824958
P384_BIKE_L3,P384_BIKE_L3,145.797067
P384_BIKE_L3,P384_BIKE_L3,132.267766
P384_BIKE_L3,P384_BIKE_L3,130.880335
P384_BIKE_L3,P384_BIKE_L3,138.379873
P384_BIKE_L3,P384_BIKE_L3,125.186844
P384_BIKE_L3,P384_BIKE_L3,137.001352
P384_BIKE_L3,P384_BIKE_L3,138.460164
P384_BIKE_L3,P384_BIKE_L3,126.889911
P384_BIKE_L3,P384_BIKE_L3,131.715167
P384_BIKE_L3,P384_BIKE_L3,129.128468
P384_BIKE_L3,P384_BIKE_L3,136.882182
P384_BIKE_L3,P384_BIKE_L3,139.640579
P384_BIKE_L3,P384_BIKE_L3,132.168614
P384_BIKE_L3,P384_BIKE_L3,142.168957
P384_BIKE_L3,P384_BIKE_L3,136.531152
P384_BIKE_L3,P384_BIKE_L3,122.908748
P384_BIKE_L3,P384_BIKE_L3,132.96304
P384_BIKE_L3,P384_BIKE_L3,130.743579
P384_BIKE_L3,P384_BIKE_L3,127.966066
P384_BIKE_L3,P384_BIKE_L3,144.361057
P384_BIKE_L3,P384_BIKE_L3,129.818984
P384_BIKE_L3,P384_BIKE_L3,146.32728
P384_BIKE_L3,P384_BIKE_L3,136.468758
P384_BIKE_L3,P384_BIKE_L3,125.810074
P384_BIKE_L3,P384_BIKE_L3,137.619719
P384_BIKE_L3,P384_BIKE_L3,139.203033
P384_BIKE_L3,P384_BIKE_L3,138.070703
P384_BIKE_L3,P384_BIKE_L3,135.603254
P384_BIKE_L3,P384_BIKE_L3,132.455482
P384_BIKE_L3,P384_BIKE_L3,125.453981
P384_BIKE_L3,P384_BIKE_L3,138.996243
P384_BIKE_L3,P384_BIKE_L3,128.856639
P384_BIKE_L3,P384_BIKE_L3,134.305717
P384_BIKE_L3,P384_BIKE_L3,140.925922
P384_BIKE_L3,P384_BIKE_L3,130.641679
P384_BIKE_L3,P384_BIKE_L3,129.105546
P384_BIKE_L3,P384_BIKE_L3,129.793527
P384_BIKE_L3,P384_BIKE_L3,137.013994
P384_BIKE_L3,P384_BIKE_L3,130.283104
P384_BIKE_L3,P384_BIKE_L3,136.09525
P384_BIKE_L3,P384_BIKE_L3,136.469811
P384_BIKE_L3,P384_BIKE_L3,124.45714
P384_BIKE_L3,P384_BIKE_L3,137.30292
P384_BIKE_L3,P384_BIKE_L3,134.40007
P384_BIKE_L3,P384_BIKE_L3,130.467961
P384_BIKE_L3,P384_BIKE_L3,131.065903
P384_BIKE_L3,P384_BIKE_L3,130.084764
P384_BIKE_L3,P384_BIKE_L3,129.502122
P384_BIKE_L3,P384_BIKE_L3,131.195265
P384_BIKE_L3,P384_BIKE_L3,133.639457
P384_BIKE_L3,P384_BIKE_L3,133.841446
P384_BIKE_L3,P384_BIKE_L3,140.45187
P384_BIKE_L3,P384_BIKE_L3,140.822532
P384_BIKE_L3,P384_BIKE_L3,134.248327
P384_BIKE_L3,P384_BIKE_L3,148.89315
P384_BIKE_L3,P384_BIKE_L3,130.970824
P384_BIKE_L3,P384_BIKE_L3,124.478803
P384_BIKE_L3,P384_BIKE_L3,128.327788
P384_BIKE_L3,P384_BIKE_L3,133.962161
P384_BIKE_L3,P384_BIKE_L3,137.775631
P384_BIKE_L3,P384_BIKE_L3,137.307531
P384_BIKE_L3,P384_BIKE_L3,126.247465
P384_BIKE_L3,P384_BIKE_L3,136.957214
P384_BIKE_L3,P384_BIKE_L3,132.349079
P384_BIKE_L3,P384_BIKE_L3,138.514403
P384_BIKE_L3,P384_BIKE_L3,141.157705
P384_BIKE_L3,P384_BIKE_L3,128.838941
P384_BIKE_L3,P384_BIKE_L3,139.158739
P384_BIKE_L3,P384_BIKE_L3,136.704877
P384_BIKE_L3,P384_BIKE_L3,147.065789
P384_BIKE_L3,P384_BIKE_L3,130.390276
P384_BIKE_L3,P384_BIKE_L3,140.176864
P384_BIKE_L3,P384_BIKE_L3,126.240541
P384_BIKE_L3,P384_BIKE_L3,125.908181
P384_BIKE_L3,P384_BIKE_L3,125.669039
P384_BIKE_L3,P384_BIKE_L3,137.483318
P384_BIKE_L3,P384_BIKE_L3,139.412528
P384_BIKE_L3,P384_BIKE_L3,127.523579
P384_BIKE_L3,P384_BIKE_L3,132.120717
P384_BIKE_L3,P384_BIKE_L3,123.694908
P384_BIKE_L3,P384_BIKE_L3,126.328407
P384_BIKE_L3,P384_BIKE_L3,137.159974
P384_BIKE_L3,P384_BIKE_L3,133.377211
P384_BIKE_L3,P384_BIKE_L3,128.072498
P384_BIKE_L3,P384_BIKE_L3,131.421507
P384_BIKE_L3,P384_BIKE_L3,135.352826
P384_BIKE_L3,P384_BIKE_L3,130.568319
P384_BIKE_L3,P384_BIKE_L3,129.854444
P384_BIKE_L3,P384_BIKE_L3,136.677553
P384_BIKE_L3,P384_BIKE_L3,137.99339
P384_BIKE_L3,P384_BIKE_L3,136.350864
P384_BIKE_L3,P384_BIKE_L3,145.85103
P384_BIKE_L3,P384_BIKE_L3,128.55256
P384_BIKE_L3,P384_BIKE_L3,132.25312
P384_BIKE_L3,P384_BIKE_L3,146.80504
P384_BIKE_L3,P384_BIKE_L3,124.969986
P384_BIKE_L3,P384_BIKE_L3,140.163408
P384_BIKE_L3,P384_BIKE_L3,131.641444
P384_BIKE_L3,P384_BIKE_L3,128.462919
P384_BIKE_L3,P384_BIKE_L3,133.408503
P384_BIKE_L3,P384_BIKE_L3,130.488935
P384_BIKE_L3,P384_BIKE_L3,134.610337
P384_BIKE_L3,P384_BIKE_L3,140.02794
P384_BIKE_L3,P384_BIKE_L3,132.564656
P384_BIKE_L3,P384_BIKE_L3,135.697587
P384_BIKE_L3,P384_BIKE_L3,136.973671
P384_BIKE_L3,P384_BIKE_L3,134.134224
P384_BIKE_L3,P384_BIKE_L3,138.44617
P384_BIKE_L3,P384_BIKE_L3,138.266493
P384_BIKE_L3,P384_BIKE_L3,130.028654
P384_BIKE_L3,P384_BIKE_L3,132.835131
P384_BIKE_L3,P384_BIKE_L3,133.716091
P384_BIKE_L3,P384_BIKE_L3,134.012172
P384_BIKE_L3,P384_BIKE_L3,134.348851
P384_BIKE_L3,P384_BIKE_L3,128.778539
P384_BIKE_L3,P384_BIKE_L3,137.288152
P384_BIKE_L3,P384_BIKE_L3,122.684337
P384_BIKE_L3,P384_BIKE_L3,126.917031
P384_BIKE_L3,P384_BIKE_L3,128.95544
P384_BIKE_L3,P384_BIKE_L3,136.238824
P384_BIKE_L3,P384_BIKE_L3,128.929559
P384_BIKE_L3,P384_BIKE_L3,134.443489
P384_BIKE_L3,P384_BIKE_L3,128.086334
P384_BIKE_L3,P384_BIKE_L3,129.316637
P384_BIKE_L3,P384_BIKE_L3,127.658694
P384_BIKE_L3,P384_BIKE_L3,137.864526
P384_BIKE_L3,P384_BIKE_L3,136.812146
P384_BIKE_L3,P384_BIKE_L3,138.778278
P384_BIKE_L3,P384_BIKE_L3,125.892491
P384_BIKE_L3,P384_BIKE_L3,131.996151
P384_BIKE_L3,P384_BIKE_L3,123.78406
P384_BIKE_L3,P384_BIKE_L3,129.955458
P384_BIKE_L3,P384_BIKE_L3,125.571294
P384_BIKE_L3,P384_BIKE_L3,135.897336
P384_BIKE_L3,P384_BIKE_L3,131.804571
P384_BIKE_L3,P384_BIKE_L3,133.029057
P384_BIKE_L3,P384_BIKE_L3,134.114874
P384_BIKE_L3,P384_BIKE_L3,127.858701
P384_BIKE_L3,P384_BIKE_L3,136.332761
P384_BIKE_L3,P384_BIKE_L3,126.075485
P384_BIKE_L3,P384_BIKE_L3,136.905376
P384_BIKE_L3,P384_BIKE_L3,135.98496
P384_BIKE_L3,P384_BIKE_L3,133.387254
P384_BIKE_L3,P384_BIKE_L3,138.624716
P384_BIKE_L3,P384_BIKE_L3,132.580168
P384_BIKE_L3,P384_BIKE_L3,141.158586
P384_BIKE_L3,P384_BIKE_L3,140.239549
P384_BIKE_L3,P384_BIKE_L3,133.768431
P384_BIKE_L3,P384_BIKE_L3,126.955184
P384_BIKE_L3,P384_BIKE_L3,142.255126
P384_BIKE_L3,P384_BIKE_L3,142.51778
P384_BIKE_L3,P384_BIKE_L3,133.961394
P384_BIKE_L3,P384_BIKE_L3,130.148345
P384_BIKE_L3,P384_BIKE_L3,130.432552
P384_BIKE_L3,P384_BIKE_L3,140.130413
P384_BIKE_L3,P384_BIKE_L3,140.602864
P384_BIKE_L3,P384_BIKE_L3,136.444452
P384_BIKE_L3,P384_BIKE_L3,125.020817
P384_BIKE_L3,P384_BIKE_L3,130.018626
P384_BIKE_L3,P384_BIKE_L3,134.726785
P384_BIKE_L3,P384_BIKE_L3,137.673229
P384_BIKE_L3,P384_BIKE_L3,129.343671
P384_BIKE_L3,P384_BIKE_L3,135.439828
P384_BIKE_L3,P384_BIKE_L3,136.257408
P384_BIKE_L3,P384_BIKE_L3,139.941622
P384_BIKE_L3,P384_BIKE_L3,132.022758
P384_BIKE_L3,P384_BIKE_L3,136.620118
P384_BIKE_L3,P384_BIKE_L3,127.533449
P384_BIKE_L3,P384_BIKE_L3,138.72833
P384_BIKE_L3,P384_BIKE_L3,130.264607
P384_BIKE_L3,P384_BIKE_L3,139.646891
P384_BIKE_L3,P384_BIKE_L3,138.977417
P384_BIKE_L3,P384_BIKE_L3,135.910279
P384_BIKE_L3,P384_BIKE_L3,132.331746
P384_BIKE_L3,P384_BIKE_L3,126.425161
P384_BIKE_L3,P384_BIKE_L3,133.458643
P384_BIKE_L3,P384_BIKE_L3,140.235235
P384_BIKE_L3,P384_BIKE_L3,145.28735
P384_BIKE_L3,P384_BIKE_L3,127.07505
P384_BIKE_L3,P384_BIKE_L3,127.245446
P384_BIKE_L3,P384_BIKE_L3,133.262155
P384_BIKE_L3,P384_BIKE_L3,132.857299
P384_BIKE_L3,P384_BIKE_L3,130.871921
P384_BIKE_L3,P384_BIKE_L3,130.32987
P384_BIKE_L3,P384_BIKE_L3,131.904385
P384_BIKE_L3,P384_BIKE_L3,124.02785
P384_BIKE_L3,P384_BIKE_L3,136.90797
P384_BIKE_L3,P384_BIKE_L3,140.330889
P384_BIKE_L3,P384_BIKE_L3,127.383482
P384_BIKE_L3,P384_BIKE_L3,129.093977
P384_BIKE_L3,P384_BIKE_L3,137.820255
P384_BIKE_L3,P384_BIKE_L3,124.741225
P384_BIKE_L3,P384_BIKE_L3,137.124667
P384_BIKE_L3,P384_BIKE_L3,141.80655
P384_BIKE_L3,P384_BIKE_L3,127.94369
P384_BIKE_L3,P384_BIKE_L3,139.920803
P384_BIKE_L3,P384_BIKE_L3,125.430328
P384_BIKE_L3,P384_BIKE_L3,138.960766
P384_BIKE_L3,P384_BIKE_L3,135.963676
P384_BIKE_L3,P384_BIKE_L3,127.724748
P384_BIKE_L3,P384_BIKE_L3,130.731393
P384_BIKE_L3,P384_BIKE_L3,137.205623
P384_BIKE_L3,P384_BIKE_L3,130.253136
P384_BIKE_L3,P384_BIKE_L3,131.110746
P384_BIKE_L3,P384_BIKE_L3,131.911051
P384_BIKE_L3,P384_BIKE_L3,129.228978
P384_BIKE_L3,P384_BIKE_L3,147.623073
P384_BIKE_L3,P384_BIKE_L3,139.302701
P384_BIKE_L3,P384_BIKE_L3,137.80621
P384_BIKE_L3,P384_BIKE_L3,149.232367
P384_BIKE_L3,P384_BIKE_L3,140.904801
P384_BIKE_L3,P384_BIKE_L3,137.861762
P384_BIKE_L3,P384_BIKE_L3,125.166795
P384_BIKE_L3,P384_BIKE_L3,124.615096
P384_BIKE_L3,P384_BIKE_L3,128.625359
P384_BIKE_L3,P384_BIKE_L3,140.258969
P384_BIKE_L3,P384_BIKE_L3,135.793394
P384_BIKE_L3,P384_BIKE_L3,134.017106
P384_BIKE_L3,P384_BIKE_L3,128.784976
P384_BIKE_L3,P384_BIKE_L3,129.243445
P384_BIKE_L3,P384_BIKE_L3,128.181223
P384_BIKE_L3,P384_BIKE_L3,137.019794
P384_BIKE_L3,P384_BIKE_L3,129.115775
P384_BIKE_L3,P384_BIKE_L3,128.007046
P384_BIKE_L3,P384_BIKE_L3,129.509237
P384_BIKE_L3,P384_BIKE_L3,134.019723
P384_BIKE_L3,P384_BIKE_L3,136.448942
P384_BIKE_L3,P384_BIKE_L3,140.192731
P384_BIKE_L3,P384_BIKE_L3,145.857063
P384_BIKE_L3,P384_BIKE_L3,138.238073
P384_BIKE_L3,P384_BIKE_L3,137.728939
P384_BIKE_L3,P384_BIKE_L3,140.142331
P384_BIKE_L3,P384_BIKE_L3,137.63689
P384_BIKE_L3,P384_BIKE_L3,133.081362
P384_BIKE_L3,P384_BIKE_L3,130.766693
P384_BIKE_L3,P384_BIKE_L3,127.916927
P384_BIKE_L3,P384_BIKE_L3,142.110465
P384_BIKE_L3,P384_BIKE_L3,131.120926
P384_BIKE_L3,P384_BIKE_L3,145.915602
P384_BIKE_L3,P384_BIKE_L3,131.306056
P384_BIKE_L3,P384_BIKE_L3,135.367923
P384_BIKE_L3,P384_BIKE_L3,130.320111
P384_BIKE_L3,P384_BIKE_L3,137.079948
P384_BIKE_L3,P384_BIKE_L3,132.871342
P384_BIKE_L3,P384_BIKE_L3,126.893607
P384_BIKE_L3,P384_BIKE_L3,131.853501
P384_BIKE_L3,P384_BIKE_L3,132.959883
P384_BIKE_L3,P384_BIKE_L3,131.580749
P384_BIKE_L3,P384_BIKE_L3,143.424836
P384_BIKE_L3,P384_BIKE_L3,136.127446
P384_BIKE_L3,P384_BIKE_L3,133.310696
P384_BIKE_L3,P384_BIKE_L3,133.975019
P384_BIKE_L3,P384_BIKE_L3,124.553455
P384_BIKE_L3,P384_BIKE_L3,130.957103
P384_BIKE_L3,P384_BIKE_L3,135.747179
P384_BIKE_L3,P384_BIKE_L3,134.358497
P384_BIKE_L3,P384_BIKE_L3,139.100589
P384_BIKE_L3,P384_BIKE_L3,129.729427
P384_BIKE_L3,P384_BIKE_L3,138.586641
P384_BIKE_L3,P384_BIKE_L3,140.057485
P384_BIKE_L3,P384_BIKE_L3,136.393424
P384_BIKE_L3,P384_BIKE_L3,130.888545
P384_BIKE_L3,P384_BIKE_L3,144.62923
P384_BIKE_L3,P384_BIKE_L3,138.457878
P384_BIKE_L3,P384_BIKE_L3,127.373429
P384_BIKE_L3,P384_BIKE_L3,132.787266
P384_BIKE_L3,P384_BIKE_L3,135.923893
P384_BIKE_L3,P384_BIKE_L3,134.513194
P384_BIKE_L3,P384_BIKE_L3,124.856113
P384_BIKE_L3,P384_BIKE_L3,137.957669
P384_BIKE_L3,P384_BIKE_L3,132.467079
P384_BIKE_L3,P384_BIKE_L3,136.354773
P384_BIKE_L3,P384_BIKE_L3,130.330852
P384_BIKE_L3,P384_BIKE_L3,126.213844
P384_BIKE_L3,P384_BIKE_L3,134.393724
P384_BIKE_L3,P384_BIKE_L3,140.977068
P384_BIKE_L3,P384_BIKE_L3,128.372176
P384_BIKE_L3,P384_BIKE_L3,125.217371
P384_BIKE_L3,P384_BIKE_L3,132.614151
P384_BIKE_L3,P384_BIKE_L3,138.226332
P384_BIKE_L3,P384_BIKE_L3,131.616779
P384_BIKE_L3,P384_BIKE_L3,129.569017
P384_BIKE_L3,P384_BIKE_L3,123.831116
P384_BIKE_L3,P384_BIKE_L3,127.843425
P384_BIKE_L3,P384_BIKE_L3,132.237169
P384_BIKE_L3,P384_BIKE_L3,134.696318
P384_BIKE_L3,P384_BIKE_L3,125.200252
P384_BIKE_L3,P384_BIKE_L3,140.193856
P384_BIKE_L3,P384_BIKE_L3,128.194507
P384_BIKE_L3,P384_BIKE_L3,126.892973
P384_BIKE_L3,P384_BIKE_L3,124.082563
P384_BIKE_L3,P384_BIKE_L3,130.706266
P384_BIKE_L3,P384_BIKE_L3,133.466867
P384_BIKE_L3,P384_BIKE_L3,125.725228
P384_BIKE_L3,P384_BIKE_L3,131.427776
P384_BIKE_L3,P384_BIKE_L3,124.80753
P384_BIKE_L3,P384_BIKE_L3,130.732467
P384_BIKE_L3,P384_BIKE_L3,133.097449
P384_BIKE_L3,P384_BIKE_L3,140.812526
P384_BIKE_L3,P384_BIKE_L3,136.87606
P384_BIKE_L3,P384_BIKE_L3,135.166463
P384_BIKE_L3,P384_BIKE_L3,133.70403
P384_BIKE_L3,P384_BIKE_L3,137.828412
P384_BIKE_L3,P384_BIKE_L3,133.925023
P384_BIKE_L3,P384_BIKE_L3,126.267904
P384_BIKE_L3,P384_BIKE_L3,138.814935
P384_BIKE_L3,P384_BIKE_L3,127.667391
P384_BIKE_L3,P384_BIKE_L3,128.231719
P384_BIKE_L3,P384_BIKE_L3,139.326075
P384_BIKE_L3,P384_BIKE_L3,130.924534
P384_BIKE_L3,P384_BIKE_L3,144.807284
P384_BIKE_L3,P384_BIKE_L3,126.743328
P384_BIKE_L3,P384_BIKE_L3,141.039796
P384_BIKE_L3,P384_BIKE_L3,137.502124
P384_BIKE_L3,P384_BIKE_L3,137.689266
P384_BIKE_L3,P384_BIKE_L3,129.351345
P384_BIKE_L3,P384_BIKE_L3,140.517692
P384_BIKE_L3,P384_BIKE_L3,132.904668
P384_BIKE_L3,P384_BIKE_L3,126.880592
P384_BIKE_L3,P384_BIKE_L3,144.826984
P384_BIKE_L3,P384_BIKE_L3,138.869798
P384_BIKE_L3,P384_BIKE_L3,134.001272
P384_BIKE_L3,P384_BIKE_L3,134.716159
P384_BIKE_L3,P384_BIKE_L3,130.291153
P384_BIKE_L3,P384_BIKE_L3,136.023148
P384_BIKE_L3,P384_BIKE_L3,125.219304
P384_BIKE_L3,P384_BIKE_L3,138.427016
P384_BIKE_L3,P384_BIKE_L3,136.510807
P384_BIKE_L3,P384_BIKE_L3,131.556134
P384_BIKE_L3,P384_BIKE_L3,133.316032
P384_BIKE_L3,P384_BIKE_L3,131.996876
P384_BIKE_L3,P384_BIKE_L3,143.775936
P384_BIKE_L3,P384_BIKE_L3,132.044617
P384_BIKE_L3,P384_BIKE_L3,128.069656
P384_BIKE_L3,P384_BIKE_L3,130.60447
P384_BIKE_L3,P384_BIKE_L3,133.487504
P384_BIKE_L3,P384_BIKE_L3,135.246324
P384_BIKE_L3,P384_BIKE_L3,138.089085
P384_BIKE_L3,P384_BIKE_L3,140.800674
P384_BIKE_L3,P384_BIKE_L3,129.517802
P384_BIKE_L3,P384_BIKE_L3,136.943061
P384_BIKE_L3,P384_BIKE_L3,127.969896
P384_BIKE_L3,P384_BIKE_L3,132.658046
P384_BIKE_L3,P384_BIKE_L3,144.386073
P384_BIKE_L3,P384_BIKE_L3,125.924734
P384_BIKE_L3,P384_BIKE_L3,134.839333
P384_BIKE_L3,P384_BIKE_L3,131.929323
P384_BIKE_L3,P384_BIKE_L3,140.623717
P384_BIKE_L3,P384_BIKE_L3,127.672324
P384_BIKE_L3,P384_BIKE_L3,133.500787
P384_BIKE_L3,P384_BIKE_L3,124.758245
P384_BIKE_L3,P384_BIKE_L3,136.573732
P384_BIKE_L3,P384_BIKE_L3,135.621465
P384_BIKE_L3,P384_BIKE_L3,127.410795
P384_BIKE_L3,P384_BIKE_L3,133.2634
P384_BIKE_L3,P384_BIKE_L3,128.313106
P384_BIKE_L3,P384_BIKE_L3,136.154368
P384_BIKE_L3,P384_BIKE_L3,127.642156
P384_BIKE_L3,P384_BIKE_L3,131.932414
P384_BIKE_L3,P384_BIKE_L3,132.715722
P384_BIKE_L3,P384_BIKE_L3,130.083469
P384_BIKE_L3,P384_BIKE_L3,127.02408
P384_BIKE_L3,P384_BIKE_L3,127.027777
P384_BIKE_L3,P384_BIKE_L3,133.000906
P384_BIKE_L3,P384_BIKE_L3,128.386111
P384_BIKE_L3,P384_BIKE_L3,131.121434
P384_BIKE_L3,P384_BIKE_L3,137.085354
P384_BIKE_L3,P384_BIKE_L3,136.500768
P384_BIKE_L3,P384_BIKE_L3,126.847095
P384_BIKE_L3,P384_BIKE_L3,135.662326
P384_BIKE_L3,P384_BIKE_L3,127.421179
P384_BIKE_L3,P384_BIKE_L3,131.344869
P384_BIKE_L3,P384_BIKE_L3,121.860303
P384_BIKE_L3,P384_BIKE_L3,145.145129
P384_BIKE_L3,P384_BIKE_L3,139.142376
P384_BIKE_L3,P384_BIKE_L3,134.390281
P384_BIKE_L3,P384_BIKE_L3,127.419043
P384_BIKE_L3,P384_BIKE_L3,146.657429
P384_BIKE_L3,P384_BIKE_L3,138.794839
P384_BIKE_L3,P384_BIKE_L3,129.025956
P384_BIKE_L3,P384_BIKE_L3,141.369434
P384_BIKE_L3,P384_BIKE_L3,125.924905
P384_BIKE_L3,P384_BIKE_L3,131.689771
P384_BIKE_L3,P384_BIKE_L3,133.786978
P384_BIKE_L3,P384_BIKE_L3,135.935705
P384_BIKE_L3,P384_BIKE_L3,128.962913
P384_BIKE_L3,P384_BIKE_L3,128.092565
P384_BIKE_L3,P384_BIKE_L3,145.861996
P384_BIKE_L3,P384_BIKE_L3,137.214576
P384_BIKE_L3,P384_BIKE_L3,128.645153
P384_BIKE_L3,P384_BIKE_L3,128.406028
P384_BIKE_L3,P384_BIKE_L3,146.261901
P384_BIKE_L3,P384_BIKE_L3,143.264404
P384_BIKE_L3,P384_BIKE_L3,125.42951
P384_BIKE_L3,P384_BIKE_L3,129.483867
P384_BIKE_L3,P384_BIKE_L3,129.952513
P384_BIKE_L3,P384_BIKE_L3,130.042825
P384_BIKE_L3,P384_BIKE_L3,139.167757
P384_BIKE_L3,P384_BIKE_L3,135.876133
P384_BIKE_L3,P384_BIKE_L3,131.821446
P384_BIKE_L3,P384_BIKE_L3,129.744057
P384_BIKE_L3,P384_BIKE_L3,140.030623
P384_BIKE_L3,P384_BIKE_L3,128.405923
P384_BIKE_L3,P384_BIKE_L3,141.740832
P384_BIKE_L3,P384_BIKE_L3,131.838329
P384_BIKE_L3,P384_BIKE_L3,138.869391
P384_BIKE_L3,P384_BIKE_L3,133.146628
P384_BIKE_L3,P384_BIKE_L3,125.434054
P384_BIKE_L3,P384_BIKE_L3,139.501785
P384_BIKE_L3,P384_BIKE_L3,131.451314
P384_BIKE_L3,P384_BIKE_L3,140.952749
P384_BIKE_L3,P384_BIKE_L3,127.815123
P384_BIKE_L3,P384_BIKE_L3,126.379515
P384_BIKE_L3,P384_BIKE_L3,128.780477
P384_BIKE_L3,P384_BIKE_L3,135.925985
P384_BIKE_L3,P384_BIKE_L3,129.60689
P384_BIKE_L3,P384_BIKE_L3,128.619011
P384_BIKE_L3,P384_BIKE_L3,126.33503
P384_BIKE_L3,P384_BIKE_L3,140.168023
P384_BIKE_L3,P384_BIKE_L3,126.936139
P384_BIKE_L3,P384_BIKE_L3,130.745171
P384_BIKE_L3,P384_BIKE_L3,133.373654
P384_BIKE_L3,P384_BIKE_L3,125.643971
P384_BIKE_L3,P384_BIKE_L3,129.846854
P384_BIKE_L3,P384_BIKE_L3,129.728954
P384_BIKE_L3,P384_BIKE_L3,128.483334
P384_BIKE_L3,P384_BIKE_L3,138.690765
P384_BIKE_L3,P384_BIKE_L3,134.053509
P384_BIKE_L3,P384_BIKE_L3,127.80312
P384_BIKE_L3,P384_BIKE_L3,136.642849
P384_BIKE_L3,P384_BIKE_L3,139.221773
P384_BIKE_L3,P384_BIKE_L3,148.894062
P384_BIKE_L3,P384_BIKE_L3,127.517343
P384_BIKE_L3,P384_BIKE_L3,146.750641
P384_BIKE_L3,P384_BIKE_L3,138.282305
P384_BIKE_L3,P384_BIKE_L3,138.617822
P384_BIKE_L3,P384_BIKE_L3,131.603436
P384_BIKE_L3,P384_BIKE_L3,137.089496
P384_BIKE_L3,P384_BIKE_L3,149.054148
P384_BIKE_L3,P384_BIKE_L3,128.589165
P384_BIKE_L3,P384_BIKE_L3,144.34438
P384_BIKE_L3,P384_BIKE_L3,130.284346
P384_BIKE_L3,P384_BIKE_L3,134.304417
P384_BIKE_L3,P384_BIKE_L3,134.689431
P384_BIKE_L3,P384_BIKE_L3,143.955923
P384_BIKE_L3,P384_BIKE_L3,139.880739
P384_BIKE_L3,P384_BIKE_L3,128.972891
P384_BIKE_L3,P384_BIKE_L3,147.928396
P384_BIKE_L3,P384_BIKE_L3,136.315078
P384_BIKE_L3,P384_BIKE_L3,136.4573
P384_BIKE_L3,P384_BIKE_L3,131.379136
P384_BIKE_L3,P384_BIKE_L3,135.086498
P384_BIKE_L3,P384_BIKE_L3,137.968432
P384_BIKE_L3,P384_BIKE_L3,146.059245
P384_BIKE_L3,P384_BIKE_L3,143.099282
P384_BIKE_L3,P384_BIKE_L3,135.901067
P384_BIKE_L3,P384_BIKE_L3,130.534494
P384_BIKE_L3,P384_BIKE_L3,140.525232
P384_BIKE_L3,P384_BIKE_L3,133.715313
P384_BIKE_L3,P384_BIKE_L3,125.95959
P384_BIKE_L3,P384_BIKE_L3,130.025593
P384_BIKE_L3,P384_BIKE_L3,139.990118
P384_BIKE_L3,P384_BIKE_L3,147.270788
P384_BIKE_L3,P384_BIKE_L3,136.032574
P384_BIKE_L3,P384_BIKE_L3,131.107185
P384_BIKE_L3,P384_BIKE_L3,136.936943
P384_BIKE_L3,P384_BIKE_L3,142.328408
P384_BIKE_L3,P384_BIKE_L3,136.684037
P384_BIKE_L3,P384_BIKE_L3,127.416939
P384_BIKE_L3,P384_BIKE_L3,127.459097
P384_BIKE_L3,P384_BIKE_L3,132.560473
P384_BIKE_L3,P384_BIKE_L3,133.354674
P384_BIKE_L3,P384_BIKE_L3,143.998398
P384_BIKE_L3,P384_BIKE_L3,130.347031
P384_BIKE_L3,P384_BIKE_L3,140.925976
P384_BIKE_L3,P384_BIKE_L3,129.735334
P384_BIKE_L3,P384_BIKE_L3,122.661969
P384_BIKE_L3,P384_BIKE_L3,132.870701
P384_BIKE_L3,P384_BIKE_L3,146.103405
P384_BIKE_L3,P384_BIKE_L3,145.839801
P384_BIKE_L3,P384_BIKE_L3,140.094956
P384_BIKE_L3,P384_BIKE_L3,136.304933
P384_BIKE_L3,P384_BIKE_L3,126.100609
P384_BIKE_L3,P384_BIKE_L3,128.297035
P384_BIKE_L3,P384_BIKE_L3,131.134533
P384_BIKE_L3,P384_BIKE_L3,140.501546
P384_BIKE_L3,P384_BIKE_L3,130.383485
P384_BIKE_L3,P384_BIKE_L3,139.24088
P384_BIKE_L3,P384_BIKE_L3,129.008963
P384_BIKE_L3,P384_BIKE_L3,126.891285
P384_BIKE_L3,P384_BIKE_L3,127.212589
P384_BIKE_L3,P384_BIKE_L3,128.489342
P384_BIKE_L3,P384_BIKE_L3,134.885174
P384_BIKE_L3,P384_BIKE_L3,140.681954
P384_BIKE_L3,P384_BIKE_L3,136.463087
P384_BIKE_L3,P384_BIKE_L3,137.357522
P384_BIKE_L3,P384_BIKE_L3,137.823356
P384_BIKE_L3,P384_BIKE_L3,132.356198
P384_BIKE_L3,P384_BIKE_L3,136.921926
P384_BIKE_L3,P384_BIKE_L3,140.002375
P384_BIKE_L3,P384_BIKE_L3,129.150818
P384_BIKE_L3,P384_BIKE_L3,131.987474
P384_BIKE_L3,P384_BIKE_L3,129.329303
P384_BIKE_L3,P384_BIKE_L3,140.421318
P384_BIKE_L3,P384_BIKE_L3,133.327328
P384_BIKE_L3,P384_BIKE_L3,132.270061
P384_BIKE_L3,P384_BIKE_L3,137.085383
P384_BIKE_L3,P384_BIKE_L3,147.569957
P384_BIKE_L3,P384_BIKE_L3,126.912813
P384_BIKE_L3,P384_BIKE_L3,136.966094
P384_BIKE_L3,P384_BIKE_L3,129.251785
P384_BIKE_L3,P384_BIKE_L3,138.699067
P384_BIKE_L3,P384_BIKE_L3,137.931462
P384_BIKE_L3,P384_BIKE_L3,129.457119
P384_BIKE_L3,P384_BIKE_L3,130.610325
P384_BIKE_L3,P384_BIKE_L3,132.734305
P384_BIKE_L3,P384_BIKE_L3,138.958281
P384_BIKE_L3,P384_BIKE_L3,134.047003
P384_BIKE_L3,P384_BIKE_L3,136.364547
P384_BIKE_L3,P384_BIKE_L3,140.748606
P384_BIKE_L3,P384_BIKE_L3,132.543071
P384_BIKE_L3,P384_BIKE_L3,126.625921
P384_BIKE_L3,P384_BIKE_L3,138.577136
P384_BIKE_L3,P384_BIKE_L3,128.926544
P384_BIKE_L3,P384_BIKE_L3,138.713695
P384_BIKE_L3,P384_BIKE_L3,137.961063
P384_BIKE_L3,P384_BIKE_L3,132.506534
P384_BIKE_L3,P384_BIKE_L3,132.876268
P384_BIKE_L3,P384_BIKE_L3,133.709149
P384_BIKE_L3,P384_BIKE_L3,137.667955
P384_BIKE_L3,P384_BIKE_L3,128.191413
P384_BIKE_L3,P384_BIKE_L3,126.173922
P384_BIKE_L3,P384_BIKE_L3,130.047554
P384_BIKE_L3,P384_BIKE_L3,141.517884
P384_BIKE_L3,P384_BIKE_L3,137.236748
P384_BIKE_L3,P384_BIKE_L3,131.360522
P384_BIKE_L3,P384_BIKE_L3,138.212935
P384_BIKE_L3,P384_BIKE_L3,133.820478
P384_BIKE_L3,P384_BIKE_L3,138.341923
P384_BIKE_L3,P384_BIKE_L3,140.036188
P384_BIKE_L3,P384_BIKE_L3,129.261882
P384_BIKE_L3,P384_BIKE_L3,148.852403
P384_BIKE_L3,P384_BIKE_L3,148.110146
P384_BIKE_L3,P384_BIKE_L3,132.420876
P384_BIKE_L3,P384_BIKE_L3,135.017645
P384_BIKE_L3,P384_BIKE_L3,132.295976
P384_BIKE_L3,P384_BIKE_L3,128.897241
P384_BIKE_L3,P384_BIKE_L3,141.419273
P384_BIKE_L3,P384_BIKE_L3,140.658829
P384_BIKE_L3,P384_BIKE_L3,139.026226
P384_BIKE_L3,P384_BIKE_L3,141.566695
P384_BIKE_L3,P384_BIKE_L3,125.180205
P384_BIKE_L3,P384_BIKE_L3,143.45532
P384_BIKE_L3,P384_BIKE_L3,130.43267
P384_BIKE_L3,P384_BIKE_L3,127.282617
P384_BIKE_L3,P384_BIKE_L3,136.642226
P384_BIKE_L3,P384_BIKE_L3,136.614481
P384_BIKE_L3,P384_BIKE_L3,134.167629
P384_BIKE_L3,P384_BIKE_L3,132.992696
P384_BIKE_L3,P384_BIKE_L3,134.186859
P384_BIKE_L3,P384_BIKE_L3,139.523665
P384_BIKE_L3,P384_BIKE_L3,127.021271
P384_BIKE_L3,P384_BIKE_L3,123.870309
P384_BIKE_L3,P384_BIKE_L3,140.368588
P384_BIKE_L3,P384_BIKE_L3,137.632446
P384_BIKE_L3,P384_BIKE_L3,147.865839
P384_BIKE_L3,P384_BIKE_L3,128.200315
P384_BIKE_L3,P384_BIKE_L3,127.961246
P384_BIKE_L3,P384_BIKE_L3,135.320375
P384_BIKE_L3,P384_BIKE_L3,140.91098
P384_BIKE_L3,P384_BIKE_L3,130.120226
P384_BIKE_L3,P384_BIKE_L3,130.483904
P384_BIKE_L3,P384_BIKE_L3,140.229536
P384_BIKE_L3,P384_BIKE_L3,145.28935
P384_BIKE_L3,P384_BIKE_L3,128.203857
P384_BIKE_L3,P384_BIKE_L3,137.57677
P384_BIKE_L3,P384_BIKE_L3,136.381887
P384_BIKE_L3,P384_BIKE_L3,129.656128
P384_BIKE_L3,P384_BIKE_L3,136.194965
P384_BIKE_L3,P384_BIKE_L3,142.6221
P384_BIKE_L3,P384_BIKE_L3,140.571438
P384_BIKE_L3,P384_BIKE_L3,143.041491
P384_BIKE_L3,P384_BIKE_L3,131.671373
P384_BIKE_L3,P384_BIKE_L3,143.098039
P384_BIKE_L3,P384_BIKE_L3,137.877293
P384_BIKE_L3,P384_BIKE_L3,146.113578
P384_BIKE_L3,P384_BIKE_L3,139.417254
P384_BIKE_L3,P384_BIKE_L3,131.845078
P384_BIKE_L3,P384_BIKE_L3,127.727046
P384_BIKE_L3,P384_BIKE_L3,131.856126
P384_BIKE_L3,P384_BIKE_L3,125.599905
P384_BIKE_L3,P384_BIKE_L3,137.390582
P384_BIKE_L3,P384_BIKE_L3,139.674147
P384_BIKE_L3,P384_BIKE_L3,138.27153
P384_BIKE_L3,P384_BIKE_L3,135.831909
P384_BIKE_L3,P384_BIKE_L3,137.244183
P384_BIKE_L3,P384_BIKE_L3,126.413477
P384_BIKE_L3,P384_BIKE_L3,140.575015
P384_BIKE_L3,P384_BIKE_L3,127.381428
P384_BIKE_L3,P384_BIKE_L3,128.77593
P384_BIKE_L3,P384_BIKE_L3,126.634931
P384_BIKE_L3,P384_BIKE_L3,137.456788
P384_BIKE_L3,P384_BIKE_L3,130.977131
P384_BIKE_L3,P384_BIKE_L3,135.070631
P384_BIKE_L3,P384_BIKE_L3,137.273979
P384_BIKE_L3,P384_BIKE_L3,137.438905
P384_BIKE_L3,P384_BIKE_L3,128.141877
P384_BIKE_L3,P384_BIKE_L3,133.494078
P384_BIKE_L3,P384_BIKE_L3,126.059932
P384_BIKE_L3,P384_BIKE_L3,148.235825
P384_BIKE_L3,P384_BIKE_L3,136.958322
P384_BIKE_L3,P384_BIKE_L3,140.723139
P384_BIKE_L3,P384_BIKE_L3,131.996146
P384_BIKE_L3,P384_BIKE_L3,128.756001
P384_BIKE_L3,P384_BIKE_L3,140.576842
P384_BIKE_L3,P384_BIKE_L3,145.891225
P384_BIKE_L3,P384_BIKE_L3,130.101292
P384_BIKE_L3,P384_BIKE_L3,133.440383
P384_BIKE_L3,P384_BIKE_L3,143.002894
P384_BIKE_L3,P384_BIKE_L3,132.894809
P384_BIKE_L3,P384_BIKE_L3,132.814042
P384_BIKE_L3,P384_BIKE_L3,135.563426
P384_BIKE_L3,P384_BIKE_L3,129.649355
P384_BIKE_L3,P384_BIKE_L3,131.234016
P384_BIKE_L3,P384_BIKE_L3,128.631505
P384_BIKE_L3,P384_BIKE_L3,130.969551
P384_BIKE_L3,P384_BIKE_L3,147.559517
P384_BIKE_L3,P384_BIKE_L3,126.625913
P384_BIKE_L3,P384_BIKE_L3,138.688637
P384_BIKE_L3,P384_BIKE_L3,129.678173
P384_BIKE_L3,P384_BIKE_L3,132.433033
P384_BIKE_L3,P384_BIKE_L3,127.251425
P384_BIKE_L3,P384_BIKE_L3,138.239303
P384_BIKE_L3,P384_BIKE_L3,133.887781
P384_BIKE_L3,P384_BIKE_L3,131.094726
P384_BIKE_L3,P384_BIKE_L3,136.564637
P384_BIKE_L3,P384_BIKE_L3,133.55728
P384_BIKE_L3,P384_BIKE_L3,133.766105
P384_BIKE_L3,P384_BIKE_L3,141.659135
P384_BIKE_L3,P384_BIKE_L3,125.802829
P384_BIKE_L3,P384_BIKE_L3,133.331084
P384_BIKE_L3,P384_BIKE_L3,132.902479
P384_BIKE_L3,P384_BIKE_L3,134.040348
P384_BIKE_L3,P384_BIKE_L3,138.348298
P384_BIKE_L3,P384_BIKE_L3,129.374144
P384_BIKE_L3,P384_BIKE_L3,133.728841
P384_BIKE_L3,P384_BIKE_L3,137.994628
P384_BIKE_L3,P384_BIKE_L3,129.953048
P384_BIKE_L3,P384_BIKE_L3,137.53078
P384_BIKE_L3,P384_BIKE_L3,138.935061
P384_BIKE_L3,P384_BIKE_L3,136.643283
P384_BIKE_L3,P384_BIKE_L3,139.894273
P384_BIKE_L3,P384_BIKE_L3,125.757927
P384_BIKE_L3,P384_BIKE_L3,129.064522
P384_BIKE_L3,P384_BIKE_L3,140.772975
P384_BIKE_L3,P384_BIKE_L3,133.21932
P384_BIKE_L3,P384_BIKE_L3,136.753496
P384_BIKE_L3,P384_BIKE_L3,134.350413
P384_BIKE_L3,P384_BIKE_L3,137.914866
P384_BIKE_L3,P384_BIKE_L3,130.915057
P384_BIKE_L3,P384_BIKE_L3,137.92564
P384_BIKE_L3,P384_BIKE_L3,136.317573
P384_BIKE_L3,P384_BIKE_L3,131.763438
P384_BIKE_L3,P384_BIKE_L3,130.269915
P384_BIKE_L3,P384_BIKE_L3,140.66057
P384_BIKE_L3,P384_BIKE_L3,136.99021
P384_BIKE_L3,P384_BIKE_L3,126.089541
P384_BIKE_L3,P384_BIKE_L3,129.590427
P384_BIKE_L3,P384_BIKE_L3,139.826243
P384_BIKE_L3,P384_BIKE_L3,147.350772
P384_BIKE_L3,P384_BIKE_L3,141.392719
P384_BIKE_L3,P384_BIKE_L3,127.815054
P384_BIKE_L3,P384_BIKE_L3,134.885359
P384_BIKE_L3,P384_BIKE_L3,126.127871
P384_BIKE_L3,P384_BIKE_L3,127.618315
P384_BIKE_L3,P384_BIKE_L3,148.044244
P384_BIKE_L3,P384_BIKE_L3,128.834743
P384_BIKE_L3,P384_BIKE_L3,136.121719
P384_BIKE_L3,P384_BIKE_L3,129.741349
P384_BIKE_L3,P384_BIKE_L3,139.602196
P384_BIKE_L3,P384_BIKE_L3,141.078981
P384_BIKE_L3,P384_BIKE_L3,134.651387
P384_BIKE_L3,P384_BIKE_L3,136.302156
P384_BIKE_L3,P384_BIKE_L3,134.908091
P384_BIKE_L3,P384_BIKE_L3,126.747923
P384_BIKE_L3,P384_BIKE_L3,136.265522
P384_BIKE_L3,P384_BIKE_L3,125.972038
P384_BIKE_L3,P384_BIKE_L3,138.390148
P384_BIKE_L3,P384_BIKE_L3,136.440176
P384_BIKE_L3,P384_BIKE_L3,127.874009
P384_BIKE_L3,P384_BIKE_L3,132.841696
P384_BIKE_L3,P384_BIKE_L3,137.829886
P384_BIKE_L3,P384_BIKE_L3,129.037723
P384_BIKE_L3,P384_BIKE_L3,136.305511
P384_BIKE_L3,P384_BIKE_L3,133.454547
P384_BIKE_L3,P384_BIKE_L3,127.317962
P384_BIKE_L3,P384_BIKE_L3,129.039543
P384_BIKE_L3,P384_BIKE_L3,136.653005
P384_BIKE_L3,P384_BIKE_L3,138.657406
P384_BIKE_L3,P384_BIKE_L3,134.825643
P384_BIKE_L3,P384_BIKE_L3,145.751457
P384_BIKE_L3,P384_BIKE_L3,133.634055
P384_BIKE_L3,P384_BIKE_L3,137.287771
P384_BIKE_L3,P384_BIKE_L3,129.282959
P384_BIKE_L3,P384_BIKE_L3,148.019551
P384_BIKE_L3,P384_BIKE_L3,134.173249
P384_BIKE_L3,P384_BIKE_L3,145.917247
P384_BIKE_L3,P384_BIKE_L3,128.439355
P384_BIKE_L3,P384_BIKE_L3,128.649736
P384_BIKE_L3,P384_BIKE_L3,130.287283
P384_BIKE_L3,P384_BIKE_L3,137.294943
P384_BIKE_L3,P384_BIKE_L3,135.37052
P384_BIKE_L3,P384_BIKE_L3,137.869922
P384_BIKE_L3,P384_BIKE_L3,130.164476
P384_BIKE_L3,P384_BIKE_L3,131.455792
P384_BIKE_L3,P384_BIKE_L3,127.04335
P384_BIKE_L3,P384_BIKE_L3,140.064927
P384_BIKE_L3,P384_BIKE_L3,132.582457
P384_BIKE_L3,P384_BIKE_L3,140.130904
P384_BIKE_L3,P384_BIKE_L3,140.944726
P384_BIKE_L3,P384_BIKE_L3,131.165055
P384_BIKE_L3,P384_BIKE_L3,130.618353
P384_BIKE_L3,P384_BIKE_L3,129.528192
P384_BIKE_L3,P384_BIKE_L3,133.71809
P384_BIKE_L3,P384_BIKE_L3,131.657882
P384_BIKE_L3,P384_BIKE_L3,131.085788
P384_BIKE_L3,P384_BIKE_L3,139.15666
P384_BIKE_L3,P384_BIKE_L3,134.390814
P384_BIKE_L3,P384_BIKE_L3,145.052161
P384_BIKE_L3,P384_BIKE_L3,135.390351
P384_BIKE_L3,P384_BIKE_L3,139.14971
P384_BIKE_L3,P384_BIKE_L3,146.795981
P384_BIKE_L3,P384_BIKE_L3,129.228694
P384_BIKE_L3,P384_BIKE_L3,135.802248
P384_BIKE_L3,P384_BIKE_L3,131.104169
P384_BIKE_L3,P384_BIKE_L3,135.623407
P384_BIKE_L3,P384_BIKE_L3,127.172247
P384_BIKE_L3,P384_BIKE_L3,139.102982
P384_BIKE_L3,P384_BIKE_L3,131.052932
P384_BIKE_L3,P384_BIKE_L3,131.409374
P384_BIKE_L3,P384_BIKE_L3,141.736158
P384_BIKE_L3,P384_BIKE_L3,129.781216
P384_BIKE_L3,P384_BIKE_L3,139.121931
P384_BIKE_L3,P384_BIKE_L3,139.911666
P384_BIKE_L3,P384_BIKE_L3,128.462126
P384_BIKE_L3,P384_BIKE_L3,136.328423
P384_BIKE_L3,P384_BIKE_L3,137.961973
P384_BIKE_L3,P384_BIKE_L3,137.100356
P384_BIKE_L3,P384_BIKE_L3,128.803243
P384_BIKE_L3,P384_BIKE_L3,131.005516
P384_BIKE_L3,P384_BIKE_L3,136.675301
P384_BIKE_L3,P384_BIKE_L3,127.570525
P384_BIKE_L3,P384_BIKE_L3,136.149815
P384_BIKE_L3,P384_BIKE_L3,137.837568
P384_BIKE_L3,P384_BIKE_L3,147.223303
P384_BIKE_L3,P384_BIKE_L3,134.350243
P384_BIKE_L3,P384_BIKE_L3,147.972494
P384_BIKE_L3,P384_BIKE_L3,135.786794
P384_BIKE_L3,P384_BIKE_L3,130.462917
P384_BIKE_L3,P384_BIKE_L3,127.132627
P384_BIKE_L3,P384_BIKE_L3,128.351774
P384_BIKE_L3,P384_BIKE_L3,135.412946
P384_BIKE_L3,P384_BIKE_L3,124.94177
P384_BIKE_L3,P384_BIKE_L3,126.746905
P384_BIKE_L3,P384_BIKE_L3,131.233545
P384_BIKE_L3,P384_BIKE_L3,134.092399
P384_BIKE_L3,P384_BIKE_L3,141.532397
P384_BIKE_L3,P384_BIKE_L3,134.144127
P384_BIKE_L3,P384_BIKE_L3,135.341327
P384_BIKE_L3,P384_BIKE_L3,130.36543
P384_BIKE_L3,P384_BIKE_L3,127.561239
P384_BIKE_L3,P384_BIKE_L3,137.046111
P384_BIKE_L3,P384_BIKE_L3,136.235271
P384_BIKE_L3,P384_BIKE_L3,139.980597
P384_BIKE_L3,P384_BIKE_L3,126.393056
P384_BIKE_L3,P384_BIKE_L3,128.222492
P384_BIKE_L3,P384_BIKE_L3,135.269881
P384_BIKE_L3,P384_BIKE_L3,139.580988
P384_BIKE_L3,P384_BIKE_L3,131.246937
P384_BIKE_L3,P384_BIKE_L3,134.002573
P384_BIKE_L3,P384_BIKE_L3,129.295544
P384_BIKE_L3,P384_BIKE_L3,138.467565
P384_BIKE_L3,P384_BIKE_L3,131.658837
P384_BIKE_L3,P384_BIKE_L3,126.314114
P384_BIKE_L3,P384_BIKE_L3,125.231996
P384_BIKE_L3,P384_BIKE_L3,136.515503
P384_BIKE_L3,P384_BIKE_L3,132.726224
P384_BIKE_L3,P384_BIKE_L3,135.530166
P384_BIKE_L3,P384_BIKE_L3,143.143248
P384_BIKE_L3,P384_BIKE_L3,128.900763
P384_BIKE_L3,P384_BIKE_L3,138.99795
P384_BIKE_L3,P384_BIKE_L3,141.109654
P384_BIKE_L3,P384_BIKE_L3,125.748368
P384_BIKE_L3,P384_BIKE_L3,139.040406
P384_BIKE_L3,P384_BIKE_L3,127.621428
P384_BIKE_L3,P384_BIKE_L3,130.604484
P384_BIKE_L3,P384_BIKE_L3,128.526717
P384_BIKE_L3,P384_BIKE_L3,130.072538
P384_BIKE_L3,P384_BIKE_L3,123.161655
P384_BIKE_L3,P384_BIKE_L3,127.697729
P384_BIKE_L3,P384_BIKE_L3,148.708644
P384_BIKE_L3,P384_BIKE_L3,128.807916
P384_BIKE_L3,P384_BIKE_L3,129.191049
P384_BIKE_L3,P384_BIKE_L3,129.606932
P384_BIKE_L3,P384_BIKE_L3,140.519684
P384_BIKE_L3,P384_BIKE_L3,130.20439
P384_BIKE_L3,P384_BIKE_L3,136.383671
P384_BIKE_L3,P384_BIKE_L3,129.153758
P384_BIKE_L3,P384_BIKE_L3,142.439483
P384_BIKE_L3,P384_BIKE_L3,137.373811
P384_BIKE_L3,P384_BIKE_L3,128.806914
P384_BIKE_L3,P384_BIKE_L3,137.33564
P384_BIKE_L3,P384_BIKE_L3,129.688865
P384_BIKE_L3,P384_BIKE_L3,136.980791
P384_BIKE_L3,P384_BIKE_L3,130.441719
P384_BIKE_L3,P384_BIKE_L3,130.092528
P384_BIKE_L3,P384_BIKE_L3,136.215916
P384_BIKE_L3,P384_BIKE_L3,132.598108
P384_BIKE_L3,P384_BIKE_L3,126.828451
P384_BIKE_L3,P384_BIKE_L3,136.924383
P384_BIKE_L3,P384_BIKE_L3,137.512297
P384_BIKE_L3,P384_BIKE_L3,135.291058
P384_BIKE_L3,P384_BIKE_L3,129.251603
P384_BIKE_L3,P384_BIKE_L3,127.438776
P384_BIKE_L3,P384_BIKE_L3,123.896264
P384_BIKE_L3,P384_BIKE_L3,136.719551
P384_BIKE_L3,P384_BIKE_L3,138.147441
P384_BIKE_L3,P384_BIKE_L3,132.166057
P384_BIKE_L3,P384_BIKE_L3,141.316283
P384_BIKE_L3,P384_BIKE_L3,142.88522
P384_BIKE_L3,P384_BIKE_L3,127.024512
P384_BIKE_L3,P384_BIKE_L3,131.758697
P384_BIKE_L3,P384_BIKE_L3,124.470998
P384_BIKE_L3,P384_BIKE_L3,139.388231
P384_BIKE_L3,P384_BIKE_L3,140.283352
P384_BIKE_L3,P384_BIKE_L3,130.936811
P384_BIKE_L3,P384_BIKE_L3,144.006311
P384_BIKE_L3,P384_BIKE_L3,134.401338
P384_BIKE_L3,P384_BIKE_L3,140.1346
P384_BIKE_L3,P384_BIKE_L3,143.887711
P384_BIKE_L3,P384_BIKE_L3,129.959894
P384_BIKE_L3,P384_BIKE_L3,131.430296
P384_BIKE_L3,P384_BIKE_L3,138.255422
P384_BIKE_L3,P384_BIKE_L3,130.326028
P384_BIKE_L3,P384_BIKE_L3,130.572832
P384_BIKE_L3,P384_BIKE_L3,147.954005
P384_BIKE_L3,P384_BIKE_L3,138.154431
P384_BIKE_L3,P384_BIKE_L3,129.526871
P384_BIKE_L3,P384_BIKE_L3,132.665163
P384_BIKE_L3,P384_BIKE_L3,145.98222
P384_BIKE_L3,P384_BIKE_L3,134.076564
P384_BIKE_L3,P384_BIKE_L3,137.788379
P384_BIKE_L3,P384_BIKE_L3,141.537781
P384_BIKE_L3,P384_BIKE_L3,141.88299
P384_BIKE_L3,P384_BIKE_L3,132.04746
P384_BIKE_L3,P384_BIKE_L3,129.963758
P384_BIKE_L3,P384_BIKE_L3,135.57707
P384_BIKE_L3,P384_BIKE_L3,124.350956
P384_BIKE_L3,P384_BIKE_L3,127.830413
P384_BIKE_L3,P384_BIKE_L3,129.110506
P384_BIKE_L3,P384_BIKE_L3,127.567457
P384_BIKE_L3,P384_BIKE_L3,138.435638
P384_BIKE_L3,P384_BIKE_L3,138.523891
P384_BIKE_L3,P384_BIKE_L3,138.478987
P384_BIKE_L3,P384_BIKE_L3,142.379314
P384_BIKE_L3,P384_BIKE_L3,136.685947
P384_BIKE_L3,P384_BIKE_L3,138.42107
P384_BIKE_L3,P384_BIKE_L3,127.297058
P384_BIKE_L3,P384_BIKE_L3,136.437569
P384_BIKE_L3,P384_BIKE_L3,143.331032
P384_BIKE_L3,P384_BIKE_L3,136.765211
P384_BIKE_L3,P384_BIKE_L3,140.048212
P384_BIKE_L3,P384_BIKE_L3,134.827968
P384_BIKE_L3,P384_BIKE_L3,136.432361
P384_BIKE_L3,P384_BIKE_L3,130.512751
P384_BIKE_L3,P384_BIKE_L3,135.816998
P384_BIKE_L3,P384_BIKE_L3,136.063047
P384_BIKE_L3,P384_BIKE_L3,138.051449
P384_BIKE_L3,P384_BIKE_L3,139.526819
P384_BIKE_L3,P384_BIKE_L3,134.379643
P384_BIKE_L3,P384_BIKE_L3,131.81136
P384_BIKE_L3,P384_BIKE_L3,136.73379
P384_BIKE_L3,P384_BIKE_L3,130.25635
P384_BIKE_L3,P384_BIKE_L3,137.836498
P384_BIKE_L3,P384_BIKE_L3,131.03449
P384_BIKE_L3,P384_BIKE_L3,133.616955
P384_BIKE_L3,P384_BIKE_L3,137.360463
P384_BIKE_L3,P384_BIKE_L3,133.905325
P384_BIKE_L3,P384_BIKE_L3,147.966965
P384_BIKE_L3,P384_BIKE_L3,139.935681
P384_BIKE_L3,P384_BIKE_L3,137.752505
P384_BIKE_L3,P384_BIKE_L3,140.851992
P384_BIKE_L3,P384_BIKE_L3,129.895745
P384_BIKE_L3,P384_BIKE_L3,131.97953
P384_BIKE_L3,P384_BIKE_L3,141.017052
P384_BIKE_L3,P384_BIKE_L3,128.167354
P384_BIKE_L3,P384_BIKE_L3,136.024804
P384_BIKE_L3,P384_BIKE_L3,124.388592
P384_BIKE_L3,P384_BIKE_L3,142.004571
P384_BIKE_L3,P384_BIKE_L3,127.257238
P384_BIKE_L3,P384_BIKE_L3,141.405536
P384_BIKE_L3,P384_BIKE_L3,136.031113
P384_BIKE_L3,P384_BIKE_L3,132.635925
P384_BIKE_L3,P384_BIKE_L3,128.830487
P384_BIKE_L3,P384_BIKE_L3,132.5478
P521_HQC_256,P521_HQC_256,268.785521
P521_HQC_256,P521_HQC_256,273.215784
P521_HQC_256,P521_HQC_256,274.726373
P521_HQC_256,P521_HQC_256,287.251029
P521_HQC_256,P521_HQC_256,283.586188
P521_HQC_256,P521_HQC_256,272.010406
P521_HQC_256,P521_HQC_256,279.699337
P521_HQC_256,P521_HQC_256,271.166184
P521_HQC_256,P521_HQC_256,271.426304
P521_HQC_256,P521_HQC_256,278.581969
P521_HQC_256,P521_HQC_256,268.7296
P521_HQC_256,P521_HQC_256,272.854104
P521_HQC_256,P521_HQC_256,272.926435
P521_HQC_256,P521_HQC_256,275.92432
P521_HQC_256,P521_HQC_256,284.105565
P521_HQC_256,P521_HQC_256,266.869589
P521_HQC_256,P521_HQC_256,272.493409
P521_HQC_256,P521_HQC_256,277.040477
P521_HQC_256,P521_HQC_256,279.885867
P521_HQC_256,P521_HQC_256,283.383947
P521_HQC_256,P521_HQC_256,273.358867
P521_HQC_256,P521_HQC_256,274.363362
P521_HQC_256,P521_HQC_256,277.617997
P521_HQC_256,P521_HQC_256,282.361019
P521_HQC_256,P521_HQC_256,290.37045
P521_HQC_256,P521_HQC_256,269.44155
P521_HQC_256,P521_HQC_256,285.620959
P521_HQC_256,P521_HQC_256,280.365517
P521_HQC_256,P521_HQC_256,278.760752
P521_HQC_256,P521_HQC_256,288.946345
P521_HQC_256,P521_HQC_256,269.71284
P521_HQC_256,P521_HQC_256,273.050284
P521_HQC_256,P521_HQC_256,274.744942
P521_HQC_256,P521_HQC_256,274.56574
P521_HQC_256,P521_HQC_256,273.023408
P521_HQC_256,P521_HQC_256,280.47156
P521_HQC_256,P521_HQC_256,278.767871
P521_HQC_256,P521_HQC_256,277.006135
P521_HQC_256,P521_HQC_256,285.795316
P521_HQC_256,P521_HQC_256,274.735082
P521_HQC_256,P521_HQC_256,269.498392
P521_HQC_256,P521_HQC_256,282.252532
P521_HQC_256,P521_HQC_256,282.607541
P521_HQC_256,P521_HQC_256,267.038948
P521_HQC_256,P521_HQC_256,273.219707
P521_HQC_256,P521_HQC_256,291.297448
P521_HQC_256,P521_HQC_256,273.813812
P521_HQC_256,P521_HQC_256,275.97657
P521_HQC_256,P521_HQC_256,272.295492
P521_HQC_256,P521_HQC_256,281.627394
P521_HQC_256,P521_HQC_256,268.055913
P521_HQC_256,P521_HQC_256,284.592141
P521_HQC_256,P521_HQC_256,271.343413
P521_HQC_256,P521_HQC_256,275.121083
P521_HQC_256,P521_HQC_256,277.649428
P521_HQC_256,P521_HQC_256,274.167425
P521_HQC_256,P521_HQC_256,274.259185
P521_HQC_256,P521_HQC_256,281.235954
P521_HQC_256,P521_HQC_256,274.084614
P521_HQC_256,P521_HQC_256,281.661854
P521_HQC_256,P521_HQC_256,281.603851
P521_HQC_256,P521_HQC_256,273.385112
P521_HQC_256,P521_HQC_256,271.270419
P521_HQC_256,P521_HQC_256,286.731846
P521_HQC_256,P521_HQC_256,283.456224
P521_HQC_256,P521_HQC_256,280.118306
P521_HQC_256,P521_HQC_256,278.047831
P521_HQC_256,P521_HQC_256,275.451995
P521_HQC_256,P521_HQC_256,272.195115
P521_HQC_256,P521_HQC_256,269.232253
P521_HQC_256,P521_HQC_256,276.103411
P521_HQC_256,P521_HQC_256,278.848407
P521_HQC_256,P521_HQC_256,279.802088
P521_HQC_256,P521_HQC_256,277.534691
P521_HQC_256,P521_HQC_256,272.717693
P521_HQC_256,P521_HQC_256,273.640371
P521_HQC_256,P521_HQC_256,279.680692
P521_HQC_256,P521_HQC_256,277.259459
P521_HQC_256,P521_HQC_256,276.451581
P521_HQC_256,P521_HQC_256,277.083996
P521_HQC_256,P521_HQC_256,266.482828
P521_HQC_256,P521_HQC_256,271.834262
P521_HQC_256,P521_HQC_256,282.0025
P521_HQC_256,P521_HQC_256,278.463448
P521_HQC_256,P521_HQC_256,276.01314
P521_HQC_256,P521_HQC_256,272.275023
P521_HQC_256,P521_HQC_256,281.330199
P521_HQC_256,P521_HQC_256,271.992364
P521_HQC_256,P521_HQC_256,283.154689
P521_HQC_256,P521_HQC_256,273.600547
P521_HQC_256,P521_HQC_256,279.360006
P521_HQC_256,P521_HQC_256,285.172033
P521_HQC_256,P521_HQC_256,269.241922
P521_HQC_256,P521_HQC_256,278.400831
P521_HQC_256,P521_HQC_256,271.736682
P521_HQC_256,P521_HQC_256,279.739297
P521_HQC_256,P521_HQC_256,271.570372
P521_HQC_256,P521_HQC_256,279.343277
P521_HQC_256,P521_HQC_256,279.566553
P521_HQC_256,P521_HQC_256,283.507604
P521_HQC_256,P521_HQC_256,285.258256
P521_HQC_256,P521_HQC_256,283.029149
P521_HQC_256,P521_HQC_256,275.651349
P521_HQC_256,P521_HQC_256,274.777514
P521_HQC_256,P521_HQC_256,272.532467
P521_HQC_256,P521_HQC_256,273.916259
P521_HQC_256,P521_HQC_256,279.12915
P521_HQC_256,P521_HQC_256,282.575233
P521_HQC_256,P521_HQC_256,281.706874
P521_HQC_256,P521_HQC_256,275.011265
P521_HQC_256,P521_HQC_256,281.555086
P521_HQC_256,P521_HQC_256,270.990246
P521_HQC_256,P521_HQC_256,272.993477
P521_HQC_256,P521_HQC_256,284.966231
P521_HQC_256,P521_HQC_256,281.258535
P521_HQC_256,P521_HQC_256,281.177868
P521_HQC_256,P521_HQC_256,273.770814
P521_HQC_256,P521_HQC_256,271.366446
P521_HQC_256,P521_HQC_256,273.191219
P521_HQC_256,P521_HQC_256,276.766459
P521_HQC_256,P521_HQC_256,282.55535
P521_HQC_256,P521_HQC_256,275.965527
P521_HQC_256,P521_HQC_256,276.090975
P521_HQC_256,P521_HQC_256,276.780487
P521_HQC_256,P521_HQC_256,268.978757
P521_HQC_256,P521_HQC_256,279.07433
P521_HQC_256,P521_HQC_256,281.394388
P521_HQC_256,P521_HQC_256,284.383571
P521_HQC_256,P521_HQC_256,278.88857
P521_HQC_256,P521_HQC_256,269.33404
P521_HQC_256,P521_HQC_256,278.847648
P521_HQC_256,P521_HQC_256,269.772427
P521_HQC_256,P521_HQC_256,269.936621
P521_HQC_256,P521_HQC_256,273.597099
P521_HQC_256,P521_HQC_256,280.956144
P521_HQC_256,P521_HQC_256,284.205521
P521_HQC_256,P521_HQC_256,275.547999
P521_HQC_256,P521_HQC_256,286.176104
P521_HQC_256,P521_HQC_256,268.896336
P521_HQC_256,P521_HQC_256,283.852978
P521_HQC_256,P521_HQC_256,280.168438
P521_HQC_256,P521_HQC_256,279.275766
P521_HQC_256,P521_HQC_256,276.961129
P521_HQC_256,P521_HQC_256,272.178184
P521_HQC_256,P521_HQC_256,274.041884
P521_HQC_256,P521_HQC_256,269.260365
P521_HQC_256,P521_HQC_256,271.140391
P521_HQC_256,P521_HQC_256,268.808129
P521_HQC_256,P521_HQC_256,280.109999
P521_HQC_256,P521_HQC_256,281.165416
P521_HQC_256,P521_HQC_256,267.418809
P521_HQC_256,P521_HQC_256,277.657779
P521_HQC_256,P521_HQC_256,272.642821
P521_HQC_256,P521_HQC_256,285.763086
P521_HQC_256,P521_HQC_256,282.540707
P521_HQC_256,P521_HQC_256,272.729867
P521_HQC_256,P521_HQC_256,278.814314
P521_HQC_256,P521_HQC_256,281.978475
P521_HQC_256,P521_HQC_256,278.654035
P521_HQC_256,P521_HQC_256,275.930975
P521_HQC_256,P521_HQC_256,273.709337
P521_HQC_256,P521_HQC_256,270.246874
P521_HQC_256,P521_HQC_256,278.210955
P521_HQC_256,P521_HQC_256,287.057285
P521_HQC_256,P521_HQC_256,272.78272
P521_HQC_256,P521_HQC_256,277.203253
P521_HQC_256,P521_HQC_256,271.576031
P521_HQC_256,P521_HQC_256,268.962581
P521_HQC_256,P521_HQC_256,283.770062
P521_HQC_256,P521_HQC_256,275.536398
P521_HQC_256,P521_HQC_256,289.234386
P521_HQC_256,P521_HQC_256,282.522166
P521_HQC_256,P521_HQC_256,283.088917
P521_HQC_256,P521_HQC_256,280.647398
P521_HQC_256,P521_HQC_256,287.218871
P521_HQC_256,P521_HQC_256,269.805627
P521_HQC_256,P521_HQC_256,277.424407
P521_HQC_256,P521_HQC_256,281.405417
P521_HQC_256,P521_HQC_256,273.043952
P521_HQC_256,P521_HQC_256,280.733586
P521_HQC_256,P521_HQC_256,275.029677
P521_HQC_256,P521_HQC_256,272.197903
P521_HQC_256,P521_HQC_256,274.128512
P521_HQC_256,P521_HQC_256,280.209494
P521_HQC_256,P521_HQC_256,270.900704
P521_HQC_256,P521_HQC_256,270.814232
P521_HQC_256,P521_HQC_256,291.895338
P521_HQC_256,P521_HQC_256,271.194635
P521_HQC_256,P521_HQC_256,278.806387
P521_HQC_256,P521_HQC_256,273.221251
P521_HQC_256,P521_HQC_256,274.10804
P521_HQC_256,P521_HQC_256,282.172794
P521_HQC_256,P521_HQC_256,277.12127
P521_HQC_256,P521_HQC_256,272.630794
P521_HQC_256,P521_HQC_256,272.665474
P521_HQC_256,P521_HQC_256,281.548673
P521_HQC_256,P521_HQC_256,283.569569
P521_HQC_256,P521_HQC_256,289.371857
P521_HQC_256,P521_HQC_256,280.276049
P521_HQC_256,P521_HQC_256,267.367542
P521_HQC_256,P521_HQC_256,272.319271
P521_HQC_256,P521_HQC_256,270.923237
P521_HQC_256,P521_HQC_256,271.888262
P521_HQC_256,P521_HQC_256,285.634747
P521_HQC_256,P521_HQC_256,281.678678
P521_HQC_256,P521_HQC_256,278.332638
P521_HQC_256,P521_HQC_256,283.892381
P521_HQC_256,P521_HQC_256,283.602352
P521_HQC_256,P521_HQC_256,274.092077
P521_HQC_256,P521_HQC_256,270.06894
P521_HQC_256,P521_HQC_256,280.303001
P521_HQC_256,P521_HQC_256,274.07719
P521_HQC_256,P521_HQC_256,280.63786
P521_HQC_256,P521_HQC_256,281.575787
P521_HQC_256,P521_HQC_256,281.684789
P521_HQC_256,P521_HQC_256,274.323468
P521_HQC_256,P521_HQC_256,271.248685
P521_HQC_256,P521_HQC_256,280.775535
P521_HQC_256,P521_HQC_256,278.77404
P521_HQC_256,P521_HQC_256,292.780877
P521_HQC_256,P521_HQC_256,277.995259
P521_HQC_256,P521_HQC_256,282.685575
P521_HQC_256,P521_HQC_256,277.908914
P521_HQC_256,P521_HQC_256,284.289758
P521_HQC_256,P521_HQC_256,271.420754
P521_HQC_256,P521_HQC_256,282.268361
P521_HQC_256,P521_HQC_256,280.207039
P521_HQC_256,P521_HQC_256,282.833591
P521_HQC_256,P521_HQC_256,280.872858
P521_HQC_256,P521_HQC_256,283.490785
P521_HQC_256,P521_HQC_256,274.543636
P521_HQC_256,P521_HQC_256,282.649898
P521_HQC_256,P521_HQC_256,270.225292
P521_HQC_256,P521_HQC_256,282.934382
P521_HQC_256,P521_HQC_256,270.801924
P521_HQC_256,P521_HQC_256,275.830897
P521_HQC_256,P521_HQC_256,275.145322
P521_HQC_256,P521_HQC_256,269.11181
P521_HQC_256,P521_HQC_256,268.044461
P521_HQC_256,P521_HQC_256,275.340409
P521_HQC_256,P521_HQC_256,275.75291
P521_HQC_256,P521_HQC_256,275.14409
P521_HQC_256,P521_HQC_256,269.690664
P521_HQC_256,P521_HQC_256,268.988955
P521_HQC_256,P521_HQC_256,273.728523
P521_HQC_256,P521_HQC_256,286.77099
P521_HQC_256,P521_HQC_256,273.042731
P521_HQC_256,P521_HQC_256,270.780914
P521_HQC_256,P521_HQC_256,269.059562
P521_HQC_256,P521_HQC_256,281.130161
P521_HQC_256,P521_HQC_256,272.528228
P521_HQC_256,P521_HQC_256,276.224991
P521_HQC_256,P521_HQC_256,269.969061
P521_HQC_256,P521_HQC_256,277.188199
P521_HQC_256,P521_HQC_256,272.312419
P521_HQC_256,P521_HQC_256,270.814546
P521_HQC_256,P521_HQC_256,271.790193
P521_HQC_256,P521_HQC_256,266.713541
P521_HQC_256,P521_HQC_256,278.874246
P521_HQC_256,P521_HQC_256,272.482265
P521_HQC_256,P521_HQC_256,278.91219
P521_HQC_256,P521_HQC_256,286.566254
P521_HQC_256,P521_HQC_256,270.294965
P521_HQC_256,P521_HQC_256,282.246667
P521_HQC_256,P521_HQC_256,281.485187
P521_HQC_256,P521_HQC_256,278.940918
P521_HQC_256,P521_HQC_256,271.034483
P521_HQC_256,P521_HQC_256,278.632076
P521_HQC_256,P521_HQC_256,277.006151
P521_HQC_256,P521_HQC_256,280.242636
P521_HQC_256,P521_HQC_256,281.277729
P521_HQC_256,P521_HQC_256,271.226941
P521_HQC_256,P521_HQC_256,282.617024
P521_HQC_256,P521_HQC_256,274.672488
P521_HQC_256,P521_HQC_256,272.297049
P521_HQC_256,P521_HQC_256,275.14378
P521_HQC_256,P521_HQC_256,276.263654
P521_HQC_256,P521_HQC_256,293.147181
P521_HQC_256,P521_HQC_256,268.017496
P521_HQC_256,P521_HQC_256,270.938465
P521_HQC_256,P521_HQC_256,283.50829
P521_HQC_256,P521_HQC_256,284.165138
P521_HQC_256,P521_HQC_256,282.595376
P521_HQC_256,P521_HQC_256,283.667741
P521_HQC_256,P521_HQC_256,276.069136
P521_HQC_256,P521_HQC_256,272.300851
P521_HQC_256,P521_HQC_256,270.780027
P521_HQC_256,P521_HQC_256,273.369791
P521_HQC_256,P521_HQC_256,271.597602
P521_HQC_256,P521_HQC_256,291.082544
P521_HQC_256,P521_HQC_256,271.922918
P521_HQC_256,P521_HQC_256,283.862768
P521_HQC_256,P521_HQC_256,272.220455
P521_HQC_256,P521_HQC_256,278.627915
P521_HQC_256,P521_HQC_256,272.674967
P521_HQC_256,P521_HQC_256,283.303196
P521_HQC_256,P521_HQC_256,288.530181
P521_HQC_256,P521_HQC_256,281.979803
P521_HQC_256,P521_HQC_256,281.578587
P521_HQC_256,P521_HQC_256,284.153316
P521_HQC_256,P521_HQC_256,278.738132
P521_HQC_256,P521_HQC_256,282.663066
P521_HQC_256,P521_HQC_256,281.313378
P521_HQC_256,P521_HQC_256,273.591415
P521_HQC_256,P521_HQC_256,267.613982
P521_HQC_256,P521_HQC_256,272.577426
P521_HQC_256,P521_HQC_256,274.758993
P521_HQC_256,P521_HQC_256,282.410231
P521_HQC_256,P521_HQC_256,280.288029
P521_HQC_256,P521_HQC_256,278.081417
P521_HQC_256,P521_HQC_256,281.350601
P521_HQC_256,P521_HQC_256,268.565908
P521_HQC_256,P521_HQC_256,288.6886
P521_HQC_256,P521_HQC_256,282.318207
P521_HQC_256,P521_HQC_256,283.423827
P521_HQC_256,P521_HQC_256,269.757435
P521_HQC_256,P521_HQC_256,282.232638
P521_HQC_256,P521_HQC_256,281.772148
P521_HQC_256,P521_HQC_256,271.66044
P521_HQC_256,P521_HQC_256,280.728168
P521_HQC_256,P521_HQC_256,273.179821
P521_HQC_256,P521_HQC_256,279.638864
P521_HQC_256,P521_HQC_256,271.625086
P521_HQC_256,P521_HQC_256,271.34705
P521_HQC_256,P521_HQC_256,270.714615
P521_HQC_256,P521_HQC_256,268.289777
P521_HQC_256,P521_HQC_256,277.000235
P521_HQC_256,P521_HQC_256,272.253254
P521_HQC_256,P521_HQC_256,277.711577
P521_HQC_256,P521_HQC_256,273.653703
P521_HQC_256,P521_HQC_256,271.290803
P521_HQC_256,P521_HQC_256,275.499979
P521_HQC_256,P521_HQC_256,280.799792
P521_HQC_256,P521_HQC_256,277.307675
P521_HQC_256,P521_HQC_256,269.004942
P521_HQC_256,P521_HQC_256,274.880984
P521_HQC_256,P521_HQC_256,283.320193
P521_HQC_256,P521_HQC_256,274.048877
P521_HQC_256,P521_HQC_256,277.521891
P521_HQC_256,P521_HQC_256,281.081207
P521_HQC_256,P521_HQC_256,281.109346
P521_HQC_256,P521_HQC_256,280.282882
P521_HQC_256,P521_HQC_256,284.157782
P521_HQC_256,P521_HQC_256,285.641052
P521_HQC_256,P521_HQC_256,276.454081
P521_HQC_256,P521_HQC_256,277.969958
P521_HQC_256,P521_HQC_256,275.611362
P521_HQC_256,P521_HQC_256,289.210774
P521_HQC_256,P521_HQC_256,281.605326
P521_HQC_256,P521_HQC_256,266.902133
P521_HQC_256,P521_HQC_256,273.598905
P521_HQC_256,P521_HQC_256,279.20083
P521_HQC_256,P521_HQC_256,272.383996
P521_HQC_256,P521_HQC_256,282.900673
P521_HQC_256,P521_HQC_256,282.505426
P521_HQC_256,P521_HQC_256,278.217947
P521_HQC_256,P521_HQC_256,269.573967
P521_HQC_256,P521_HQC_256,278.89798
P521_HQC_256,P521_HQC_256,280.308773
P521_HQC_256,P521_HQC_256,281.923162
P521_HQC_256,P521_HQC_256,269.884681
P521_HQC_256,P521_HQC_256,273.064741
P521_HQC_256,P521_HQC_256,283.101458
P521_HQC_256,P521_HQC_256,275.092119
P521_HQC_256,P521_HQC_256,280.521381
P521_HQC_256,P521_HQC_256,278.990255
P521_HQC_256,P521_HQC_256,293.152362
P521_HQC_256,P521_HQC_256,276.734584
P521_HQC_256,P521_HQC_256,273.043235
P521_HQC_256,P521_HQC_256,282.878706
P521_HQC_256,P521_HQC_256,280.489394
P521_HQC_256,P521_HQC_256,275.514291
P521_HQC_256,P521_HQC_256,283.249227
P521_HQC_256,P521_HQC_256,277.459992
P521_HQC_256,P521_HQC_256,268.38332
P521_HQC_256,P521_HQC_256,280.067554
P521_HQC_256,P521_HQC_256,280.828374
P521_HQC_256,P521_HQC_256,278.586916
P521_HQC_256,P521_HQC_256,276.606918
P521_HQC_256,P521_HQC_256,280.450629
P521_HQC_256,P521_HQC_256,274.594222
P521_HQC_256,P521_HQC_256,277.008716
P521_HQC_256,P521_HQC_256,284.58159
P521_HQC_256,P521_HQC_256,280.538824
P521_HQC_256,P521_HQC_256,280.879776
P521_HQC_256,P521_HQC_256,270.174325
P521_HQC_256,P521_HQC_256,272.042033
P521_HQC_256,P521_HQC_256,270.958825
P521_HQC_256,P521_HQC_256,286.836685
P521_HQC_256,P521_HQC_256,273.080818
P521_HQC_256,P521_HQC_256,290.842342
P521_HQC_256,P521_HQC_256,278.776116
P521_HQC_256,P521_HQC_256,273.289977
P521_HQC_256,P521_HQC_256,272.15398
P521_HQC_256,P521_HQC_256,272.915942
P521_HQC_256,P521_HQC_256,282.906391
P521_HQC_256,P521_HQC_256,285.063002
P521_HQC_256,P521_HQC_256,274.706059
P521_HQC_256,P521_HQC_256,272.73419
P521_HQC_256,P521_HQC_256,280.342928
P521_HQC_256,P521_HQC_256,270.488653
P521_HQC_256,P521_HQC_256,283.155044
P521_HQC_256,P521_HQC_256,276.015007
P521_HQC_256,P521_HQC_256,271.762982
P521_HQC_256,P521_HQC_256,279.897196
P521_HQC_256,P521_HQC_256,278.70602
P521_HQC_256,P521_HQC_256,280.868822
P521_HQC_256,P521_HQC_256,280.849582
P521_HQC_256,P521_HQC_256,266.848163
P521_HQC_256,P521_HQC_256,269.436347
P521_HQC_256,P521_HQC_256,272.676071
P521_HQC_256,P521_HQC_256,290.968484
P521_HQC_256,P521_HQC_256,292.709841
P521_HQC_256,P521_HQC_256,269.705273
P521_HQC_256,P521_HQC_256,278.133869
P521_HQC_256,P521_HQC_256,286.258516
P521_HQC_256,P521_HQC_256,270.966334
P521_HQC_256,P521_HQC_256,279.176336
P521_HQC_256,P521_HQC_256,287.231345
P521_HQC_256,P521_HQC_256,266.790977
P521_HQC_256,P521_HQC_256,271.223689
P521_HQC_256,P521_HQC_256,277.835489
P521_HQC_256,P521_HQC_256,272.633272
P521_HQC_256,P521_HQC_256,275.073261
P521_HQC_256,P521_HQC_256,282.192551
P521_HQC_256,P521_HQC_256,279.687277
P521_HQC_256,P521_HQC_256,280.067192
P521_HQC_256,P521_HQC_256,274.124139
P521_HQC_256,P521_HQC_256,278.678076
P521_HQC_256,P521_HQC_256,282.639726
P521_HQC_256,P521_HQC_256,284.089462
P521_HQC_256,P521_HQC_256,271.295185
P521_HQC_256,P521_HQC_256,276.928584
P521_HQC_256,P521_HQC_256,285.919195
P521_HQC_256,P521_HQC_256,279.721515
P521_HQC_256,P521_HQC_256,274.142529
P521_HQC_256,P521_HQC_256,274.237487
P521_HQC_256,P521_HQC_256,269.998056
P521_HQC_256,P521_HQC_256,279.225744
P521_HQC_256,P521_HQC_256,273.769755
P521_HQC_256,P521_HQC_256,289.134095
P521_HQC_256,P521_HQC_256,268.209686
P521_HQC_256,P521_HQC_256,270.478378
P521_HQC_256,P521_HQC_256,270.523739
P521_HQC_256,P521_HQC_256,281.694152
P521_HQC_256,P521_HQC_256,286.318137
P521_HQC_256,P521_HQC_256,277.676124
P521_HQC_256,P521_HQC_256,271.584813
P521_HQC_256,P521_HQC_256,272.65829
P521_HQC_256,P521_HQC_256,272.654229
P521_HQC_256,P521_HQC_256,272.418249
P521_HQC_256,P521_HQC_256,276.682444
P521_HQC_256,P521_HQC_256,271.621151
P521_HQC_256,P521_HQC_256,277.724855
P521_HQC_256,P521_HQC_256,274.723048
P521_HQC_256,P521_HQC_256,270.295729
P521_HQC_256,P521_HQC_256,273.117654
P521_HQC_256,P521_HQC_256,269.940323
P521_HQC_256,P521_HQC_256,284.165017
P521_HQC_256,P521_HQC_256,274.904477
P521_HQC_256,P521_HQC_256,282.909606
P521_HQC_256,P521_HQC_256,285.783264
P521_HQC_256,P521_HQC_256,271.073888
P521_HQC_256,P521_HQC_256,273.126616
P521_HQC_256,P521_HQC_256,279.935822
P521_HQC_256,P521_HQC_256,269.834265
P521_HQC_256,P521_HQC_256,276.826925
P521_HQC_256,P521_HQC_256,280.384112
P521_HQC_256,P521_HQC_256,286.358526
P521_HQC_256,P521_HQC_256,269.352895
P521_HQC_256,P521_HQC_256,275.73232
P521_HQC_256,P521_HQC_256,281.43981
P521_HQC_256,P521_HQC_256,275.298506
P521_HQC_256,P521_HQC_256,285.367847
P521_HQC_256,P521_HQC_256,274.072456
P521_HQC_256,P521_HQC_256,275.049059
P521_HQC_256,P521_HQC_256,274.467752
P521_HQC_256,P521_HQC_256,272.565385
P521_HQC_256,P521_HQC_256,271.758182
P521_HQC_256,P521_HQC_256,287.121514
P521_HQC_256,P521_HQC_256,283.818173
P521_HQC_256,P521_HQC_256,283.097554
P521_HQC_256,P521_HQC_256,272.636616
P521_HQC_256,P521_HQC_256,275.587858
P521_HQC_256,P521_HQC_256,270.635609
P521_HQC_256,P521_HQC_256,283.617252
P521_HQC_256,P521_HQC_256,276.928029
P521_HQC_256,P521_HQC_256,273.259219
P521_HQC_256,P521_HQC_256,279.85594
P521_HQC_256,P521_HQC_256,273.27388
P521_HQC_256,P521_HQC_256,269.222257
P521_HQC_256,P521_HQC_256,282.461215
P521_HQC_256,P521_HQC_256,274.039655
P521_HQC_256,P521_HQC_256,267.686242
P521_HQC_256,P521_HQC_256,275.083486
P521_HQC_256,P521_HQC_256,276.027733
P521_HQC_256,P521_HQC_256,269.687769
P521_HQC_256,P521_HQC_256,273.618354
P521_HQC_256,P521_HQC_256,282.439029
P521_HQC_256,P521_HQC_256,274.356939
P521_HQC_256,P521_HQC_256,275.906103
P521_HQC_256,P521_HQC_256,271.792783
P521_HQC_256,P521_HQC_256,283.732281
P521_HQC_256,P521_HQC_256,269.12935
P521_HQC_256,P521_HQC_256,276.452299
P521_HQC_256,P521_HQC_256,277.481477
P521_HQC_256,P521_HQC_256,284.859846
P521_HQC_256,P521_HQC_256,283.800529
P521_HQC_256,P521_HQC_256,273.852015
P521_HQC_256,P521_HQC_256,274.018194
P521_HQC_256,P521_HQC_256,283.488071
P521_HQC_256,P521_HQC_256,272.516761
P521_HQC_256,P521_HQC_256,283.942657
P521_HQC_256,P521_HQC_256,267.984938
P521_HQC_256,P521_HQC_256,284.990891
P521_HQC_256,P521_HQC_256,271.185478
P521_HQC_256,P521_HQC_256,281.047224
P521_HQC_256,P521_HQC_256,290.852686
P521_HQC_256,P521_HQC_256,276.469408
P521_HQC_256,P521_HQC_256,273.352768
P521_HQC_256,P521_HQC_256,273.089735
P521_HQC_256,P521_HQC_256,276.990654
P521_HQC_256,P521_HQC_256,287.605569
P521_HQC_256,P521_HQC_256,275.721268
P521_HQC_256,P521_HQC_256,271.793087
P521_HQC_256,P521_HQC_256,274.390395
P521_HQC_256,P521_HQC_256,292.011592
P521_HQC_256,P521_HQC_256,278.266638
P521_HQC_256,P521_HQC_256,271.078368
P521_HQC_256,P521_HQC_256,284.161257
P521_HQC_256,P521_HQC_256,268.726734
P521_HQC_256,P521_HQC_256,268.838962
P521_HQC_256,P521_HQC_256,271.067566
P521_HQC_256,P521_HQC_256,279.832992
P521_HQC_256,P521_HQC_256,292.903287
P521_HQC_256,P521_HQC_256,282.390465
P521_HQC_256,P521_HQC_256,276.476148
P521_HQC_256,P521_HQC_256,270.947839
P521_HQC_256,P521_HQC_256,274.426587
P521_HQC_256,P521_HQC_256,273.966631
P521_HQC_256,P521_HQC_256,270.99542
P521_HQC_256,P521_HQC_256,274.453336
P521_HQC_256,P521_HQC_256,277.608632
P521_HQC_256,P521_HQC_256,275.516409
P521_HQC_256,P521_HQC_256,272.258723
P521_HQC_256,P521_HQC_256,290.680837
P521_HQC_256,P521_HQC_256,268.253535
P521_HQC_256,P521_HQC_256,275.011608
P521_HQC_256,P521_HQC_256,267.438039
P521_HQC_256,P521_HQC_256,279.422298
P521_HQC_256,P521_HQC_256,285.522704
P521_HQC_256,P521_HQC_256,278.456768
P521_HQC_256,P521_HQC_256,281.918455
P521_HQC_256,P521_HQC_256,274.141318
P521_HQC_256,P521_HQC_256,273.213189
P521_HQC_256,P521_HQC_256,265.905523
P521_HQC_256,P521_HQC_256,283.673182
P521_HQC_256,P521_HQC_256,276.179697
P521_HQC_256,P521_HQC_256,273.489893
P521_HQC_256,P521_HQC_256,271.141627
P521_HQC_256,P521_HQC_256,284.01645
P521_HQC_256,P521_HQC_256,272.196951
P521_HQC_256,P521_HQC_256,270.280001
P521_HQC_256,P521_HQC_256,280.324963
P521_HQC_256,P521_HQC_256,270.446179
P521_HQC_256,P521_HQC_256,272.240468
P521_HQC_256,P521_HQC_256,281.796225
P521_HQC_256,P521_HQC_256,283.59172
P521_HQC_256,P521_HQC_256,284.101233
P521_HQC_256,P521_HQC_256,276.912304
P521_HQC_256,P521_HQC_256,282.44505
P521_HQC_256,P521_HQC_256,277.202608
P521_HQC_256,P521_HQC_256,285.53116
P521_HQC_256,P521_HQC_256,271.892776
P521_HQC_256,P521_HQC_256,289.476882
P521_HQC_256,P521_HQC_256,288.601531
P521_HQC_256,P521_HQC_256,269.850066
P521_HQC_256,P521_HQC_256,272.667494
P521_HQC_256,P521_HQC_256,283.089887
P521_HQC_256,P521_HQC_256,275.941659
P521_HQC_256,P521_HQC_256,281.432004
P521_HQC_256,P521_HQC_256,274.048772
P521_HQC_256,P521_HQC_256,268.029554
P521_HQC_256,P521_HQC_256,278.649657
P521_HQC_256,P521_HQC_256,272.703942
P521_HQC_256,P521_HQC_256,275.347431
P521_HQC_256,P521_HQC_256,281.165441
P521_HQC_256,P521_HQC_256,279.070249
P521_HQC_256,P521_HQC_256,274.71159
P521_HQC_256,P521_HQC_256,277.647828
P521_HQC_256,P521_HQC_256,271.409307
P521_HQC_256,P521_HQC_256,275.988514
P521_HQC_256,P521_HQC_256,282.962367
P521_HQC_256,P521_HQC_256,273.916363
P521_HQC_256,P521_HQC_256,287.588319
P521_HQC_256,P521_HQC_256,273.842381
P521_HQC_256,P521_HQC_256,285.174809
P521_HQC_256,P521_HQC_256,280.88166
P521_HQC_256,P521_HQC_256,278.770983
P521_HQC_256,P521_HQC_256,276.476407
P521_HQC_256,P521_HQC_256,279.149133
P521_HQC_256,P521_HQC_256,267.513105
P521_HQC_256,P521_HQC_256,283.277727
P521_HQC_256,P521_HQC_256,277.94793
P521_HQC_256,P521_HQC_256,269.319532
P521_HQC_256,P521_HQC_256,273.3715
P521_HQC_256,P521_HQC_256,269.601859
P521_HQC_256,P521_HQC_256,285.406216
P521_HQC_256,P521_HQC_256,283.8435
P521_HQC_256,P521_HQC_256,275.465561
P521_HQC_256,P521_HQC_256,284.15095
P521_HQC_256,P521_HQC_256,280.341983
P521_HQC_256,P521_HQC_256,269.786306
P521_HQC_256,P521_HQC_256,269.421442
P521_HQC_256,P521_HQC_256,277.712214
P521_HQC_256,P521_HQC_256,281.887903
P521_HQC_256,P521_HQC_256,276.916316
P521_HQC_256,P521_HQC_256,273.661452
P521_HQC_256,P521_HQC_256,279.485584
P521_HQC_256,P521_HQC_256,281.793402
P521_HQC_256,P521_HQC_256,279.859857
P521_HQC_256,P521_HQC_256,273.741668
P521_HQC_256,P521_HQC_256,269.312906
P521_HQC_256,P521_HQC_256,283.904152
P521_HQC_256,P521_HQC_256,274.550022
P521_HQC_256,P521_HQC_256,277.2353
P521_HQC_256,P521_HQC_256,274.216568
P521_HQC_256,P521_HQC_256,272.254399
P521_HQC_256,P521_HQC_256,286.161954
P521_HQC_256,P521_HQC_256,283.854559
P521_HQC_256,P521_HQC_256,288.177736
P521_HQC_256,P521_HQC_256,272.40601
P521_HQC_256,P521_HQC_256,275.761811
P521_HQC_256,P521_HQC_256,264.53879
P521_HQC_256,P521_HQC_256,268.566202
P521_HQC_256,P521_HQC_256,287.912569
P521_HQC_256,P521_HQC_256,273.660089
P521_HQC_256,P521_HQC_256,292.559204
P521_HQC_256,P521_HQC_256,286.424975
P521_HQC_256,P521_HQC_256,275.137502
P521_HQC_256,P521_HQC_256,272.245513
P521_HQC_256,P521_HQC_256,270.488135
P521_HQC_256,P521_HQC_256,274.867057
P521_HQC_256,P521_HQC_256,281.989199
P521_HQC_256,P521_HQC_256,280.938165
P521_HQC_256,P521_HQC_256,268.158251
P521_HQC_256,P521_HQC_256,271.941249
P521_HQC_256,P521_HQC_256,277.784454
P521_HQC_256,P521_HQC_256,274.758093
P521_HQC_256,P521_HQC_256,283.755141
P521_HQC_256,P521_HQC_256,275.670074
P521_HQC_256,P521_HQC_256,284.516879
P521_HQC_256,P521_HQC_256,280.947059
P521_HQC_256,P521_HQC_256,278.789929
P521_HQC_256,P521_HQC_256,272.824058
P521_HQC_256,P521_HQC_256,277.754408
P521_HQC_256,P521_HQC_256,281.853054
P521_HQC_256,P521_HQC_256,283.685308
P521_HQC_256,P521_HQC_256,276.768377
P521_HQC_256,P521_HQC_256,272.195471
P521_HQC_256,P521_HQC_256,274.767773
P521_HQC_256,P521_HQC_256,270.371
P521_HQC_256,P521_HQC_256,279.32706
P521_HQC_256,P521_HQC_256,280.520559
P521_HQC_256,P521_HQC_256,278.733019
P521_HQC_256,P521_HQC_256,273.833769
P521_HQC_256,P521_HQC_256,270.728654
P521_HQC_256,P521_HQC_256,276.065338
P521_HQC_256,P521_HQC_256,277.960179
P521_HQC_256,P521_HQC_256,283.813056
P521_HQC_256,P521_HQC_256,270.080489
P521_HQC_256,P521_HQC_256,270.560027
P521_HQC_256,P521_HQC_256,281.598693
P521_HQC_256,P521_HQC_256,270.081172
P521_HQC_256,P521_HQC_256,288.989689
P521_HQC_256,P521_HQC_256,273.034851
P521_HQC_256,P521_HQC_256,273.113082
P521_HQC_256,P521_HQC_256,280.143905
P521_HQC_256,P521_HQC_256,275.874476
P521_HQC_256,P521_HQC_256,268.632982
P521_HQC_256,P521_HQC_256,284.58943
P521_HQC_256,P521_HQC_256,281.549263
P521_HQC_256,P521_HQC_256,274.420054
P521_HQC_256,P521_HQC_256,273.229511
P521_HQC_256,P521_HQC_256,270.604636
P521_HQC_256,P521_HQC_256,271.966119
P521_HQC_256,P521_HQC_256,282.517136
P521_HQC_256,P521_HQC_256,279.765976
P521_HQC_256,P521_HQC_256,270.441638
P521_HQC_256,P521_HQC_256,271.455348
P521_HQC_256,P521_HQC_256,276.253094
P521_HQC_256,P521_HQC_256,280.545852
P521_HQC_256,P521_HQC_256,277.801267
P521_HQC_256,P521_HQC_256,271.17858
P521_HQC_256,P521_HQC_256,267.341476
P521_HQC_256,P521_HQC_256,269.742672
P521_HQC_256,P521_HQC_256,272.204583
P521_HQC_256,P521_HQC_256,281.590141
P521_HQC_256,P521_HQC_256,278.270298
P521_HQC_256,P521_HQC_256,271.061028
P521_HQC_256,P521_HQC_256,276.975363
P521_HQC_256,P521_HQC_256,271.359263
P521_HQC_256,P521_HQC_256,288.044582
P521_HQC_256,P521_HQC_256,283.349355
P521_HQC_256,P521_HQC_256,272.672994
P521_HQC_256,P521_HQC_256,268.334421
P521_HQC_256,P521_HQC_256,279.478347
P521_HQC_256,P521_HQC_256,281.943435
P521_HQC_256,P521_HQC_256,281.219602
P521_HQC_256,P521_HQC_256,286.835073
P521_HQC_256,P521_HQC_256,273.899987
P521_HQC_256,P521_HQC_256,299.771687
P521_HQC_256,P521_HQC_256,294.165275
P521_HQC_256,P521_HQC_256,277.56565
P521_HQC_256,P521_HQC_256,270.789441
P521_HQC_256,P521_HQC_256,278.59771
P521_HQC_256,P521_HQC_256,284.070961
P521_HQC_256,P521_HQC_256,274.011494
P521_HQC_256,P521_HQC_256,283.755336
P521_HQC_256,P521_HQC_256,272.442403
P521_HQC_256,P521_HQC_256,281.60307
P521_HQC_256,P521_HQC_256,280.59751
P521_HQC_256,P521_HQC_256,275.490392
P521_HQC_256,P521_HQC_256,275.781037
P521_HQC_256,P521_HQC_256,281.632017
P521_HQC_256,P521_HQC_256,273.971186
P521_HQC_256,P521_HQC_256,279.819828
P521_HQC_256,P521_HQC_256,268.740568
P521_HQC_256,P521_HQC_256,270.82168
P521_HQC_256,P521_HQC_256,272.776807
P521_HQC_256,P521_HQC_256,277.822751
P521_HQC_256,P521_HQC_256,279.679015
P521_HQC_256,P521_HQC_256,279.727601
P521_HQC_256,P521_HQC_256,272.92616
P521_HQC_256,P521_HQC_256,271.335442
P521_HQC_256,P521_HQC_256,291.029405
P521_HQC_256,P521_HQC_256,281.848284
P521_HQC_256,P521_HQC_256,279.306101
P521_HQC_256,P521_HQC_256,284.690892
P521_HQC_256,P521_HQC_256,268.429836
P521_HQC_256,P521_HQC_256,268.384614
P521_HQC_256,P521_HQC_256,280.796983
P521_HQC_256,P521_HQC_256,279.234542
P521_HQC_256,P521_HQC_256,287.66706
P521_HQC_256,P521_HQC_256,271.5166
P521_HQC_256,P521_HQC_256,273.703709
P521_HQC_256,P521_HQC_256,278.255144
P521_HQC_256,P521_HQC_256,272.837996
P521_HQC_256,P521_HQC_256,281.65812
P521_HQC_256,P521_HQC_256,273.697797
P521_HQC_256,P521_HQC_256,266.597054
P521_HQC_256,P521_HQC_256,280.888646
P521_HQC_256,P521_HQC_256,277.946148
P521_HQC_256,P521_HQC_256,281.168119
P521_HQC_256,P521_HQC_256,271.367628
P521_HQC_256,P521_HQC_256,277.285671
P521_HQC_256,P521_HQC_256,272.705913
P521_HQC_256,P521_HQC_256,269.447612
P521_HQC_256,P521_HQC_256,281.672425
P521_HQC_256,P521_HQC_256,268.208733
P521_HQC_256,P521_HQC_256,269.562141
P521_HQC_256,P521_HQC_256,278.448402
P521_HQC_256,P521_HQC_256,273.332223
P521_HQC_256,P521_HQC_256,271.959599
P521_HQC_256,P521_HQC_256,279.097542
P521_HQC_256,P521_HQC_256,273.490928
P521_HQC_256,P521_HQC_256,273.961943
P521_HQC_256,P521_HQC_256,287.772229
P521_HQC_256,P521_HQC_256,269.869099
P521_HQC_256,P521_HQC_256,275.793467
P521_HQC_256,P521_HQC_256,280.248139
P521_HQC_256,P521_HQC_256,284.420419
P521_HQC_256,P521_HQC_256,273.293856
P521_HQC_256,P521_HQC_256,281.617301
P521_HQC_256,P521_HQC_256,275.02456
P521_HQC_256,P521_HQC_256,272.650787
P521_HQC_256,P521_HQC_256,268.638909
P521_HQC_256,P521_HQC_256,276.639907
P521_HQC_256,P521_HQC_256,280.496139
P521_HQC_256,P521_HQC_256,281.399856
P521_HQC_256,P521_HQC_256,285.765145
P521_HQC_256,P521_HQC_256,275.782242
P521_HQC_256,P521_HQC_256,272.808288
P521_HQC_256,P521_HQC_256,266.167136
P521_HQC_256,P521_HQC_256,279.714318
P521_HQC_256,P521_HQC_256,280.508986
P521_HQC_256,P521_HQC_256,276.592907
P521_HQC_256,P521_HQC_256,270.329188
P521_HQC_256,P521_HQC_256,280.810289
P521_HQC_256,P521_HQC_256,280.4641
P521_HQC_256,P521_HQC_256,273.124112
P521_HQC_256,P521_HQC_256,270.778763
P521_HQC_256,P521_HQC_256,281.435424
P521_HQC_256,P521_HQC_256,275.172051
P521_HQC_256,P521_HQC_256,278.049985
P521_HQC_256,P521_HQC_256,273.86846
P521_HQC_256,P521_HQC_256,280.478681
P521_HQC_256,P521_HQC_256,285.219258
P521_HQC_256,P521_HQC_256,270.720423
P521_HQC_256,P521_HQC_256,270.047768
P521_HQC_256,P521_HQC_256,282.057925
P521_HQC_256,P521_HQC_256,274.022679
P521_HQC_256,P521_HQC_256,269.645266
P521_HQC_256,P521_HQC_256,268.544327
P521_HQC_256,P521_HQC_256,277.294292
P521_HQC_256,P521_HQC_256,272.027729
P521_HQC_256,P521_HQC_256,275.355622
P521_HQC_256,P521_HQC_256,269.318685
P521_HQC_256,P521_HQC_256,272.321839
P521_HQC_256,P521_HQC_256,272.195269
P521_HQC_256,P521_HQC_256,279.481585
P521_HQC_256,P521_HQC_256,276.565701
P521_HQC_256,P521_HQC_256,281.546595
P521_HQC_256,P521_HQC_256,289.825633
P521_HQC_256,P521_HQC_256,272.834162
P521_HQC_256,P521_HQC_256,277.621942
P521_HQC_256,P521_HQC_256,273.417767
P521_HQC_256,P521_HQC_256,272.03047
P521_HQC_256,P521_HQC_256,268.676336
P521_HQC_256,P521_HQC_256,271.678243
P521_HQC_256,P521_HQC_256,269.472287
P521_HQC_256,P521_HQC_256,280.648029
P521_HQC_256,P521_HQC_256,273.857991
P521_HQC_256,P521_HQC_256,279.546058
P521_HQC_256,P521_HQC_256,270.010251
P521_HQC_256,P521_HQC_256,294.357516
P521_HQC_256,P521_HQC_256,276.250126
P521_HQC_256,P521_HQC_256,272.749109
P521_HQC_256,P521_HQC_256,272.933545
P521_HQC_256,P521_HQC_256,281.945793
P521_HQC_256,P521_HQC_256,282.815811
P521_HQC_256,P521_HQC_256,271.977772
P521_HQC_256,P521_HQC_256,272.864936
P521_HQC_256,P521_HQC_256,279.279712
P521_HQC_256,P521_HQC_256,279.168029
P521_HQC_256,P521_HQC_256,273.813709
P521_HQC_256,P521_HQC_256,277.121655
P521_HQC_256,P521_HQC_256,273.270693
P521_HQC_256,P521_HQC_256,281.234071
P521_HQC_256,P521_HQC_256,277.657169
P521_HQC_256,P521_HQC_256,289.949803
P521_HQC_256,P521_HQC_256,280.762193
P521_HQC_256,P521_HQC_256,284.144015
P521_HQC_256,P521_HQC_256,280.457944
P521_HQC_256,P521_HQC_256,282.033313
P521_HQC_256,P521_HQC_256,268.893031
P521_HQC_256,P521_HQC_256,283.007442
P521_HQC_256,P521_HQC_256,271.001636
P521_HQC_256,P521_HQC_256,273.725477
P521_HQC_256,P521_HQC_256,286.60564
P521_HQC_256,P521_HQC_256,273.24492
P521_HQC_256,P521_HQC_256,289.205509
P521_HQC_256,P521_HQC_256,278.634569
P521_HQC_256,P521_HQC_256,278.750069
P521_HQC_256,P521_HQC_256,272.506389
P521_HQC_256,P521_HQC_256,279.525896
P521_HQC_256,P521_HQC_256,283.423032
P521_HQC_256,P521_HQC_256,270.58144
P521_HQC_256,P521_HQC_256,285.995573
P521_HQC_256,P521_HQC_256,270.705321
P521_HQC_256,P521_HQC_256,274.973276
P521_HQC_256,P521_HQC_256,293.60894
P521_HQC_256,P521_HQC_256,275.848544
P521_HQC_256,P521_HQC_256,272.18858
P521_HQC_256,P521_HQC_256,282.045871
P521_HQC_256,P521_HQC_256,278.204488
P521_HQC_256,P521_HQC_256,271.545724
P521_HQC_256,P521_HQC_256,273.938068
P521_HQC_256,P521_HQC_256,279.736889
P521_HQC_256,P521_HQC_256,282.685883
P521_HQC_256,P521_HQC_256,288.230758
P521_HQC_256,P521_HQC_256,290.127726
P521_HQC_256,P521_HQC_256,277.882677
P521_HQC_256,P521_HQC_256,272.814467
P521_HQC_256,P521_HQC_256,273.554432
P521_HQC_256,P521_HQC_256,279.889404
P521_HQC_256,P521_HQC_256,275.52249
P521_HQC_256,P521_HQC_256,271.863805
P521_HQC_256,P521_HQC_256,282.368673
P521_HQC_256,P521_HQC_256,269.051269
P521_HQC_256,P521_HQC_256,278.477873
P521_HQC_256,P521_HQC_256,276.294318
P521_HQC_256,P521_HQC_256,281.61819
P521_HQC_256,P521_HQC_256,281.009987
P521_HQC_256,P521_HQC_256,270.659767
P521_HQC_256,P521_HQC_256,275.750306
P521_HQC_256,P521_HQC_256,274.697021
P521_HQC_256,P521_HQC_256,276.04292
P521_HQC_256,P521_HQC_256,275.258762
P521_HQC_256,P521_HQC_256,271.905134
P521_HQC_256,P521_HQC_256,272.837036
P521_HQC_256,P521_HQC_256,278.308164
P521_HQC_256,P521_HQC_256,274.225163
P521_HQC_256,P521_HQC_256,269.849704
P521_HQC_256,P521_HQC_256,273.598559
P521_HQC_256,P521_HQC_256,275.242302
P521_HQC_256,P521_HQC_256,269.925398
P521_HQC_256,P521_HQC_256,277.633927
P521_HQC_256,P521_HQC_256,269.339677
P521_HQC_256,P521_HQC_256,281.727747
P521_HQC_256,P521_HQC_256,283.389438
P521_HQC_256,P521_HQC_256,274.129165
P521_HQC_256,P521_HQC_256,275.678337
P521_HQC_256,P521_HQC_256,274.415567
P521_HQC_256,P521_HQC_256,271.224124
P521_HQC_256,P521_HQC_256,287.80578
P521_HQC_256,P521_HQC_256,266.730029
P521_HQC_256,P521_HQC_256,280.621195
P521_HQC_256,P521_HQC_256,271.77088
P521_HQC_256,P521_HQC_256,278.04958
P521_HQC_256,P521_HQC_256,274.247373
P521_HQC_256,P521_HQC_256,287.023555
P521_HQC_256,P521_HQC_256,280.564179
P521_HQC_256,P521_HQC_256,269.834763
P521_HQC_256,P521_HQC_256,270.185099
P521_HQC_256,P521_HQC_256,278.43048
P521_HQC_256,P521_HQC_256,281.684148
P521_HQC_256,P521_HQC_256,284.979118
P521_HQC_256,P521_HQC_256,284.491564
P521_HQC_256,P521_HQC_256,278.684065
P521_HQC_256,P521_HQC_256,283.976038
P521_HQC_256,P521_HQC_256,270.340409
P521_HQC_256,P521_HQC_256,273.127496
P521_HQC_256,P521_HQC_256,281.149506
P521_HQC_256,P521_HQC_256,281.967158
P521_HQC_256,P521_HQC_256,278.094147
P521_HQC_256,P521_HQC_256,272.333823
P521_HQC_256,P521_HQC_256,281.230756
P521_HQC_256,P521_HQC_256,274.343034
P521_HQC_256,P521_HQC_256,278.397634
P521_HQC_256,P521_HQC_256,276.320614
P521_HQC_256,P521_HQC_256,282.695858
P521_HQC_256,P521_HQC_256,281.742716
P521_HQC_256,P521_HQC_256,281.64086
P521_HQC_256,P521_HQC_256,271.883114
P521_HQC_256,P521_HQC_256,279.882064
P521_HQC_256,P521_HQC_256,281.465539
P521_HQC_256,P521_HQC_256,285.531667
P521_HQC_256,P521_HQC_256,282.029723
P521_HQC_256,P521_HQC_256,273.254523
P521_HQC_256,P521_HQC_256,273.662523
P521_HQC_256,P521_HQC_256,281.222458
P521_HQC_256,P521_HQC_256,269.3609
P521_HQC_256,P521_HQC_256,283.587778
P521_HQC_256,P521_HQC_256,275.465887
P521_HQC_256,P521_HQC_256,277.219854
P521_HQC_256,P521_HQC_256,271.853864
P521_HQC_256,P521_HQC_256,277.248314
P521_HQC_256,P521_HQC_256,289.331066
P521_HQC_256,P521_HQC_256,276.70786
P521_HQC_256,P521_HQC_256,284.326407
P521_HQC_256,P521_HQC_256,278.575515
P521_HQC_256,P521_HQC_256,275.112553
P521_HQC_256,P521_HQC_256,271.904245
P521_HQC_256,P521_HQC_256,274.812986
P521_HQC_256,P521_HQC_256,281.363695
P521_HQC_256,P521_HQC_256,272.977918
P521_HQC_256,P521_HQC_256,269.2888
P521_HQC_256,P521_HQC_256,272.04979
P521_HQC_256,P521_HQC_256,294.777081
P521_HQC_256,P521_HQC_256,272.874237
P521_HQC_256,P521_HQC_256,279.839475
P521_HQC_256,P521_HQC_256,276.257728
P521_HQC_256,P521_HQC_256,271.820866
P521_HQC_256,P521_HQC_256,275.853317
P521_HQC_256,P521_HQC_256,270.399319
P521_HQC_256,P521_HQC_256,270.90094
P521_HQC_256,P521_HQC_256,274.339845
P521_HQC_256,P521_HQC_256,276.757439
P521_HQC_256,P521_HQC_256,270.958504
P521_HQC_256,P521_HQC_256,289.400618
P521_HQC_256,P521_HQC_256,273.013586
P521_HQC_256,P521_HQC_256,286.936779
P521_HQC_256,P521_HQC_256,271.495741
P521_HQC_256,P521_HQC_256,271.984927
P521_HQC_256,P521_HQC_256,277.094832
P521_HQC_256,P521_HQC_256,277.480132
P521_HQC_256,P521_HQC_256,270.248385
P521_HQC_256,P521_HQC_256,273.55232
P521_HQC_256,P521_HQC_256,278.68705
P521_HQC_256,P521_HQC_256,278.76351
P521_HQC_256,P521_HQC_256,272.639138
P521_HQC_256,P521_HQC_256,274.959966
P521_HQC_256,P521_HQC_256,282.246636
P521_HQC_256,P521_HQC_256,280.067511
P521_HQC_256,P521_HQC_256,280.419992
P521_HQC_256,P521_HQC_256,272.686237
P521_HQC_256,P521_HQC_256,278.161433
P521_HQC_256,P521_HQC_256,283.495962
P521_HQC_256,P521_HQC_256,273.735217
P521_HQC_256,P521_HQC_256,276.519247
P521_HQC_256,P521_HQC_256,282.953477
P521_HQC_256,P521_HQC_256,278.002468
P521_HQC_256,P521_HQC_256,271.40159
P521_HQC_256,P521_HQC_256,273.354085
P521_HQC_256,P521_HQC_256,273.255675
P521_HQC_256,P521_HQC_256,279.244729
P521_HQC_256,P521_HQC_256,269.047377
P521_HQC_256,P521_HQC_256,292.917012
P521_HQC_256,P521_HQC_256,279.955173
P521_BIKE_L5,P521_BIKE_L5,172.508292
P521_BIKE_L5,P521_BIKE_L5,163.633866
P521_BIKE_L5,P521_BIKE_L5,180.528064
P521_BIKE_L5,P521_BIKE_L5,168.800291
P521_BIKE_L5,P521_BIKE_L5,171.869207
P521_BIKE_L5,P521_BIKE_L5,161.671413
P521_BIKE_L5,P521_BIKE_L5,175.190789
P521_BIKE_L5,P521_BIKE_L5,158.894758
P521_BIKE_L5,P521_BIKE_L5,171.103713
P521_BIKE_L5,P521_BIKE_L5,170.110419
P521_BIKE_L5,P521_BIKE_L5,163.527779
P521_BIKE_L5,P521_BIKE_L5,173.200451
P521_BIKE_L5,P521_BIKE_L5,162.361877
P521_BIKE_L5,P521_BIKE_L5,166.879974
P521_BIKE_L5,P521_BIKE_L5,171.853094
P521_BIKE_L5,P521_BIKE_L5,178.344443
P521_BIKE_L5,P521_BIKE_L5,164.631241
P521_BIKE_L5,P521_BIKE_L5,163.921595
P521_BIKE_L5,P521_BIKE_L5,173.811905
P521_BIKE_L5,P521_BIKE_L5,165.794125
P521_BIKE_L5,P521_BIKE_L5,166.733581
P521_BIKE_L5,P521_BIKE_L5,174.450629
P521_BIKE_L5,P521_BIKE_L5,182.781299
P521_BIKE_L5,P521_BIKE_L5,166.208189
P521_BIKE_L5,P521_BIKE_L5,168.663833
P521_BIKE_L5,P521_BIKE_L5,168.608232
P521_BIKE_L5,P521_BIKE_L5,184.617702
P521_BIKE_L5,P521_BIKE_L5,165.07457
P521_BIKE_L5,P521_BIKE_L5,162.217488
P521_BIKE_L5,P521_BIKE_L5,176.780989
P521_BIKE_L5,P521_BIKE_L5,171.621014
P521_BIKE_L5,P521_BIKE_L5,169.656688
P521_BIKE_L5,P521_BIKE_L5,165.738245
P521_BIKE_L5,P521_BIKE_L5,170.823187
P521_BIKE_L5,P521_BIKE_L5,171.263714
P521_BIKE_L5,P521_BIKE_L5,168.816361
P521_BIKE_L5,P521_BIKE_L5,164.266862
P521_BIKE_L5,P521_BIKE_L5,173.329037
P521_BIKE_L5,P521_BIKE_L5,171.004121
P521_BIKE_L5,P521_BIKE_L5,168.662625
P521_BIKE_L5,P521_BIKE_L5,172.596906
P521_BIKE_L5,P521_BIKE_L5,167.238361
P521_BIKE_L5,P521_BIKE_L5,174.574506
P521_BIKE_L5,P521_BIKE_L5,177.109555
P521_BIKE_L5,P521_BIKE_L5,173.111655
P521_BIKE_L5,P521_BIKE_L5,167.496465
P521_BIKE_L5,P521_BIKE_L5,166.192149
P521_BIKE_L5,P521_BIKE_L5,168.679204
P521_BIKE_L5,P521_BIKE_L5,175.794456
P521_BIKE_L5,P521_BIKE_L5,176.879596
P521_BIKE_L5,P521_BIKE_L5,168.066805
P521_BIKE_L5,P521_BIKE_L5,163.743301
P521_BIKE_L5,P521_BIKE_L5,162.939417
P521_BIKE_L5,P521_BIKE_L5,165.145195
P521_BIKE_L5,P521_BIKE_L5,173.097944
P521_BIKE_L5,P521_BIKE_L5,161.425545
P521_BIKE_L5,P521_BIKE_L5,174.992288
P521_BIKE_L5,P521_BIKE_L5,173.748667
P521_BIKE_L5,P521_BIKE_L5,164.792727
P521_BIKE_L5,P521_BIKE_L5,168.022162
P521_BIKE_L5,P521_BIKE_L5,171.771023
P521_BIKE_L5,P521_BIKE_L5,169.772986
P521_BIKE_L5,P521_BIKE_L5,170.437326
P521_BIKE_L5,P521_BIKE_L5,161.188598
P521_BIKE_L5,P521_BIKE_L5,167.923569
P521_BIKE_L5,P521_BIKE_L5,163.192876
P521_BIKE_L5,P521_BIKE_L5,159.787737
P521_BIKE_L5,P521_BIKE_L5,163.919651
P521_BIKE_L5,P521_BIKE_L5,165.398995
P521_BIKE_L5,P521_BIKE_L5,182.637525
P521_BIKE_L5,P521_BIKE_L5,165.536742
P521_BIKE_L5,P521_BIKE_L5,167.892507
P521_BIKE_L5,P521_BIKE_L5,165.492043
P521_BIKE_L5,P521_BIKE_L5,169.284406
P521_BIKE_L5,P521_BIKE_L5,184.304644
P521_BIKE_L5,P521_BIKE_L5,172.194788
P521_BIKE_L5,P521_BIKE_L5,166.302287
P521_BIKE_L5,P521_BIKE_L5,169.932973
P521_BIKE_L5,P521_BIKE_L5,171.470774
P521_BIKE_L5,P521_BIKE_L5,176.876139
P521_BIKE_L5,P521_BIKE_L5,160.787312
P521_BIKE_L5,P521_BIKE_L5,174.522484
P521_BIKE_L5,P521_BIKE_L5,166.757989
P521_BIKE_L5,P521_BIKE_L5,184.539028
P521_BIKE_L5,P521_BIKE_L5,162.451102
P521_BIKE_L5,P521_BIKE_L5,167.488896
P521_BIKE_L5,P521_BIKE_L5,171.746556
P521_BIKE_L5,P521_BIKE_L5,168.930838
P521_BIKE_L5,P521_BIKE_L5,161.910916
P521_BIKE_L5,P521_BIKE_L5,178.782222
P521_BIKE_L5,P521_BIKE_L5,180.3593
P521_BIKE_L5,P521_BIKE_L5,175.181416
P521_BIKE_L5,P521_BIKE_L5,166.913896
P521_BIKE_L5,P521_BIKE_L5,170.617548
P521_BIKE_L5,P521_BIKE_L5,166.414047
P521_BIKE_L5,P521_BIKE_L5,172.617168
P521_BIKE_L5,P521_BIKE_L5,171.274253
P521_BIKE_L5,P521_BIKE_L5,165.976338
P521_BIKE_L5,P521_BIKE_L5,168.87028
P521_BIKE_L5,P521_BIKE_L5,161.970999
P521_BIKE_L5,P521_BIKE_L5,175.647364
P521_BIKE_L5,P521_BIKE_L5,176.17091
P521_BIKE_L5,P521_BIKE_L5,172.044156
P521_BIKE_L5,P521_BIKE_L5,172.771366
P521_BIKE_L5,P521_BIKE_L5,165.647317
P521_BIKE_L5,P521_BIKE_L5,180.824062
P521_BIKE_L5,P521_BIKE_L5,175.6249
P521_BIKE_L5,P521_BIKE_L5,170.513376
P521_BIKE_L5,P521_BIKE_L5,169.628999
P521_BIKE_L5,P521_BIKE_L5,175.6749
P521_BIKE_L5,P521_BIKE_L5,164.112584
P521_BIKE_L5,P521_BIKE_L5,183.879786
P521_BIKE_L5,P521_BIKE_L5,164.031098
P521_BIKE_L5,P521_BIKE_L5,164.761007
P521_BIKE_L5,P521_BIKE_L5,159.51812
P521_BIKE_L5,P521_BIKE_L5,174.144331
P521_BIKE_L5,P521_BIKE_L5,170.984138
P521_BIKE_L5,P521_BIKE_L5,171.171151
P521_BIKE_L5,P521_BIKE_L5,172.073588
P521_BIKE_L5,P521_BIKE_L5,174.121029
P521_BIKE_L5,P521_BIKE_L5,172.298923
P521_BIKE_L5,P521_BIKE_L5,173.52535
P521_BIKE_L5,P521_BIKE_L5,166.21325
P521_BIKE_L5,P521_BIKE_L5,171.778963
P521_BIKE_L5,P521_BIKE_L5,165.984773
P521_BIKE_L5,P521_BIKE_L5,176.417808
P521_BIKE_L5,P521_BIKE_L5,178.024871
P521_BIKE_L5,P521_BIKE_L5,174.17704
P521_BIKE_L5,P521_BIKE_L5,167.589439
P521_BIKE_L5,P521_BIKE_L5,173.451651
P521_BIKE_L5,P521_BIKE_L5,178.763789
P521_BIKE_L5,P521_BIKE_L5,167.587592
P521_BIKE_L5,P521_BIKE_L5,170.189649
P521_BIKE_L5,P521_BIKE_L5,167.186737
P521_BIKE_L5,P521_BIKE_L5,173.483337
P521_BIKE_L5,P521_BIKE_L5,163.490724
P521_BIKE_L5,P521_BIKE_L5,167.007571
P521_BIKE_L5,P521_BIKE_L5,160.46864
P521_BIKE_L5,P521_BIKE_L5,171.477726
P521_BIKE_L5,P521_BIKE_L5,166.918855
P521_BIKE_L5,P521_BIKE_L5,173.459729
P521_BIKE_L5,P521_BIKE_L5,175.271476
P521_BIKE_L5,P521_BIKE_L5,169.677032
P521_BIKE_L5,P521_BIKE_L5,156.823772
P521_BIKE_L5,P521_BIKE_L5,171.679975
P521_BIKE_L5,P521_BIKE_L5,169.367358
P521_BIKE_L5,P521_BIKE_L5,167.324061
P521_BIKE_L5,P521_BIKE_L5,173.36473
P521_BIKE_L5,P521_BIKE_L5,163.218296
P521_BIKE_L5,P521_BIKE_L5,188.520067
P521_BIKE_L5,P521_BIKE_L5,170.873555
P521_BIKE_L5,P521_BIKE_L5,165.440689
P521_BIKE_L5,P521_BIKE_L5,166.310911
P521_BIKE_L5,P521_BIKE_L5,161.636186
P521_BIKE_L5,P521_BIKE_L5,170.213531
P521_BIKE_L5,P521_BIKE_L5,171.733535
P521_BIKE_L5,P521_BIKE_L5,167.529682
P521_BIKE_L5,P521_BIKE_L5,173.602242
P521_BIKE_L5,P521_BIKE_L5,173.254172
P521_BIKE_L5,P521_BIKE_L5,165.147223
P521_BIKE_L5,P521_BIKE_L5,176.480247
P521_BIKE_L5,P521_BIKE_L5,177.223263
P521_BIKE_L5,P521_BIKE_L5,167.643454
P521_BIKE_L5,P521_BIKE_L5,164.082808
P521_BIKE_L5,P521_BIKE_L5,161.460398
P521_BIKE_L5,P521_BIKE_L5,163.765938
P521_BIKE_L5,P521_BIKE_L5,172.210958
P521_BIKE_L5,P521_BIKE_L5,176.62593
P521_BIKE_L5,P521_BIKE_L5,165.600443
P521_BIKE_L5,P521_BIKE_L5,167.976405
P521_BIKE_L5,P521_BIKE_L5,172.891012
P521_BIKE_L5,P521_BIKE_L5,174.784919
P521_BIKE_L5,P521_BIKE_L5,165.933924
P521_BIKE_L5,P521_BIKE_L5,169.398598
P521_BIKE_L5,P521_BIKE_L5,183.528997
P521_BIKE_L5,P521_BIKE_L5,167.175205
P521_BIKE_L5,P521_BIKE_L5,166.374935
P521_BIKE_L5,P521_BIKE_L5,180.728293
P521_BIKE_L5,P521_BIKE_L5,168.39152
P521_BIKE_L5,P521_BIKE_L5,167.339949
P521_BIKE_L5,P521_BIKE_L5,167.268241
P521_BIKE_L5,P521_BIKE_L5,175.274632
P521_BIKE_L5,P521_BIKE_L5,174.960904
P521_BIKE_L5,P521_BIKE_L5,167.617533
P521_BIKE_L5,P521_BIKE_L5,173.596539
P521_BIKE_L5,P521_BIKE_L5,170.867028
P521_BIKE_L5,P521_BIKE_L5,168.673258
P521_BIKE_L5,P521_BIKE_L5,170.993801
P521_BIKE_L5,P521_BIKE_L5,165.02682
P521_BIKE_L5,P521_BIKE_L5,164.931523
P521_BIKE_L5,P521_BIKE_L5,161.354846
P521_BIKE_L5,P521_BIKE_L5,182.469195
P521_BIKE_L5,P521_BIKE_L5,159.962086
P521_BIKE_L5,P521_BIKE_L5,164.626216
P521_BIKE_L5,P521_BIKE_L5,181.127259
P521_BIKE_L5,P521_BIKE_L5,165.359341
P521_BIKE_L5,P521_BIKE_L5,171.248393
P521_BIKE_L5,P521_BIKE_L5,174.632884
P521_BIKE_L5,P521_BIKE_L5,158.44337
P521_BIKE_L5,P521_BIKE_L5,172.962699
P521_BIKE_L5,P521_BIKE_L5,162.296645
P521_BIKE_L5,P521_BIKE_L5,168.475969
P521_BIKE_L5,P521_BIKE_L5,170.974278
P521_BIKE_L5,P521_BIKE_L5,164.60443
P521_BIKE_L5,P521_BIKE_L5,182.522797
P521_BIKE_L5,P521_BIKE_L5,161.942519
P521_BIKE_L5,P521_BIKE_L5,160.688856
P521_BIKE_L5,P521_BIKE_L5,167.118063
P521_BIKE_L5,P521_BIKE_L5,185.200497
P521_BIKE_L5,P521_BIKE_L5,176.809267
P521_BIKE_L5,P521_BIKE_L5,165.251363
P521_BIKE_L5,P521_BIKE_L5,161.547729
P521_BIKE_L5,P521_BIKE_L5,171.441255
P521_BIKE_L5,P521_BIKE_L5,174.260889
P521_BIKE_L5,P521_BIKE_L5,171.595504
P521_BIKE_L5,P521_BIKE_L5,164.898279
P521_BIKE_L5,P521_BIKE_L5,170.842322
P521_BIKE_L5,P521_BIKE_L5,174.173652
P521_BIKE_L5,P521_BIKE_L5,166.501707
P521_BIKE_L5,P521_BIKE_L5,161.845464
P521_BIKE_L5,P521_BIKE_L5,162.865126
P521_BIKE_L5,P521_BIKE_L5,175.628089
P521_BIKE_L5,P521_BIKE_L5,171.034954
P521_BIKE_L5,P521_BIKE_L5,169.475512
P521_BIKE_L5,P521_BIKE_L5,168.177054
P521_BIKE_L5,P521_BIKE_L5,176.441674
P521_BIKE_L5,P521_BIKE_L5,166.554536
P521_BIKE_L5,P521_BIKE_L5,163.275473
P521_BIKE_L5,P521_BIKE_L5,171.367613
P521_BIKE_L5,P521_BIKE_L5,184.315413
P521_BIKE_L5,P521_BIKE_L5,162.966664
P521_BIKE_L5,P521_BIKE_L5,170.095426
P521_BIKE_L5,P521_BIKE_L5,169.342483
P521_BIKE_L5,P521_BIKE_L5,182.916297
P521_BIKE_L5,P521_BIKE_L5,164.771468
P521_BIKE_L5,P521_BIKE_L5,159.816673
P521_BIKE_L5,P521_BIKE_L5,170.665283
P521_BIKE_L5,P521_BIKE_L5,160.54958
P521_BIKE_L5,P521_BIKE_L5,162.007546
P521_BIKE_L5,P521_BIKE_L5,170.992593
P521_BIKE_L5,P521_BIKE_L5,164.558509
P521_BIKE_L5,P521_BIKE_L5,173.476601
P521_BIKE_L5,P521_BIKE_L5,168.983164
P521_BIKE_L5,P521_BIKE_L5,165.51862
P521_BIKE_L5,P521_BIKE_L5,175.097499
P521_BIKE_L5,P521_BIKE_L5,169.419115
P521_BIKE_L5,P521_BIKE_L5,177.0839
P521_BIKE_L5,P521_BIKE_L5,165.593016
P521_BIKE_L5,P521_BIKE_L5,171.459473
P521_BIKE_L5,P521_BIKE_L5,170.844686
P521_BIKE_L5,P521_BIKE_L5,169.501013
P521_BIKE_L5,P521_BIKE_L5,173.764776
P521_BIKE_L5,P521_BIKE_L5,176.270143
P521_BIKE_L5,P521_BIKE_L5,162.475005
P521_BIKE_L5,P521_BIKE_L5,174.090304
P521_BIKE_L5,P521_BIKE_L5,170.106746
P521_BIKE_L5,P521_BIKE_L5,187.073989
P521_BIKE_L5,P521_BIKE_L5,172.214819
P521_BIKE_L5,P521_BIKE_L5,165.317342
P521_BIKE_L5,P521_BIKE_L5,166.420752
P521_BIKE_L5,P521_BIKE_L5,164.183165
P521_BIKE_L5,P521_BIKE_L5,172.20847
P521_BIKE_L5,P521_BIKE_L5,162.06887
P521_BIKE_L5,P521_BIKE_L5,184.033627
P521_BIKE_L5,P521_BIKE_L5,171.170849
P521_BIKE_L5,P521_BIKE_L5,168.071786
P521_BIKE_L5,P521_BIKE_L5,171.217379
P521_BIKE_L5,P521_BIKE_L5,161.22759
P521_BIKE_L5,P521_BIKE_L5,168.487438
P521_BIKE_L5,P521_BIKE_L5,172.342919
P521_BIKE_L5,P521_BIKE_L5,163.840737
P521_BIKE_L5,P521_BIKE_L5,173.59897
P521_BIKE_L5,P521_BIKE_L5,161.93359
P521_BIKE_L5,P521_BIKE_L5,166.510227
P521_BIKE_L5,P521_BIKE_L5,162.661761
P521_BIKE_L5,P521_BIKE_L5,173.503182
P521_BIKE_L5,P521_BIKE_L5,161.974571
P521_BIKE_L5,P521_BIKE_L5,162.099413
P521_BIKE_L5,P521_BIKE_L5,172.157478
P521_BIKE_L5,P521_BIKE_L5,172.334297
P521_BIKE_L5,P521_BIKE_L5,167.326653
P521_BIKE_L5,P521_BIKE_L5,167.886964
P521_BIKE_L5,P521_BIKE_L5,164.295762
P521_BIKE_L5,P521_BIKE_L5,160.53857
P521_BIKE_L5,P521_BIKE_L5,166.440177
P521_BIKE_L5,P521_BIKE_L5,164.946496
P521_BIKE_L5,P521_BIKE_L5,161.232853
P521_BIKE_L5,P521_BIKE_L5,176.596709
P521_BIKE_L5,P521_BIKE_L5,166.346786
P521_BIKE_L5,P521_BIKE_L5,169.582901
P521_BIKE_L5,P521_BIKE_L5,167.74774
P521_BIKE_L5,P521_BIKE_L5,163.976276
P521_BIKE_L5,P521_BIKE_L5,166.643326
P521_BIKE_L5,P521_BIKE_L5,166.4188
P521_BIKE_L5,P521_BIKE_L5,177.417979
P521_BIKE_L5,P521_BIKE_L5,172.146646
P521_BIKE_L5,P521_BIKE_L5,162.652054
P521_BIKE_L5,P521_BIKE_L5,167.679176
P521_BIKE_L5,P521_BIKE_L5,165.841501
P521_BIKE_L5,P521_BIKE_L5,165.561797
P521_BIKE_L5,P521_BIKE_L5,165.528466
P521_BIKE_L5,P521_BIKE_L5,175.152767
P521_BIKE_L5,P521_BIKE_L5,176.774159
P521_BIKE_L5,P521_BIKE_L5,163.880959
P521_BIKE_L5,P521_BIKE_L5,168.577586
P521_BIKE_L5,P521_BIKE_L5,177.239822
P521_BIKE_L5,P521_BIKE_L5,178.625039
P521_BIKE_L5,P521_BIKE_L5,164.193495
P521_BIKE_L5,P521_BIKE_L5,164.327281
P521_BIKE_L5,P521_BIKE_L5,161.052009
P521_BIKE_L5,P521_BIKE_L5,159.558751
P521_BIKE_L5,P521_BIKE_L5,159.99739
P521_BIKE_L5,P521_BIKE_L5,176.874999
P521_BIKE_L5,P521_BIKE_L5,166.979682
P521_BIKE_L5,P521_BIKE_L5,179.708969
P521_BIKE_L5,P521_BIKE_L5,167.736954
P521_BIKE_L5,P521_BIKE_L5,165.479238
P521_BIKE_L5,P521_BIKE_L5,167.53597
P521_BIKE_L5,P521_BIKE_L5,184.429973
P521_BIKE_L5,P521_BIKE_L5,173.217828
P521_BIKE_L5,P521_BIKE_L5,175.934915
P521_BIKE_L5,P521_BIKE_L5,165.085698
P521_BIKE_L5,P521_BIKE_L5,163.162644
P521_BIKE_L5,P521_BIKE_L5,167.065817
P521_BIKE_L5,P521_BIKE_L5,169.824027
P521_BIKE_L5,P521_BIKE_L5,177.104711
P521_BIKE_L5,P521_BIKE_L5,171.053352
P521_BIKE_L5,P521_BIKE_L5,168.57103
P521_BIKE_L5,P521_BIKE_L5,172.538357
P521_BIKE_L5,P521_BIKE_L5,166.564466
P521_BIKE_L5,P521_BIKE_L5,164.208423
P521_BIKE_L5,P521_BIKE_L5,159.881008
P521_BIKE_L5,P521_BIKE_L5,181.24846
P521_BIKE_L5,P521_BIKE_L5,172.197416
P521_BIKE_L5,P521_BIKE_L5,173.448461
P521_BIKE_L5,P521_BIKE_L5,182.617753
P521_BIKE_L5,P521_BIKE_L5,170.049703
P521_BIKE_L5,P521_BIKE_L5,184.029649
P521_BIKE_L5,P521_BIKE_L5,176.30374
P521_BIKE_L5,P521_BIKE_L5,165.741795
P521_BIKE_L5,P521_BIKE_L5,165.200384
P521_BIKE_L5,P521_BIKE_L5,163.489429
P521_BIKE_L5,P521_BIKE_L5,168.705087
P521_BIKE_L5,P521_BIKE_L5,171.376982
P521_BIKE_L5,P521_BIKE_L5,167.656772
P521_BIKE_L5,P521_BIKE_L5,172.674114
P521_BIKE_L5,P521_BIKE_L5,166.054315
P521_BIKE_L5,P521_BIKE_L5,165.118543
P521_BIKE_L5,P521_BIKE_L5,165.645174
P521_BIKE_L5,P521_BIKE_L5,163.348586
P521_BIKE_L5,P521_BIKE_L5,160.486846
P521_BIKE_L5,P521_BIKE_L5,172.475157
P521_BIKE_L5,P521_BIKE_L5,180.465127
P521_BIKE_L5,P521_BIKE_L5,171.615736
P521_BIKE_L5,P521_BIKE_L5,159.134464
P521_BIKE_L5,P521_BIKE_L5,159.792059
P521_BIKE_L5,P521_BIKE_L5,169.152398
P521_BIKE_L5,P521_BIKE_L5,162.101805
P521_BIKE_L5,P521_BIKE_L5,168.56832
P521_BIKE_L5,P521_BIKE_L5,163.954891
P521_BIKE_L5,P521_BIKE_L5,177.909919
P521_BIKE_L5,P521_BIKE_L5,169.466745
P521_BIKE_L5,P521_BIKE_L5,168.038246
P521_BIKE_L5,P521_BIKE_L5,168.251188
P521_BIKE_L5,P521_BIKE_L5,174.742891
P521_BIKE_L5,P521_BIKE_L5,163.84762
P521_BIKE_L5,P521_BIKE_L5,164.13031
P521_BIKE_L5,P521_BIKE_L5,169.923717
P521_BIKE_L5,P521_BIKE_L5,167.319125
P521_BIKE_L5,P521_BIKE_L5,172.576421
P521_BIKE_L5,P521_BIKE_L5,163.207304
P521_BIKE_L5,P521_BIKE_L5,172.870024
P521_BIKE_L5,P521_BIKE_L5,179.734631
P521_BIKE_L5,P521_BIKE_L5,164.502356
P521_BIKE_L5,P521_BIKE_L5,173.139951
P521_BIKE_L5,P521_BIKE_L5,168.32374
P521_BIKE_L5,P521_BIKE_L5,172.359298
P521_BIKE_L5,P521_BIKE_L5,172.983114
P521_BIKE_L5,P521_BIKE_L5,163.093936
P521_BIKE_L5,P521_BIKE_L5,176.723821
P521_BIKE_L5,P521_BIKE_L5,172.88307
P521_BIKE_L5,P521_BIKE_L5,163.547948
P521_BIKE_L5,P521_BIKE_L5,166.643701
P521_BIKE_L5,P521_BIKE_L5,162.911927
P521_BIKE_L5,P521_BIKE_L5,183.804149
P521_BIKE_L5,P521_BIKE_L5,169.247161
P521_BIKE_L5,P521_BIKE_L5,183.614091
P521_BIKE_L5,P521_BIKE_L5,180.007859
P521_BIKE_L5,P521_BIKE_L5,167.142506
P521_BIKE_L5,P521_BIKE_L5,164.789176
P521_BIKE_L5,P521_BIKE_L5,171.969555
P521_BIKE_L5,P521_BIKE_L5,161.077484
P521_BIKE_L5,P521_BIKE_L5,163.58321
P521_BIKE_L5,P521_BIKE_L5,166.907255
P521_BIKE_L5,P521_BIKE_L5,180.106994
P521_BIKE_L5,P521_BIKE_L5,163.536484
P521_BIKE_L5,P521_BIKE_L5,174.8493
P521_BIKE_L5,P521_BIKE_L5,166.268879
P521_BIKE_L5,P521_BIKE_L5,166.935354
P521_BIKE_L5,P521_BIKE_L5,164.714441
P521_BIKE_L5,P521_BIKE_L5,175.695758
P521_BIKE_L5,P521_BIKE_L5,172.023898
P521_BIKE_L5,P521_BIKE_L5,168.579921
P521_BIKE_L5,P521_BIKE_L5,168.150244
P521_BIKE_L5,P521_BIKE_L5,166.523109
P521_BIKE_L5,P521_BIKE_L5,182.28559
P521_BIKE_L5,P521_BIKE_L5,175.217802
P521_BIKE_L5,P521_BIKE_L5,168.162029
P521_BIKE_L5,P521_BIKE_L5,167.627472
P521_BIKE_L5,P521_BIKE_L5,165.464738
P521_BIKE_L5,P521_BIKE_L5,164.747671
P521_BIKE_L5,P521_BIKE_L5,161.131177
P521_BIKE_L5,P521_BIKE_L5,163.95772
P521_BIKE_L5,P521_BIKE_L5,164.122157
P521_BIKE_L5,P521_BIKE_L5,164.698332
P521_BIKE_L5,P521_BIKE_L5,165.660598
P521_BIKE_L5,P521_BIKE_L5,173.3652
P521_BIKE_L5,P521_BIKE_L5,164.611079
P521_BIKE_L5,P521_BIKE_L5,176.31166
P521_BIKE_L5,P521_BIKE_L5,170.580542
P521_BIKE_L5,P521_BIKE_L5,174.75427
P521_BIKE_L5,P521_BIKE_L5,172.969454
P521_BIKE_L5,P521_BIKE_L5,173.509432
P521_BIKE_L5,P521_BIKE_L5,170.739129
P521_BIKE_L5,P521_BIKE_L5,169.32851
P521_BIKE_L5,P521_BIKE_L5,175.207115
P521_BIKE_L5,P521_BIKE_L5,173.7394
P521_BIKE_L5,P521_BIKE_L5,178.267124
P521_BIKE_L5,P521_BIKE_L5,183.430693
P521_BIKE_L5,P521_BIKE_L5,160.938494
P521_BIKE_L5,P521_BIKE_L5,164.760223
P521_BIKE_L5,P521_BIKE_L5,176.018899
P521_BIKE_L5,P521_BIKE_L5,170.882117
P521_BIKE_L5,P521_BIKE_L5,174.226979
P521_BIKE_L5,P521_BIKE_L5,165.374
P521_BIKE_L5,P521_BIKE_L5,167.183002
P521_BIKE_L5,P521_BIKE_L5,167.843995
P521_BIKE_L5,P521_BIKE_L5,165.904063
P521_BIKE_L5,P521_BIKE_L5,175.497346
P521_BIKE_L5,P521_BIKE_L5,166.830014
P521_BIKE_L5,P521_BIKE_L5,172.750416
P521_BIKE_L5,P521_BIKE_L5,167.586793
P521_BIKE_L5,P521_BIKE_L5,186.2817
P521_BIKE_L5,P521_BIKE_L5,172.993093
P521_BIKE_L5,P521_BIKE_L5,162.896896
P521_BIKE_L5,P521_BIKE_L5,166.399207
P521_BIKE_L5,P521_BIKE_L5,168.65885
P521_BIKE_L5,P521_BIKE_L5,173.960391
P521_BIKE_L5,P521_BIKE_L5,167.231159
P521_BIKE_L5,P521_BIKE_L5,168.646563
P521_BIKE_L5,P521_BIKE_L5,166.366392
P521_BIKE_L5,P521_BIKE_L5,164.417109
P521_BIKE_L5,P521_BIKE_L5,184.128015
P521_BIKE_L5,P521_BIKE_L5,171.927104
P521_BIKE_L5,P521_BIKE_L5,172.88171
P521_BIKE_L5,P521_BIKE_L5,169.277112
P521_BIKE_L5,P521_BIKE_L5,161.645834
P521_BIKE_L5,P521_BIKE_L5,163.058087
P521_BIKE_L5,P521_BIKE_L5,180.53917
P521_BIKE_L5,P521_BIKE_L5,166.318896
P521_BIKE_L5,P521_BIKE_L5,170.000985
P521_BIKE_L5,P521_BIKE_L5,170.598372
P521_BIKE_L5,P521_BIKE_L5,165.093536
P521_BIKE_L5,P521_BIKE_L5,161.917126
P521_BIKE_L5,P521_BIKE_L5,172.210405
P521_BIKE_L5,P521_BIKE_L5,168.702027
P521_BIKE_L5,P521_BIKE_L5,168.430811
P521_BIKE_L5,P521_BIKE_L5,162.697203
P521_BIKE_L5,P521_BIKE_L5,171.437073
P521_BIKE_L5,P521_BIKE_L5,174.887193
P521_BIKE_L5,P521_BIKE_L5,161.900136
P521_BIKE_L5,P521_BIKE_L5,173.739623
P521_BIKE_L5,P521_BIKE_L5,169.322227
P521_BIKE_L5,P521_BIKE_L5,177.061326
P521_BIKE_L5,P521_BIKE_L5,161.584871
P521_BIKE_L5,P521_BIKE_L5,179.060511
P521_BIKE_L5,P521_BIKE_L5,160.470991
P521_BIKE_L5,P521_BIKE_L5,176.7539
P521_BIKE_L5,P521_BIKE_L5,172.916357
P521_BIKE_L5,P521_BIKE_L5,170.047105
P521_BIKE_L5,P521_BIKE_L5,162.672008
P521_BIKE_L5,P521_BIKE_L5,169.073247
P521_BIKE_L5,P521_BIKE_L5,166.965929
P521_BIKE_L5,P521_BIKE_L5,178.232611
P521_BIKE_L5,P521_BIKE_L5,167.581627
P521_BIKE_L5,P521_BIKE_L5,168.946208
P521_BIKE_L5,P521_BIKE_L5,174.335204
P521_BIKE_L5,P521_BIKE_L5,171.00429
P521_BIKE_L5,P521_BIKE_L5,165.381342
P521_BIKE_L5,P521_BIKE_L5,177.510256
P521_BIKE_L5,P521_BIKE_L5,170.704885
P521_BIKE_L5,P521_BIKE_L5,171.775859
P521_BIKE_L5,P521_BIKE_L5,176.280137
P521_BIKE_L5,P521_BIKE_L5,182.434194
P521_BIKE_L5,P521_BIKE_L5,178.698505
P521_BIKE_L5,P521_BIKE_L5,166.524645
P521_BIKE_L5,P521_BIKE_L5,177.147079
P521_BIKE_L5,P521_BIKE_L5,174.395786
P521_BIKE_L5,P521_BIKE_L5,166.875546
P521_BIKE_L5,P521_BIKE_L5,182.346455
P521_BIKE_L5,P521_BIKE_L5,176.031894
P521_BIKE_L5,P521_BIKE_L5,167.912135
P521_BIKE_L5,P521_BIKE_L5,172.962938
P521_BIKE_L5,P521_BIKE_L5,174.857728
P521_BIKE_L5,P521_BIKE_L5,172.951969
P521_BIKE_L5,P521_BIKE_L5,183.237715
P521_BIKE_L5,P521_BIKE_L5,180.713673
P521_BIKE_L5,P521_BIKE_L5,175.369838
P521_BIKE_L5,P521_BIKE_L5,175.105373
P521_BIKE_L5,P521_BIKE_L5,174.040251
P521_BIKE_L5,P521_BIKE_L5,174.932023
P521_BIKE_L5,P521_BIKE_L5,164.732214
P521_BIKE_L5,P521_BIKE_L5,171.638671
P521_BIKE_L5,P521_BIKE_L5,179.691822
P521_BIKE_L5,P521_BIKE_L5,184.905645
P521_BIKE_L5,P521_BIKE_L5,180.795778
P521_BIKE_L5,P521_BIKE_L5,169.474752
P521_BIKE_L5,P521_BIKE_L5,183.352943
P521_BIKE_L5,P521_BIKE_L5,168.886457
P521_BIKE_L5,P521_BIKE_L5,180.249471
P521_BIKE_L5,P521_BIKE_L5,176.210897
P521_BIKE_L5,P521_BIKE_L5,170.90403
P521_BIKE_L5,P521_BIKE_L5,167.618778
P521_BIKE_L5,P521_BIKE_L5,168.148625
P521_BIKE_L5,P521_BIKE_L5,166.97471
P521_BIKE_L5,P521_BIKE_L5,171.361661
P521_BIKE_L5,P521_BIKE_L5,176.921703
P521_BIKE_L5,P521_BIKE_L5,178.343863
P521_BIKE_L5,P521_BIKE_L5,166.119669
P521_BIKE_L5,P521_BIKE_L5,173.261181
P521_BIKE_L5,P521_BIKE_L5,179.539914
P521_BIKE_L5,P521_BIKE_L5,158.944803
P521_BIKE_L5,P521_BIKE_L5,171.342778
P521_BIKE_L5,P521_BIKE_L5,166.12781
P521_BIKE_L5,P521_BIKE_L5,168.19381
P521_BIKE_L5,P521_BIKE_L5,163.263709
P521_BIKE_L5,P521_BIKE_L5,169.432273
P521_BIKE_L5,P521_BIKE_L5,172.976586
P521_BIKE_L5,P521_BIKE_L5,168.083315
P521_BIKE_L5,P521_BIKE_L5,171.812159
P521_BIKE_L5,P521_BIKE_L5,178.669262
P521_BIKE_L5,P521_BIKE_L5,166.388705
P521_BIKE_L5,P521_BIKE_L5,157.639144
P521_BIKE_L5,P521_BIKE_L5,168.949875
P521_BIKE_L5,P521_BIKE_L5,166.522025
P521_BIKE_L5,P521_BIKE_L5,164.279886
P521_BIKE_L5,P521_BIKE_L5,162.935529
P521_BIKE_L5,P521_BIKE_L5,164.907793
P521_BIKE_L5,P521_BIKE_L5,160.911967
P521_BIKE_L5,P521_BIKE_L5,165.050123
P521_BIKE_L5,P521_BIKE_L5,168.164671
P521_BIKE_L5,P521_BIKE_L5,161.137399
P521_BIKE_L5,P521_BIKE_L5,163.284842
P521_BIKE_L5,P521_BIKE_L5,163.252643
P521_BIKE_L5,P521_BIKE_L5,160.953219
P521_BIKE_L5,P521_BIKE_L5,174.485114
P521_BIKE_L5,P521_BIKE_L5,170.016049
P521_BIKE_L5,P521_BIKE_L5,174.368458
P521_BIKE_L5,P521_BIKE_L5,174.749722
P521_BIKE_L5,P521_BIKE_L5,179.328016
P521_BIKE_L5,P521_BIKE_L5,161.679356
P521_BIKE_L5,P521_BIKE_L5,171.927482
P521_BIKE_L5,P521_BIKE_L5,177.464541
P521_BIKE_L5,P521_BIKE_L5,167.722042
P521_BIKE_L5,P521_BIKE_L5,168.457163
P521_BIKE_L5,P521_BIKE_L5,170.663587
P521_BIKE_L5,P521_BIKE_L5,174.063549
P521_BIKE_L5,P521_BIKE_L5,164.918631
P521_BIKE_L5,P521_BIKE_L5,161.70028
P521_BIKE_L5,P521_BIKE_L5,171.110705
P521_BIKE_L5,P521_BIKE_L5,161.851443
P521_BIKE_L5,P521_BIKE_L5,182.721213
P521_BIKE_L5,P521_BIKE_L5,167.512813
P521_BIKE_L5,P521_BIKE_L5,164.524654
P521_BIKE_L5,P521_BIKE_L5,168.009251
P521_BIKE_L5,P521_BIKE_L5,182.146369
P521_BIKE_L5,P521_BIKE_L5,169.54404
P521_BIKE_L5,P521_BIKE_L5,165.441604
P521_BIKE_L5,P521_BIKE_L5,166.517591
P521_BIKE_L5,P521_BIKE_L5,181.89242
P521_BIKE_L5,P521_BIKE_L5,174.664734
P521_BIKE_L5,P521_BIKE_L5,171.672552
P521_BIKE_L5,P521_BIKE_L5,162.050976
P521_BIKE_L5,P521_BIKE_L5,169.283667
P521_BIKE_L5,P521_BIKE_L5,160.361189
P521_BIKE_L5,P521_BIKE_L5,158.688594
P521_BIKE_L5,P521_BIKE_L5,172.544746
P521_BIKE_L5,P521_BIKE_L5,174.084125
P521_BIKE_L5,P521_BIKE_L5,172.119807
P521_BIKE_L5,P521_BIKE_L5,178.492558
P521_BIKE_L5,P521_BIKE_L5,169.484751
P521_BIKE_L5,P521_BIKE_L5,163.333335
P521_BIKE_L5,P521_BIKE_L5,168.148584
P521_BIKE_L5,P521_BIKE_L5,165.494899
P521_BIKE_L5,P521_BIKE_L5,162.044807
P521_BIKE_L5,P521_BIKE_L5,174.16597
P521_BIKE_L5,P521_BIKE_L5,172.172894
P521_BIKE_L5,P521_BIKE_L5,175.736579
P521_BIKE_L5,P521_BIKE_L5,176.714325
P521_BIKE_L5,P521_BIKE_L5,165.464442
P521_BIKE_L5,P521_BIKE_L5,165.284499
P521_BIKE_L5,P521_BIKE_L5,164.47392
P521_BIKE_L5,P521_BIKE_L5,161.125886
P521_BIKE_L5,P521_BIKE_L5,183.101694
P521_BIKE_L5,P521_BIKE_L5,162.348174
P521_BIKE_L5,P521_BIKE_L5,161.424187
P521_BIKE_L5,P521_BIKE_L5,166.43805
P521_BIKE_L5,P521_BIKE_L5,163.056985
P521_BIKE_L5,P521_BIKE_L5,163.625875
P521_BIKE_L5,P521_BIKE_L5,172.860593
P521_BIKE_L5,P521_BIKE_L5,166.287051
P521_BIKE_L5,P521_BIKE_L5,166.899863
P521_BIKE_L5,P521_BIKE_L5,167.585271
P521_BIKE_L5,P521_BIKE_L5,168.579292
P521_BIKE_L5,P521_BIKE_L5,165.08871
P521_BIKE_L5,P521_BIKE_L5,163.572439
P521_BIKE_L5,P521_BIKE_L5,180.786387
P521_BIKE_L5,P521_BIKE_L5,165.34717
P521_BIKE_L5,P521_BIKE_L5,164.807623
P521_BIKE_L5,P521_BIKE_L5,176.538122
P521_BIKE_L5,P521_BIKE_L5,165.259211
P521_BIKE_L5,P521_BIKE_L5,175.007721
P521_BIKE_L5,P521_BIKE_L5,185.305696
P521_BIKE_L5,P521_BIKE_L5,164.957094
P521_BIKE_L5,P521_BIKE_L5,160.749156
P521_BIKE_L5,P521_BIKE_L5,171.339715
P521_BIKE_L5,P521_BIKE_L5,170.410557
P521_BIKE_L5,P521_BIKE_L5,173.082212
P521_BIKE_L5,P521_BIKE_L5,166.061619
P521_BIKE_L5,P521_BIKE_L5,167.869691
P521_BIKE_L5,P521_BIKE_L5,173.35575
P521_BIKE_L5,P521_BIKE_L5,177.245502
P521_BIKE_L5,P521_BIKE_L5,167.810119
P521_BIKE_L5,P521_BIKE_L5,177.00307
P521_BIKE_L5,P521_BIKE_L5,173.700039
P521_BIKE_L5,P521_BIKE_L5,173.492133
P521_BIKE_L5,P521_BIKE_L5,173.554908
P521_BIKE_L5,P521_BIKE_L5,169.14688
P521_BIKE_L5,P521_BIKE_L5,173.001515
P521_BIKE_L5,P521_BIKE_L5,168.559701
P521_BIKE_L5,P521_BIKE_L5,166.667422
P521_BIKE_L5,P521_BIKE_L5,166.644663
P521_BIKE_L5,P521_BIKE_L5,170.645562
P521_BIKE_L5,P521_BIKE_L5,175.668558
P521_BIKE_L5,P521_BIKE_L5,184.917422
P521_BIKE_L5,P521_BIKE_L5,162.883905
P521_BIKE_L5,P521_BIKE_L5,171.077866
P521_BIKE_L5,P521_BIKE_L5,184.819652
P521_BIKE_L5,P521_BIKE_L5,168.26132
P521_BIKE_L5,P521_BIKE_L5,181.640311
P521_BIKE_L5,P521_BIKE_L5,170.876049
P521_BIKE_L5,P521_BIKE_L5,166.797661
P521_BIKE_L5,P521_BIKE_L5,169.265317
P521_BIKE_L5,P521_BIKE_L5,164.951687
P521_BIKE_L5,P521_BIKE_L5,165.458357
P521_BIKE_L5,P521_BIKE_L5,172.349053
P521_BIKE_L5,P521_BIKE_L5,177.470664
P521_BIKE_L5,P521_BIKE_L5,179.447403
P521_BIKE_L5,P521_BIKE_L5,176.926264
P521_BIKE_L5,P521_BIKE_L5,167.088419
P521_BIKE_L5,P521_BIKE_L5,166.074713
P521_BIKE_L5,P521_BIKE_L5,165.137982
P521_BIKE_L5,P521_BIKE_L5,181.565699
P521_BIKE_L5,P521_BIKE_L5,174.350794
P521_BIKE_L5,P521_BIKE_L5,177.465495
P521_BIKE_L5,P521_BIKE_L5,169.018905
P521_BIKE_L5,P521_BIKE_L5,167.004072
P521_BIKE_L5,P521_BIKE_L5,172.100353
P521_BIKE_L5,P521_BIKE_L5,174.472406
P521_BIKE_L5,P521_BIKE_L5,160.680167
P521_BIKE_L5,P521_BIKE_L5,173.722979
P521_BIKE_L5,P521_BIKE_L5,166.300467
P521_BIKE_L5,P521_BIKE_L5,165.181984
P521_BIKE_L5,P521_BIKE_L5,178.082332
P521_BIKE_L5,P521_BIKE_L5,164.943178
P521_BIKE_L5,P521_BIKE_L5,166.638317
P521_BIKE_L5,P521_BIKE_L5,167.292302
P521_BIKE_L5,P521_BIKE_L5,166.284935
P521_BIKE_L5,P521_BIKE_L5,171.151847
P521_BIKE_L5,P521_BIKE_L5,163.168001
P521_BIKE_L5,P521_BIKE_L5,162.113535
P521_BIKE_L5,P521_BIKE_L5,164.112637
P521_BIKE_L5,P521_BIKE_L5,163.769423
P521_BIKE_L5,P521_BIKE_L5,171.7498
P521_BIKE_L5,P521_BIKE_L5,160.805629
P521_BIKE_L5,P521_BIKE_L5,162.524106
P521_BIKE_L5,P521_BIKE_L5,166.688016
P521_BIKE_L5,P521_BIKE_L5,171.715752
P521_BIKE_L5,P521_BIKE_L5,172.7814
P521_BIKE_L5,P521_BIKE_L5,168.168834
P521_BIKE_L5,P521_BIKE_L5,165.616976
P521_BIKE_L5,P521_BIKE_L5,167.430335
P521_BIKE_L5,P521_BIKE_L5,165.836272
P521_BIKE_L5,P521_BIKE_L5,162.426168
P521_BIKE_L5,P521_BIKE_L5,165.360787
P521_BIKE_L5,P521_BIKE_L5,164.824535
P521_BIKE_L5,P521_BIKE_L5,173.590981
P521_BIKE_L5,P521_BIKE_L5,163.004905
P521_BIKE_L5,P521_BIKE_L5,161.306238
P521_BIKE_L5,P521_BIKE_L5,169.588063
P521_BIKE_L5,P521_BIKE_L5,165.625561
P521_BIKE_L5,P521_BIKE_L5,178.832901
P521_BIKE_L5,P521_BIKE_L5,173.856647
P521_BIKE_L5,P521_BIKE_L5,174.660531
P521_BIKE_L5,P521_BIKE_L5,168.010366
P521_BIKE_L5,P521_BIKE_L5,177.506361
P521_BIKE_L5,P521_BIKE_L5,165.973459
P521_BIKE_L5,P521_BIKE_L5,169.351355
P521_BIKE_L5,P521_BIKE_L5,182.710224
P521_BIKE_L5,P521_BIKE_L5,166.884219
P521_BIKE_L5,P521_BIKE_L5,158.19998
P521_BIKE_L5,P521_BIKE_L5,174.70702
P521_BIKE_L5,P521_BIKE_L5,177.05639
P521_BIKE_L5,P521_BIKE_L5,161.893281
P521_BIKE_L5,P521_BIKE_L5,183.686803
P521_BIKE_L5,P521_BIKE_L5,168.785152
P521_BIKE_L5,P521_BIKE_L5,165.101244
P521_BIKE_L5,P521_BIKE_L5,168.933826
P521_BIKE_L5,P521_BIKE_L5,162.783922
P521_BIKE_L5,P521_BIKE_L5,181.449556
P521_BIKE_L5,P521_BIKE_L5,165.049519
P521_BIKE_L5,P521_BIKE_L5,174.746685
P521_BIKE_L5,P521_BIKE_L5,173.57831
P521_BIKE_L5,P521_BIKE_L5,174.367312
P521_BIKE_L5,P521_BIKE_L5,167.913634
P521_BIKE_L5,P521_BIKE_L5,163.058599
P521_BIKE_L5,P521_BIKE_L5,166.32313
P521_BIKE_L5,P521_BIKE_L5,162.488916
P521_BIKE_L5,P521_BIKE_L5,184.671637
P521_BIKE_L5,P521_BIKE_L5,165.558722
P521_BIKE_L5,P521_BIKE_L5,164.078191
P521_BIKE_L5,P521_BIKE_L5,160.732707
P521_BIKE_L5,P521_BIKE_L5,162.327312
P521_BIKE_L5,P521_BIKE_L5,173.719113
P521_BIKE_L5,P521_BIKE_L5,164.467142
P521_BIKE_L5,P521_BIKE_L5,192.389063
P521_BIKE_L5,P521_BIKE_L5,162.497677
P521_BIKE_L5,P521_BIKE_L5,174.107025
P521_BIKE_L5,P521_BIKE_L5,168.686387
P521_BIKE_L5,P521_BIKE_L5,171.957483
P521_BIKE_L5,P521_BIKE_L5,176.459165
P521_BIKE_L5,P521_BIKE_L5,170.818538
P521_BIKE_L5,P521_BIKE_L5,178.099564
P521_BIKE_L5,P521_BIKE_L5,176.460046
P521_BIKE_L5,P521_BIKE_L5,159.911416
P521_BIKE_L5,P521_BIKE_L5,175.460021
P521_BIKE_L5,P521_BIKE_L5,161.744914
P521_BIKE_L5,P521_BIKE_L5,161.191369
P521_BIKE_L5,P521_BIKE_L5,173.044592
P521_BIKE_L5,P521_BIKE_L5,166.128874
P521_BIKE_L5,P521_BIKE_L5,171.762144
P521_BIKE_L5,P521_BIKE_L5,165.517678
P521_BIKE_L5,P521_BIKE_L5,171.793771
P521_BIKE_L5,P521_BIKE_L5,173.611943
P521_BIKE_L5,P521_BIKE_L5,176.978496
P521_BIKE_L5,P521_BIKE_L5,166.550382
P521_BIKE_L5,P521_BIKE_L5,165.814426
P521_BIKE_L5,P521_BIKE_L5,171.474436
P521_BIKE_L5,P521_BIKE_L5,169.849346
P521_BIKE_L5,P521_BIKE_L5,172.413287
P521_BIKE_L5,P521_BIKE_L5,174.735421
P521_BIKE_L5,P521_BIKE_L5,163.207366
P521_BIKE_L5,P521_BIKE_L5,176.374742
P521_BIKE_L5,P521_BIKE_L5,166.466526
P521_BIKE_L5,P521_BIKE_L5,177.001482
P521_BIKE_L5,P521_BIKE_L5,168.322838
P521_BIKE_L5,P521_BIKE_L5,172.358898
P521_BIKE_L5,P521_BIKE_L5,166.842442
P521_BIKE_L5,P521_BIKE_L5,168.589498
P521_BIKE_L5,P521_BIKE_L5,168.390223
P521_BIKE_L5,P521_BIKE_L5,175.349374
P521_BIKE_L5,P521_BIKE_L5,170.325833
P521_BIKE_L5,P521_BIKE_L5,173.253752
P521_BIKE_L5,P521_BIKE_L5,172.915864
P521_BIKE_L5,P521_BIKE_L5,164.537477
P521_BIKE_L5,P521_BIKE_L5,162.176053
P521_BIKE_L5,P521_BIKE_L5,177.829132
P521_BIKE_L5,P521_BIKE_L5,174.226225
P521_BIKE_L5,P521_BIKE_L5,167.131725
P521_BIKE_L5,P521_BIKE_L5,175.840823
P521_BIKE_L5,P521_BIKE_L5,168.245139
P521_BIKE_L5,P521_BIKE_L5,165.764877
P521_BIKE_L5,P521_BIKE_L5,177.531043
P521_BIKE_L5,P521_BIKE_L5,175.822438
P521_BIKE_L5,P521_BIKE_L5,165.751715
P521_BIKE_L5,P521_BIKE_L5,180.546336
P521_BIKE_L5,P521_BIKE_L5,163.47908
P521_BIKE_L5,P521_BIKE_L5,165.898759
P521_BIKE_L5,P521_BIKE_L5,171.593665
P521_BIKE_L5,P521_BIKE_L5,162.459208
P521_BIKE_L5,P521_BIKE_L5,179.382103
P521_BIKE_L5,P521_BIKE_L5,170.977213
P521_BIKE_L5,P521_BIKE_L5,173.111752
P521_BIKE_L5,P521_BIKE_L5,167.366314
P521_BIKE_L5,P521_BIKE_L5,176.332224
P521_BIKE_L5,P521_BIKE_L5,162.846098
P521_BIKE_L5,P521_BIKE_L5,171.3807
P521_BIKE_L5,P521_BIKE_L5,175.24461
P521_BIKE_L5,P521_BIKE_L5,162.776235
P521_BIKE_L5,P521_BIKE_L5,173.031753
P521_BIKE_L5,P521_BIKE_L5,165.53947
P521_BIKE_L5,P521_BIKE_L5,183.789244
P521_BIKE_L5,P521_BIKE_L5,158.564966
P521_BIKE_L5,P521_BIKE_L5,180.297955
P521_BIKE_L5,P521_BIKE_L5,175.495995
P521_BIKE_L5,P521_BIKE_L5,167.804896
P521_BIKE_L5,P521_BIKE_L5,167.068937
P521_BIKE_L5,P521_BIKE_L5,171.033507
P521_BIKE_L5,P521_BIKE_L5,165.954301
P521_BIKE_L5,P521_BIKE_L5,164.822643
P521_BIKE_L5,P521_BIKE_L5,168.48614
P521_BIKE_L5,P521_BIKE_L5,173.053048
P521_BIKE_L5,P521_BIKE_L5,176.583402
P521_BIKE_L5,P521_BIKE_L5,168.677983
P521_BIKE_L5,P521_BIKE_L5,163.726616
P521_BIKE_L5,P521_BIKE_L5,176.642136
P521_BIKE_L5,P521_BIKE_L5,166.060078
P521_BIKE_L5,P521_BIKE_L5,173.341384
P521_BIKE_L5,P521_BIKE_L5,174.669372
P521_BIKE_L5,P521_BIKE_L5,160.613413
P521_BIKE_L5,P521_BIKE_L5,180.411216
P521_BIKE_L5,P521_BIKE_L5,170.771419
P521_BIKE_L5,P521_BIKE_L5,175.159393
P521_BIKE_L5,P521_BIKE_L5,175.245344
P521_BIKE_L5,P521_BIKE_L5,171.627166
P521_BIKE_L5,P521_BIKE_L5,162.764366
P521_BIKE_L5,P521_BIKE_L5,164.295122
P521_BIKE_L5,P521_BIKE_L5,171.086468
P521_BIKE_L5,P521_BIKE_L5,182.274747
P521_BIKE_L5,P521_BIKE_L5,164.081703
P521_BIKE_L5,P521_BIKE_L5,178.281504
P521_BIKE_L5,P521_BIKE_L5,173.776532
P521_BIKE_L5,P521_BIKE_L5,172.188275
P521_BIKE_L5,P521_BIKE_L5,163.501069
P521_BIKE_L5,P521_BIKE_L5,175.972442
P521_BIKE_L5,P521_BIKE_L5,166.267089
P521_BIKE_L5,P521_BIKE_L5,161.73043
P521_BIKE_L5,P521_BIKE_L5,173.724899
P521_BIKE_L5,P521_BIKE_L5,173.365844
P521_BIKE_L5,P521_BIKE_L5,166.753776
P521_BIKE_L5,P521_BIKE_L5,171.936513
P521_BIKE_L5,P521_BIKE_L5,181.843243
P521_BIKE_L5,P521_BIKE_L5,169.106398
P521_BIKE_L5,P521_BIKE_L5,169.759562
P521_BIKE_L5,P521_BIKE_L5,168.546986
P521_BIKE_L5,P521_BIKE_L5,167.417388
P521_BIKE_L5,P521_BIKE_L5,167.99247
P521_BIKE_L5,P521_BIKE_L5,179.513308
P521_BIKE_L5,P521_BIKE_L5,173.391161
P521_BIKE_L5,P521_BIKE_L5,166.121035
P521_BIKE_L5,P521_BIKE_L5,167.919686
P521_BIKE_L5,P521_BIKE_L5,170.488413
P521_BIKE_L5,P521_BIKE_L5,161.716078
P521_BIKE_L5,P521_BIKE_L5,168.516015
P521_BIKE_L5,P521_BIKE_L5,175.484822
P521_BIKE_L5,P521_BIKE_L5,175.309625
P521_BIKE_L5,P521_BIKE_L5,165.687796
P521_BIKE_L5,P521_BIKE_L5,172.319976
P521_BIKE_L5,P521_BIKE_L5,170.500724
P521_BIKE_L5,P521_BIKE_L5,173.823503
P521_BIKE_L5,P521_BIKE_L5,169.224621
P521_BIKE_L5,P521_BIKE_L5,178.829253
P521_BIKE_L5,P521_BIKE_L5,165.806793
P521_BIKE_L5,P521_BIKE_L5,169.864528
P521_BIKE_L5,P521_BIKE_L5,165.457305
P521_BIKE_L5,P521_BIKE_L5,168.482625
P521_BIKE_L5,P521_BIKE_L5,173.994291
P521_BIKE_L5,P521_BIKE_L5,169.30262
P521_BIKE_L5,P521_BIKE_L5,178.01511
P521_BIKE_L5,P521_BIKE_L5,162.92721
P521_BIKE_L5,P521_BIKE_L5,166.126714
P521_BIKE_L5,P521_BIKE_L5,163.895124
P521_BIKE_L5,P521_BIKE_L5,167.774074
P521_BIKE_L5,P521_BIKE_L5,177.077603
P521_BIKE_L5,P521_BIKE_L5,175.548998
P521_BIKE_L5,P521_BIKE_L5,170.836513
P521_BIKE_L5,P521_BIKE_L5,167.482481
P521_BIKE_L5,P521_BIKE_L5,166.971522
P521_BIKE_L5,P521_BIKE_L5,173.318373
P521_BIKE_L5,P521_BIKE_L5,164.590136
P521_BIKE_L5,P521_BIKE_L5,164.312904
P521_BIKE_L5,P521_BIKE_L5,175.489656
P521_BIKE_L5,P521_BIKE_L5,166.163731
P521_BIKE_L5,P521_BIKE_L5,172.691996
P521_BIKE_L5,P521_BIKE_L5,181.993312
P521_BIKE_L5,P521_BIKE_L5,171.930931
P521_BIKE_L5,P521_BIKE_L5,175.999974
P521_BIKE_L5,P521_BIKE_L5,180.088146
P521_BIKE_L5,P521_BIKE_L5,166.507866
P521_BIKE_L5,P521_BIKE_L5,171.932106
P521_BIKE_L5,P521_BIKE_L5,169.140265
P521_BIKE_L5,P521_BIKE_L5,166.750857
P521_BIKE_L5,P521_BIKE_L5,160.771951
P521_BIKE_L5,P521_BIKE_L5,174.919802
P521_BIKE_L5,P521_BIKE_L5,178.983068
P521_BIKE_L5,P521_BIKE_L5,160.216204
P521_BIKE_L5,P521_BIKE_L5,167.969811
P521_BIKE_L5,P521_BIKE_L5,168.526029
P521_BIKE_L5,P521_BIKE_L5,167.603916
P521_BIKE_L5,P521_BIKE_L5,182.27508
P521_BIKE_L5,P521_BIKE_L5,171.258017
P521_BIKE_L5,P521_BIKE_L5,177.551784
P521_BIKE_L5,P521_BIKE_L5,169.899212
P521_BIKE_L5,P521_BIKE_L5,183.330973
P521_BIKE_L5,P521_BIKE_L5,173.643884
P521_BIKE_L5,P521_BIKE_L5,177.573834
P521_BIKE_L5,P521_BIKE_L5,165.142216
P521_BIKE_L5,P521_BIKE_L5,173.841594
P521_BIKE_L5,P521_BIKE_L5,172.890112
P521_BIKE_L5,P521_BIKE_L5,166.941239
P521_BIKE_L5,P521_BIKE_L5,162.637462
P521_BIKE_L5,P521_BIKE_L5,173.119585
P521_BIKE_L5,P521_BIKE_L5,167.165645
P521_BIKE_L5,P521_BIKE_L5,165.251213
P521_BIKE_L5,P521_BIKE_L5,162.737256
P521_BIKE_L5,P521_BIKE_L5,170.930841
P521_BIKE_L5,P521_BIKE_L5,166.202684
P521_BIKE_L5,P521_BIKE_L5,168.693134
P521_BIKE_L5,P521_BIKE_L5,160.512253
P521_BIKE_L5,P521_BIKE_L5,171.012441
P521_BIKE_L5,P521_BIKE_L5,170.209407
P521_BIKE_L5,P521_BIKE_L5,163.234992
P521_BIKE_L5,P521_BIKE_L5,168.408006
P521_BIKE_L5,P521_BIKE_L5,169.961669
P521_BIKE_L5,P521_BIKE_L5,184.649514
P521_BIKE_L5,P521_BIKE_L5,178.874716
P521_BIKE_L5,P521_BIKE_L5,179.039595
P521_BIKE_L5,P521_BIKE_L5,172.217961
P521_BIKE_L5,P521_BIKE_L5,161.917103
P521_BIKE_L5,P521_BIKE_L5,175.497133
P521_BIKE_L5,P521_BIKE_L5,166.887621
P521_BIKE_L5,P521_BIKE_L5,162.519638
P521_BIKE_L5,P521_BIKE_L5,164.413459
P521_BIKE_L5,P521_BIKE_L5,175.670964
P521_BIKE_L5,P521_BIKE_L5,172.817687
P521_BIKE_L5,P521_BIKE_L5,165.988022
P521_BIKE_L5,P521_BIKE_L5,182.990438
P521_BIKE_L5,P521_BIKE_L5,177.629052
P521_BIKE_L5,P521_BIKE_L5,173.767543
P521_BIKE_L5,P521_BIKE_L5,176.600315
P521_BIKE_L5,P521_BIKE_L5,177.481066
P521_BIKE_L5,P521_BIKE_L5,174.430467
P521_BIKE_L5,P521_BIKE_L5,186.110686
P521_BIKE_L5,P521_BIKE_L5,172.151271
P521_BIKE_L5,P521_BIKE_L5,171.541728
P521_BIKE_L5,P521_BIKE_L5,171.159489
P521_BIKE_L5,P521_BIKE_L5,174.906314
P521_BIKE_L5,P521_BIKE_L5,170.90017
P521_BIKE_L5,P521_BIKE_L5,167.323326
P521_BIKE_L5,P521_BIKE_L5,179.181386
P521_BIKE_L5,P521_BIKE_L5,182.346641
P521_BIKE_L5,P521_BIKE_L5,164.65076
P521_BIKE_L5,P521_BIKE_L5,169.289831
P521_BIKE_L5,P521_BIKE_L5,173.123352
P521_BIKE_L5,P521_BIKE_L5,173.272096
P521_BIKE_L5,P521_BIKE_L5,171.042944
P521_BIKE_L5,P521_BIKE_L5,162.944658
P521_BIKE_L5,P521_BIKE_L5,165.652457
P521_BIKE_L5,P521_BIKE_L5,169.893366
P521_BIKE_L5,P521_BIKE_L5,161.726739
P521_BIKE_L5,P521_BIKE_L5,175.299865
P521_BIKE_L5,P521_BIKE_L5,188.596961
P521_BIKE_L5,P521_BIKE_L5,171.252012
P521_BIKE_L5,P521_BIKE_L5,178.614409
P521_BIKE_L5,P521_BIKE_L5,172.127078
P521_BIKE_L5,P521_BIKE_L5,162.682678
P521_BIKE_L5,P521_BIKE_L5,176.434659
P521_BIKE_L5,P521_BIKE_L5,168.044912
P521_BIKE_L5,P521_BIKE_L5,164.466068
P521_BIKE_L5,P521_BIKE_L5,174.000692
P521_BIKE_L5,P521_BIKE_L5,186.158664
P521_BIKE_L5,P521_BIKE_L5,170.456441
P521_BIKE_L5,P521_BIKE_L5,165.64226
P521_BIKE_L5,P521_BIKE_L5,160.404281
P521_BIKE_L5,P521_BIKE_L5,173.717759
P521_BIKE_L5,P521_BIKE_L5,173.734039
P521_BIKE_L5,P521_BIKE_L5,176.15914
P521_BIKE_L5,P521_BIKE_L5,168.373499
P521_BIKE_L5,P521_BIKE_L5,165.004481
P521_BIKE_L5,P521_BIKE_L5,172.594251
P521_BIKE_L5,P521_BIKE_L5,161.33216
P521_BIKE_L5,P521_BIKE_L5,173.169665
P521_BIKE_L5,P521_BIKE_L5,180.845791
P521_BIKE_L5,P521_BIKE_L5,163.880048
P521_BIKE_L5,P521_BIKE_L5,175.501071
P521_BIKE_L5,P521_BIKE_L5,171.675222
P521_BIKE_L5,P521_BIKE_L5,177.741546
P521_BIKE_L5,P521_BIKE_L5,163.557179
P521_BIKE_L5,P521_BIKE_L5,182.278273
P521_BIKE_L5,P521_BIKE_L5,177.029525
P521_BIKE_L5,P521_BIKE_L5,176.53943
P521_BIKE_L5,P521_BIKE_L5,183.966867
P521_BIKE_L5,P521_BIKE_L5,172.864708
P521_BIKE_L5,P521_BIKE_L5,170.033177
P521_BIKE_L5,P521_BIKE_L5,186.349874
P521_BIKE_L5,P521_BIKE_L5,167.015986
P521_BIKE_L5,P521_BIKE_L5,176.294691
P521_BIKE_L5,P521_BIKE_L5,166.600466
P521_BIKE_L5,P521_BIKE_L5,176.975618
P521_BIKE_L5,P521_BIKE_L5,165.378049