Algoritmo de troca de chaves,Algoritmo de autenticação,Time to send app data
P256_HQC_128,P256_Dilithium2,146.390485
P256_HQC_128,P256_Dilithium2,138.240487
P256_HQC_128,P256_Dilithium2,149.995592
P256_HQC_128,P256_Dilithium2,142.604434
P256_HQC_128,P256_Dilithium2,140.295005
P256_HQC_128,P256_Dilithium2,131.080679
P256_HQC_128,P256_Dilithium2,138.805397
P256_HQC_128,P256_Dilithium2,141.103273
P256_HQC_128,P256_Dilithium2,144.257954
P256_HQC_128,P256_Dilithium2,133.089335
P256_HQC_128,P256_Dilithium2,140.816791
P256_HQC_128,P256_Dilithium2,140.487655
P256_HQC_128,P256_Dilithium2,142.310892
P256_HQC_128,P256_Dilithium2,140.129464
P256_HQC_128,P256_Dilithium2,134.319318
P256_HQC_128,P256_Dilithium2,135.361323
P256_HQC_128,P256_Dilithium2,139.230685
P256_HQC_128,P256_Dilithium2,130.537116
P256_HQC_128,P256_Dilithium2,141.937987
P256_HQC_128,P256_Dilithium2,152.066893
P256_HQC_128,P256_Dilithium2,145.790111
P256_HQC_128,P256_Dilithium2,132.694567
P256_HQC_128,P256_Dilithium2,134.12671
P256_HQC_128,P256_Dilithium2,130.447466
P256_HQC_128,P256_Dilithium2,141.632471
P256_HQC_128,P256_Dilithium2,149.821895
P256_HQC_128,P256_Dilithium2,144.068504
P256_HQC_128,P256_Dilithium2,133.55213
P256_HQC_128,P256_Dilithium2,130.502667
P256_HQC_128,P256_Dilithium2,142.752369
P256_HQC_128,P256_Dilithium2,143.363288
P256_HQC_128,P256_Dilithium2,144.650731
P256_HQC_128,P256_Dilithium2,150.943715
P256_HQC_128,P256_Dilithium2,136.578568
P256_HQC_128,P256_Dilithium2,137.997151
P256_HQC_128,P256_Dilithium2,140.675178
P256_HQC_128,P256_Dilithium2,132.737708
P256_HQC_128,P256_Dilithium2,140.865181
P256_HQC_128,P256_Dilithium2,139.668037
P256_HQC_128,P256_Dilithium2,140.745991
P256_HQC_128,P256_Dilithium2,133.230684
P256_HQC_128,P256_Dilithium2,141.581188
P256_HQC_128,P256_Dilithium2,138.537373
P256_HQC_128,P256_Dilithium2,139.850249
P256_HQC_128,P256_Dilithium2,137.691642
P256_HQC_128,P256_Dilithium2,141.078239
P256_HQC_128,P256_Dilithium2,141.400438
P256_HQC_128,P256_Dilithium2,132.658441
P256_HQC_128,P256_Dilithium2,148.080402
P256_HQC_128,P256_Dilithium2,136.208819
P256_HQC_128,P256_Dilithium2,146.595315
P256_HQC_128,P256_Dilithium2,135.237697
P256_HQC_128,P256_Dilithium2,133.699506
P256_HQC_128,P256_Dilithium2,151.991457
P256_HQC_128,P256_Dilithium2,144.403637
P256_HQC_128,P256_Dilithium2,136.982361
P256_HQC_128,P256_Dilithium2,140.952245
P256_HQC_128,P256_Dilithium2,134.960274
P256_HQC_128,P256_Dilithium2,140.92103
P256_HQC_128,P256_Dilithium2,147.486483
P256_HQC_128,P256_Dilithium2,131.562246
P256_HQC_128,P256_Dilithium2,132.870654
P256_HQC_128,P256_Dilithium2,137.181016
P256_HQC_128,P256_Dilithium2,138.323447
P256_HQC_128,P256_Dilithium2,142.11879
P256_HQC_128,P256_Dilithium2,145.061011
P256_HQC_128,P256_Dilithium2,137.891176
P256_HQC_128,P256_Dilithium2,136.42208
P256_HQC_128,P256_Dilithium2,151.16383
P256_HQC_128,P256_Dilithium2,144.740604
P256_HQC_128,P256_Dilithium2,140.729599
P256_HQC_128,P256_Dilithium2,140.329689
P256_HQC_128,P256_Dilithium2,138.40406
P256_HQC_128,P256_Dilithium2,144.707044
P256_HQC_128,P256_Dilithium2,137.145915
P256_HQC_128,P256_Dilithium2,133.972486
P256_HQC_128,P256_Dilithium2,136.743178
P256_HQC_128,P256_Dilithium2,153.179513
P256_HQC_128,P256_Dilithium2,132.610507
P256_HQC_128,P256_Dilithium2,152.094476
P256_HQC_128,P256_Dilithium2,128.379196
P256_HQC_128,P256_Dilithium2,142.65249
P256_HQC_128,P256_Dilithium2,135.386059
P256_HQC_128,P256_Dilithium2,151.607009
P256_HQC_128,P256_Dilithium2,135.672449
P256_HQC_128,P256_Dilithium2,132.230618
P256_HQC_128,P256_Dilithium2,145.338991
P256_HQC_128,P256_Dilithium2,150.771493
P256_HQC_128,P256_Dilithium2,137.269549
P256_HQC_128,P256_Dilithium2,147.539539
P256_HQC_128,P256_Dilithium2,134.976061
P256_HQC_128,P256_Dilithium2,138.701661
P256_HQC_128,P256_Dilithium2,143.13812
P256_HQC_128,P256_Dilithium2,142.306585
P256_HQC_128,P256_Dilithium2,134.054777
P256_HQC_128,P256_Dilithium2,142.164047
P256_HQC_128,P256_Dilithium2,142.462064
P256_HQC_128,P256_Dilithium2,141.776414
P256_HQC_128,P256_Dilithium2,145.911219
P256_HQC_128,P256_Dilithium2,135.376277
P256_HQC_128,P256_Dilithium2,150.406809
P256_HQC_128,P256_Dilithium2,152.843604
P256_HQC_128,P256_Dilithium2,142.981029
P256_HQC_128,P256_Dilithium2,127.732883
P256_HQC_128,P256_Dilithium2,143.343357
P256_HQC_128,P256_Dilithium2,134.886906
P256_HQC_128,P256_Dilithium2,141.345443
P256_HQC_128,P256_Dilithium2,143.12703
P256_HQC_128,P256_Dilithium2,141.93561
P256_HQC_128,P256_Dilithium2,135.839161
P256_HQC_128,P256_Dilithium2,149.30646
P256_HQC_128,P256_Dilithium2,137.667173
P256_HQC_128,P256_Dilithium2,139.288972
P256_HQC_128,P256_Dilithium2,133.900774
P256_HQC_128,P256_Dilithium2,144.631219
P256_HQC_128,P256_Dilithium2,143.16129
P256_HQC_128,P256_Dilithium2,144.574113
P256_HQC_128,P256_Dilithium2,143.725986
P256_HQC_128,P256_Dilithium2,137.698759
P256_HQC_128,P256_Dilithium2,137.228982
P256_HQC_128,P256_Dilithium2,135.190822
P256_HQC_128,P256_Dilithium2,140.947693
P256_HQC_128,P256_Dilithium2,146.15332
P256_HQC_128,P256_Dilithium2,142.317488
P256_HQC_128,P256_Dilithium2,140.678604
P256_HQC_128,P256_Dilithium2,136.786325
P256_HQC_128,P256_Dilithium2,137.980746
P256_HQC_128,P256_Dilithium2,147.964758
P256_HQC_128,P256_Dilithium2,152.395519
P256_HQC_128,P256_Dilithium2,132.589138
P256_HQC_128,P256_Dilithium2,130.539965
P256_HQC_128,P256_Dilithium2,140.596879
P256_HQC_128,P256_Dilithium2,152.139085
P256_HQC_128,P256_Dilithium2,142.139785
P256_HQC_128,P256_Dilithium2,144.453234
P256_HQC_128,P256_Dilithium2,139.991485
P256_HQC_128,P256_Dilithium2,144.647371
P256_HQC_128,P256_Dilithium2,132.520491
P256_HQC_128,P256_Dilithium2,134.127445
P256_HQC_128,P256_Dilithium2,134.264907
P256_HQC_128,P256_Dilithium2,132.310994
P256_HQC_128,P256_Dilithium2,135.040392
P256_HQC_128,P256_Dilithium2,140.511821
P256_HQC_128,P256_Dilithium2,143.0365
P256_HQC_128,P256_Dilithium2,134.486065
P256_HQC_128,P256_Dilithium2,135.628403
P256_HQC_128,P256_Dilithium2,150.61562
P256_HQC_128,P256_Dilithium2,139.097964
P256_HQC_128,P256_Dilithium2,146.803124
P256_HQC_128,P256_Dilithium2,148.131482
P256_HQC_128,P256_Dilithium2,133.056498
P256_HQC_128,P256_Dilithium2,135.533947
P256_HQC_128,P256_Dilithium2,135.278373
P256_HQC_128,P256_Dilithium2,141.161447
P256_HQC_128,P256_Dilithium2,146.131845
P256_HQC_128,P256_Dilithium2,144.856193
P256_HQC_128,P256_Dilithium2,140.976421
P256_HQC_128,P256_Dilithium2,131.775207
P256_HQC_128,P256_Dilithium2,141.634949
P256_HQC_128,P256_Dilithium2,133.14994
P256_HQC_128,P256_Dilithium2,137.556676
P256_HQC_128,P256_Dilithium2,133.673066
P256_HQC_128,P256_Dilithium2,138.824851
P256_HQC_128,P256_Dilithium2,136.819637
P256_HQC_128,P256_Dilithium2,136.654364
P256_HQC_128,P256_Dilithium2,140.464496
P256_HQC_128,P256_Dilithium2,145.681764
P256_HQC_128,P256_Dilithium2,135.954243
P256_HQC_128,P256_Dilithium2,137.03459
P256_HQC_128,P256_Dilithium2,133.242916
P256_HQC_128,P256_Dilithium2,131.530039
P256_HQC_128,P256_Dilithium2,140.670596
P256_HQC_128,P256_Dilithium2,134.085601
P256_HQC_128,P256_Dilithium2,139.106211
P256_HQC_128,P256_Dilithium2,139.049396
P256_HQC_128,P256_Dilithium2,132.513063
P256_HQC_128,P256_Dilithium2,141.50789
P256_HQC_128,P256_Dilithium2,133.575649
P256_HQC_128,P256_Dilithium2,144.059087
P256_HQC_128,P256_Dilithium2,135.155202
P256_HQC_128,P256_Dilithium2,149.201398
P256_HQC_128,P256_Dilithium2,134.203882
P256_HQC_128,P256_Dilithium2,133.840635
P256_HQC_128,P256_Dilithium2,137.95595
P256_HQC_128,P256_Dilithium2,132.101578
P256_HQC_128,P256_Dilithium2,142.540186
P256_HQC_128,P256_Dilithium2,139.228586
P256_HQC_128,P256_Dilithium2,150.37564
P256_HQC_128,P256_Dilithium2,140.321412
P256_HQC_128,P256_Dilithium2,145.721364
P256_HQC_128,P256_Dilithium2,141.911846
P256_HQC_128,P256_Dilithium2,131.902285
P256_HQC_128,P256_Dilithium2,138.643923
P256_HQC_128,P256_Dilithium2,141.861171
P256_HQC_128,P256_Dilithium2,145.270037
P256_HQC_128,P256_Dilithium2,141.913712
P256_HQC_128,P256_Dilithium2,141.444919
P256_HQC_128,P256_Dilithium2,130.436538
P256_HQC_128,P256_Dilithium2,136.300744
P256_HQC_128,P256_Dilithium2,142.686792
P256_HQC_128,P256_Dilithium2,134.779949
P256_HQC_128,P256_Dilithium2,142.571476
P256_HQC_128,P256_Dilithium2,133.174531
P256_HQC_128,P256_Dilithium2,141.207721
P256_HQC_128,P256_Dilithium2,136.934287
P256_HQC_128,P256_Dilithium2,132.268028
P256_HQC_128,P256_Dilithium2,151.608965
P256_HQC_128,P256_Dilithium2,146.238866
P256_HQC_128,P256_Dilithium2,141.891207
P256_HQC_128,P256_Dilithium2,152.447271
P256_HQC_128,P256_Dilithium2,147.69506
P256_HQC_128,P256_Dilithium2,133.547633
P256_HQC_128,P256_Dilithium2,136.756213
P256_HQC_128,P256_Dilithium2,140.582079
P256_HQC_128,P256_Dilithium2,131.355002
P256_HQC_128,P256_Dilithium2,134.973291
P256_HQC_128,P256_Dilithium2,142.377738
P256_HQC_128,P256_Dilithium2,137.343742
P256_HQC_128,P256_Dilithium2,141.95271
P256_HQC_128,P256_Dilithium2,130.656116
P256_HQC_128,P256_Dilithium2,129.709099
P256_HQC_128,P256_Dilithium2,136.351955
P256_HQC_128,P256_Dilithium2,135.943159
P256_HQC_128,P256_Dilithium2,143.353414
P256_HQC_128,P256_Dilithium2,138.109921
P256_HQC_128,P256_Dilithium2,137.356901
P256_HQC_128,P256_Dilithium2,149.44556
P256_HQC_128,P256_Dilithium2,143.219836
P256_HQC_128,P256_Dilithium2,143.732078
P256_HQC_128,P256_Dilithium2,150.678551
P256_HQC_128,P256_Dilithium2,131.984119
P256_HQC_128,P256_Dilithium2,141.064087
P256_HQC_128,P256_Dilithium2,141.865971
P256_HQC_128,P256_Dilithium2,131.579287
P256_HQC_128,P256_Dilithium2,144.379219
P256_HQC_128,P256_Dilithium2,142.643975
P256_HQC_128,P256_Dilithium2,146.987743
P256_HQC_128,P256_Dilithium2,146.372732
P256_HQC_128,P256_Dilithium2,135.08455
P256_HQC_128,P256_Dilithium2,139.554012
P256_HQC_128,P256_Dilithium2,135.496749
P256_HQC_128,P256_Dilithium2,138.778497
P256_HQC_128,P256_Dilithium2,142.013095
P256_HQC_128,P256_Dilithium2,130.164418
P256_HQC_128,P256_Dilithium2,134.36402
P256_HQC_128,P256_Dilithium2,140.878384
P256_HQC_128,P256_Dilithium2,137.081612
P256_HQC_128,P256_Dilithium2,152.464695
P256_HQC_128,P256_Dilithium2,142.850814
P256_HQC_128,P256_Dilithium2,142.711679
P256_HQC_128,P256_Dilithium2,139.190037
P256_HQC_128,P256_Dilithium2,135.451843
P256_HQC_128,P256_Dilithium2,143.137474
P256_HQC_128,P256_Dilithium2,143.979189
P256_HQC_128,P256_Dilithium2,134.639932
P256_HQC_128,P256_Dilithium2,138.900084
P256_HQC_128,P256_Dilithium2,136.768978
P256_HQC_128,P256_Dilithium2,140.541974
P256_HQC_128,P256_Dilithium2,139.955071
P256_HQC_128,P256_Dilithium2,140.175846
P256_HQC_128,P256_Dilithium2,142.922467
P256_HQC_128,P256_Dilithium2,141.164454
P256_HQC_128,P256_Dilithium2,131.984061
P256_HQC_128,P256_Dilithium2,131.088097
P256_HQC_128,P256_Dilithium2,143.675776
P256_HQC_128,P256_Dilithium2,141.218816
P256_HQC_128,P256_Dilithium2,142.502968
P256_HQC_128,P256_Dilithium2,131.518442
P256_HQC_128,P256_Dilithium2,147.588392
P256_HQC_128,P256_Dilithium2,147.514956
P256_HQC_128,P256_Dilithium2,138.83911
P256_HQC_128,P256_Dilithium2,137.749415
P256_HQC_128,P256_Dilithium2,145.564736
P256_HQC_128,P256_Dilithium2,148.471306
P256_HQC_128,P256_Dilithium2,143.490231
P256_HQC_128,P256_Dilithium2,142.237819
P256_HQC_128,P256_Dilithium2,148.883239
P256_HQC_128,P256_Dilithium2,131.531933
P256_HQC_128,P256_Dilithium2,135.229061
P256_HQC_128,P256_Dilithium2,129.175702
P256_HQC_128,P256_Dilithium2,130.313562
P256_HQC_128,P256_Dilithium2,137.28982
P256_HQC_128,P256_Dilithium2,142.473366
P256_HQC_128,P256_Dilithium2,136.409417
P256_HQC_128,P256_Dilithium2,136.668521
P256_HQC_128,P256_Dilithium2,132.267344
P256_HQC_128,P256_Dilithium2,136.570924
P256_HQC_128,P256_Dilithium2,137.964109
P256_HQC_128,P256_Dilithium2,144.85317
P256_HQC_128,P256_Dilithium2,136.019747
P256_HQC_128,P256_Dilithium2,133.636676
P256_HQC_128,P256_Dilithium2,150.581317
P256_HQC_128,P256_Dilithium2,151.820403
P256_HQC_128,P256_Dilithium2,145.085959
P256_HQC_128,P256_Dilithium2,132.81632
P256_HQC_128,P256_Dilithium2,131.244987
P256_HQC_128,P256_Dilithium2,139.375872
P256_HQC_128,P256_Dilithium2,134.1741
P256_HQC_128,P256_Dilithium2,147.874663
P256_HQC_128,P256_Dilithium2,145.886641
P256_HQC_128,P256_Dilithium2,151.823732
P256_HQC_128,P256_Dilithium2,140.192327
P256_HQC_128,P256_Dilithium2,141.560548
P256_HQC_128,P256_Dilithium2,150.277211
P256_HQC_128,P256_Dilithium2,140.228567
P256_HQC_128,P256_Dilithium2,140.851048
P256_HQC_128,P256_Dilithium2,147.439604
P256_HQC_128,P256_Dilithium2,151.242399
P256_HQC_128,P256_Dilithium2,133.995807
P256_HQC_128,P256_Dilithium2,142.930264
P256_HQC_128,P256_Dilithium2,136.075943
P256_HQC_128,P256_Dilithium2,142.072892
P256_HQC_128,P256_Dilithium2,139.037544
P256_HQC_128,P256_Dilithium2,142.442487
P256_HQC_128,P256_Dilithium2,150.311242
P256_HQC_128,P256_Dilithium2,139.902387
P256_HQC_128,P256_Dilithium2,147.148344
P256_HQC_128,P256_Dilithium2,147.099702
P256_HQC_128,P256_Dilithium2,132.16487
P256_HQC_128,P256_Dilithium2,146.563603
P256_HQC_128,P256_Dilithium2,138.456713
P256_HQC_128,P256_Dilithium2,140.811361
P256_HQC_128,P256_Dilithium2,145.149689
P256_HQC_128,P256_Dilithium2,143.830435
P256_HQC_128,P256_Dilithium2,147.307541
P256_HQC_128,P256_Dilithium2,134.268364
P256_HQC_128,P256_Dilithium2,134.459493
P256_HQC_128,P256_Dilithium2,133.492465
P256_HQC_128,P256_Dilithium2,141.824953
P256_HQC_128,P256_Dilithium2,137.145379
P256_HQC_128,P256_Dilithium2,139.457431
P256_HQC_128,P256_Dilithium2,139.090111
P256_HQC_128,P256_Dilithium2,136.194039
P256_HQC_128,P256_Dilithium2,128.301427
P256_HQC_128,P256_Dilithium2,140.991123
P256_HQC_128,P256_Dilithium2,145.464895
P256_HQC_128,P256_Dilithium2,135.98198
P256_HQC_128,P256_Dilithium2,145.34094
P256_HQC_128,P256_Dilithium2,136.047434
P256_HQC_128,P256_Dilithium2,138.032036
P256_HQC_128,P256_Dilithium2,130.908546
P256_HQC_128,P256_Dilithium2,146.452787
P256_HQC_128,P256_Dilithium2,149.601954
P256_HQC_128,P256_Dilithium2,134.125417
P256_HQC_128,P256_Dilithium2,145.414049
P256_HQC_128,P256_Dilithium2,140.559596
P256_HQC_128,P256_Dilithium2,142.083276
P256_HQC_128,P256_Dilithium2,135.792422
P256_HQC_128,P256_Dilithium2,135.942088
P256_HQC_128,P256_Dilithium2,142.010982
P256_HQC_128,P256_Dilithium2,134.900748
P256_HQC_128,P256_Dilithium2,140.328432
P256_HQC_128,P256_Dilithium2,141.450653
P256_HQC_128,P256_Dilithium2,143.893494
P256_HQC_128,P256_Dilithium2,148.482141
P256_HQC_128,P256_Dilithium2,151.047764
P256_HQC_128,P256_Dilithium2,144.907254
P256_HQC_128,P256_Dilithium2,139.403408
P256_HQC_128,P256_Dilithium2,140.523392
P256_HQC_128,P256_Dilithium2,146.413807
P256_HQC_128,P256_Dilithium2,134.698338
P256_HQC_128,P256_Dilithium2,132.414085
P256_HQC_128,P256_Dilithium2,138.935578
P256_HQC_128,P256_Dilithium2,151.636908
P256_HQC_128,P256_Dilithium2,131.521098
P256_HQC_128,P256_Dilithium2,135.426032
P256_HQC_128,P256_Dilithium2,146.547588
P256_HQC_128,P256_Dilithium2,144.408219
P256_HQC_128,P256_Dilithium2,152.375994
P256_HQC_128,P256_Dilithium2,136.247668
P256_HQC_128,P256_Dilithium2,140.637215
P256_HQC_128,P256_Dilithium2,142.492137
P256_HQC_128,P256_Dilithium2,149.538009
P256_HQC_128,P256_Dilithium2,148.98938
P256_HQC_128,P256_Dilithium2,132.894612
P256_HQC_128,P256_Dilithium2,135.110482
P256_HQC_128,P256_Dilithium2,145.916044
P256_HQC_128,P256_Dilithium2,134.254569
P256_HQC_128,P256_Dilithium2,132.845877
P256_HQC_128,P256_Dilithium2,148.83651
P256_HQC_128,P256_Dilithium2,144.364855
P256_HQC_128,P256_Dilithium2,145.161212
P256_HQC_128,P256_Dilithium2,132.912087
P256_HQC_128,P256_Dilithium2,141.348521
P256_HQC_128,P256_Dilithium2,150.375783
P256_HQC_128,P256_Dilithium2,132.227482
P256_HQC_128,P256_Dilithium2,145.507103
P256_HQC_128,P256_Dilithium2,140.503516
P256_HQC_128,P256_Dilithium2,136.437758
P256_HQC_128,P256_Dilithium2,148.328237
P256_HQC_128,P256_Dilithium2,131.313033
P256_HQC_128,P256_Dilithium2,129.7615
P256_HQC_128,P256_Dilithium2,134.180188
P256_HQC_128,P256_Dilithium2,132.003343
P256_HQC_128,P256_Dilithium2,135.891848
P256_HQC_128,P256_Dilithium2,147.798197
P256_HQC_128,P256_Dilithium2,131.593432
P256_HQC_128,P256_Dilithium2,136.536838
P256_HQC_128,P256_Dilithium2,140.877339
P256_HQC_128,P256_Dilithium2,144.810758
P256_HQC_128,P256_Dilithium2,137.682628
P256_HQC_128,P256_Dilithium2,151.182224
P256_HQC_128,P256_Dilithium2,144.455853
P256_HQC_128,P256_Dilithium2,141.404321
P256_HQC_128,P256_Dilithium2,147.670538
P256_HQC_128,P256_Dilithium2,130.971189
P256_HQC_128,P256_Dilithium2,141.750047
P256_HQC_128,P256_Dilithium2,143.010336
P256_HQC_128,P256_Dilithium2,133.279267
P256_HQC_128,P256_Dilithium2,139.803437
P256_HQC_128,P256_Dilithium2,150.28649
P256_HQC_128,P256_Dilithium2,147.460206
P256_HQC_128,P256_Dilithium2,132.860378
P256_HQC_128,P256_Dilithium2,141.899261
P256_HQC_128,P256_Dilithium2,145.426248
P256_HQC_128,P256_Dilithium2,136.511107
P256_HQC_128,P256_Dilithium2,139.767995
P256_HQC_128,P256_Dilithium2,141.685342
P256_HQC_128,P256_Dilithium2,147.899861
P256_HQC_128,P256_Dilithium2,131.734317
P256_HQC_128,P256_Dilithium2,140.382041
P256_HQC_128,P256_Dilithium2,132.552265
P256_HQC_128,P256_Dilithium2,134.131761
P256_HQC_128,P256_Dilithium2,148.448957
P256_HQC_128,P256_Dilithium2,142.468547
P256_HQC_128,P256_Dilithium2,137.721531
P256_HQC_128,P256_Dilithium2,131.74639
P256_HQC_128,P256_Dilithium2,137.753574
P256_HQC_128,P256_Dilithium2,131.644745
P256_HQC_128,P256_Dilithium2,141.46435
P256_HQC_128,P256_Dilithium2,141.222683
P256_HQC_128,P256_Dilithium2,135.622183
P256_HQC_128,P256_Dilithium2,142.536694
P256_HQC_128,P256_Dilithium2,143.925641
P256_HQC_128,P256_Dilithium2,141.361223
P256_HQC_128,P256_Dilithium2,140.054584
P256_HQC_128,P256_Dilithium2,147.063862
P256_HQC_128,P256_Dilithium2,149.025683
P256_HQC_128,P256_Dilithium2,143.857615
P256_HQC_128,P256_Dilithium2,143.071603
P256_HQC_128,P256_Dilithium2,146.073705
P256_HQC_128,P256_Dilithium2,148.601314
P256_HQC_128,P256_Dilithium2,132.518451
P256_HQC_128,P256_Dilithium2,141.103948
P256_HQC_128,P256_Dilithium2,133.686555
P256_HQC_128,P256_Dilithium2,142.90573
P256_HQC_128,P256_Dilithium2,136.172343
P256_HQC_128,P256_Dilithium2,132.385931
P256_HQC_128,P256_Dilithium2,141.772436
P256_HQC_128,P256_Dilithium2,142.073866
P256_HQC_128,P256_Dilithium2,142.144045
P256_HQC_128,P256_Dilithium2,142.396819
P256_HQC_128,P256_Dilithium2,145.102422
P256_HQC_128,P256_Dilithium2,135.73525
P256_HQC_128,P256_Dilithium2,141.228291
P256_HQC_128,P256_Dilithium2,132.811465
P256_HQC_128,P256_Dilithium2,143.767841
P256_HQC_128,P256_Dilithium2,149.965073
P256_HQC_128,P256_Dilithium2,145.159223
P256_HQC_128,P256_Dilithium2,132.372153
P256_HQC_128,P256_Dilithium2,139.363634
P256_HQC_128,P256_Dilithium2,139.256466
P256_HQC_128,P256_Dilithium2,137.890196
P256_HQC_128,P256_Dilithium2,130.54633
P256_HQC_128,P256_Dilithium2,135.230766
P256_HQC_128,P256_Dilithium2,136.415209
P256_HQC_128,P256_Dilithium2,137.896373
P256_HQC_128,P256_Dilithium2,131.983313
P256_HQC_128,P256_Dilithium2,133.2793
P256_HQC_128,P256_Dilithium2,154.052284
P256_HQC_128,P256_Dilithium2,135.061191
P256_HQC_128,P256_Dilithium2,144.839332
P256_HQC_128,P256_Dilithium2,133.191614
P256_HQC_128,P256_Dilithium2,142.074634
P256_HQC_128,P256_Dilithium2,149.022124
P256_HQC_128,P256_Dilithium2,141.165692
P256_HQC_128,P256_Dilithium2,131.507074
P256_HQC_128,P256_Dilithium2,135.20651
P256_HQC_128,P256_Dilithium2,131.39998
P256_HQC_128,P256_Dilithium2,138.662785
P256_HQC_128,P256_Dilithium2,147.836762
P256_HQC_128,P256_Dilithium2,137.36037
P256_HQC_128,P256_Dilithium2,133.887993
P256_HQC_128,P256_Dilithium2,143.04072
P256_HQC_128,P256_Dilithium2,137.258586
P256_HQC_128,P256_Dilithium2,140.019994
P256_HQC_128,P256_Dilithium2,143.428084
P256_HQC_128,P256_Dilithium2,137.348674
P256_HQC_128,P256_Dilithium2,139.605723
P256_HQC_128,P256_Dilithium2,149.763787
P256_HQC_128,P256_Dilithium2,147.790551
P256_HQC_128,P256_Dilithium2,134.342965
P256_HQC_128,P256_Dilithium2,133.93154
P256_HQC_128,P256_Dilithium2,133.250063
P256_HQC_128,P256_Dilithium2,128.552857
P256_HQC_128,P256_Dilithium2,139.556446
P256_HQC_128,P256_Dilithium2,142.546079
P256_HQC_128,P256_Dilithium2,137.351633
P256_HQC_128,P256_Dilithium2,141.187972
P256_HQC_128,P256_Dilithium2,134.75888
P256_HQC_128,P256_Dilithium2,148.486279
P256_HQC_128,P256_Dilithium2,133.188323
P256_HQC_128,P256_Dilithium2,142.816715
P256_HQC_128,P256_Dilithium2,132.346477
P256_HQC_128,P256_Dilithium2,151.810256
P256_HQC_128,P256_Dilithium2,137.131453
P256_HQC_128,P256_Dilithium2,139.502538
P256_HQC_128,P256_Dilithium2,137.056444
P256_HQC_128,P256_Dilithium2,136.460853
P256_HQC_128,P256_Dilithium2,139.873765
P256_HQC_128,P256_Dilithium2,142.799968
P256_HQC_128,P256_Dilithium2,132.864
P256_HQC_128,P256_Dilithium2,141.990673
P256_HQC_128,P256_Dilithium2,139.835972
P256_HQC_128,P256_Dilithium2,133.397249
P256_HQC_128,P256_Dilithium2,141.564394
P256_HQC_128,P256_Dilithium2,138.234333
P256_HQC_128,P256_Dilithium2,136.35199
P256_HQC_128,P256_Dilithium2,134.463908
P256_HQC_128,P256_Dilithium2,141.063417
P256_HQC_128,P256_Dilithium2,138.069176
P256_HQC_128,P256_Dilithium2,151.93588
P256_HQC_128,P256_Dilithium2,146.142521
P256_HQC_128,P256_Dilithium2,145.84157
P256_HQC_128,P256_Dilithium2,131.539688
P256_HQC_128,P256_Dilithium2,133.208248
P256_HQC_128,P256_Dilithium2,129.79863
P256_HQC_128,P256_Dilithium2,144.000105
P256_HQC_128,P256_Dilithium2,142.615209
P256_HQC_128,P256_Dilithium2,142.179322
P256_HQC_128,P256_Dilithium2,128.665942
P256_HQC_128,P256_Dilithium2,139.163995
P256_HQC_128,P256_Dilithium2,137.048369
P256_HQC_128,P256_Dilithium2,141.040118
P256_HQC_128,P256_Dilithium2,150.298117
P256_HQC_128,P256_Dilithium2,137.049962
P256_HQC_128,P256_Dilithium2,135.192826
P256_HQC_128,P256_Dilithium2,139.67246
P256_HQC_128,P256_Dilithium2,152.960758
P256_HQC_128,P256_Dilithium2,144.54098
P256_HQC_128,P256_Dilithium2,137.808357
P256_HQC_128,P256_Dilithium2,146.622411
P256_HQC_128,P256_Dilithium2,144.295308
P256_HQC_128,P256_Dilithium2,136.416396
P256_HQC_128,P256_Dilithium2,142.601885
P256_HQC_128,P256_Dilithium2,144.026394
P256_HQC_128,P256_Dilithium2,136.21413
P256_HQC_128,P256_Dilithium2,134.760186
P256_HQC_128,P256_Dilithium2,130.265096
P256_HQC_128,P256_Dilithium2,138.087793
P256_HQC_128,P256_Dilithium2,132.490556
P256_HQC_128,P256_Dilithium2,135.719301
P256_HQC_128,P256_Dilithium2,132.317524
P256_HQC_128,P256_Dilithium2,135.217739
P256_HQC_128,P256_Dilithium2,141.498166
P256_HQC_128,P256_Dilithium2,130.659038
P256_HQC_128,P256_Dilithium2,150.466064
P256_HQC_128,P256_Dilithium2,134.295932
P256_HQC_128,P256_Dilithium2,132.661347
P256_HQC_128,P256_Dilithium2,134.270485
P256_HQC_128,P256_Dilithium2,141.497393
P256_HQC_128,P256_Dilithium2,133.297818
P256_HQC_128,P256_Dilithium2,142.199087
P256_HQC_128,P256_Dilithium2,132.566213
P256_HQC_128,P256_Dilithium2,142.571602
P256_HQC_128,P256_Dilithium2,135.365188
P256_HQC_128,P256_Dilithium2,138.572991
P256_HQC_128,P256_Dilithium2,132.270978
P256_HQC_128,P256_Dilithium2,137.692624
P256_HQC_128,P256_Dilithium2,143.753611
P256_HQC_128,P256_Dilithium2,128.290665
P256_HQC_128,P256_Dilithium2,138.74285
P256_HQC_128,P256_Dilithium2,134.202319
P256_HQC_128,P256_Dilithium2,142.7532
P256_HQC_128,P256_Dilithium2,144.906311
P256_HQC_128,P256_Dilithium2,136.887
P256_HQC_128,P256_Dilithium2,147.113266
P256_HQC_128,P256_Dilithium2,133.541849
P256_HQC_128,P256_Dilithium2,135.462607
P256_HQC_128,P256_Dilithium2,150.091707
P256_HQC_128,P256_Dilithium2,133.804385
P256_HQC_128,P256_Dilithium2,128.021004
P256_HQC_128,P256_Dilithium2,133.835303
P256_HQC_128,P256_Dilithium2,133.669446
P256_HQC_128,P256_Dilithium2,141.613954
P256_HQC_128,P256_Dilithium2,149.593182
P256_HQC_128,P256_Dilithium2,142.824844
P256_HQC_128,P256_Dilithium2,131.262654
P256_HQC_128,P256_Dilithium2,141.493935
P256_HQC_128,P256_Dilithium2,140.323108
P256_HQC_128,P256_Dilithium2,141.366332
P256_HQC_128,P256_Dilithium2,144.712967
P256_HQC_128,P256_Dilithium2,138.535216
P256_HQC_128,P256_Dilithium2,144.348994
P256_HQC_128,P256_Dilithium2,138.254886
P256_HQC_128,P256_Dilithium2,130.700453
P256_HQC_128,P256_Dilithium2,135.331073
P256_HQC_128,P256_Dilithium2,144.881096
P256_HQC_128,P256_Dilithium2,134.518371
P256_HQC_128,P256_Dilithium2,135.815014
P256_HQC_128,P256_Dilithium2,131.009985
P256_HQC_128,P256_Dilithium2,146.149765
P256_HQC_128,P256_Dilithium2,147.995474
P256_HQC_128,P256_Dilithium2,137.483151
P256_HQC_128,P256_Dilithium2,134.300651
P256_HQC_128,P256_Dilithium2,130.407337
P256_HQC_128,P256_Dilithium2,141.100714
P256_HQC_128,P256_Dilithium2,148.987437
P256_HQC_128,P256_Dilithium2,146.976458
P256_HQC_128,P256_Dilithium2,149.374652
P256_HQC_128,P256_Dilithium2,135.334582
P256_HQC_128,P256_Dilithium2,142.583666
P256_HQC_128,P256_Dilithium2,134.558473
P256_HQC_128,P256_Dilithium2,142.084248
P256_HQC_128,P256_Dilithium2,134.16613
P256_HQC_128,P256_Dilithium2,135.251327
P256_HQC_128,P256_Dilithium2,141.150961
P256_HQC_128,P256_Dilithium2,141.42068
P256_HQC_128,P256_Dilithium2,130.326659
P256_HQC_128,P256_Dilithium2,129.46691
P256_HQC_128,P256_Dilithium2,140.271189
P256_HQC_128,P256_Dilithium2,136.043905
P256_HQC_128,P256_Dilithium2,129.793594
P256_HQC_128,P256_Dilithium2,142.050995
P256_HQC_128,P256_Dilithium2,141.448666
P256_HQC_128,P256_Dilithium2,148.056598
P256_HQC_128,P256_Dilithium2,141.928761
P256_HQC_128,P256_Dilithium2,146.444617
P256_HQC_128,P256_Dilithium2,139.866319
P256_HQC_128,P256_Dilithium2,134.1268
P256_HQC_128,P256_Dilithium2,151.877141
P256_HQC_128,P256_Dilithium2,133.832019
P256_HQC_128,P256_Dilithium2,145.381179
P256_HQC_128,P256_Dilithium2,135.618407
P256_HQC_128,P256_Dilithium2,150.209251
P256_HQC_128,P256_Dilithium2,130.527473
P256_HQC_128,P256_Dilithium2,132.405307
P256_HQC_128,P256_Dilithium2,129.725934
P256_HQC_128,P256_Dilithium2,133.822664
P256_HQC_128,P256_Dilithium2,135.337222
P256_HQC_128,P256_Dilithium2,139.17272
P256_HQC_128,P256_Dilithium2,137.017341
P256_HQC_128,P256_Dilithium2,141.367541
P256_HQC_128,P256_Dilithium2,140.299635
P256_HQC_128,P256_Dilithium2,138.825111
P256_HQC_128,P256_Dilithium2,151.080592
P256_HQC_128,P256_Dilithium2,135.314784
P256_HQC_128,P256_Dilithium2,140.508663
P256_HQC_128,P256_Dilithium2,140.115165
P256_HQC_128,P256_Dilithium2,136.751254
P256_HQC_128,P256_Dilithium2,140.761603
P256_HQC_128,P256_Dilithium2,143.90514
P256_HQC_128,P256_Dilithium2,132.310533
P256_HQC_128,P256_Dilithium2,134.694663
P256_HQC_128,P256_Dilithium2,131.309989
P256_HQC_128,P256_Dilithium2,139.260396
P256_HQC_128,P256_Dilithium2,131.774494
P256_HQC_128,P256_Dilithium2,130.833283
P256_HQC_128,P256_Dilithium2,137.105421
P256_HQC_128,P256_Dilithium2,139.562261
P256_HQC_128,P256_Dilithium2,148.619223
P256_HQC_128,P256_Dilithium2,142.54182
P256_HQC_128,P256_Dilithium2,146.239605
P256_HQC_128,P256_Dilithium2,144.297997
P256_HQC_128,P256_Dilithium2,132.999369
P256_HQC_128,P256_Dilithium2,136.383123
P256_HQC_128,P256_Dilithium2,140.169661
P256_HQC_128,P256_Dilithium2,150.257594
P256_HQC_128,P256_Dilithium2,132.447249
P256_HQC_128,P256_Dilithium2,139.377363
P256_HQC_128,P256_Dilithium2,143.188676
P256_HQC_128,P256_Dilithium2,133.177099
P256_HQC_128,P256_Dilithium2,142.105061
P256_HQC_128,P256_Dilithium2,142.804629
P256_HQC_128,P256_Dilithium2,133.675695
P256_HQC_128,P256_Dilithium2,138.7594
P256_HQC_128,P256_Dilithium2,144.239763
P256_HQC_128,P256_Dilithium2,142.736446
P256_HQC_128,P256_Dilithium2,140.900248
P256_HQC_128,P256_Dilithium2,131.531895
P256_HQC_128,P256_Dilithium2,135.601221
P256_HQC_128,P256_Dilithium2,136.12419
P256_HQC_128,P256_Dilithium2,137.59526
P256_HQC_128,P256_Dilithium2,134.169769
P256_HQC_128,P256_Dilithium2,140.778152
P256_HQC_128,P256_Dilithium2,142.93859
P256_HQC_128,P256_Dilithium2,142.015158
P256_HQC_128,P256_Dilithium2,138.475546
P256_HQC_128,P256_Dilithium2,140.488475
P256_HQC_128,P256_Dilithium2,137.923597
P256_HQC_128,P256_Dilithium2,141.650742
P256_HQC_128,P256_Dilithium2,134.048716
P256_HQC_128,P256_Dilithium2,140.91752
P256_HQC_128,P256_Dilithium2,144.616304
P256_HQC_128,P256_Dilithium2,137.4894
P256_HQC_128,P256_Dilithium2,147.343503
P256_HQC_128,P256_Dilithium2,140.363625
P256_HQC_128,P256_Dilithium2,145.920529
P256_HQC_128,P256_Dilithium2,144.22984
P256_HQC_128,P256_Dilithium2,134.818608
P256_HQC_128,P256_Dilithium2,130.864667
P256_HQC_128,P256_Dilithium2,140.751823
P256_HQC_128,P256_Dilithium2,141.431749
P256_HQC_128,P256_Dilithium2,132.407381
P256_HQC_128,P256_Dilithium2,129.915258
P256_HQC_128,P256_Dilithium2,141.032142
P256_HQC_128,P256_Dilithium2,142.96957
P256_HQC_128,P256_Dilithium2,133.364398
P256_HQC_128,P256_Dilithium2,144.725753
P256_HQC_128,P256_Dilithium2,141.481129
P256_HQC_128,P256_Dilithium2,141.209908
P256_HQC_128,P256_Dilithium2,141.56329
P256_HQC_128,P256_Dilithium2,134.880093
P256_HQC_128,P256_Dilithium2,136.198204
P256_HQC_128,P256_Dilithium2,149.007452
P256_HQC_128,P256_Dilithium2,134.253622
P256_HQC_128,P256_Dilithium2,142.873959
P256_HQC_128,P256_Dilithium2,134.88624
P256_HQC_128,P256_Dilithium2,131.335392
P256_HQC_128,P256_Dilithium2,128.516837
P256_HQC_128,P256_Dilithium2,134.13868
P256_HQC_128,P256_Dilithium2,131.836086
P256_HQC_128,P256_Dilithium2,137.922211
P256_HQC_128,P256_Dilithium2,144.045151
P256_HQC_128,P256_Dilithium2,146.007344
P256_HQC_128,P256_Dilithium2,133.126242
P256_HQC_128,P256_Dilithium2,137.502415
P256_HQC_128,P256_Dilithium2,147.124994
P256_HQC_128,P256_Dilithium2,134.513487
P256_HQC_128,P256_Dilithium2,149.359058
P256_HQC_128,P256_Dilithium2,131.706049
P256_HQC_128,P256_Dilithium2,138.315001
P256_HQC_128,P256_Dilithium2,132.808151
P256_HQC_128,P256_Dilithium2,139.903135
P256_HQC_128,P256_Dilithium2,145.225389
P256_HQC_128,P256_Dilithium2,142.346423
P256_HQC_128,P256_Dilithium2,142.569922
P256_HQC_128,P256_Dilithium2,149.873833
P256_HQC_128,P256_Dilithium2,135.319007
P256_HQC_128,P256_Dilithium2,144.709558
P256_HQC_128,P256_Dilithium2,145.569677
P256_HQC_128,P256_Dilithium2,142.597376
P256_HQC_128,P256_Dilithium2,135.400065
P256_HQC_128,P256_Dilithium2,135.323167
P256_HQC_128,P256_Dilithium2,134.795971
P256_HQC_128,P256_Dilithium2,144.20768
P256_HQC_128,P256_Dilithium2,145.214144
P256_HQC_128,P256_Dilithium2,135.045641
P256_HQC_128,P256_Dilithium2,133.506585
P256_HQC_128,P256_Dilithium2,128.65842
P256_HQC_128,P256_Dilithium2,145.264786
P256_HQC_128,P256_Dilithium2,140.038501
P256_HQC_128,P256_Dilithium2,137.312839
P256_HQC_128,P256_Dilithium2,132.26943
P256_HQC_128,P256_Dilithium2,133.826033
P256_HQC_128,P256_Dilithium2,138.190437
P256_HQC_128,P256_Dilithium2,144.125246
P256_HQC_128,P256_Dilithium2,143.74294
P256_HQC_128,P256_Dilithium2,138.797161
P256_HQC_128,P256_Dilithium2,137.713931
P256_HQC_128,P256_Dilithium2,132.857769
P256_HQC_128,P256_Dilithium2,152.727503
P256_HQC_128,P256_Dilithium2,132.31934
P256_HQC_128,P256_Dilithium2,136.454442
P256_HQC_128,P256_Dilithium2,147.84773
P256_HQC_128,P256_Dilithium2,142.585718
P256_HQC_128,P256_Dilithium2,139.612979
P256_HQC_128,P256_Dilithium2,131.51166
P256_HQC_128,P256_Dilithium2,140.742431
P256_HQC_128,P256_Dilithium2,132.352206
P256_HQC_128,P256_Dilithium2,135.781325
P256_HQC_128,P256_Dilithium2,145.361548
P256_HQC_128,P256_Dilithium2,136.79252
P256_HQC_128,P256_Dilithium2,138.259707
P256_HQC_128,P256_Dilithium2,141.461037
P256_HQC_128,P256_Dilithium2,132.184142
P256_HQC_128,P256_Dilithium2,134.122055
P256_HQC_128,P256_Dilithium2,137.951158
P256_HQC_128,P256_Dilithium2,138.375748
P256_HQC_128,P256_Dilithium2,132.915326
P256_HQC_128,P256_Dilithium2,129.964163
P256_HQC_128,P256_Dilithium2,136.243538
P256_HQC_128,P256_Dilithium2,132.312702
P256_HQC_128,P256_Dilithium2,149.001289
P256_HQC_128,P256_Dilithium2,141.283934
P256_HQC_128,P256_Dilithium2,130.21032
P256_HQC_128,P256_Dilithium2,138.048737
P256_HQC_128,P256_Dilithium2,140.376632
P256_HQC_128,P256_Dilithium2,152.279759
P256_HQC_128,P256_Dilithium2,133.648502
P256_HQC_128,P256_Dilithium2,148.32863
P256_HQC_128,P256_Dilithium2,135.635983
P256_HQC_128,P256_Dilithium2,142.873902
P256_HQC_128,P256_Dilithium2,148.291619
P256_HQC_128,P256_Dilithium2,133.759825
P256_HQC_128,P256_Dilithium2,138.009818
P256_HQC_128,P256_Dilithium2,131.058834
P256_HQC_128,P256_Dilithium2,133.989447
P256_HQC_128,P256_Dilithium2,141.737445
P256_HQC_128,P256_Dilithium2,135.077607
P256_HQC_128,P256_Dilithium2,132.043168
P256_HQC_128,P256_Dilithium2,139.415772
P256_HQC_128,P256_Dilithium2,137.551968
P256_HQC_128,P256_Dilithium2,140.189885
P256_HQC_128,P256_Dilithium2,140.065393
P256_HQC_128,P256_Dilithium2,140.863218
P256_HQC_128,P256_Dilithium2,136.125238
P256_HQC_128,P256_Dilithium2,151.147837
P256_HQC_128,P256_Dilithium2,131.785424
P256_HQC_128,P256_Dilithium2,144.239761
P256_HQC_128,P256_Dilithium2,130.865482
P256_HQC_128,P256_Dilithium2,152.141429
P256_HQC_128,P256_Dilithium2,143.268722
P256_HQC_128,P256_Dilithium2,151.633642
P256_HQC_128,P256_Dilithium2,136.787784
P256_HQC_128,P256_Dilithium2,135.96785
P256_HQC_128,P256_Dilithium2,132.149326
P256_HQC_128,P256_Dilithium2,138.966418
P256_HQC_128,P256_Dilithium2,143.906604
P256_HQC_128,P256_Dilithium2,144.859276
P256_HQC_128,P256_Dilithium2,138.133968
P256_HQC_128,P256_Dilithium2,133.727582
P256_HQC_128,P256_Dilithium2,142.190011
P256_HQC_128,P256_Dilithium2,133.761149
P256_HQC_128,P256_Dilithium2,143.015407
P256_HQC_128,P256_Dilithium2,141.051512
P256_HQC_128,P256_Dilithium2,139.711528
P256_HQC_128,P256_Dilithium2,145.2264
P256_HQC_128,P256_Dilithium2,134.914283
P256_HQC_128,P256_Dilithium2,133.333603
P256_HQC_128,P256_Dilithium2,135.742671
P256_HQC_128,P256_Dilithium2,143.561837
P256_HQC_128,P256_Dilithium2,140.782128
P256_HQC_128,P256_Dilithium2,144.826982
P256_HQC_128,P256_Dilithium2,133.877358
P256_HQC_128,P256_Dilithium2,132.353437
P256_HQC_128,P256_Dilithium2,130.103682
P256_HQC_128,P256_Dilithium2,145.456329
P256_HQC_128,P256_Dilithium2,133.176943
P256_HQC_128,P256_Dilithium2,142.457921
P256_HQC_128,P256_Dilithium2,146.951192
P256_HQC_128,P256_Dilithium2,130.949393
P256_HQC_128,P256_Dilithium2,138.563775
P256_HQC_128,P256_Dilithium2,140.488244
P256_HQC_128,P256_Dilithium2,138.533372
P256_HQC_128,P256_Dilithium2,152.170442
P256_HQC_128,P256_Dilithium2,145.193799
P256_HQC_128,P256_Dilithium2,141.667691
P256_HQC_128,P256_Dilithium2,131.271899
P256_HQC_128,P256_Dilithium2,133.817337
P256_HQC_128,P256_Dilithium2,127.459991
P256_HQC_128,P256_Dilithium2,136.788039
P256_HQC_128,P256_Dilithium2,144.369954
P256_HQC_128,P256_Dilithium2,143.834206
P256_HQC_128,P256_Dilithium2,139.655361
P256_HQC_128,P256_Dilithium2,140.540453
P256_HQC_128,P256_Dilithium2,138.794295
P256_HQC_128,P256_Dilithium2,144.722777
P256_HQC_128,P256_Dilithium2,132.290963
P256_HQC_128,P256_Dilithium2,151.446181
P256_HQC_128,P256_Dilithium2,141.488461
P256_HQC_128,P256_Dilithium2,141.814925
P256_HQC_128,P256_Dilithium2,138.725163
P256_HQC_128,P256_Dilithium2,139.009904
P256_HQC_128,P256_Dilithium2,133.150588
P256_HQC_128,P256_Dilithium2,140.906123
P256_HQC_128,P256_Dilithium2,137.779133
P256_HQC_128,P256_Dilithium2,142.025149
P256_HQC_128,P256_Dilithium2,152.212457
P256_HQC_128,P256_Dilithium2,140.781186
P256_HQC_128,P256_Dilithium2,134.253085
P256_HQC_128,P256_Dilithium2,141.439969
P256_HQC_128,P256_Dilithium2,147.906601
P256_HQC_128,P256_Dilithium2,132.161952
P256_HQC_128,P256_Dilithium2,141.980947
P256_HQC_128,P256_Dilithium2,137.430636
P256_HQC_128,P256_Dilithium2,151.131368
P256_HQC_128,P256_Dilithium2,141.281659
P256_HQC_128,P256_Dilithium2,137.455112
P256_HQC_128,P256_Dilithium2,131.051801
P256_HQC_128,P256_Dilithium2,139.342103
P256_HQC_128,P256_Dilithium2,145.16858
P256_HQC_128,P256_Dilithium2,144.898021
P256_HQC_128,P256_Dilithium2,152.092154
P256_HQC_128,P256_Dilithium2,135.355639
P256_HQC_128,P256_Dilithium2,138.207816
P256_HQC_128,P256_Dilithium2,139.82366
P256_HQC_128,P256_Dilithium2,130.687997
P256_HQC_128,P256_Dilithium2,132.020682
P256_HQC_128,P256_Dilithium2,141.57955
P256_HQC_128,P256_Dilithium2,133.239296
P256_HQC_128,P256_Dilithium2,131.543362
P256_HQC_128,P256_Dilithium2,136.532765
P256_HQC_128,P256_Dilithium2,148.672237
P256_HQC_128,P256_Dilithium2,138.024165
P256_HQC_128,P256_Dilithium2,144.394258
P256_HQC_128,P256_Dilithium2,149.606709
P256_HQC_128,P256_Dilithium2,136.430922
P256_HQC_128,P256_Dilithium2,140.396917
P256_HQC_128,P256_Dilithium2,148.446647
P256_HQC_128,P256_Dilithium2,137.087701
P256_HQC_128,P256_Dilithium2,140.72466
P256_HQC_128,P256_Dilithium2,137.009084
P256_HQC_128,P256_Dilithium2,142.192132
P256_HQC_128,P256_Dilithium2,149.85024
P256_HQC_128,P256_Dilithium2,147.419681
P256_HQC_128,P256_Dilithium2,132.797867
P256_HQC_128,P256_Dilithium2,145.090667
P256_HQC_128,P256_Dilithium2,140.328176
P256_HQC_128,P256_Dilithium2,144.767555
P256_HQC_128,P256_Dilithium2,127.25133
P256_HQC_128,P256_Dilithium2,136.008893
P256_HQC_128,P256_Dilithium2,140.928214
P256_HQC_128,P256_Dilithium2,137.721759
P256_HQC_128,P256_Dilithium2,143.157584
P256_HQC_128,P256_Dilithium2,143.389139
P256_HQC_128,P256_Dilithium2,141.417072
P256_HQC_128,P256_Dilithium2,137.305612
P256_HQC_128,P256_Dilithium2,130.665997
P256_HQC_128,P256_Dilithium2,133.159475
P256_HQC_128,P256_Dilithium2,140.273797
P256_HQC_128,P256_Dilithium2,140.336858
P256_HQC_128,P256_Dilithium2,141.322149
P256_HQC_128,P256_Dilithium2,149.598155
P256_HQC_128,P256_Dilithium2,137.587763
P256_HQC_128,P256_Dilithium2,139.586196
P256_HQC_128,P256_Dilithium2,143.940534
P256_HQC_128,P256_Dilithium2,132.716634
P256_HQC_128,P256_Dilithium2,134.059056
P256_HQC_128,P256_Dilithium2,140.381116
P256_HQC_128,P256_Dilithium2,135.517221
P256_HQC_128,P256_Dilithium2,130.115072
P256_HQC_128,P256_Dilithium2,128.476409
P256_HQC_128,P256_Dilithium2,131.052296
P256_HQC_128,P256_Dilithium2,147.72518
P256_HQC_128,P256_Dilithium2,151.633792
P256_HQC_128,P256_Dilithium2,128.534729
P256_HQC_128,P256_Dilithium2,139.812883
P256_HQC_128,P256_Dilithium2,144.480803
P256_HQC_128,P256_Dilithium2,138.610541
P256_HQC_128,P256_Dilithium2,141.258437
P256_HQC_128,P256_Dilithium2,142.016914
P256_HQC_128,P256_Dilithium2,143.390206
P256_HQC_128,P256_Dilithium2,133.827012
P256_HQC_128,P256_Dilithium2,144.043576
P256_HQC_128,P256_Dilithium2,145.051847
P256_HQC_128,P256_Dilithium2,136.55719
P256_HQC_128,P256_Dilithium2,135.569297
P256_HQC_128,P256_Dilithium2,142.572783
P256_HQC_128,P256_Dilithium2,135.988274
P256_HQC_128,P256_Dilithium2,133.913093
P256_HQC_128,P256_Dilithium2,132.095335
P256_HQC_128,P256_Dilithium2,137.775651
P256_HQC_128,P256_Dilithium2,133.743158
P256_HQC_128,P256_Dilithium2,140.768934
P256_HQC_128,P256_Dilithium2,139.733958
P256_HQC_128,P256_Dilithium2,130.246481
P256_HQC_128,P256_Dilithium2,142.209672
P256_HQC_128,P256_Dilithium2,142.346077
P256_HQC_128,P256_Dilithium2,150.017686
P256_HQC_128,P256_Dilithium2,137.610492
P256_HQC_128,P256_Dilithium2,137.188585
P256_HQC_128,P256_Dilithium2,142.202917
P256_HQC_128,P256_Dilithium2,138.539882
P256_HQC_128,P256_Dilithium2,138.457108
P256_HQC_128,P256_Dilithium2,143.953427
P256_HQC_128,P256_Dilithium2,133.079915
P256_HQC_128,P256_Dilithium2,149.87089
P256_HQC_128,P256_Dilithium2,140.525653
P256_HQC_128,P256_Dilithium2,132.056703
P256_HQC_128,P256_Dilithium2,136.793576
P256_HQC_128,P256_Dilithium2,132.968801
P256_HQC_128,P256_Dilithium2,130.977576
P256_HQC_128,P256_Dilithium2,142.755988
P256_HQC_128,P256_Dilithium2,143.537108
P256_HQC_128,P256_Dilithium2,137.966192
P256_HQC_128,P256_Dilithium2,139.817298
P256_HQC_128,P256_Dilithium2,141.970856
P256_HQC_128,P256_Dilithium2,135.340858
P256_HQC_128,P256_Dilithium2,141.422222
P256_HQC_128,P256_Dilithium2,143.292556
P256_HQC_128,P256_Dilithium2,141.749565
P256_HQC_128,P256_Dilithium2,132.506487
P256_HQC_128,P256_Dilithium2,141.152325
P256_HQC_128,P256_Dilithium2,140.915815
P256_HQC_128,P256_Dilithium2,144.06242
P256_HQC_128,P256_Dilithium2,133.892274
P256_HQC_128,P256_Dilithium2,134.039788
P256_HQC_128,P256_Dilithium2,145.032138
P256_HQC_128,P256_Dilithium2,138.093282
P256_HQC_128,P256_Dilithium2,138.888124
P256_HQC_128,P256_Dilithium2,141.357694
P256_HQC_128,P256_Dilithium2,133.233999
P256_HQC_128,P256_Dilithium2,150.616615
P256_HQC_128,P256_Dilithium2,152.510783
P256_HQC_128,P256_Dilithium2,136.846388
P256_HQC_128,P256_Dilithium2,135.102231
P256_HQC_128,P256_Dilithium2,138.483179
P256_HQC_128,P256_Dilithium2,131.278203
P256_HQC_128,P256_Dilithium2,139.609679
P256_BIKE_L1,P256_Dilithium2,101.055824
P256_BIKE_L1,P256_Dilithium2,102.774694
P256_BIKE_L1,P256_Dilithium2,101.255366
P256_BIKE_L1,P256_Dilithium2,110.225249
P256_BIKE_L1,P256_Dilithium2,109.128519
P256_BIKE_L1,P256_Dilithium2,109.181096
P256_BIKE_L1,P256_Dilithium2,100.902513
P256_BIKE_L1,P256_Dilithium2,109.057546
P256_BIKE_L1,P256_Dilithium2,111.78778
P256_BIKE_L1,P256_Dilithium2,105.06295
P256_BIKE_L1,P256_Dilithium2,116.46545
P256_BIKE_L1,P256_Dilithium2,101.968049
P256_BIKE_L1,P256_Dilithium2,111.483053
P256_BIKE_L1,P256_Dilithium2,101.387763
P256_BIKE_L1,P256_Dilithium2,110.636386
P256_BIKE_L1,P256_Dilithium2,113.203386
P256_BIKE_L1,P256_Dilithium2,107.747369
P256_BIKE_L1,P256_Dilithium2,110.214875
P256_BIKE_L1,P256_Dilithium2,112.854366
P256_BIKE_L1,P256_Dilithium2,100.805876
P256_BIKE_L1,P256_Dilithium2,101.358336
P256_BIKE_L1,P256_Dilithium2,108.66174
P256_BIKE_L1,P256_Dilithium2,101.699593
P256_BIKE_L1,P256_Dilithium2,115.650062
P256_BIKE_L1,P256_Dilithium2,109.537524
P256_BIKE_L1,P256_Dilithium2,112.514296
P256_BIKE_L1,P256_Dilithium2,111.882421
P256_BIKE_L1,P256_Dilithium2,109.326096
P256_BIKE_L1,P256_Dilithium2,106.03825
P256_BIKE_L1,P256_Dilithium2,98.365521
P256_BIKE_L1,P256_Dilithium2,99.952622
P256_BIKE_L1,P256_Dilithium2,107.095814
P256_BIKE_L1,P256_Dilithium2,119.225288
P256_BIKE_L1,P256_Dilithium2,101.326311
P256_BIKE_L1,P256_Dilithium2,116.241466
P256_BIKE_L1,P256_Dilithium2,98.937087
P256_BIKE_L1,P256_Dilithium2,110.321065
P256_BIKE_L1,P256_Dilithium2,116.587539
P256_BIKE_L1,P256_Dilithium2,101.102574
P256_BIKE_L1,P256_Dilithium2,112.03367
P256_BIKE_L1,P256_Dilithium2,95.126755
P256_BIKE_L1,P256_Dilithium2,106.722921
P256_BIKE_L1,P256_Dilithium2,111.671633
P256_BIKE_L1,P256_Dilithium2,101.78729
P256_BIKE_L1,P256_Dilithium2,98.880012
P256_BIKE_L1,P256_Dilithium2,112.600283
P256_BIKE_L1,P256_Dilithium2,101.199225
P256_BIKE_L1,P256_Dilithium2,119.099405
P256_BIKE_L1,P256_Dilithium2,111.030817
P256_BIKE_L1,P256_Dilithium2,105.407994
P256_BIKE_L1,P256_Dilithium2,106.519078
P256_BIKE_L1,P256_Dilithium2,103.842582
P256_BIKE_L1,P256_Dilithium2,105.888389
P256_BIKE_L1,P256_Dilithium2,107.133008
P256_BIKE_L1,P256_Dilithium2,111.450196
P256_BIKE_L1,P256_Dilithium2,111.495141
P256_BIKE_L1,P256_Dilithium2,97.753262
P256_BIKE_L1,P256_Dilithium2,115.949926
P256_BIKE_L1,P256_Dilithium2,108.536638
P256_BIKE_L1,P256_Dilithium2,108.28053
P256_BIKE_L1,P256_Dilithium2,108.392328
P256_BIKE_L1,P256_Dilithium2,101.859408
P256_BIKE_L1,P256_Dilithium2,98.755312
P256_BIKE_L1,P256_Dilithium2,112.380938
P256_BIKE_L1,P256_Dilithium2,117.585951
P256_BIKE_L1,P256_Dilithium2,98.988755
P256_BIKE_L1,P256_Dilithium2,96.516584
P256_BIKE_L1,P256_Dilithium2,104.490088
P256_BIKE_L1,P256_Dilithium2,108.047642
P256_BIKE_L1,P256_Dilithium2,105.103763
P256_BIKE_L1,P256_Dilithium2,110.49489
P256_BIKE_L1,P256_Dilithium2,99.894932
P256_BIKE_L1,P256_Dilithium2,102.203983
P256_BIKE_L1,P256_Dilithium2,101.862588
P256_BIKE_L1,P256_Dilithium2,100.936336
P256_BIKE_L1,P256_Dilithium2,107.996003
P256_BIKE_L1,P256_Dilithium2,114.56503
P256_BIKE_L1,P256_Dilithium2,111.607398
P256_BIKE_L1,P256_Dilithium2,103.899647
P256_BIKE_L1,P256_Dilithium2,115.187902
P256_BIKE_L1,P256_Dilithium2,112.438745
P256_BIKE_L1,P256_Dilithium2,104.153448
P256_BIKE_L1,P256_Dilithium2,111.214944
P256_BIKE_L1,P256_Dilithium2,97.521028
P256_BIKE_L1,P256_Dilithium2,110.395902
P256_BIKE_L1,P256_Dilithium2,96.668738
P256_BIKE_L1,P256_Dilithium2,105.784937
P256_BIKE_L1,P256_Dilithium2,115.423298
P256_BIKE_L1,P256_Dilithium2,103.778116
P256_BIKE_L1,P256_Dilithium2,99.387154
P256_BIKE_L1,P256_Dilithium2,108.812553
P256_BIKE_L1,P256_Dilithium2,118.717972
P256_BIKE_L1,P256_Dilithium2,108.604682
P256_BIKE_L1,P256_Dilithium2,105.144219
P256_BIKE_L1,P256_Dilithium2,100.195391
P256_BIKE_L1,P256_Dilithium2,119.647916
P256_BIKE_L1,P256_Dilithium2,98.576885
P256_BIKE_L1,P256_Dilithium2,98.482816
P256_BIKE_L1,P256_Dilithium2,101.908715
P256_BIKE_L1,P256_Dilithium2,100.420878
P256_BIKE_L1,P256_Dilithium2,108.36081
P256_BIKE_L1,P256_Dilithium2,115.810662
P256_BIKE_L1,P256_Dilithium2,101.947931
P256_BIKE_L1,P256_Dilithium2,102.332685
P256_BIKE_L1,P256_Dilithium2,110.638558
P256_BIKE_L1,P256_Dilithium2,105.456248
P256_BIKE_L1,P256_Dilithium2,104.170944
P256_BIKE_L1,P256_Dilithium2,111.187413
P256_BIKE_L1,P256_Dilithium2,103.325973
P256_BIKE_L1,P256_Dilithium2,99.287384
P256_BIKE_L1,P256_Dilithium2,104.235314
P256_BIKE_L1,P256_Dilithium2,101.743665
P256_BIKE_L1,P256_Dilithium2,109.170453
P256_BIKE_L1,P256_Dilithium2,98.11557
P256_BIKE_L1,P256_Dilithium2,100.501725
P256_BIKE_L1,P256_Dilithium2,108.149204
P256_BIKE_L1,P256_Dilithium2,103.087113
P256_BIKE_L1,P256_Dilithium2,102.695031
P256_BIKE_L1,P256_Dilithium2,111.601164
P256_BIKE_L1,P256_Dilithium2,113.117533
P256_BIKE_L1,P256_Dilithium2,108.546767
P256_BIKE_L1,P256_Dilithium2,103.979838
P256_BIKE_L1,P256_Dilithium2,110.984484
P256_BIKE_L1,P256_Dilithium2,112.510431
P256_BIKE_L1,P256_Dilithium2,101.475183
P256_BIKE_L1,P256_Dilithium2,98.440931
P256_BIKE_L1,P256_Dilithium2,106.860339
P256_BIKE_L1,P256_Dilithium2,105.422207
P256_BIKE_L1,P256_Dilithium2,103.550442
P256_BIKE_L1,P256_Dilithium2,103.725879
P256_BIKE_L1,P256_Dilithium2,110.639726
P256_BIKE_L1,P256_Dilithium2,109.37211
P256_BIKE_L1,P256_Dilithium2,101.363865
P256_BIKE_L1,P256_Dilithium2,98.813803
P256_BIKE_L1,P256_Dilithium2,115.830079
P256_BIKE_L1,P256_Dilithium2,108.874567
P256_BIKE_L1,P256_Dilithium2,112.248361
P256_BIKE_L1,P256_Dilithium2,104.898555
P256_BIKE_L1,P256_Dilithium2,102.505102
P256_BIKE_L1,P256_Dilithium2,106.738771
P256_BIKE_L1,P256_Dilithium2,120.048359
P256_BIKE_L1,P256_Dilithium2,110.303766
P256_BIKE_L1,P256_Dilithium2,100.973587
P256_BIKE_L1,P256_Dilithium2,111.268259
P256_BIKE_L1,P256_Dilithium2,110.176254
P256_BIKE_L1,P256_Dilithium2,104.496681
P256_BIKE_L1,P256_Dilithium2,108.173838
P256_BIKE_L1,P256_Dilithium2,97.574025
P256_BIKE_L1,P256_Dilithium2,112.661858
P256_BIKE_L1,P256_Dilithium2,112.227198
P256_BIKE_L1,P256_Dilithium2,119.183096
P256_BIKE_L1,P256_Dilithium2,97.595018
P256_BIKE_L1,P256_Dilithium2,107.314245
P256_BIKE_L1,P256_Dilithium2,118.174745
P256_BIKE_L1,P256_Dilithium2,110.231994
P256_BIKE_L1,P256_Dilithium2,101.934242
P256_BIKE_L1,P256_Dilithium2,115.321966
P256_BIKE_L1,P256_Dilithium2,100.475515
P256_BIKE_L1,P256_Dilithium2,116.152088
P256_BIKE_L1,P256_Dilithium2,101.760326
P256_BIKE_L1,P256_Dilithium2,111.680025
P256_BIKE_L1,P256_Dilithium2,101.449966
P256_BIKE_L1,P256_Dilithium2,98.754398
P256_BIKE_L1,P256_Dilithium2,107.896944
P256_BIKE_L1,P256_Dilithium2,105.048478
P256_BIKE_L1,P256_Dilithium2,110.356663
P256_BIKE_L1,P256_Dilithium2,103.333193
P256_BIKE_L1,P256_Dilithium2,112.269428
P256_BIKE_L1,P256_Dilithium2,103.203999
P256_BIKE_L1,P256_Dilithium2,118.101049
P256_BIKE_L1,P256_Dilithium2,107.85104
P256_BIKE_L1,P256_Dilithium2,97.299255
P256_BIKE_L1,P256_Dilithium2,106.332212
P256_BIKE_L1,P256_Dilithium2,108.412892
P256_BIKE_L1,P256_Dilithium2,108.355477
P256_BIKE_L1,P256_Dilithium2,111.001618
P256_BIKE_L1,P256_Dilithium2,107.303946
P256_BIKE_L1,P256_Dilithium2,103.492179
P256_BIKE_L1,P256_Dilithium2,100.796927
P256_BIKE_L1,P256_Dilithium2,118.886862
P256_BIKE_L1,P256_Dilithium2,106.70291
P256_BIKE_L1,P256_Dilithium2,110.38263
P256_BIKE_L1,P256_Dilithium2,101.15568
P256_BIKE_L1,P256_Dilithium2,101.828957
P256_BIKE_L1,P256_Dilithium2,116.011109
P256_BIKE_L1,P256_Dilithium2,102.200284
P256_BIKE_L1,P256_Dilithium2,112.615286
P256_BIKE_L1,P256_Dilithium2,101.625055
P256_BIKE_L1,P256_Dilithium2,108.74262
P256_BIKE_L1,P256_Dilithium2,99.769583
P256_BIKE_L1,P256_Dilithium2,103.248106
P256_BIKE_L1,P256_Dilithium2,105.745873
P256_BIKE_L1,P256_Dilithium2,108.170029
P256_BIKE_L1,P256_Dilithium2,109.038323
P256_BIKE_L1,P256_Dilithium2,99.316818
P256_BIKE_L1,P256_Dilithium2,112.698815
P256_BIKE_L1,P256_Dilithium2,100.773781
P256_BIKE_L1,P256_Dilithium2,104.04918
P256_BIKE_L1,P256_Dilithium2,119.170986
P256_BIKE_L1,P256_Dilithium2,107.511016
P256_BIKE_L1,P256_Dilithium2,104.532254
P256_BIKE_L1,P256_Dilithium2,110.65921
P256_BIKE_L1,P256_Dilithium2,107.598928
P256_BIKE_L1,P256_Dilithium2,99.862261
P256_BIKE_L1,P256_Dilithium2,101.288246
P256_BIKE_L1,P256_Dilithium2,101.573403
P256_BIKE_L1,P256_Dilithium2,118.7746
P256_BIKE_L1,P256_Dilithium2,104.149948
P256_BIKE_L1,P256_Dilithium2,107.325908
P256_BIKE_L1,P256_Dilithium2,108.187355
P256_BIKE_L1,P256_Dilithium2,108.17014
P256_BIKE_L1,P256_Dilithium2,115.414079
P256_BIKE_L1,P256_Dilithium2,107.14218
P256_BIKE_L1,P256_Dilithium2,107.247958
P256_BIKE_L1,P256_Dilithium2,101.651221
P256_BIKE_L1,P256_Dilithium2,112.33614
P256_BIKE_L1,P256_Dilithium2,99.612545
P256_BIKE_L1,P256_Dilithium2,108.691995
P256_BIKE_L1,P256_Dilithium2,108.764745
P256_BIKE_L1,P256_Dilithium2,109.467571
P256_BIKE_L1,P256_Dilithium2,111.475834
P256_BIKE_L1,P256_Dilithium2,101.329756
P256_BIKE_L1,P256_Dilithium2,119.428122
P256_BIKE_L1,P256_Dilithium2,105.069278
P256_BIKE_L1,P256_Dilithium2,102.039599
P256_BIKE_L1,P256_Dilithium2,107.307232
P256_BIKE_L1,P256_Dilithium2,115.971001
P256_BIKE_L1,P256_Dilithium2,111.065461
P256_BIKE_L1,P256_Dilithium2,110.701905
P256_BIKE_L1,P256_Dilithium2,104.226249
P256_BIKE_L1,P256_Dilithium2,99.948577
P256_BIKE_L1,P256_Dilithium2,107.111965
P256_BIKE_L1,P256_Dilithium2,112.125292
P256_BIKE_L1,P256_Dilithium2,108.99023
P256_BIKE_L1,P256_Dilithium2,108.604977
P256_BIKE_L1,P256_Dilithium2,106.123082
P256_BIKE_L1,P256_Dilithium2,108.648235
P256_BIKE_L1,P256_Dilithium2,103.474031
P256_BIKE_L1,P256_Dilithium2,97.812947
P256_BIKE_L1,P256_Dilithium2,107.378684
P256_BIKE_L1,P256_Dilithium2,110.362484
P256_BIKE_L1,P256_Dilithium2,107.515215
P256_BIKE_L1,P256_Dilithium2,104.093195
P256_BIKE_L1,P256_Dilithium2,112.715068
P256_BIKE_L1,P256_Dilithium2,113.094606
P256_BIKE_L1,P256_Dilithium2,115.246791
P256_BIKE_L1,P256_Dilithium2,111.504504
P256_BIKE_L1,P256_Dilithium2,103.75449
P256_BIKE_L1,P256_Dilithium2,102.011823
P256_BIKE_L1,P256_Dilithium2,103.396788
P256_BIKE_L1,P256_Dilithium2,108.274169
P256_BIKE_L1,P256_Dilithium2,101.502231
P256_BIKE_L1,P256_Dilithium2,97.597233
P256_BIKE_L1,P256_Dilithium2,108.984379
P256_BIKE_L1,P256_Dilithium2,103.219858
P256_BIKE_L1,P256_Dilithium2,105.902686
P256_BIKE_L1,P256_Dilithium2,100.912392
P256_BIKE_L1,P256_Dilithium2,97.931125
P256_BIKE_L1,P256_Dilithium2,116.759534
P256_BIKE_L1,P256_Dilithium2,115.535033
P256_BIKE_L1,P256_Dilithium2,98.370545
P256_BIKE_L1,P256_Dilithium2,95.544827
P256_BIKE_L1,P256_Dilithium2,100.353891
P256_BIKE_L1,P256_Dilithium2,108.047742
P256_BIKE_L1,P256_Dilithium2,101.084401
P256_BIKE_L1,P256_Dilithium2,100.888091
P256_BIKE_L1,P256_Dilithium2,116.047283
P256_BIKE_L1,P256_Dilithium2,108.065745
P256_BIKE_L1,P256_Dilithium2,99.769449
P256_BIKE_L1,P256_Dilithium2,118.992903
P256_BIKE_L1,P256_Dilithium2,108.43781
P256_BIKE_L1,P256_Dilithium2,98.486429
P256_BIKE_L1,P256_Dilithium2,100.326304
P256_BIKE_L1,P256_Dilithium2,111.117438
P256_BIKE_L1,P256_Dilithium2,108.425991
P256_BIKE_L1,P256_Dilithium2,100.664375
P256_BIKE_L1,P256_Dilithium2,107.650713
P256_BIKE_L1,P256_Dilithium2,100.08539
P256_BIKE_L1,P256_Dilithium2,119.462811
P256_BIKE_L1,P256_Dilithium2,105.613883
P256_BIKE_L1,P256_Dilithium2,109.033658
P256_BIKE_L1,P256_Dilithium2,111.245983
P256_BIKE_L1,P256_Dilithium2,103.796126
P256_BIKE_L1,P256_Dilithium2,110.176093
P256_BIKE_L1,P256_Dilithium2,104.966461
P256_BIKE_L1,P256_Dilithium2,108.674371
P256_BIKE_L1,P256_Dilithium2,116.95524
P256_BIKE_L1,P256_Dilithium2,107.688175
P256_BIKE_L1,P256_Dilithium2,106.583351
P256_BIKE_L1,P256_Dilithium2,105.045292
P256_BIKE_L1,P256_Dilithium2,117.995409
P256_BIKE_L1,P256_Dilithium2,107.694666
P256_BIKE_L1,P256_Dilithium2,107.941601
P256_BIKE_L1,P256_Dilithium2,109.74231
P256_BIKE_L1,P256_Dilithium2,105.578106
P256_BIKE_L1,P256_Dilithium2,102.117163
P256_BIKE_L1,P256_Dilithium2,98.118253
P256_BIKE_L1,P256_Dilithium2,107.569908
P256_BIKE_L1,P256_Dilithium2,99.123273
P256_BIKE_L1,P256_Dilithium2,100.569311
P256_BIKE_L1,P256_Dilithium2,101.873005
P256_BIKE_L1,P256_Dilithium2,108.769883
P256_BIKE_L1,P256_Dilithium2,108.46209
P256_BIKE_L1,P256_Dilithium2,101.370422
P256_BIKE_L1,P256_Dilithium2,107.043521
P256_BIKE_L1,P256_Dilithium2,102.372562
P256_BIKE_L1,P256_Dilithium2,100.648574
P256_BIKE_L1,P256_Dilithium2,110.028408
P256_BIKE_L1,P256_Dilithium2,106.356794
P256_BIKE_L1,P256_Dilithium2,118.221952
P256_BIKE_L1,P256_Dilithium2,98.407015
P256_BIKE_L1,P256_Dilithium2,107.919076
P256_BIKE_L1,P256_Dilithium2,101.57725
P256_BIKE_L1,P256_Dilithium2,103.158314
P256_BIKE_L1,P256_Dilithium2,102.380445
P256_BIKE_L1,P256_Dilithium2,119.696425
P256_BIKE_L1,P256_Dilithium2,112.049811
P256_BIKE_L1,P256_Dilithium2,108.635432
P256_BIKE_L1,P256_Dilithium2,103.819125
P256_BIKE_L1,P256_Dilithium2,106.302453
P256_BIKE_L1,P256_Dilithium2,105.234996
P256_BIKE_L1,P256_Dilithium2,99.813103
P256_BIKE_L1,P256_Dilithium2,101.814694
P256_BIKE_L1,P256_Dilithium2,101.748801
P256_BIKE_L1,P256_Dilithium2,101.472194
P256_BIKE_L1,P256_Dilithium2,108.858498
P256_BIKE_L1,P256_Dilithium2,104.02816
P256_BIKE_L1,P256_Dilithium2,108.427123
P256_BIKE_L1,P256_Dilithium2,99.115859
P256_BIKE_L1,P256_Dilithium2,116.823281
P256_BIKE_L1,P256_Dilithium2,103.69707
P256_BIKE_L1,P256_Dilithium2,115.214845
P256_BIKE_L1,P256_Dilithium2,111.921512
P256_BIKE_L1,P256_Dilithium2,103.565585
P256_BIKE_L1,P256_Dilithium2,101.913992
P256_BIKE_L1,P256_Dilithium2,100.315339
P256_BIKE_L1,P256_Dilithium2,104.87425
P256_BIKE_L1,P256_Dilithium2,109.27936
P256_BIKE_L1,P256_Dilithium2,108.941951
P256_BIKE_L1,P256_Dilithium2,105.41822
P256_BIKE_L1,P256_Dilithium2,99.828607
P256_BIKE_L1,P256_Dilithium2,107.250247
P256_BIKE_L1,P256_Dilithium2,107.136508
P256_BIKE_L1,P256_Dilithium2,108.222435
P256_BIKE_L1,P256_Dilithium2,107.516399
P256_BIKE_L1,P256_Dilithium2,101.202826
P256_BIKE_L1,P256_Dilithium2,107.561075
P256_BIKE_L1,P256_Dilithium2,108.967133
P256_BIKE_L1,P256_Dilithium2,116.066155
P256_BIKE_L1,P256_Dilithium2,115.39846
P256_BIKE_L1,P256_Dilithium2,113.137267
P256_BIKE_L1,P256_Dilithium2,108.549957
P256_BIKE_L1,P256_Dilithium2,110.73502
P256_BIKE_L1,P256_Dilithium2,101.05772
P256_BIKE_L1,P256_Dilithium2,103.859052
P256_BIKE_L1,P256_Dilithium2,103.970101
P256_BIKE_L1,P256_Dilithium2,98.732172
P256_BIKE_L1,P256_Dilithium2,108.298968
P256_BIKE_L1,P256_Dilithium2,102.220499
P256_BIKE_L1,P256_Dilithium2,103.250836
P256_BIKE_L1,P256_Dilithium2,106.852392
P256_BIKE_L1,P256_Dilithium2,117.983213
P256_BIKE_L1,P256_Dilithium2,107.48752
P256_BIKE_L1,P256_Dilithium2,118.187664
P256_BIKE_L1,P256_Dilithium2,108.00092
P256_BIKE_L1,P256_Dilithium2,108.417437
P256_BIKE_L1,P256_Dilithium2,104.191629
P256_BIKE_L1,P256_Dilithium2,112.594578
P256_BIKE_L1,P256_Dilithium2,107.967749
P256_BIKE_L1,P256_Dilithium2,116.274766
P256_BIKE_L1,P256_Dilithium2,100.956873
P256_BIKE_L1,P256_Dilithium2,103.660407
P256_BIKE_L1,P256_Dilithium2,115.97216
P256_BIKE_L1,P256_Dilithium2,109.546687
P256_BIKE_L1,P256_Dilithium2,109.558257
P256_BIKE_L1,P256_Dilithium2,101.60318
P256_BIKE_L1,P256_Dilithium2,108.809154
P256_BIKE_L1,P256_Dilithium2,101.187295
P256_BIKE_L1,P256_Dilithium2,108.65631
P256_BIKE_L1,P256_Dilithium2,112.797022
P256_BIKE_L1,P256_Dilithium2,100.477709
P256_BIKE_L1,P256_Dilithium2,108.398591
P256_BIKE_L1,P256_Dilithium2,110.524452
P256_BIKE_L1,P256_Dilithium2,117.048746
P256_BIKE_L1,P256_Dilithium2,102.129302
P256_BIKE_L1,P256_Dilithium2,111.243078
P256_BIKE_L1,P256_Dilithium2,96.859097
P256_BIKE_L1,P256_Dilithium2,112.611461
P256_BIKE_L1,P256_Dilithium2,108.419457
P256_BIKE_L1,P256_Dilithium2,107.294915
P256_BIKE_L1,P256_Dilithium2,108.695514
P256_BIKE_L1,P256_Dilithium2,106.550452
P256_BIKE_L1,P256_Dilithium2,115.532818
P256_BIKE_L1,P256_Dilithium2,110.167974
P256_BIKE_L1,P256_Dilithium2,113.530486
P256_BIKE_L1,P256_Dilithium2,109.72576
P256_BIKE_L1,P256_Dilithium2,116.712525
P256_BIKE_L1,P256_Dilithium2,108.744079
P256_BIKE_L1,P256_Dilithium2,106.808286
P256_BIKE_L1,P256_Dilithium2,109.525362
P256_BIKE_L1,P256_Dilithium2,109.306624
P256_BIKE_L1,P256_Dilithium2,110.167306
P256_BIKE_L1,P256_Dilithium2,115.928062
P256_BIKE_L1,P256_Dilithium2,119.23043
P256_BIKE_L1,P256_Dilithium2,110.221202
P256_BIKE_L1,P256_Dilithium2,103.343982
P256_BIKE_L1,P256_Dilithium2,100.919912
P256_BIKE_L1,P256_Dilithium2,102.785995
P256_BIKE_L1,P256_Dilithium2,100.393924
P256_BIKE_L1,P256_Dilithium2,108.986053
P256_BIKE_L1,P256_Dilithium2,117.799031
P256_BIKE_L1,P256_Dilithium2,108.513924
P256_BIKE_L1,P256_Dilithium2,101.781487
P256_BIKE_L1,P256_Dilithium2,101.488905
P256_BIKE_L1,P256_Dilithium2,111.262147
P256_BIKE_L1,P256_Dilithium2,111.583602
P256_BIKE_L1,P256_Dilithium2,108.303838
P256_BIKE_L1,P256_Dilithium2,108.120836
P256_BIKE_L1,P256_Dilithium2,101.241064
P256_BIKE_L1,P256_Dilithium2,107.510352
P256_BIKE_L1,P256_Dilithium2,105.561344
P256_BIKE_L1,P256_Dilithium2,105.497317
P256_BIKE_L1,P256_Dilithium2,111.198602
P256_BIKE_L1,P256_Dilithium2,101.507215
P256_BIKE_L1,P256_Dilithium2,103.516132
P256_BIKE_L1,P256_Dilithium2,101.939097
P256_BIKE_L1,P256_Dilithium2,101.364739
P256_BIKE_L1,P256_Dilithium2,102.280063
P256_BIKE_L1,P256_Dilithium2,112.068957
P256_BIKE_L1,P256_Dilithium2,109.000899
P256_BIKE_L1,P256_Dilithium2,102.288202
P256_BIKE_L1,P256_Dilithium2,101.263207
P256_BIKE_L1,P256_Dilithium2,117.899334
P256_BIKE_L1,P256_Dilithium2,105.431225
P256_BIKE_L1,P256_Dilithium2,108.185979
P256_BIKE_L1,P256_Dilithium2,108.331711
P256_BIKE_L1,P256_Dilithium2,112.137876
P256_BIKE_L1,P256_Dilithium2,111.927534
P256_BIKE_L1,P256_Dilithium2,107.925001
P256_BIKE_L1,P256_Dilithium2,116.635477
P256_BIKE_L1,P256_Dilithium2,102.04422
P256_BIKE_L1,P256_Dilithium2,104.032215
P256_BIKE_L1,P256_Dilithium2,108.587928
P256_BIKE_L1,P256_Dilithium2,109.061912
P256_BIKE_L1,P256_Dilithium2,105.638221
P256_BIKE_L1,P256_Dilithium2,107.868061
P256_BIKE_L1,P256_Dilithium2,115.336907
P256_BIKE_L1,P256_Dilithium2,110.112613
P256_BIKE_L1,P256_Dilithium2,107.685782
P256_BIKE_L1,P256_Dilithium2,108.307367
P256_BIKE_L1,P256_Dilithium2,108.896814
P256_BIKE_L1,P256_Dilithium2,110.299703
P256_BIKE_L1,P256_Dilithium2,104.424437
P256_BIKE_L1,P256_Dilithium2,106.895833
P256_BIKE_L1,P256_Dilithium2,102.034194
P256_BIKE_L1,P256_Dilithium2,105.903012
P256_BIKE_L1,P256_Dilithium2,103.892591
P256_BIKE_L1,P256_Dilithium2,98.444609
P256_BIKE_L1,P256_Dilithium2,113.146503
P256_BIKE_L1,P256_Dilithium2,109.23594
P256_BIKE_L1,P256_Dilithium2,110.134148
P256_BIKE_L1,P256_Dilithium2,103.649705
P256_BIKE_L1,P256_Dilithium2,115.578322
P256_BIKE_L1,P256_Dilithium2,118.27649
P256_BIKE_L1,P256_Dilithium2,105.689454
P256_BIKE_L1,P256_Dilithium2,110.143952
P256_BIKE_L1,P256_Dilithium2,100.451201
P256_BIKE_L1,P256_Dilithium2,107.118973
P256_BIKE_L1,P256_Dilithium2,107.68621
P256_BIKE_L1,P256_Dilithium2,113.269205
P256_BIKE_L1,P256_Dilithium2,105.815014
P256_BIKE_L1,P256_Dilithium2,108.246666
P256_BIKE_L1,P256_Dilithium2,100.865073
P256_BIKE_L1,P256_Dilithium2,100.401493
P256_BIKE_L1,P256_Dilithium2,108.75056
P256_BIKE_L1,P256_Dilithium2,115.693369
P256_BIKE_L1,P256_Dilithium2,109.680896
P256_BIKE_L1,P256_Dilithium2,103.362183
P256_BIKE_L1,P256_Dilithium2,102.417126
P256_BIKE_L1,P256_Dilithium2,111.787056
P256_BIKE_L1,P256_Dilithium2,109.12464
P256_BIKE_L1,P256_Dilithium2,106.82684
P256_BIKE_L1,P256_Dilithium2,107.987066
P256_BIKE_L1,P256_Dilithium2,100.75748
P256_BIKE_L1,P256_Dilithium2,109.541525
P256_BIKE_L1,P256_Dilithium2,100.916333
P256_BIKE_L1,P256_Dilithium2,100.858264
P256_BIKE_L1,P256_Dilithium2,100.422758
P256_BIKE_L1,P256_Dilithium2,97.281927
P256_BIKE_L1,P256_Dilithium2,104.147825
P256_BIKE_L1,P256_Dilithium2,100.543734
P256_BIKE_L1,P256_Dilithium2,110.03769
P256_BIKE_L1,P256_Dilithium2,103.928562
P256_BIKE_L1,P256_Dilithium2,101.266598
P256_BIKE_L1,P256_Dilithium2,102.824612
P256_BIKE_L1,P256_Dilithium2,107.316603
P256_BIKE_L1,P256_Dilithium2,99.045649
P256_BIKE_L1,P256_Dilithium2,108.988358
P256_BIKE_L1,P256_Dilithium2,100.554239
P256_BIKE_L1,P256_Dilithium2,108.643908
P256_BIKE_L1,P256_Dilithium2,101.884471
P256_BIKE_L1,P256_Dilithium2,97.685722
P256_BIKE_L1,P256_Dilithium2,108.589588
P256_BIKE_L1,P256_Dilithium2,117.416686
P256_BIKE_L1,P256_Dilithium2,101.155006
P256_BIKE_L1,P256_Dilithium2,104.029232
P256_BIKE_L1,P256_Dilithium2,108.900716
P256_BIKE_L1,P256_Dilithium2,103.63453
P256_BIKE_L1,P256_Dilithium2,115.475702
P256_BIKE_L1,P256_Dilithium2,105.200888
P256_BIKE_L1,P256_Dilithium2,108.533451
P256_BIKE_L1,P256_Dilithium2,96.896239
P256_BIKE_L1,P256_Dilithium2,111.925704
P256_BIKE_L1,P256_Dilithium2,106.516761
P256_BIKE_L1,P256_Dilithium2,112.846136
P256_BIKE_L1,P256_Dilithium2,100.627301
P256_BIKE_L1,P256_Dilithium2,108.605513
P256_BIKE_L1,P256_Dilithium2,101.318111
P256_BIKE_L1,P256_Dilithium2,111.27848
P256_BIKE_L1,P256_Dilithium2,116.741865
P256_BIKE_L1,P256_Dilithium2,118.991593
P256_BIKE_L1,P256_Dilithium2,105.168623
P256_BIKE_L1,P256_Dilithium2,99.611306
P256_BIKE_L1,P256_Dilithium2,109.201557
P256_BIKE_L1,P256_Dilithium2,107.876643
P256_BIKE_L1,P256_Dilithium2,118.68048
P256_BIKE_L1,P256_Dilithium2,113.232607
P256_BIKE_L1,P256_Dilithium2,107.737568
P256_BIKE_L1,P256_Dilithium2,110.114489
P256_BIKE_L1,P256_Dilithium2,107.578948
P256_BIKE_L1,P256_Dilithium2,107.53004
P256_BIKE_L1,P256_Dilithium2,107.799217
P256_BIKE_L1,P256_Dilithium2,101.277381
P256_BIKE_L1,P256_Dilithium2,103.611572
P256_BIKE_L1,P256_Dilithium2,117.263673
P256_BIKE_L1,P256_Dilithium2,111.980689
P256_BIKE_L1,P256_Dilithium2,100.764961
P256_BIKE_L1,P256_Dilithium2,103.344472
P256_BIKE_L1,P256_Dilithium2,98.461269
P256_BIKE_L1,P256_Dilithium2,108.050515
P256_BIKE_L1,P256_Dilithium2,115.141976
P256_BIKE_L1,P256_Dilithium2,105.689268
P256_BIKE_L1,P256_Dilithium2,102.19441
P256_BIKE_L1,P256_Dilithium2,105.452751
P256_BIKE_L1,P256_Dilithium2,101.672954
P256_BIKE_L1,P256_Dilithium2,99.869074
P256_BIKE_L1,P256_Dilithium2,107.744205
P256_BIKE_L1,P256_Dilithium2,101.038346
P256_BIKE_L1,P256_Dilithium2,113.676139
P256_BIKE_L1,P256_Dilithium2,109.996341
P256_BIKE_L1,P256_Dilithium2,107.505138
P256_BIKE_L1,P256_Dilithium2,100.89523
P256_BIKE_L1,P256_Dilithium2,108.725708
P256_BIKE_L1,P256_Dilithium2,119.255495
P256_BIKE_L1,P256_Dilithium2,107.743232
P256_BIKE_L1,P256_Dilithium2,102.958561
P256_BIKE_L1,P256_Dilithium2,103.62142
P256_BIKE_L1,P256_Dilithium2,105.798013
P256_BIKE_L1,P256_Dilithium2,107.047296
P256_BIKE_L1,P256_Dilithium2,112.751713
P256_BIKE_L1,P256_Dilithium2,99.387712
P256_BIKE_L1,P256_Dilithium2,107.360884
P256_BIKE_L1,P256_Dilithium2,100.464119
P256_BIKE_L1,P256_Dilithium2,101.869851
P256_BIKE_L1,P256_Dilithium2,107.408322
P256_BIKE_L1,P256_Dilithium2,108.502316
P256_BIKE_L1,P256_Dilithium2,112.788626
P256_BIKE_L1,P256_Dilithium2,100.932285
P256_BIKE_L1,P256_Dilithium2,106.477239
P256_BIKE_L1,P256_Dilithium2,110.687558
P256_BIKE_L1,P256_Dilithium2,99.120796
P256_BIKE_L1,P256_Dilithium2,111.220609
P256_BIKE_L1,P256_Dilithium2,97.904573
P256_BIKE_L1,P256_Dilithium2,107.546121
P256_BIKE_L1,P256_Dilithium2,101.575863
P256_BIKE_L1,P256_Dilithium2,110.530934
P256_BIKE_L1,P256_Dilithium2,104.364611
P256_BIKE_L1,P256_Dilithium2,97.110996
P256_BIKE_L1,P256_Dilithium2,109.076932
P256_BIKE_L1,P256_Dilithium2,115.397604
P256_BIKE_L1,P256_Dilithium2,107.672065
P256_BIKE_L1,P256_Dilithium2,102.49405
P256_BIKE_L1,P256_Dilithium2,110.129345
P256_BIKE_L1,P256_Dilithium2,103.920139
P256_BIKE_L1,P256_Dilithium2,100.020832
P256_BIKE_L1,P256_Dilithium2,99.307228
P256_BIKE_L1,P256_Dilithium2,104.622936
P256_BIKE_L1,P256_Dilithium2,100.868684
P256_BIKE_L1,P256_Dilithium2,119.172418
P256_BIKE_L1,P256_Dilithium2,118.355081
P256_BIKE_L1,P256_Dilithium2,103.638428
P256_BIKE_L1,P256_Dilithium2,105.55389
P256_BIKE_L1,P256_Dilithium2,119.483002
P256_BIKE_L1,P256_Dilithium2,98.352121
P256_BIKE_L1,P256_Dilithium2,108.593391
P256_BIKE_L1,P256_Dilithium2,111.822934
P256_BIKE_L1,P256_Dilithium2,119.661193
P256_BIKE_L1,P256_Dilithium2,104.803278
P256_BIKE_L1,P256_Dilithium2,112.351401
P256_BIKE_L1,P256_Dilithium2,114.138236
P256_BIKE_L1,P256_Dilithium2,103.054075
P256_BIKE_L1,P256_Dilithium2,103.396488
P256_BIKE_L1,P256_Dilithium2,115.613169
P256_BIKE_L1,P256_Dilithium2,115.215837
P256_BIKE_L1,P256_Dilithium2,118.827292
P256_BIKE_L1,P256_Dilithium2,109.525506
P256_BIKE_L1,P256_Dilithium2,102.356441
P256_BIKE_L1,P256_Dilithium2,110.258148
P256_BIKE_L1,P256_Dilithium2,115.953361
P256_BIKE_L1,P256_Dilithium2,115.902727
P256_BIKE_L1,P256_Dilithium2,103.423913
P256_BIKE_L1,P256_Dilithium2,96.909232
P256_BIKE_L1,P256_Dilithium2,99.301123
P256_BIKE_L1,P256_Dilithium2,117.876962
P256_BIKE_L1,P256_Dilithium2,112.983136
P256_BIKE_L1,P256_Dilithium2,101.698761
P256_BIKE_L1,P256_Dilithium2,103.382681
P256_BIKE_L1,P256_Dilithium2,117.068012
P256_BIKE_L1,P256_Dilithium2,108.381584
P256_BIKE_L1,P256_Dilithium2,98.565765
P256_BIKE_L1,P256_Dilithium2,107.597972
P256_BIKE_L1,P256_Dilithium2,111.43546
P256_BIKE_L1,P256_Dilithium2,107.674298
P256_BIKE_L1,P256_Dilithium2,111.525885
P256_BIKE_L1,P256_Dilithium2,106.940982
P256_BIKE_L1,P256_Dilithium2,99.09404
P256_BIKE_L1,P256_Dilithium2,106.123339
P256_BIKE_L1,P256_Dilithium2,109.192657
P256_BIKE_L1,P256_Dilithium2,97.432753
P256_BIKE_L1,P256_Dilithium2,111.618449
P256_BIKE_L1,P256_Dilithium2,107.07479
P256_BIKE_L1,P256_Dilithium2,100.644086
P256_BIKE_L1,P256_Dilithium2,109.235046
P256_BIKE_L1,P256_Dilithium2,107.894315
P256_BIKE_L1,P256_Dilithium2,107.59836
P256_BIKE_L1,P256_Dilithium2,97.490544
P256_BIKE_L1,P256_Dilithium2,103.799028
P256_BIKE_L1,P256_Dilithium2,100.70858
P256_BIKE_L1,P256_Dilithium2,106.493397
P256_BIKE_L1,P256_Dilithium2,100.560156
P256_BIKE_L1,P256_Dilithium2,108.231195
P256_BIKE_L1,P256_Dilithium2,108.474026
P256_BIKE_L1,P256_Dilithium2,115.351378
P256_BIKE_L1,P256_Dilithium2,108.342726
P256_BIKE_L1,P256_Dilithium2,104.305991
P256_BIKE_L1,P256_Dilithium2,100.572778
P256_BIKE_L1,P256_Dilithium2,107.729547
P256_BIKE_L1,P256_Dilithium2,101.035729
P256_BIKE_L1,P256_Dilithium2,116.562549
P256_BIKE_L1,P256_Dilithium2,103.175068
P256_BIKE_L1,P256_Dilithium2,104.54834
P256_BIKE_L1,P256_Dilithium2,111.006524
P256_BIKE_L1,P256_Dilithium2,108.579802
P256_BIKE_L1,P256_Dilithium2,108.421278
P256_BIKE_L1,P256_Dilithium2,104.071232
P256_BIKE_L1,P256_Dilithium2,111.425693
P256_BIKE_L1,P256_Dilithium2,108.508283
P256_BIKE_L1,P256_Dilithium2,118.72331
P256_BIKE_L1,P256_Dilithium2,104.498063
P256_BIKE_L1,P256_Dilithium2,110.813545
P256_BIKE_L1,P256_Dilithium2,106.497943
P256_BIKE_L1,P256_Dilithium2,107.066787
P256_BIKE_L1,P256_Dilithium2,115.886494
P256_BIKE_L1,P256_Dilithium2,97.864103
P256_BIKE_L1,P256_Dilithium2,98.580236
P256_BIKE_L1,P256_Dilithium2,107.530509
P256_BIKE_L1,P256_Dilithium2,98.496524
P256_BIKE_L1,P256_Dilithium2,101.174181
P256_BIKE_L1,P256_Dilithium2,98.39633
P256_BIKE_L1,P256_Dilithium2,110.495829
P256_BIKE_L1,P256_Dilithium2,117.686968
P256_BIKE_L1,P256_Dilithium2,105.497425
P256_BIKE_L1,P256_Dilithium2,101.253562
P256_BIKE_L1,P256_Dilithium2,101.473383
P256_BIKE_L1,P256_Dilithium2,98.905208
P256_BIKE_L1,P256_Dilithium2,103.634799
P256_BIKE_L1,P256_Dilithium2,98.168334
P256_BIKE_L1,P256_Dilithium2,104.724893
P256_BIKE_L1,P256_Dilithium2,115.159162
P256_BIKE_L1,P256_Dilithium2,112.266922
P256_BIKE_L1,P256_Dilithium2,109.680673
P256_BIKE_L1,P256_Dilithium2,107.846014
P256_BIKE_L1,P256_Dilithium2,102.622973
P256_BIKE_L1,P256_Dilithium2,112.436417
P256_BIKE_L1,P256_Dilithium2,110.122752
P256_BIKE_L1,P256_Dilithium2,104.350388
P256_BIKE_L1,P256_Dilithium2,103.495412
P256_BIKE_L1,P256_Dilithium2,102.566278
P256_BIKE_L1,P256_Dilithium2,105.784365
P256_BIKE_L1,P256_Dilithium2,107.956453
P256_BIKE_L1,P256_Dilithium2,107.703098
P256_BIKE_L1,P256_Dilithium2,104.501576
P256_BIKE_L1,P256_Dilithium2,108.006495
P256_BIKE_L1,P256_Dilithium2,100.593945
P256_BIKE_L1,P256_Dilithium2,101.253212
P256_BIKE_L1,P256_Dilithium2,100.142548
P256_BIKE_L1,P256_Dilithium2,97.260382
P256_BIKE_L1,P256_Dilithium2,119.483995
P256_BIKE_L1,P256_Dilithium2,109.65283
P256_BIKE_L1,P256_Dilithium2,103.129131
P256_BIKE_L1,P256_Dilithium2,102.721106
P256_BIKE_L1,P256_Dilithium2,110.354201
P256_BIKE_L1,P256_Dilithium2,110.615477
P256_BIKE_L1,P256_Dilithium2,119.191386
P256_BIKE_L1,P256_Dilithium2,98.540413
P256_BIKE_L1,P256_Dilithium2,109.675027
P256_BIKE_L1,P256_Dilithium2,96.702886
P256_BIKE_L1,P256_Dilithium2,111.232238
P256_BIKE_L1,P256_Dilithium2,100.609245
P256_BIKE_L1,P256_Dilithium2,105.222297
P256_BIKE_L1,P256_Dilithium2,99.50823
P256_BIKE_L1,P256_Dilithium2,109.236867
P256_BIKE_L1,P256_Dilithium2,118.424854
P256_BIKE_L1,P256_Dilithium2,108.534917
P256_BIKE_L1,P256_Dilithium2,118.912884
P256_BIKE_L1,P256_Dilithium2,101.758364
P256_BIKE_L1,P256_Dilithium2,104.287373
P256_BIKE_L1,P256_Dilithium2,107.758457
P256_BIKE_L1,P256_Dilithium2,102.223426
P256_BIKE_L1,P256_Dilithium2,105.711956
P256_BIKE_L1,P256_Dilithium2,98.405267
P256_BIKE_L1,P256_Dilithium2,111.311945
P256_BIKE_L1,P256_Dilithium2,112.574661
P256_BIKE_L1,P256_Dilithium2,103.393908
P256_BIKE_L1,P256_Dilithium2,112.218555
P256_BIKE_L1,P256_Dilithium2,97.749352
P256_BIKE_L1,P256_Dilithium2,101.110939
P256_BIKE_L1,P256_Dilithium2,104.874131
P256_BIKE_L1,P256_Dilithium2,109.455886
P256_BIKE_L1,P256_Dilithium2,109.040313
P256_BIKE_L1,P256_Dilithium2,110.978151
P256_BIKE_L1,P256_Dilithium2,108.651271
P256_BIKE_L1,P256_Dilithium2,110.560351
P256_BIKE_L1,P256_Dilithium2,109.962012
P256_BIKE_L1,P256_Dilithium2,103.226928
P256_BIKE_L1,P256_Dilithium2,119.765569
P256_BIKE_L1,P256_Dilithium2,107.058489
P256_BIKE_L1,P256_Dilithium2,110.791634
P256_BIKE_L1,P256_Dilithium2,107.195737
P256_BIKE_L1,P256_Dilithium2,111.083923
P256_BIKE_L1,P256_Dilithium2,105.274673
P256_BIKE_L1,P256_Dilithium2,107.648472
P256_BIKE_L1,P256_Dilithium2,107.22257
P256_BIKE_L1,P256_Dilithium2,104.274495
P256_BIKE_L1,P256_Dilithium2,109.10847
P256_BIKE_L1,P256_Dilithium2,115.336755
P256_BIKE_L1,P256_Dilithium2,103.699944
P256_BIKE_L1,P256_Dilithium2,99.940691
P256_BIKE_L1,P256_Dilithium2,108.115587
P256_BIKE_L1,P256_Dilithium2,101.423383
P256_BIKE_L1,P256_Dilithium2,98.828172
P256_BIKE_L1,P256_Dilithium2,98.613023
P256_BIKE_L1,P256_Dilithium2,103.149785
P256_BIKE_L1,P256_Dilithium2,110.490181
P256_BIKE_L1,P256_Dilithium2,100.035511
P256_BIKE_L1,P256_Dilithium2,119.577868
P256_BIKE_L1,P256_Dilithium2,119.626129
P256_BIKE_L1,P256_Dilithium2,100.930826
P256_BIKE_L1,P256_Dilithium2,110.320072
P256_BIKE_L1,P256_Dilithium2,98.521009
P256_BIKE_L1,P256_Dilithium2,112.136818
P256_BIKE_L1,P256_Dilithium2,106.872029
P256_BIKE_L1,P256_Dilithium2,107.347841
P256_BIKE_L1,P256_Dilithium2,106.56891
P256_BIKE_L1,P256_Dilithium2,102.352116
P256_BIKE_L1,P256_Dilithium2,108.768056
P256_BIKE_L1,P256_Dilithium2,100.822686
P256_BIKE_L1,P256_Dilithium2,105.604488
P256_BIKE_L1,P256_Dilithium2,110.073361
P256_BIKE_L1,P256_Dilithium2,102.564812
P256_BIKE_L1,P256_Dilithium2,101.80657
P256_BIKE_L1,P256_Dilithium2,107.845825
P256_BIKE_L1,P256_Dilithium2,115.781653
P256_BIKE_L1,P256_Dilithium2,104.400595
P256_BIKE_L1,P256_Dilithium2,101.26622
P256_BIKE_L1,P256_Dilithium2,104.761014
P256_BIKE_L1,P256_Dilithium2,110.189168
P256_BIKE_L1,P256_Dilithium2,110.363998
P256_BIKE_L1,P256_Dilithium2,107.857645
P256_BIKE_L1,P256_Dilithium2,109.907497
P256_BIKE_L1,P256_Dilithium2,98.856137
P256_BIKE_L1,P256_Dilithium2,106.887164
P256_BIKE_L1,P256_Dilithium2,101.788773
P256_BIKE_L1,P256_Dilithium2,100.90954
P256_BIKE_L1,P256_Dilithium2,103.385094
P256_BIKE_L1,P256_Dilithium2,100.457606
P256_BIKE_L1,P256_Dilithium2,103.858663
P256_BIKE_L1,P256_Dilithium2,106.956121
P256_BIKE_L1,P256_Dilithium2,110.662447
P256_BIKE_L1,P256_Dilithium2,115.997117
P256_BIKE_L1,P256_Dilithium2,102.370657
P256_BIKE_L1,P256_Dilithium2,105.135645
P256_BIKE_L1,P256_Dilithium2,112.295277
P256_BIKE_L1,P256_Dilithium2,102.056917
P256_BIKE_L1,P256_Dilithium2,96.919078
P256_BIKE_L1,P256_Dilithium2,98.084342
P256_BIKE_L1,P256_Dilithium2,100.464817
P256_BIKE_L1,P256_Dilithium2,107.747926
P256_BIKE_L1,P256_Dilithium2,110.032731
P256_BIKE_L1,P256_Dilithium2,101.739829
P256_BIKE_L1,P256_Dilithium2,110.925553
P256_BIKE_L1,P256_Dilithium2,97.519808
P256_BIKE_L1,P256_Dilithium2,110.918783
P256_BIKE_L1,P256_Dilithium2,101.263078
P256_BIKE_L1,P256_Dilithium2,100.815235
P256_BIKE_L1,P256_Dilithium2,107.837466
P256_BIKE_L1,P256_Dilithium2,112.763119
P256_BIKE_L1,P256_Dilithium2,119.026782
P256_BIKE_L1,P256_Dilithium2,100.63204
P256_BIKE_L1,P256_Dilithium2,109.156674
P256_BIKE_L1,P256_Dilithium2,115.583585
P256_BIKE_L1,P256_Dilithium2,102.390224
P256_BIKE_L1,P256_Dilithium2,109.515299
P256_BIKE_L1,P256_Dilithium2,115.512868
P256_BIKE_L1,P256_Dilithium2,104.515407
P256_BIKE_L1,P256_Dilithium2,112.691327
P256_BIKE_L1,P256_Dilithium2,109.95662
P256_BIKE_L1,P256_Dilithium2,101.346857
P256_BIKE_L1,P256_Dilithium2,101.330824
P256_BIKE_L1,P256_Dilithium2,106.753625
P256_BIKE_L1,P256_Dilithium2,100.876853
P256_BIKE_L1,P256_Dilithium2,108.362194
P256_BIKE_L1,P256_Dilithium2,107.644955
P256_BIKE_L1,P256_Dilithium2,107.587848
P256_BIKE_L1,P256_Dilithium2,110.124727
P256_BIKE_L1,P256_Dilithium2,108.612689
P256_BIKE_L1,P256_Dilithium2,111.124559
P256_BIKE_L1,P256_Dilithium2,116.747144
P256_BIKE_L1,P256_Dilithium2,103.819131
P256_BIKE_L1,P256_Dilithium2,109.939286
P256_BIKE_L1,P256_Dilithium2,111.560164
P256_BIKE_L1,P256_Dilithium2,106.76197
P256_BIKE_L1,P256_Dilithium2,119.086779
P256_BIKE_L1,P256_Dilithium2,110.5021
P256_BIKE_L1,P256_Dilithium2,108.467109
P256_BIKE_L1,P256_Dilithium2,105.189153
P256_BIKE_L1,P256_Dilithium2,101.487805
P256_BIKE_L1,P256_Dilithium2,112.340245
P256_BIKE_L1,P256_Dilithium2,109.232039
P256_BIKE_L1,P256_Dilithium2,99.393689
P256_BIKE_L1,P256_Dilithium2,109.092259
P256_BIKE_L1,P256_Dilithium2,106.852336
P256_BIKE_L1,P256_Dilithium2,100.762657
P256_BIKE_L1,P256_Dilithium2,111.777053
P256_BIKE_L1,P256_Dilithium2,112.937808
P256_BIKE_L1,P256_Dilithium2,107.792597
P256_BIKE_L1,P256_Dilithium2,101.308649
P256_BIKE_L1,P256_Dilithium2,107.361822
P256_BIKE_L1,P256_Dilithium2,101.856626
P256_BIKE_L1,P256_Dilithium2,111.442405
P256_BIKE_L1,P256_Dilithium2,105.291891
P256_BIKE_L1,P256_Dilithium2,111.13648
P256_BIKE_L1,P256_Dilithium2,104.60212
P256_BIKE_L1,P256_Dilithium2,118.775299
P256_BIKE_L1,P256_Dilithium2,98.504399
P256_BIKE_L1,P256_Dilithium2,104.090736
P256_BIKE_L1,P256_Dilithium2,103.094945
P256_BIKE_L1,P256_Dilithium2,103.273639
P256_BIKE_L1,P256_Dilithium2,102.303891
P256_BIKE_L1,P256_Dilithium2,103.662272
P256_BIKE_L1,P256_Dilithium2,108.793605
P256_BIKE_L1,P256_Dilithium2,108.922599
P256_BIKE_L1,P256_Dilithium2,119.548561
P256_BIKE_L1,P256_Dilithium2,116.231697
P256_BIKE_L1,P256_Dilithium2,107.579051
P256_BIKE_L1,P256_Dilithium2,108.328823
P256_BIKE_L1,P256_Dilithium2,111.525277
P256_BIKE_L1,P256_Dilithium2,107.961884
P256_BIKE_L1,P256_Dilithium2,107.557345
P256_BIKE_L1,P256_Dilithium2,117.66126
P256_BIKE_L1,P256_Dilithium2,108.909276
P256_BIKE_L1,P256_Dilithium2,100.741129
P256_BIKE_L1,P256_Dilithium2,104.055527
P256_BIKE_L1,P256_Dilithium2,108.772181
P256_BIKE_L1,P256_Dilithium2,101.455168
P256_BIKE_L1,P256_Dilithium2,100.198476
P256_BIKE_L1,P256_Dilithium2,117.267507
P256_BIKE_L1,P256_Dilithium2,111.313099
P256_BIKE_L1,P256_Dilithium2,111.779708
P256_BIKE_L1,P256_Dilithium2,97.77137
P256_BIKE_L1,P256_Dilithium2,111.012265
P256_BIKE_L1,P256_Dilithium2,103.344692
P256_BIKE_L1,P256_Dilithium2,110.928427
P256_BIKE_L1,P256_Dilithium2,108.496557
P256_BIKE_L1,P256_Dilithium2,106.883061
P256_BIKE_L1,P256_Dilithium2,100.895731
P256_BIKE_L1,P256_Dilithium2,117.896834
P256_BIKE_L1,P256_Dilithium2,99.699028
P256_BIKE_L1,P256_Dilithium2,97.201136
P256_BIKE_L1,P256_Dilithium2,110.692673
P256_BIKE_L1,P256_Dilithium2,104.275364
P256_BIKE_L1,P256_Dilithium2,108.831937
P256_BIKE_L1,P256_Dilithium2,111.732488
P256_BIKE_L1,P256_Dilithium2,111.053628
P256_BIKE_L1,P256_Dilithium2,106.985774
P256_BIKE_L1,P256_Dilithium2,107.8713
P256_BIKE_L1,P256_Dilithium2,105.317579
P256_BIKE_L1,P256_Dilithium2,109.407815
P256_BIKE_L1,P256_Dilithium2,102.342864
P256_BIKE_L1,P256_Dilithium2,101.652478
P256_BIKE_L1,P256_Dilithium2,103.258205
P256_BIKE_L1,P256_Dilithium2,97.848927
P256_BIKE_L1,P256_Dilithium2,101.43283
P256_BIKE_L1,P256_Dilithium2,105.526892
P256_BIKE_L1,P256_Dilithium2,111.889256
P256_BIKE_L1,P256_Dilithium2,113.904954
P256_BIKE_L1,P256_Dilithium2,119.58674
P256_BIKE_L1,P256_Dilithium2,105.703035
P256_BIKE_L1,P256_Dilithium2,111.242167
P256_BIKE_L1,P256_Dilithium2,111.501289
P256_BIKE_L1,P256_Dilithium2,100.167086
P256_BIKE_L1,P256_Dilithium2,108.353221
P256_BIKE_L1,P256_Dilithium2,101.843857
P256_BIKE_L1,P256_Dilithium2,100.491259
P256_BIKE_L1,P256_Dilithium2,107.045751
P256_BIKE_L1,P256_Dilithium2,112.407041
P256_BIKE_L1,P256_Dilithium2,117.395021
P256_BIKE_L1,P256_Dilithium2,101.059395
P256_BIKE_L1,P256_Dilithium2,100.741913
P256_BIKE_L1,P256_Dilithium2,119.053052
P256_BIKE_L1,P256_Dilithium2,101.121085
P256_BIKE_L1,P256_Dilithium2,119.271507
P256_BIKE_L1,P256_Dilithium2,111.906455
P256_BIKE_L1,P256_Dilithium2,98.412111
P256_BIKE_L1,P256_Dilithium2,107.736241
P256_BIKE_L1,P256_Dilithium2,109.719555
P256_BIKE_L1,P256_Dilithium2,108.563021
P256_BIKE_L1,P256_Dilithium2,109.052103
P256_BIKE_L1,P256_Dilithium2,110.113848
P256_BIKE_L1,P256_Dilithium2,108.676685
P256_BIKE_L1,P256_Dilithium2,108.000732
P256_BIKE_L1,P256_Dilithium2,107.75414
P256_BIKE_L1,P256_Dilithium2,101.773533
P256_BIKE_L1,P256_Dilithium2,116.274832
P256_BIKE_L1,P256_Dilithium2,105.705411
P256_BIKE_L1,P256_Dilithium2,117.469465
P256_BIKE_L1,P256_Dilithium2,109.156031
P256_BIKE_L1,P256_Dilithium2,101.824387
P256_BIKE_L1,P256_Dilithium2,103.443161
P256_BIKE_L1,P256_Dilithium2,96.428474
P256_BIKE_L1,P256_Dilithium2,108.131368
P256_BIKE_L1,P256_Dilithium2,107.818244
P256_BIKE_L1,P256_Dilithium2,105.077056
P256_BIKE_L1,P256_Dilithium2,113.934437
P256_BIKE_L1,P256_Dilithium2,105.962188
P256_BIKE_L1,P256_Dilithium2,104.073183
P256_BIKE_L1,P256_Dilithium2,111.680737
P256_BIKE_L1,P256_Dilithium2,100.832611
P256_BIKE_L1,P256_Dilithium2,116.163103
P256_BIKE_L1,P256_Dilithium2,100.977855
P256_BIKE_L1,P256_Dilithium2,110.504695
P256_BIKE_L1,P256_Dilithium2,102.334792
P256_BIKE_L1,P256_Dilithium2,101.796433
P256_BIKE_L1,P256_Dilithium2,95.776284
P256_BIKE_L1,P256_Dilithium2,100.900833
P256_BIKE_L1,P256_Dilithium2,111.598021
P256_BIKE_L1,P256_Dilithium2,105.94553
P256_BIKE_L1,P256_Dilithium2,101.751214
P256_BIKE_L1,P256_Dilithium2,100.195034
P256_BIKE_L1,P256_Dilithium2,104.229615
P256_BIKE_L1,P256_Dilithium2,100.801043
P256_BIKE_L1,P256_Dilithium2,105.242542
P256_BIKE_L1,P256_Dilithium2,103.18486
P256_BIKE_L1,P256_Dilithium2,100.418541
P256_BIKE_L1,P256_Dilithium2,119.977332
P256_BIKE_L1,P256_Dilithium2,101.486021
P256_BIKE_L1,P256_Dilithium2,105.099952
P256_BIKE_L1,P256_Dilithium2,106.131405
P256_BIKE_L1,P256_Dilithium2,101.694746
P256_BIKE_L1,P256_Dilithium2,107.28866
P256_BIKE_L1,P256_Dilithium2,104.024189
P256_BIKE_L1,P256_Dilithium2,105.174206
P256_BIKE_L1,P256_Dilithium2,102.317232
P256_BIKE_L1,P256_Dilithium2,110.628456
P256_BIKE_L1,P256_Dilithium2,109.458351
P256_BIKE_L1,P256_Dilithium2,100.185932
P256_BIKE_L1,P256_Dilithium2,103.169546
P256_BIKE_L1,P256_Dilithium2,103.376528
P256_BIKE_L1,P256_Dilithium2,108.83389
P256_BIKE_L1,P256_Dilithium2,117.353484
P256_BIKE_L1,P256_Dilithium2,102.494179
P256_BIKE_L1,P256_Dilithium2,102.507968
P256_BIKE_L1,P256_Dilithium2,106.376738
P256_BIKE_L1,P256_Dilithium2,110.689062
P256_BIKE_L1,P256_Dilithium2,117.493393
P256_BIKE_L1,P256_Dilithium2,100.49007
P256_BIKE_L1,P256_Dilithium2,108.704871
P256_BIKE_L1,P256_Dilithium2,98.386577
P256_BIKE_L1,P256_Dilithium2,110.982329
P256_BIKE_L1,P256_Dilithium2,100.852937
P256_BIKE_L1,P256_Dilithium2,107.919302
P256_BIKE_L1,P256_Dilithium2,100.219425
P256_BIKE_L1,P256_Dilithium2,101.034442
P256_BIKE_L1,P256_Dilithium2,102.618299
P256_BIKE_L1,P256_Dilithium2,96.404342
P256_BIKE_L1,P256_Dilithium2,103.855005
P256_BIKE_L1,P256_Dilithium2,112.458167
P256_BIKE_L1,P256_Dilithium2,112.706278
P256_BIKE_L1,P256_Dilithium2,112.105825
P256_BIKE_L1,P256_Dilithium2,109.448552
P384_HQC_192,P384_Dilithium3,158.060616
P384_HQC_192,P384_Dilithium3,166.399881
P384_HQC_192,P384_Dilithium3,154.379536
P384_HQC_192,P384_Dilithium3,159.524585
P384_HQC_192,P384_Dilithium3,164.431444
P384_HQC_192,P384_Dilithium3,161.573743
P384_HQC_192,P384_Dilithium3,158.422316
P384_HQC_192,P384_Dilithium3,157.298337
P384_HQC_192,P384_Dilithium3,170.693293
P384_HQC_192,P384_Dilithium3,169.57007
P384_HQC_192,P384_Dilithium3,155.980167
P384_HQC_192,P384_Dilithium3,158.074612
P384_HQC_192,P384_Dilithium3,161.026044
P384_HQC_192,P384_Dilithium3,166.974672
P384_HQC_192,P384_Dilithium3,168.348438
P384_HQC_192,P384_Dilithium3,160.132842
P384_HQC_192,P384_Dilithium3,161.472632
P384_HQC_192,P384_Dilithium3,161.613575
P384_HQC_192,P384_Dilithium3,158.791955
P384_HQC_192,P384_Dilithium3,177.152275
P384_HQC_192,P384_Dilithium3,163.262124
P384_HQC_192,P384_Dilithium3,177.018173
P384_HQC_192,P384_Dilithium3,155.936623
P384_HQC_192,P384_Dilithium3,159.073096
P384_HQC_192,P384_Dilithium3,168.074922
P384_HQC_192,P384_Dilithium3,169.63652
P384_HQC_192,P384_Dilithium3,166.443418
P384_HQC_192,P384_Dilithium3,162.334286
P384_HQC_192,P384_Dilithium3,158.602215
P384_HQC_192,P384_Dilithium3,156.083109
P384_HQC_192,P384_Dilithium3,153.506258
P384_HQC_192,P384_Dilithium3,164.571069
P384_HQC_192,P384_Dilithium3,165.327803
P384_HQC_192,P384_Dilithium3,169.37519
P384_HQC_192,P384_Dilithium3,158.286653
P384_HQC_192,P384_Dilithium3,163.620294
P384_HQC_192,P384_Dilithium3,177.460759
P384_HQC_192,P384_Dilithium3,158.331178
P384_HQC_192,P384_Dilithium3,168.177645
P384_HQC_192,P384_Dilithium3,160.911477
P384_HQC_192,P384_Dilithium3,162.168474
P384_HQC_192,P384_Dilithium3,158.675147
P384_HQC_192,P384_Dilithium3,162.120248
P384_HQC_192,P384_Dilithium3,166.915742
P384_HQC_192,P384_Dilithium3,173.981676
P384_HQC_192,P384_Dilithium3,160.122571
P384_HQC_192,P384_Dilithium3,157.098541
P384_HQC_192,P384_Dilithium3,166.356269
P384_HQC_192,P384_Dilithium3,173.108601
P384_HQC_192,P384_Dilithium3,167.479492
P384_HQC_192,P384_Dilithium3,161.554056
P384_HQC_192,P384_Dilithium3,157.30793
P384_HQC_192,P384_Dilithium3,164.822414
P384_HQC_192,P384_Dilithium3,159.322666
P384_HQC_192,P384_Dilithium3,155.859795
P384_HQC_192,P384_Dilithium3,166.759417
P384_HQC_192,P384_Dilithium3,155.276586
P384_HQC_192,P384_Dilithium3,167.076759
P384_HQC_192,P384_Dilithium3,163.754471
P384_HQC_192,P384_Dilithium3,156.012783
P384_HQC_192,P384_Dilithium3,163.950726
P384_HQC_192,P384_Dilithium3,155.27833
P384_HQC_192,P384_Dilithium3,153.677381
P384_HQC_192,P384_Dilithium3,176.212476
P384_HQC_192,P384_Dilithium3,159.898862
P384_HQC_192,P384_Dilithium3,167.916284
P384_HQC_192,P384_Dilithium3,166.071786
P384_HQC_192,P384_Dilithium3,166.293647
P384_HQC_192,P384_Dilithium3,169.423475
P384_HQC_192,P384_Dilithium3,164.8002
P384_HQC_192,P384_Dilithium3,170.382786
P384_HQC_192,P384_Dilithium3,165.923529
P384_HQC_192,P384_Dilithium3,161.85262
P384_HQC_192,P384_Dilithium3,158.52935
P384_HQC_192,P384_Dilithium3,166.459897
P384_HQC_192,P384_Dilithium3,157.982186
P384_HQC_192,P384_Dilithium3,156.710696
P384_HQC_192,P384_Dilithium3,160.497073
P384_HQC_192,P384_Dilithium3,178.303055
P384_HQC_192,P384_Dilithium3,157.037249
P384_HQC_192,P384_Dilithium3,157.790608
P384_HQC_192,P384_Dilithium3,157.771099
P384_HQC_192,P384_Dilithium3,160.825033
P384_HQC_192,P384_Dilithium3,165.144523
P384_HQC_192,P384_Dilithium3,159.341721
P384_HQC_192,P384_Dilithium3,168.806473
P384_HQC_192,P384_Dilithium3,161.652373
P384_HQC_192,P384_Dilithium3,167.318344
P384_HQC_192,P384_Dilithium3,165.658826
P384_HQC_192,P384_Dilithium3,158.58033
P384_HQC_192,P384_Dilithium3,159.96334
P384_HQC_192,P384_Dilithium3,169.76841
P384_HQC_192,P384_Dilithium3,159.273382
P384_HQC_192,P384_Dilithium3,170.50117
P384_HQC_192,P384_Dilithium3,167.97133
P384_HQC_192,P384_Dilithium3,173.427395
P384_HQC_192,P384_Dilithium3,170.66468
P384_HQC_192,P384_Dilithium3,174.72419
P384_HQC_192,P384_Dilithium3,176.266639
P384_HQC_192,P384_Dilithium3,158.955439
P384_HQC_192,P384_Dilithium3,170.742975
P384_HQC_192,P384_Dilithium3,160.794869
P384_HQC_192,P384_Dilithium3,178.026042
P384_HQC_192,P384_Dilithium3,167.112434
P384_HQC_192,P384_Dilithium3,155.463772
P384_HQC_192,P384_Dilithium3,162.062919
P384_HQC_192,P384_Dilithium3,168.044947
P384_HQC_192,P384_Dilithium3,165.15317
P384_HQC_192,P384_Dilithium3,165.651461
P384_HQC_192,P384_Dilithium3,168.1482
P384_HQC_192,P384_Dilithium3,169.25304
P384_HQC_192,P384_Dilithium3,156.410764
P384_HQC_192,P384_Dilithium3,169.333737
P384_HQC_192,P384_Dilithium3,160.783036
P384_HQC_192,P384_Dilithium3,168.88699
P384_HQC_192,P384_Dilithium3,177.428618
P384_HQC_192,P384_Dilithium3,158.488404
P384_HQC_192,P384_Dilithium3,166.602278
P384_HQC_192,P384_Dilithium3,169.718807
P384_HQC_192,P384_Dilithium3,159.556806
P384_HQC_192,P384_Dilithium3,168.938211
P384_HQC_192,P384_Dilithium3,164.564118
P384_HQC_192,P384_Dilithium3,157.656688
P384_HQC_192,P384_Dilithium3,157.939236
P384_HQC_192,P384_Dilithium3,155.0948
P384_HQC_192,P384_Dilithium3,160.208013
P384_HQC_192,P384_Dilithium3,157.186863
P384_HQC_192,P384_Dilithium3,153.81888
P384_HQC_192,P384_Dilithium3,162.229179
P384_HQC_192,P384_Dilithium3,178.152887
P384_HQC_192,P384_Dilithium3,157.209499
P384_HQC_192,P384_Dilithium3,172.107185
P384_HQC_192,P384_Dilithium3,168.124436
P384_HQC_192,P384_Dilithium3,162.644247
P384_HQC_192,P384_Dilithium3,163.547969
P384_HQC_192,P384_Dilithium3,178.969175
P384_HQC_192,P384_Dilithium3,164.733495
P384_HQC_192,P384_Dilithium3,164.855738
P384_HQC_192,P384_Dilithium3,162.465198
P384_HQC_192,P384_Dilithium3,176.997753
P384_HQC_192,P384_Dilithium3,167.324561
P384_HQC_192,P384_Dilithium3,170.206082
P384_HQC_192,P384_Dilithium3,171.193938
P384_HQC_192,P384_Dilithium3,167.880918
P384_HQC_192,P384_Dilithium3,154.949247
P384_HQC_192,P384_Dilithium3,170.38512
P384_HQC_192,P384_Dilithium3,159.006167
P384_HQC_192,P384_Dilithium3,168.443713
P384_HQC_192,P384_Dilithium3,158.344367
P384_HQC_192,P384_Dilithium3,158.631513
P384_HQC_192,P384_Dilithium3,166.219109
P384_HQC_192,P384_Dilithium3,157.111028
P384_HQC_192,P384_Dilithium3,164.845224
P384_HQC_192,P384_Dilithium3,157.120066
P384_HQC_192,P384_Dilithium3,155.252687
P384_HQC_192,P384_Dilithium3,171.219042
P384_HQC_192,P384_Dilithium3,166.831599
P384_HQC_192,P384_Dilithium3,170.369141
P384_HQC_192,P384_Dilithium3,167.624083
P384_HQC_192,P384_Dilithium3,178.375609
P384_HQC_192,P384_Dilithium3,179.03734
P384_HQC_192,P384_Dilithium3,155.450256
P384_HQC_192,P384_Dilithium3,162.756288
P384_HQC_192,P384_Dilithium3,157.222941
P384_HQC_192,P384_Dilithium3,166.687056
P384_HQC_192,P384_Dilithium3,161.336933
P384_HQC_192,P384_Dilithium3,163.203362
P384_HQC_192,P384_Dilithium3,160.217737
P384_HQC_192,P384_Dilithium3,154.412326
P384_HQC_192,P384_Dilithium3,168.724406
P384_HQC_192,P384_Dilithium3,159.195111
P384_HQC_192,P384_Dilithium3,166.009605
P384_HQC_192,P384_Dilithium3,168.944749
P384_HQC_192,P384_Dilithium3,157.510227
P384_HQC_192,P384_Dilithium3,153.890778
P384_HQC_192,P384_Dilithium3,170.956889
P384_HQC_192,P384_Dilithium3,157.530984
P384_HQC_192,P384_Dilithium3,158.428566
P384_HQC_192,P384_Dilithium3,174.84553
P384_HQC_192,P384_Dilithium3,170.528588
P384_HQC_192,P384_Dilithium3,170.480498
P384_HQC_192,P384_Dilithium3,167.972828
P384_HQC_192,P384_Dilithium3,170.348046
P384_HQC_192,P384_Dilithium3,168.900296
P384_HQC_192,P384_Dilithium3,154.81714
P384_HQC_192,P384_Dilithium3,159.429573
P384_HQC_192,P384_Dilithium3,165.034344
P384_HQC_192,P384_Dilithium3,162.16498
P384_HQC_192,P384_Dilithium3,165.356636
P384_HQC_192,P384_Dilithium3,162.522815
P384_HQC_192,P384_Dilithium3,171.390208
P384_HQC_192,P384_Dilithium3,164.762064
P384_HQC_192,P384_Dilithium3,166.56044
P384_HQC_192,P384_Dilithium3,162.259674
P384_HQC_192,P384_Dilithium3,158.290508
P384_HQC_192,P384_Dilithium3,156.227604
P384_HQC_192,P384_Dilithium3,170.048237
P384_HQC_192,P384_Dilithium3,168.162972
P384_HQC_192,P384_Dilithium3,169.967854
P384_HQC_192,P384_Dilithium3,153.777992
P384_HQC_192,P384_Dilithium3,165.542169
P384_HQC_192,P384_Dilithium3,160.628197
P384_HQC_192,P384_Dilithium3,160.052949
P384_HQC_192,P384_Dilithium3,162.647844
P384_HQC_192,P384_Dilithium3,165.695494
P384_HQC_192,P384_Dilithium3,176.383103
P384_HQC_192,P384_Dilithium3,160.750541
P384_HQC_192,P384_Dilithium3,166.784493
P384_HQC_192,P384_Dilithium3,168.394511
P384_HQC_192,P384_Dilithium3,172.495405
P384_HQC_192,P384_Dilithium3,162.834675
P384_HQC_192,P384_Dilithium3,167.58649
P384_HQC_192,P384_Dilithium3,167.325911
P384_HQC_192,P384_Dilithium3,156.456961
P384_HQC_192,P384_Dilithium3,172.190264
P384_HQC_192,P384_Dilithium3,176.047558
P384_HQC_192,P384_Dilithium3,158.61121
P384_HQC_192,P384_Dilithium3,156.865771
P384_HQC_192,P384_Dilithium3,170.037417
P384_HQC_192,P384_Dilithium3,162.539774
P384_HQC_192,P384_Dilithium3,156.364717
P384_HQC_192,P384_Dilithium3,166.408038
P384_HQC_192,P384_Dilithium3,163.14098
P384_HQC_192,P384_Dilithium3,169.406443
P384_HQC_192,P384_Dilithium3,168.787524
P384_HQC_192,P384_Dilithium3,167.170831
P384_HQC_192,P384_Dilithium3,167.056514
P384_HQC_192,P384_Dilithium3,173.369793
P384_HQC_192,P384_Dilithium3,169.182262
P384_HQC_192,P384_Dilithium3,166.697084
P384_HQC_192,P384_Dilithium3,168.622594
P384_HQC_192,P384_Dilithium3,176.802324
P384_HQC_192,P384_Dilithium3,169.3836
P384_HQC_192,P384_Dilithium3,167.084609
P384_HQC_192,P384_Dilithium3,175.87462
P384_HQC_192,P384_Dilithium3,176.158196
P384_HQC_192,P384_Dilithium3,159.552483
P384_HQC_192,P384_Dilithium3,157.099249
P384_HQC_192,P384_Dilithium3,164.565002
P384_HQC_192,P384_Dilithium3,157.833542
P384_HQC_192,P384_Dilithium3,175.982231
P384_HQC_192,P384_Dilithium3,161.256763
P384_HQC_192,P384_Dilithium3,167.715205
P384_HQC_192,P384_Dilithium3,158.675534
P384_HQC_192,P384_Dilithium3,174.349884
P384_HQC_192,P384_Dilithium3,156.803974
P384_HQC_192,P384_Dilithium3,169.197303
P384_HQC_192,P384_Dilithium3,169.011871
P384_HQC_192,P384_Dilithium3,167.379896
P384_HQC_192,P384_Dilithium3,165.142908
P384_HQC_192,P384_Dilithium3,163.073225
P384_HQC_192,P384_Dilithium3,155.577609
P384_HQC_192,P384_Dilithium3,156.485767
P384_HQC_192,P384_Dilithium3,163.316711
P384_HQC_192,P384_Dilithium3,162.157411
P384_HQC_192,P384_Dilithium3,169.337231
P384_HQC_192,P384_Dilithium3,173.8315
P384_HQC_192,P384_Dilithium3,161.835896
P384_HQC_192,P384_Dilithium3,178.249277
P384_HQC_192,P384_Dilithium3,167.636637
P384_HQC_192,P384_Dilithium3,169.98009
P384_HQC_192,P384_Dilithium3,158.720758
P384_HQC_192,P384_Dilithium3,175.64309
P384_HQC_192,P384_Dilithium3,167.659467
P384_HQC_192,P384_Dilithium3,163.302814
P384_HQC_192,P384_Dilithium3,155.559663
P384_HQC_192,P384_Dilithium3,170.334059
P384_HQC_192,P384_Dilithium3,153.475355
P384_HQC_192,P384_Dilithium3,166.118242
P384_HQC_192,P384_Dilithium3,161.348012
P384_HQC_192,P384_Dilithium3,166.457929
P384_HQC_192,P384_Dilithium3,172.51522
P384_HQC_192,P384_Dilithium3,168.793524
P384_HQC_192,P384_Dilithium3,167.916805
P384_HQC_192,P384_Dilithium3,173.172192
P384_HQC_192,P384_Dilithium3,171.766451
P384_HQC_192,P384_Dilithium3,163.328666
P384_HQC_192,P384_Dilithium3,164.283615
P384_HQC_192,P384_Dilithium3,156.36221
P384_HQC_192,P384_Dilithium3,158.149363
P384_HQC_192,P384_Dilithium3,160.587089
P384_HQC_192,P384_Dilithium3,165.717177
P384_HQC_192,P384_Dilithium3,159.684338
P384_HQC_192,P384_Dilithium3,164.905866
P384_HQC_192,P384_Dilithium3,167.798461
P384_HQC_192,P384_Dilithium3,162.00079
P384_HQC_192,P384_Dilithium3,170.629092
P384_HQC_192,P384_Dilithium3,169.348952
P384_HQC_192,P384_Dilithium3,163.283119
P384_HQC_192,P384_Dilithium3,159.412368
P384_HQC_192,P384_Dilithium3,159.479379
P384_HQC_192,P384_Dilithium3,160.269694
P384_HQC_192,P384_Dilithium3,175.051757
P384_HQC_192,P384_Dilithium3,165.654417
P384_HQC_192,P384_Dilithium3,157.127651
P384_HQC_192,P384_Dilithium3,160.910129
P384_HQC_192,P384_Dilithium3,162.676552
P384_HQC_192,P384_Dilithium3,166.997766
P384_HQC_192,P384_Dilithium3,166.643833
P384_HQC_192,P384_Dilithium3,157.840355
P384_HQC_192,P384_Dilithium3,169.629906
P384_HQC_192,P384_Dilithium3,167.471486
P384_HQC_192,P384_Dilithium3,156.591905
P384_HQC_192,P384_Dilithium3,161.315602
P384_HQC_192,P384_Dilithium3,166.397205
P384_HQC_192,P384_Dilithium3,159.767461
P384_HQC_192,P384_Dilithium3,154.364982
P384_HQC_192,P384_Dilithium3,160.919974
P384_HQC_192,P384_Dilithium3,168.894232
P384_HQC_192,P384_Dilithium3,164.2068
P384_HQC_192,P384_Dilithium3,175.814778
P384_HQC_192,P384_Dilithium3,171.028611
P384_HQC_192,P384_Dilithium3,158.767282
P384_HQC_192,P384_Dilithium3,160.670811
P384_HQC_192,P384_Dilithium3,168.585783
P384_HQC_192,P384_Dilithium3,167.62173
P384_HQC_192,P384_Dilithium3,173.661413
P384_HQC_192,P384_Dilithium3,165.159186
P384_HQC_192,P384_Dilithium3,176.415427
P384_HQC_192,P384_Dilithium3,159.596962
P384_HQC_192,P384_Dilithium3,158.007036
P384_HQC_192,P384_Dilithium3,171.720703
P384_HQC_192,P384_Dilithium3,172.530539
P384_HQC_192,P384_Dilithium3,171.923493
P384_HQC_192,P384_Dilithium3,166.40552
P384_HQC_192,P384_Dilithium3,170.213338
P384_HQC_192,P384_Dilithium3,164.888554
P384_HQC_192,P384_Dilithium3,160.820069
P384_HQC_192,P384_Dilithium3,165.868623
P384_HQC_192,P384_Dilithium3,167.809455
P384_HQC_192,P384_Dilithium3,168.164371
P384_HQC_192,P384_Dilithium3,164.955007
P384_HQC_192,P384_Dilithium3,178.88037
P384_HQC_192,P384_Dilithium3,156.930339
P384_HQC_192,P384_Dilithium3,153.30513
P384_HQC_192,P384_Dilithium3,166.996109
P384_HQC_192,P384_Dilithium3,166.767052
P384_HQC_192,P384_Dilithium3,158.518336
P384_HQC_192,P384_Dilithium3,167.539219
P384_HQC_192,P384_Dilithium3,160.624642
P384_HQC_192,P384_Dilithium3,172.577474
P384_HQC_192,P384_Dilithium3,167.742283
P384_HQC_192,P384_Dilithium3,159.484919
P384_HQC_192,P384_Dilithium3,157.944848
P384_HQC_192,P384_Dilithium3,166.715471
P384_HQC_192,P384_Dilithium3,175.820186
P384_HQC_192,P384_Dilithium3,175.628833
P384_HQC_192,P384_Dilithium3,162.965716
P384_HQC_192,P384_Dilithium3,171.760748
P384_HQC_192,P384_Dilithium3,169.391179
P384_HQC_192,P384_Dilithium3,154.931987
P384_HQC_192,P384_Dilithium3,160.523668
P384_HQC_192,P384_Dilithium3,159.782211
P384_HQC_192,P384_Dilithium3,160.521767
P384_HQC_192,P384_Dilithium3,166.714484
P384_HQC_192,P384_Dilithium3,155.54527
P384_HQC_192,P384_Dilithium3,170.571521
P384_HQC_192,P384_Dilithium3,158.315283
P384_HQC_192,P384_Dilithium3,156.798878
P384_HQC_192,P384_Dilithium3,166.705317
P384_HQC_192,P384_Dilithium3,158.519144
P384_HQC_192,P384_Dilithium3,162.662321
P384_HQC_192,P384_Dilithium3,172.444567
P384_HQC_192,P384_Dilithium3,173.442326
P384_HQC_192,P384_Dilithium3,163.729895
P384_HQC_192,P384_Dilithium3,170.178579
P384_HQC_192,P384_Dilithium3,162.718209
P384_HQC_192,P384_Dilithium3,167.959243
P384_HQC_192,P384_Dilithium3,169.263513
P384_HQC_192,P384_Dilithium3,164.324301
P384_HQC_192,P384_Dilithium3,155.897666
P384_HQC_192,P384_Dilithium3,159.150548
P384_HQC_192,P384_Dilithium3,169.90203
P384_HQC_192,P384_Dilithium3,166.451695
P384_HQC_192,P384_Dilithium3,158.107207
P384_HQC_192,P384_Dilithium3,165.836114
P384_HQC_192,P384_Dilithium3,172.273399
P384_HQC_192,P384_Dilithium3,157.274326
P384_HQC_192,P384_Dilithium3,159.275739
P384_HQC_192,P384_Dilithium3,167.382514
P384_HQC_192,P384_Dilithium3,158.190403
P384_HQC_192,P384_Dilithium3,176.016336
P384_HQC_192,P384_Dilithium3,165.168545
P384_HQC_192,P384_Dilithium3,168.488926
P384_HQC_192,P384_Dilithium3,167.102286
P384_HQC_192,P384_Dilithium3,171.580469
P384_HQC_192,P384_Dilithium3,166.365555
P384_HQC_192,P384_Dilithium3,169.067689
P384_HQC_192,P384_Dilithium3,168.253737
P384_HQC_192,P384_Dilithium3,160.696251
P384_HQC_192,P384_Dilithium3,167.239606
P384_HQC_192,P384_Dilithium3,156.302468
P384_HQC_192,P384_Dilithium3,166.544414
P384_HQC_192,P384_Dilithium3,161.209472
P384_HQC_192,P384_Dilithium3,158.058743
P384_HQC_192,P384_Dilithium3,158.070747
P384_HQC_192,P384_Dilithium3,158.38232
P384_HQC_192,P384_Dilithium3,161.306479
P384_HQC_192,P384_Dilithium3,168.264519
P384_HQC_192,P384_Dilithium3,167.467476
P384_HQC_192,P384_Dilithium3,170.161707
P384_HQC_192,P384_Dilithium3,170.284757
P384_HQC_192,P384_Dilithium3,180.270478
P384_HQC_192,P384_Dilithium3,165.28708
P384_HQC_192,P384_Dilithium3,155.316071
P384_HQC_192,P384_Dilithium3,169.467852
P384_HQC_192,P384_Dilithium3,173.223565
P384_HQC_192,P384_Dilithium3,163.037513
P384_HQC_192,P384_Dilithium3,164.756576
P384_HQC_192,P384_Dilithium3,161.273233
P384_HQC_192,P384_Dilithium3,165.831406
P384_HQC_192,P384_Dilithium3,156.20171
P384_HQC_192,P384_Dilithium3,165.983748
P384_HQC_192,P384_Dilithium3,167.75068
P384_HQC_192,P384_Dilithium3,169.092417
P384_HQC_192,P384_Dilithium3,178.54878
P384_HQC_192,P384_Dilithium3,163.395344
P384_HQC_192,P384_Dilithium3,161.125794
P384_HQC_192,P384_Dilithium3,158.100325
P384_HQC_192,P384_Dilithium3,170.393095
P384_HQC_192,P384_Dilithium3,160.686584
P384_HQC_192,P384_Dilithium3,164.755783
P384_HQC_192,P384_Dilithium3,168.066187
P384_HQC_192,P384_Dilithium3,163.023121
P384_HQC_192,P384_Dilithium3,166.67824
P384_HQC_192,P384_Dilithium3,165.89997
P384_HQC_192,P384_Dilithium3,166.237393
P384_HQC_192,P384_Dilithium3,177.211904
P384_HQC_192,P384_Dilithium3,169.372515
P384_HQC_192,P384_Dilithium3,167.811831
P384_HQC_192,P384_Dilithium3,159.510553
P384_HQC_192,P384_Dilithium3,156.694783
P384_HQC_192,P384_Dilithium3,177.034485
P384_HQC_192,P384_Dilithium3,164.103698
P384_HQC_192,P384_Dilithium3,165.71492
P384_HQC_192,P384_Dilithium3,167.659154
P384_HQC_192,P384_Dilithium3,168.142518
P384_HQC_192,P384_Dilithium3,164.492891
P384_HQC_192,P384_Dilithium3,174.652053
P384_HQC_192,P384_Dilithium3,156.917482
P384_HQC_192,P384_Dilithium3,169.740293
P384_HQC_192,P384_Dilithium3,160.159877
P384_HQC_192,P384_Dilithium3,177.367384
P384_HQC_192,P384_Dilithium3,171.906078
P384_HQC_192,P384_Dilithium3,177.672855
P384_HQC_192,P384_Dilithium3,162.74327
P384_HQC_192,P384_Dilithium3,166.114706
P384_HQC_192,P384_Dilithium3,166.273196
P384_HQC_192,P384_Dilithium3,169.475369
P384_HQC_192,P384_Dilithium3,163.633972
P384_HQC_192,P384_Dilithium3,174.126393
P384_HQC_192,P384_Dilithium3,178.879278
P384_HQC_192,P384_Dilithium3,156.083431
P384_HQC_192,P384_Dilithium3,175.763915
P384_HQC_192,P384_Dilithium3,159.652003
P384_HQC_192,P384_Dilithium3,170.98865
P384_HQC_192,P384_Dilithium3,160.87728
P384_HQC_192,P384_Dilithium3,167.826918
P384_HQC_192,P384_Dilithium3,157.922029
P384_HQC_192,P384_Dilithium3,162.66418
P384_HQC_192,P384_Dilithium3,163.182799
P384_HQC_192,P384_Dilithium3,155.925939
P384_HQC_192,P384_Dilithium3,156.722183
P384_HQC_192,P384_Dilithium3,165.810672
P384_HQC_192,P384_Dilithium3,160.229942
P384_HQC_192,P384_Dilithium3,153.481212
P384_HQC_192,P384_Dilithium3,164.699733
P384_HQC_192,P384_Dilithium3,159.438268
P384_HQC_192,P384_Dilithium3,174.066796
P384_HQC_192,P384_Dilithium3,153.439408
P384_HQC_192,P384_Dilithium3,173.122989
P384_HQC_192,P384_Dilithium3,161.038593
P384_HQC_192,P384_Dilithium3,162.632515
P384_HQC_192,P384_Dilithium3,166.82244
P384_HQC_192,P384_Dilithium3,158.360534
P384_HQC_192,P384_Dilithium3,172.750379
P384_HQC_192,P384_Dilithium3,161.107502
P384_HQC_192,P384_Dilithium3,156.570729
P384_HQC_192,P384_Dilithium3,165.248946
P384_HQC_192,P384_Dilithium3,163.464567
P384_HQC_192,P384_Dilithium3,158.068191
P384_HQC_192,P384_Dilithium3,164.118007
P384_HQC_192,P384_Dilithium3,170.485914
P384_HQC_192,P384_Dilithium3,159.496543
P384_HQC_192,P384_Dilithium3,157.622916
P384_HQC_192,P384_Dilithium3,170.616503
P384_HQC_192,P384_Dilithium3,161.712196
P384_HQC_192,P384_Dilithium3,158.407706
P384_HQC_192,P384_Dilithium3,171.057379
P384_HQC_192,P384_Dilithium3,163.2655
P384_HQC_192,P384_Dilithium3,167.179293
P384_HQC_192,P384_Dilithium3,151.913341
P384_HQC_192,P384_Dilithium3,169.844746
P384_HQC_192,P384_Dilithium3,171.574926
P384_HQC_192,P384_Dilithium3,158.804303
P384_HQC_192,P384_Dilithium3,164.000548
P384_HQC_192,P384_Dilithium3,155.237751
P384_HQC_192,P384_Dilithium3,163.389609
P384_HQC_192,P384_Dilithium3,165.17812
P384_HQC_192,P384_Dilithium3,174.008459
P384_HQC_192,P384_Dilithium3,163.595749
P384_HQC_192,P384_Dilithium3,165.264558
P384_HQC_192,P384_Dilithium3,165.936148
P384_HQC_192,P384_Dilithium3,159.090896
P384_HQC_192,P384_Dilithium3,166.63263
P384_HQC_192,P384_Dilithium3,157.337527
P384_HQC_192,P384_Dilithium3,167.165413
P384_HQC_192,P384_Dilithium3,153.817205
P384_HQC_192,P384_Dilithium3,178.325457
P384_HQC_192,P384_Dilithium3,176.341131
P384_HQC_192,P384_Dilithium3,159.645284
P384_HQC_192,P384_Dilithium3,157.330167
P384_HQC_192,P384_Dilithium3,165.84193
P384_HQC_192,P384_Dilithium3,155.106027
P384_HQC_192,P384_Dilithium3,164.593597
P384_HQC_192,P384_Dilithium3,170.528455
P384_HQC_192,P384_Dilithium3,171.709903
P384_HQC_192,P384_Dilithium3,175.893545
P384_HQC_192,P384_Dilithium3,170.728401
P384_HQC_192,P384_Dilithium3,164.735222
P384_HQC_192,P384_Dilithium3,159.461344
P384_HQC_192,P384_Dilithium3,164.325604
P384_HQC_192,P384_Dilithium3,163.64707
P384_HQC_192,P384_Dilithium3,173.077384
P384_HQC_192,P384_Dilithium3,173.832203
P384_HQC_192,P384_Dilithium3,165.781617
P384_HQC_192,P384_Dilithium3,166.527668
P384_HQC_192,P384_Dilithium3,164.38965
P384_HQC_192,P384_Dilithium3,168.555436
P384_HQC_192,P384_Dilithium3,166.882221
P384_HQC_192,P384_Dilithium3,165.956534
P384_HQC_192,P384_Dilithium3,176.659767
P384_HQC_192,P384_Dilithium3,162.356723
P384_HQC_192,P384_Dilithium3,170.878477
P384_HQC_192,P384_Dilithium3,158.409059
P384_HQC_192,P384_Dilithium3,169.792825
P384_HQC_192,P384_Dilithium3,154.603091
P384_HQC_192,P384_Dilithium3,162.37852
P384_HQC_192,P384_Dilithium3,168.24121
P384_HQC_192,P384_Dilithium3,171.473703
P384_HQC_192,P384_Dilithium3,155.927184
P384_HQC_192,P384_Dilithium3,168.193646
P384_HQC_192,P384_Dilithium3,165.390717
P384_HQC_192,P384_Dilithium3,165.929372
P384_HQC_192,P384_Dilithium3,171.145602
P384_HQC_192,P384_Dilithium3,163.062126
P384_HQC_192,P384_Dilithium3,159.695739
P384_HQC_192,P384_Dilithium3,169.076891
P384_HQC_192,P384_Dilithium3,167.756384
P384_HQC_192,P384_Dilithium3,177.766193
P384_HQC_192,P384_Dilithium3,168.726521
P384_HQC_192,P384_Dilithium3,168.082542
P384_HQC_192,P384_Dilithium3,164.993095
P384_HQC_192,P384_Dilithium3,160.133235
P384_HQC_192,P384_Dilithium3,157.171468
P384_HQC_192,P384_Dilithium3,176.363562
P384_HQC_192,P384_Dilithium3,174.489962
P384_HQC_192,P384_Dilithium3,169.394068
P384_HQC_192,P384_Dilithium3,167.674413
P384_HQC_192,P384_Dilithium3,161.152173
P384_HQC_192,P384_Dilithium3,169.786383
P384_HQC_192,P384_Dilithium3,158.428037
P384_HQC_192,P384_Dilithium3,166.39922
P384_HQC_192,P384_Dilithium3,165.493411
P384_HQC_192,P384_Dilithium3,166.519552
P384_HQC_192,P384_Dilithium3,168.683696
P384_HQC_192,P384_Dilithium3,168.239503
P384_HQC_192,P384_Dilithium3,179.36643
P384_HQC_192,P384_Dilithium3,168.166177
P384_HQC_192,P384_Dilithium3,159.463512
P384_HQC_192,P384_Dilithium3,170.339788
P384_HQC_192,P384_Dilithium3,158.46731
P384_HQC_192,P384_Dilithium3,160.982303
P384_HQC_192,P384_Dilithium3,173.666057
P384_HQC_192,P384_Dilithium3,157.039804
P384_HQC_192,P384_Dilithium3,160.295424
P384_HQC_192,P384_Dilithium3,172.262159
P384_HQC_192,P384_Dilithium3,161.416547
P384_HQC_192,P384_Dilithium3,171.291006
P384_HQC_192,P384_Dilithium3,167.828804
P384_HQC_192,P384_Dilithium3,165.985759
P384_HQC_192,P384_Dilithium3,168.067467
P384_HQC_192,P384_Dilithium3,166.502092
P384_HQC_192,P384_Dilithium3,159.657161
P384_HQC_192,P384_Dilithium3,156.534909
P384_HQC_192,P384_Dilithium3,156.983728
P384_HQC_192,P384_Dilithium3,170.30186
P384_HQC_192,P384_Dilithium3,156.681219
P384_HQC_192,P384_Dilithium3,159.998413
P384_HQC_192,P384_Dilithium3,169.240842
P384_HQC_192,P384_Dilithium3,174.369806
P384_HQC_192,P384_Dilithium3,159.611847
P384_HQC_192,P384_Dilithium3,176.596831
P384_HQC_192,P384_Dilithium3,168.648831
P384_HQC_192,P384_Dilithium3,165.501745
P384_HQC_192,P384_Dilithium3,161.260168
P384_HQC_192,P384_Dilithium3,161.503442
P384_HQC_192,P384_Dilithium3,157.634586
P384_HQC_192,P384_Dilithium3,165.684286
P384_HQC_192,P384_Dilithium3,169.163596
P384_HQC_192,P384_Dilithium3,167.124391
P384_HQC_192,P384_Dilithium3,167.223871
P384_HQC_192,P384_Dilithium3,163.84505
P384_HQC_192,P384_Dilithium3,165.185875
P384_HQC_192,P384_Dilithium3,166.430094
P384_HQC_192,P384_Dilithium3,158.631922
P384_HQC_192,P384_Dilithium3,158.09528
P384_HQC_192,P384_Dilithium3,167.706245
P384_HQC_192,P384_Dilithium3,156.815904
P384_HQC_192,P384_Dilithium3,168.375074
P384_HQC_192,P384_Dilithium3,164.253509
P384_HQC_192,P384_Dilithium3,167.318677
P384_HQC_192,P384_Dilithium3,166.717616
P384_HQC_192,P384_Dilithium3,164.798744
P384_HQC_192,P384_Dilithium3,171.738669
P384_HQC_192,P384_Dilithium3,159.888181
P384_HQC_192,P384_Dilithium3,176.490651
P384_HQC_192,P384_Dilithium3,168.913738
P384_HQC_192,P384_Dilithium3,158.657712
P384_HQC_192,P384_Dilithium3,162.861334
P384_HQC_192,P384_Dilithium3,172.981138
P384_HQC_192,P384_Dilithium3,159.941025
P384_HQC_192,P384_Dilithium3,165.522982
P384_HQC_192,P384_Dilithium3,170.367864
P384_HQC_192,P384_Dilithium3,158.491368
P384_HQC_192,P384_Dilithium3,158.315151
P384_HQC_192,P384_Dilithium3,171.21117
P384_HQC_192,P384_Dilithium3,171.619669
P384_HQC_192,P384_Dilithium3,156.797595
P384_HQC_192,P384_Dilithium3,175.142755
P384_HQC_192,P384_Dilithium3,168.836419
P384_HQC_192,P384_Dilithium3,168.354984
P384_HQC_192,P384_Dilithium3,169.384014
P384_HQC_192,P384_Dilithium3,156.408049
P384_HQC_192,P384_Dilithium3,168.125577
P384_HQC_192,P384_Dilithium3,163.617925
P384_HQC_192,P384_Dilithium3,160.64152
P384_HQC_192,P384_Dilithium3,158.053921
P384_HQC_192,P384_Dilithium3,162.334718
P384_HQC_192,P384_Dilithium3,166.782811
P384_HQC_192,P384_Dilithium3,161.097346
P384_HQC_192,P384_Dilithium3,159.588716
P384_HQC_192,P384_Dilithium3,171.740821
P384_HQC_192,P384_Dilithium3,164.911008
P384_HQC_192,P384_Dilithium3,165.563205
P384_HQC_192,P384_Dilithium3,156.307774
P384_HQC_192,P384_Dilithium3,172.899335
P384_HQC_192,P384_Dilithium3,164.066537
P384_HQC_192,P384_Dilithium3,163.978963
P384_HQC_192,P384_Dilithium3,172.602411
P384_HQC_192,P384_Dilithium3,165.680784
P384_HQC_192,P384_Dilithium3,164.449003
P384_HQC_192,P384_Dilithium3,165.886629
P384_HQC_192,P384_Dilithium3,163.907275
P384_HQC_192,P384_Dilithium3,169.208551
P384_HQC_192,P384_Dilithium3,173.948271
P384_HQC_192,P384_Dilithium3,176.795573
P384_HQC_192,P384_Dilithium3,160.932119
P384_HQC_192,P384_Dilithium3,165.757965
P384_HQC_192,P384_Dilithium3,173.357704
P384_HQC_192,P384_Dilithium3,162.952254
P384_HQC_192,P384_Dilithium3,168.642595
P384_HQC_192,P384_Dilithium3,157.622335
P384_HQC_192,P384_Dilithium3,165.389628
P384_HQC_192,P384_Dilithium3,169.759509
P384_HQC_192,P384_Dilithium3,168.888067
P384_HQC_192,P384_Dilithium3,168.706429
P384_HQC_192,P384_Dilithium3,169.293231
P384_HQC_192,P384_Dilithium3,164.594514
P384_HQC_192,P384_Dilithium3,160.920843
P384_HQC_192,P384_Dilithium3,161.403634
P384_HQC_192,P384_Dilithium3,161.584773
P384_HQC_192,P384_Dilithium3,159.170468
P384_HQC_192,P384_Dilithium3,163.603501
P384_HQC_192,P384_Dilithium3,156.968857
P384_HQC_192,P384_Dilithium3,172.195147
P384_HQC_192,P384_Dilithium3,164.881834
P384_HQC_192,P384_Dilithium3,177.044849
P384_HQC_192,P384_Dilithium3,155.843903
P384_HQC_192,P384_Dilithium3,160.149573
P384_HQC_192,P384_Dilithium3,175.679259
P384_HQC_192,P384_Dilithium3,163.947731
P384_HQC_192,P384_Dilithium3,164.124599
P384_HQC_192,P384_Dilithium3,176.951517
P384_HQC_192,P384_Dilithium3,158.809702
P384_HQC_192,P384_Dilithium3,166.517838
P384_HQC_192,P384_Dilithium3,170.3695
P384_HQC_192,P384_Dilithium3,171.689357
P384_HQC_192,P384_Dilithium3,168.079078
P384_HQC_192,P384_Dilithium3,172.869187
P384_HQC_192,P384_Dilithium3,159.547617
P384_HQC_192,P384_Dilithium3,162.65892
P384_HQC_192,P384_Dilithium3,161.165075
P384_HQC_192,P384_Dilithium3,168.060329
P384_HQC_192,P384_Dilithium3,157.686497
P384_HQC_192,P384_Dilithium3,164.818615
P384_HQC_192,P384_Dilithium3,168.753918
P384_HQC_192,P384_Dilithium3,164.571467
P384_HQC_192,P384_Dilithium3,177.058449
P384_HQC_192,P384_Dilithium3,166.240071
P384_HQC_192,P384_Dilithium3,167.786451
P384_HQC_192,P384_Dilithium3,165.260073
P384_HQC_192,P384_Dilithium3,166.552611
P384_HQC_192,P384_Dilithium3,168.524325
P384_HQC_192,P384_Dilithium3,169.127544
P384_HQC_192,P384_Dilithium3,165.768073
P384_HQC_192,P384_Dilithium3,167.000333
P384_HQC_192,P384_Dilithium3,170.765348
P384_HQC_192,P384_Dilithium3,164.816151
P384_HQC_192,P384_Dilithium3,168.034968
P384_HQC_192,P384_Dilithium3,164.541183
P384_HQC_192,P384_Dilithium3,162.328308
P384_HQC_192,P384_Dilithium3,154.497929
P384_HQC_192,P384_Dilithium3,158.886775
P384_HQC_192,P384_Dilithium3,167.786811
P384_HQC_192,P384_Dilithium3,168.14269
P384_HQC_192,P384_Dilithium3,168.499455
P384_HQC_192,P384_Dilithium3,170.594393
P384_HQC_192,P384_Dilithium3,172.803134
P384_HQC_192,P384_Dilithium3,160.730053
P384_HQC_192,P384_Dilithium3,165.41409
P384_HQC_192,P384_Dilithium3,168.336573
P384_HQC_192,P384_Dilithium3,159.405194
P384_HQC_192,P384_Dilithium3,171.165399
P384_HQC_192,P384_Dilithium3,161.623112
P384_HQC_192,P384_Dilithium3,165.410868
P384_HQC_192,P384_Dilithium3,169.780267
P384_HQC_192,P384_Dilithium3,166.792827
P384_HQC_192,P384_Dilithium3,159.39911
P384_HQC_192,P384_Dilithium3,159.082299
P384_HQC_192,P384_Dilithium3,165.588363
P384_HQC_192,P384_Dilithium3,160.583425
P384_HQC_192,P384_Dilithium3,170.989322
P384_HQC_192,P384_Dilithium3,171.464196
P384_HQC_192,P384_Dilithium3,170.207092
P384_HQC_192,P384_Dilithium3,164.318064
P384_HQC_192,P384_Dilithium3,168.914005
P384_HQC_192,P384_Dilithium3,166.977542
P384_HQC_192,P384_Dilithium3,159.635438
P384_HQC_192,P384_Dilithium3,165.902151
P384_HQC_192,P384_Dilithium3,171.243968
P384_HQC_192,P384_Dilithium3,160.004374
P384_HQC_192,P384_Dilithium3,169.93775
P384_HQC_192,P384_Dilithium3,164.286317
P384_HQC_192,P384_Dilithium3,158.584428
P384_HQC_192,P384_Dilithium3,158.971063
P384_HQC_192,P384_Dilithium3,159.03189
P384_HQC_192,P384_Dilithium3,165.974153
P384_HQC_192,P384_Dilithium3,166.68145
P384_HQC_192,P384_Dilithium3,168.504721
P384_HQC_192,P384_Dilithium3,168.881397
P384_HQC_192,P384_Dilithium3,162.063163
P384_HQC_192,P384_Dilithium3,162.002682
P384_HQC_192,P384_Dilithium3,178.450873
P384_HQC_192,P384_Dilithium3,160.662077
P384_HQC_192,P384_Dilithium3,175.578298
P384_HQC_192,P384_Dilithium3,159.196398
P384_HQC_192,P384_Dilithium3,163.706764
P384_HQC_192,P384_Dilithium3,172.130653
P384_HQC_192,P384_Dilithium3,168.293163
P384_HQC_192,P384_Dilithium3,161.232812
P384_HQC_192,P384_Dilithium3,159.04371
P384_HQC_192,P384_Dilithium3,155.425697
P384_HQC_192,P384_Dilithium3,164.219678
P384_HQC_192,P384_Dilithium3,159.381897
P384_HQC_192,P384_Dilithium3,168.289419
P384_HQC_192,P384_Dilithium3,160.57801
P384_HQC_192,P384_Dilithium3,171.276011
P384_HQC_192,P384_Dilithium3,171.022481
P384_HQC_192,P384_Dilithium3,166.478596
P384_HQC_192,P384_Dilithium3,161.788114
P384_HQC_192,P384_Dilithium3,159.712491
P384_HQC_192,P384_Dilithium3,173.758632
P384_HQC_192,P384_Dilithium3,168.403859
P384_HQC_192,P384_Dilithium3,161.127821
P384_HQC_192,P384_Dilithium3,156.940459
P384_HQC_192,P384_Dilithium3,173.642384
P384_HQC_192,P384_Dilithium3,172.350733
P384_HQC_192,P384_Dilithium3,162.891602
P384_HQC_192,P384_Dilithium3,171.489858
P384_HQC_192,P384_Dilithium3,159.283741
P384_HQC_192,P384_Dilithium3,169.795618
P384_HQC_192,P384_Dilithium3,168.579878
P384_HQC_192,P384_Dilithium3,169.439959
P384_HQC_192,P384_Dilithium3,157.615223
P384_HQC_192,P384_Dilithium3,163.134055
P384_HQC_192,P384_Dilithium3,167.41612
P384_HQC_192,P384_Dilithium3,161.615762
P384_HQC_192,P384_Dilithium3,170.418775
P384_HQC_192,P384_Dilithium3,161.510636
P384_HQC_192,P384_Dilithium3,159.452212
P384_HQC_192,P384_Dilithium3,166.910094
P384_HQC_192,P384_Dilithium3,158.415514
P384_HQC_192,P384_Dilithium3,159.887023
P384_HQC_192,P384_Dilithium3,159.113918
P384_HQC_192,P384_Dilithium3,157.169335
P384_HQC_192,P384_Dilithium3,167.529192
P384_HQC_192,P384_Dilithium3,158.596222
P384_HQC_192,P384_Dilithium3,178.123459
P384_HQC_192,P384_Dilithium3,163.457059
P384_HQC_192,P384_Dilithium3,167.666411
P384_HQC_192,P384_Dilithium3,170.598934
P384_HQC_192,P384_Dilithium3,168.691464
P384_HQC_192,P384_Dilithium3,172.207667
P384_HQC_192,P384_Dilithium3,176.688151
P384_HQC_192,P384_Dilithium3,169.734345
P384_HQC_192,P384_Dilithium3,166.895455
P384_HQC_192,P384_Dilithium3,161.903779
P384_HQC_192,P384_Dilithium3,165.619781
P384_HQC_192,P384_Dilithium3,169.7467
P384_HQC_192,P384_Dilithium3,158.277676
P384_HQC_192,P384_Dilithium3,178.037768
P384_HQC_192,P384_Dilithium3,172.12619
P384_HQC_192,P384_Dilithium3,168.29962
P384_HQC_192,P384_Dilithium3,160.414103
P384_HQC_192,P384_Dilithium3,166.056867
P384_HQC_192,P384_Dilithium3,157.071448
P384_HQC_192,P384_Dilithium3,158.907926
P384_HQC_192,P384_Dilithium3,156.209097
P384_HQC_192,P384_Dilithium3,167.035764
P384_HQC_192,P384_Dilithium3,162.931221
P384_HQC_192,P384_Dilithium3,168.529547
P384_HQC_192,P384_Dilithium3,167.89624
P384_HQC_192,P384_Dilithium3,165.796177
P384_HQC_192,P384_Dilithium3,155.170862
P384_HQC_192,P384_Dilithium3,177.283183
P384_HQC_192,P384_Dilithium3,167.5118
P384_HQC_192,P384_Dilithium3,164.821223
P384_HQC_192,P384_Dilithium3,163.262871
P384_HQC_192,P384_Dilithium3,159.025907
P384_HQC_192,P384_Dilithium3,161.353841
P384_HQC_192,P384_Dilithium3,165.567392
P384_HQC_192,P384_Dilithium3,161.011044
P384_HQC_192,P384_Dilithium3,156.087934
P384_HQC_192,P384_Dilithium3,170.427886
P384_HQC_192,P384_Dilithium3,167.450066
P384_HQC_192,P384_Dilithium3,167.846046
P384_HQC_192,P384_Dilithium3,163.44695
P384_HQC_192,P384_Dilithium3,158.144016
P384_HQC_192,P384_Dilithium3,159.512223
P384_HQC_192,P384_Dilithium3,160.857331
P384_HQC_192,P384_Dilithium3,158.981734
P384_HQC_192,P384_Dilithium3,169.765061
P384_HQC_192,P384_Dilithium3,168.128648
P384_HQC_192,P384_Dilithium3,163.31307
P384_HQC_192,P384_Dilithium3,169.644153
P384_HQC_192,P384_Dilithium3,158.319276
P384_HQC_192,P384_Dilithium3,166.398054
P384_HQC_192,P384_Dilithium3,178.488122
P384_HQC_192,P384_Dilithium3,167.614705
P384_HQC_192,P384_Dilithium3,169.406657
P384_HQC_192,P384_Dilithium3,172.541381
P384_HQC_192,P384_Dilithium3,167.203269
P384_HQC_192,P384_Dilithium3,164.422347
P384_HQC_192,P384_Dilithium3,168.177667
P384_HQC_192,P384_Dilithium3,165.874084
P384_HQC_192,P384_Dilithium3,164.986594
P384_HQC_192,P384_Dilithium3,157.325514
P384_HQC_192,P384_Dilithium3,168.914187
P384_HQC_192,P384_Dilithium3,166.199473
P384_HQC_192,P384_Dilithium3,168.719629
P384_HQC_192,P384_Dilithium3,171.233003
P384_HQC_192,P384_Dilithium3,170.723834
P384_HQC_192,P384_Dilithium3,168.049288
P384_HQC_192,P384_Dilithium3,167.279065
P384_HQC_192,P384_Dilithium3,176.813648
P384_HQC_192,P384_Dilithium3,164.999938
P384_HQC_192,P384_Dilithium3,169.715938
P384_HQC_192,P384_Dilithium3,170.170575
P384_HQC_192,P384_Dilithium3,164.422139
P384_HQC_192,P384_Dilithium3,157.025236
P384_HQC_192,P384_Dilithium3,164.540807
P384_HQC_192,P384_Dilithium3,157.367837
P384_HQC_192,P384_Dilithium3,158.872457
P384_HQC_192,P384_Dilithium3,165.613151
P384_HQC_192,P384_Dilithium3,162.144664
P384_HQC_192,P384_Dilithium3,165.774771
P384_HQC_192,P384_Dilithium3,161.600334
P384_HQC_192,P384_Dilithium3,170.174303
P384_HQC_192,P384_Dilithium3,164.962864
P384_HQC_192,P384_Dilithium3,158.691838
P384_HQC_192,P384_Dilithium3,170.575412
P384_HQC_192,P384_Dilithium3,169.362429
P384_HQC_192,P384_Dilithium3,167.361645
P384_HQC_192,P384_Dilithium3,160.150847
P384_HQC_192,P384_Dilithium3,158.857019
P384_HQC_192,P384_Dilithium3,175.835257
P384_HQC_192,P384_Dilithium3,160.843083
P384_HQC_192,P384_Dilithium3,158.382673
P384_HQC_192,P384_Dilithium3,162.649869
P384_HQC_192,P384_Dilithium3,167.721048
P384_HQC_192,P384_Dilithium3,163.606565
P384_HQC_192,P384_Dilithium3,171.665494
P384_HQC_192,P384_Dilithium3,169.660684
P384_HQC_192,P384_Dilithium3,157.695016
P384_HQC_192,P384_Dilithium3,169.201125
P384_HQC_192,P384_Dilithium3,160.632819
P384_HQC_192,P384_Dilithium3,167.761899
P384_HQC_192,P384_Dilithium3,161.281256
P384_HQC_192,P384_Dilithium3,165.45257
P384_HQC_192,P384_Dilithium3,172.399781
P384_HQC_192,P384_Dilithium3,179.21521
P384_HQC_192,P384_Dilithium3,167.003844
P384_HQC_192,P384_Dilithium3,161.876473
P384_HQC_192,P384_Dilithium3,172.608095
P384_HQC_192,P384_Dilithium3,159.092283
P384_HQC_192,P384_Dilithium3,159.298524
P384_HQC_192,P384_Dilithium3,168.788437
P384_HQC_192,P384_Dilithium3,180.350843
P384_HQC_192,P384_Dilithium3,168.00929
P384_HQC_192,P384_Dilithium3,171.578892
P384_HQC_192,P384_Dilithium3,173.004213
P384_HQC_192,P384_Dilithium3,167.755765
P384_HQC_192,P384_Dilithium3,165.322062
P384_HQC_192,P384_Dilithium3,157.947476
P384_HQC_192,P384_Dilithium3,169.801459
P384_HQC_192,P384_Dilithium3,177.395931
P384_HQC_192,P384_Dilithium3,167.796193
P384_HQC_192,P384_Dilithium3,160.089683
P384_HQC_192,P384_Dilithium3,158.572199
P384_HQC_192,P384_Dilithium3,169.844259
P384_HQC_192,P384_Dilithium3,171.001634
P384_HQC_192,P384_Dilithium3,165.698299
P384_HQC_192,P384_Dilithium3,169.171775
P384_HQC_192,P384_Dilithium3,162.842092
P384_HQC_192,P384_Dilithium3,161.072807
P384_HQC_192,P384_Dilithium3,165.420192
P384_HQC_192,P384_Dilithium3,174.176433
P384_HQC_192,P384_Dilithium3,172.941976
P384_HQC_192,P384_Dilithium3,169.810359
P384_HQC_192,P384_Dilithium3,171.636934
P384_HQC_192,P384_Dilithium3,169.279722
P384_HQC_192,P384_Dilithium3,165.888789
P384_HQC_192,P384_Dilithium3,159.031941
P384_HQC_192,P384_Dilithium3,162.818762
P384_HQC_192,P384_Dilithium3,154.748604
P384_HQC_192,P384_Dilithium3,168.33819
P384_HQC_192,P384_Dilithium3,160.252183
P384_HQC_192,P384_Dilithium3,157.609455
P384_HQC_192,P384_Dilithium3,172.707848
P384_HQC_192,P384_Dilithium3,161.404894
P384_HQC_192,P384_Dilithium3,168.84551
P384_HQC_192,P384_Dilithium3,173.711306
P384_HQC_192,P384_Dilithium3,166.371735
P384_HQC_192,P384_Dilithium3,168.630365
P384_HQC_192,P384_Dilithium3,167.456906
P384_HQC_192,P384_Dilithium3,161.905205
P384_HQC_192,P384_Dilithium3,176.631527
P384_HQC_192,P384_Dilithium3,175.607496
P384_HQC_192,P384_Dilithium3,156.999095
P384_HQC_192,P384_Dilithium3,174.506624
P384_HQC_192,P384_Dilithium3,162.085203
P384_HQC_192,P384_Dilithium3,166.07013
P384_HQC_192,P384_Dilithium3,172.8203
P384_HQC_192,P384_Dilithium3,167.039769
P384_HQC_192,P384_Dilithium3,162.183924
P384_HQC_192,P384_Dilithium3,167.083067
P384_HQC_192,P384_Dilithium3,157.771333
P384_HQC_192,P384_Dilithium3,168.981433
P384_HQC_192,P384_Dilithium3,170.767336
P384_HQC_192,P384_Dilithium3,162.452346
P384_HQC_192,P384_Dilithium3,176.119021
P384_HQC_192,P384_Dilithium3,155.205212
P384_HQC_192,P384_Dilithium3,166.298248
P384_HQC_192,P384_Dilithium3,168.643307
P384_HQC_192,P384_Dilithium3,169.992132
P384_HQC_192,P384_Dilithium3,168.051067
P384_HQC_192,P384_Dilithium3,169.376782
P384_HQC_192,P384_Dilithium3,162.209204
P384_HQC_192,P384_Dilithium3,178.154668
P384_HQC_192,P384_Dilithium3,160.235318
P384_HQC_192,P384_Dilithium3,162.385468
P384_HQC_192,P384_Dilithium3,168.834828
P384_HQC_192,P384_Dilithium3,174.234617
P384_HQC_192,P384_Dilithium3,163.888814
P384_HQC_192,P384_Dilithium3,168.036874
P384_HQC_192,P384_Dilithium3,165.957609
P384_HQC_192,P384_Dilithium3,161.984422
P384_HQC_192,P384_Dilithium3,158.239203
P384_HQC_192,P384_Dilithium3,168.315671
P384_HQC_192,P384_Dilithium3,170.357681
P384_HQC_192,P384_Dilithium3,176.06594
P384_HQC_192,P384_Dilithium3,167.887889
P384_HQC_192,P384_Dilithium3,159.615699
P384_HQC_192,P384_Dilithium3,175.01882
P384_HQC_192,P384_Dilithium3,163.389522
P384_HQC_192,P384_Dilithium3,177.476161
P384_HQC_192,P384_Dilithium3,159.008571
P384_HQC_192,P384_Dilithium3,159.873418
P384_HQC_192,P384_Dilithium3,157.398342
P384_HQC_192,P384_Dilithium3,166.987234
P384_HQC_192,P384_Dilithium3,161.600884
P384_HQC_192,P384_Dilithium3,164.148413
P384_HQC_192,P384_Dilithium3,171.498581
P384_HQC_192,P384_Dilithium3,168.165307
P384_HQC_192,P384_Dilithium3,158.986182
P384_HQC_192,P384_Dilithium3,164.239772
P384_HQC_192,P384_Dilithium3,153.45361
P384_HQC_192,P384_Dilithium3,169.038111
P384_HQC_192,P384_Dilithium3,169.641957
P384_BIKE_L3,P384_Dilithium3,141.879722
P384_BIKE_L3,P384_Dilithium3,133.623196
P384_BIKE_L3,P384_Dilithium3,146.08821
P384_BIKE_L3,P384_Dilithium3,148.288185
P384_BIKE_L3,P384_Dilithium3,142.806213
P384_BIKE_L3,P384_Dilithium3,150.33661
P384_BIKE_L3,P384_Dilithium3,146.520534
P384_BIKE_L3,P384_Dilithium3,150.142052
P384_BIKE_L3,P384_Dilithium3,148.769654
P384_BIKE_L3,P384_Dilithium3,142.358332
P384_BIKE_L3,P384_Dilithium3,149.373033
P384_BIKE_L3,P384_Dilithium3,155.144493
P384_BIKE_L3,P384_Dilithium3,140.761812
P384_BIKE_L3,P384_Dilithium3,152.335934
P384_BIKE_L3,P384_Dilithium3,148.9152
P384_BIKE_L3,P384_Dilithium3,160.130459
P384_BIKE_L3,P384_Dilithium3,157.309475
P384_BIKE_L3,P384_Dilithium3,141.983824
P384_BIKE_L3,P384_Dilithium3,147.95498
P384_BIKE_L3,P384_Dilithium3,153.974374
P384_BIKE_L3,P384_Dilithium3,154.935028
P384_BIKE_L3,P384_Dilithium3,157.454769
P384_BIKE_L3,P384_Dilithium3,140.603695
P384_BIKE_L3,P384_Dilithium3,159.475037
P384_BIKE_L3,P384_Dilithium3,141.963083
P384_BIKE_L3,P384_Dilithium3,149.917511
P384_BIKE_L3,P384_Dilithium3,157.323364
P384_BIKE_L3,P384_Dilithium3,148.596483
P384_BIKE_L3,P384_Dilithium3,150.600299
P384_BIKE_L3,P384_Dilithium3,152.780638
P384_BIKE_L3,P384_Dilithium3,151.54758
P384_BIKE_L3,P384_Dilithium3,143.043174
P384_BIKE_L3,P384_Dilithium3,147.239948
P384_BIKE_L3,P384_Dilithium3,148.828931
P384_BIKE_L3,P384_Dilithium3,152.212503
P384_BIKE_L3,P384_Dilithium3,149.824128
P384_BIKE_L3,P384_Dilithium3,150.07453
P384_BIKE_L3,P384_Dilithium3,145.638881
P384_BIKE_L3,P384_Dilithium3,149.858268
P384_BIKE_L3,P384_Dilithium3,149.923696
P384_BIKE_L3,P384_Dilithium3,145.204052
P384_BIKE_L3,P384_Dilithium3,143.813551
P384_BIKE_L3,P384_Dilithium3,150.703002
P384_BIKE_L3,P384_Dilithium3,157.194917
P384_BIKE_L3,P384_Dilithium3,139.233568
P384_BIKE_L3,P384_Dilithium3,145.317641
P384_BIKE_L3,P384_Dilithium3,145.583752
P384_BIKE_L3,P384_Dilithium3,143.998495
P384_BIKE_L3,P384_Dilithium3,152.512875
P384_BIKE_L3,P384_Dilithium3,150.560014
P384_BIKE_L3,P384_Dilithium3,150.180792
P384_BIKE_L3,P384_Dilithium3,145.242132
P384_BIKE_L3,P384_Dilithium3,143.34386
P384_BIKE_L3,P384_Dilithium3,151.607668
P384_BIKE_L3,P384_Dilithium3,143.173492
P384_BIKE_L3,P384_Dilithium3,160.218449
P384_BIKE_L3,P384_Dilithium3,149.272116
P384_BIKE_L3,P384_Dilithium3,141.267087
P384_BIKE_L3,P384_Dilithium3,143.337295
P384_BIKE_L3,P384_Dilithium3,145.751184
P384_BIKE_L3,P384_Dilithium3,144.580834
P384_BIKE_L3,P384_Dilithium3,151.676981
P384_BIKE_L3,P384_Dilithium3,146.75322
P384_BIKE_L3,P384_Dilithium3,157.380547
P384_BIKE_L3,P384_Dilithium3,148.789373
P384_BIKE_L3,P384_Dilithium3,154.192483
P384_BIKE_L3,P384_Dilithium3,139.736614
P384_BIKE_L3,P384_Dilithium3,148.637576
P384_BIKE_L3,P384_Dilithium3,145.612874
P384_BIKE_L3,P384_Dilithium3,151.682377
P384_BIKE_L3,P384_Dilithium3,159.092832
P384_BIKE_L3,P384_Dilithium3,154.294216
P384_BIKE_L3,P384_Dilithium3,148.589863
P384_BIKE_L3,P384_Dilithium3,141.303417
P384_BIKE_L3,P384_Dilithium3,154.398424
P384_BIKE_L3,P384_Dilithium3,141.595952
P384_BIKE_L3,P384_Dilithium3,141.62181
P384_BIKE_L3,P384_Dilithium3,142.815787
P384_BIKE_L3,P384_Dilithium3,144.009775
P384_BIKE_L3,P384_Dilithium3,153.155146
P384_BIKE_L3,P384_Dilithium3,144.794491
P384_BIKE_L3,P384_Dilithium3,137.957365
P384_BIKE_L3,P384_Dilithium3,137.446622
P384_BIKE_L3,P384_Dilithium3,152.507721
P384_BIKE_L3,P384_Dilithium3,150.4764
P384_BIKE_L3,P384_Dilithium3,142.438303
P384_BIKE_L3,P384_Dilithium3,152.219875
P384_BIKE_L3,P384_Dilithium3,148.732617
P384_BIKE_L3,P384_Dilithium3,152.250261
P384_BIKE_L3,P384_Dilithium3,138.944911
P384_BIKE_L3,P384_Dilithium3,139.358516
P384_BIKE_L3,P384_Dilithium3,148.837045
P384_BIKE_L3,P384_Dilithium3,157.053938
P384_BIKE_L3,P384_Dilithium3,149.222967
P384_BIKE_L3,P384_Dilithium3,153.869335
P384_BIKE_L3,P384_Dilithium3,147.812823
P384_BIKE_L3,P384_Dilithium3,150.114787
P384_BIKE_L3,P384_Dilithium3,153.510912
P384_BIKE_L3,P384_Dilithium3,150.360484
P384_BIKE_L3,P384_Dilithium3,144.28974
P384_BIKE_L3,P384_Dilithium3,144.878337
P384_BIKE_L3,P384_Dilithium3,146.430589
P384_BIKE_L3,P384_Dilithium3,153.156924
P384_BIKE_L3,P384_Dilithium3,152.040561
P384_BIKE_L3,P384_Dilithium3,153.165946
P384_BIKE_L3,P384_Dilithium3,140.418465
P384_BIKE_L3,P384_Dilithium3,149.148971
P384_BIKE_L3,P384_Dilithium3,153.655116
P384_BIKE_L3,P384_Dilithium3,152.057737
P384_BIKE_L3,P384_Dilithium3,143.549682
P384_BIKE_L3,P384_Dilithium3,157.494024
P384_BIKE_L3,P384_Dilithium3,158.085214
P384_BIKE_L3,P384_Dilithium3,148.994951
P384_BIKE_L3,P384_Dilithium3,148.715781
P384_BIKE_L3,P384_Dilithium3,149.099205
P384_BIKE_L3,P384_Dilithium3,140.794339
P384_BIKE_L3,P384_Dilithium3,154.080366
P384_BIKE_L3,P384_Dilithium3,144.950536
P384_BIKE_L3,P384_Dilithium3,139.45273
P384_BIKE_L3,P384_Dilithium3,154.559469
P384_BIKE_L3,P384_Dilithium3,153.190892
P384_BIKE_L3,P384_Dilithium3,148.387043
P384_BIKE_L3,P384_Dilithium3,149.411403
P384_BIKE_L3,P384_Dilithium3,157.164715
P384_BIKE_L3,P384_Dilithium3,143.027907
P384_BIKE_L3,P384_Dilithium3,140.104068
P384_BIKE_L3,P384_Dilithium3,143.911881
P384_BIKE_L3,P384_Dilithium3,155.698123
P384_BIKE_L3,P384_Dilithium3,159.632215
P384_BIKE_L3,P384_Dilithium3,158.586416
P384_BIKE_L3,P384_Dilithium3,146.483984
P384_BIKE_L3,P384_Dilithium3,148.707255
P384_BIKE_L3,P384_Dilithium3,151.068191
P384_BIKE_L3,P384_Dilithium3,145.543421
P384_BIKE_L3,P384_Dilithium3,141.777254
P384_BIKE_L3,P384_Dilithium3,152.546553
P384_BIKE_L3,P384_Dilithium3,151.139034
P384_BIKE_L3,P384_Dilithium3,150.850162
P384_BIKE_L3,P384_Dilithium3,142.15097
P384_BIKE_L3,P384_Dilithium3,150.167315
P384_BIKE_L3,P384_Dilithium3,141.455336
P384_BIKE_L3,P384_Dilithium3,145.161331
P384_BIKE_L3,P384_Dilithium3,149.909371
P384_BIKE_L3,P384_Dilithium3,150.849046
P384_BIKE_L3,P384_Dilithium3,145.440021
P384_BIKE_L3,P384_Dilithium3,142.866048
P384_BIKE_L3,P384_Dilithium3,139.652001
P384_BIKE_L3,P384_Dilithium3,147.493067
P384_BIKE_L3,P384_Dilithium3,155.34885
P384_BIKE_L3,P384_Dilithium3,152.207764
P384_BIKE_L3,P384_Dilithium3,141.714934
P384_BIKE_L3,P384_Dilithium3,141.594621
P384_BIKE_L3,P384_Dilithium3,142.197243
P384_BIKE_L3,P384_Dilithium3,148.439326
P384_BIKE_L3,P384_Dilithium3,152.694222
P384_BIKE_L3,P384_Dilithium3,152.691723
P384_BIKE_L3,P384_Dilithium3,151.824886
P384_BIKE_L3,P384_Dilithium3,151.820575
P384_BIKE_L3,P384_Dilithium3,146.411021
P384_BIKE_L3,P384_Dilithium3,144.352964
P384_BIKE_L3,P384_Dilithium3,144.733606
P384_BIKE_L3,P384_Dilithium3,156.849646
P384_BIKE_L3,P384_Dilithium3,142.677169
P384_BIKE_L3,P384_Dilithium3,152.701093
P384_BIKE_L3,P384_Dilithium3,157.219733
P384_BIKE_L3,P384_Dilithium3,154.120819
P384_BIKE_L3,P384_Dilithium3,152.154593
P384_BIKE_L3,P384_Dilithium3,140.987103
P384_BIKE_L3,P384_Dilithium3,138.274121
P384_BIKE_L3,P384_Dilithium3,139.414437
P384_BIKE_L3,P384_Dilithium3,147.250002
P384_BIKE_L3,P384_Dilithium3,140.217967
P384_BIKE_L3,P384_Dilithium3,140.592108
P384_BIKE_L3,P384_Dilithium3,156.40106
P384_BIKE_L3,P384_Dilithium3,146.70351
P384_BIKE_L3,P384_Dilithium3,151.118839
P384_BIKE_L3,P384_Dilithium3,141.359744
P384_BIKE_L3,P384_Dilithium3,160.178161
P384_BIKE_L3,P384_Dilithium3,134.520282
P384_BIKE_L3,P384_Dilithium3,152.673079
P384_BIKE_L3,P384_Dilithium3,161.086442
P384_BIKE_L3,P384_Dilithium3,142.083693
P384_BIKE_L3,P384_Dilithium3,150.863735
P384_BIKE_L3,P384_Dilithium3,159.452883
P384_BIKE_L3,P384_Dilithium3,148.259546
P384_BIKE_L3,P384_Dilithium3,148.9116
P384_BIKE_L3,P384_Dilithium3,142.327157
P384_BIKE_L3,P384_Dilithium3,149.040231
P384_BIKE_L3,P384_Dilithium3,151.642636
P384_BIKE_L3,P384_Dilithium3,148.539141
P384_BIKE_L3,P384_Dilithium3,147.909642
P384_BIKE_L3,P384_Dilithium3,143.656431
P384_BIKE_L3,P384_Dilithium3,144.533719
P384_BIKE_L3,P384_Dilithium3,140.01948
P384_BIKE_L3,P384_Dilithium3,155.377452
P384_BIKE_L3,P384_Dilithium3,138.966986
P384_BIKE_L3,P384_Dilithium3,142.498515
P384_BIKE_L3,P384_Dilithium3,160.789324
P384_BIKE_L3,P384_Dilithium3,142.426411
P384_BIKE_L3,P384_Dilithium3,153.108422
P384_BIKE_L3,P384_Dilithium3,152.371405
P384_BIKE_L3,P384_Dilithium3,141.366132
P384_BIKE_L3,P384_Dilithium3,147.069041
P384_BIKE_L3,P384_Dilithium3,159.095217
P384_BIKE_L3,P384_Dilithium3,142.073993
P384_BIKE_L3,P384_Dilithium3,151.694534
P384_BIKE_L3,P384_Dilithium3,150.294447
P384_BIKE_L3,P384_Dilithium3,149.994417
P384_BIKE_L3,P384_Dilithium3,162.730712
P384_BIKE_L3,P384_Dilithium3,149.249246
P384_BIKE_L3,P384_Dilithium3,148.536502
P384_BIKE_L3,P384_Dilithium3,148.398215
P384_BIKE_L3,P384_Dilithium3,150.192626
P384_BIKE_L3,P384_Dilithium3,144.503908
P384_BIKE_L3,P384_Dilithium3,145.901101
P384_BIKE_L3,P384_Dilithium3,145.808453
P384_BIKE_L3,P384_Dilithium3,148.853133
P384_BIKE_L3,P384_Dilithium3,151.8921
P384_BIKE_L3,P384_Dilithium3,146.179804
P384_BIKE_L3,P384_Dilithium3,162.361366
P384_BIKE_L3,P384_Dilithium3,147.737938
P384_BIKE_L3,P384_Dilithium3,149.102189
P384_BIKE_L3,P384_Dilithium3,151.384823
P384_BIKE_L3,P384_Dilithium3,159.764479
P384_BIKE_L3,P384_Dilithium3,141.865276
P384_BIKE_L3,P384_Dilithium3,161.064059
P384_BIKE_L3,P384_Dilithium3,144.034502
P384_BIKE_L3,P384_Dilithium3,152.519987
P384_BIKE_L3,P384_Dilithium3,141.438751
P384_BIKE_L3,P384_Dilithium3,142.155589
P384_BIKE_L3,P384_Dilithium3,140.820211
P384_BIKE_L3,P384_Dilithium3,141.593254
P384_BIKE_L3,P384_Dilithium3,136.894137
P384_BIKE_L3,P384_Dilithium3,147.783032
P384_BIKE_L3,P384_Dilithium3,149.735199
P384_BIKE_L3,P384_Dilithium3,156.878676
P384_BIKE_L3,P384_Dilithium3,146.294606
P384_BIKE_L3,P384_Dilithium3,152.121111
P384_BIKE_L3,P384_Dilithium3,147.726904
P384_BIKE_L3,P384_Dilithium3,147.081013
P384_BIKE_L3,P384_Dilithium3,151.240354
P384_BIKE_L3,P384_Dilithium3,141.149254
P384_BIKE_L3,P384_Dilithium3,153.853811
P384_BIKE_L3,P384_Dilithium3,150.495042
P384_BIKE_L3,P384_Dilithium3,142.222153
P384_BIKE_L3,P384_Dilithium3,148.409404
P384_BIKE_L3,P384_Dilithium3,147.326476
P384_BIKE_L3,P384_Dilithium3,150.416061
P384_BIKE_L3,P384_Dilithium3,145.296403
P384_BIKE_L3,P384_Dilithium3,158.786801
P384_BIKE_L3,P384_Dilithium3,137.657249
P384_BIKE_L3,P384_Dilithium3,151.295327
P384_BIKE_L3,P384_Dilithium3,149.572437
P384_BIKE_L3,P384_Dilithium3,157.261884
P384_BIKE_L3,P384_Dilithium3,147.057641
P384_BIKE_L3,P384_Dilithium3,138.843346
P384_BIKE_L3,P384_Dilithium3,149.435258
P384_BIKE_L3,P384_Dilithium3,141.197993
P384_BIKE_L3,P384_Dilithium3,159.193943
P384_BIKE_L3,P384_Dilithium3,142.693489
P384_BIKE_L3,P384_Dilithium3,150.165427
P384_BIKE_L3,P384_Dilithium3,161.211438
P384_BIKE_L3,P384_Dilithium3,141.726783
P384_BIKE_L3,P384_Dilithium3,157.494846
P384_BIKE_L3,P384_Dilithium3,148.756761
P384_BIKE_L3,P384_Dilithium3,162.023364
P384_BIKE_L3,P384_Dilithium3,154.218806
P384_BIKE_L3,P384_Dilithium3,153.192824
P384_BIKE_L3,P384_Dilithium3,152.615784
P384_BIKE_L3,P384_Dilithium3,157.630585
P384_BIKE_L3,P384_Dilithium3,154.191718
P384_BIKE_L3,P384_Dilithium3,144.437704
P384_BIKE_L3,P384_Dilithium3,159.625981
P384_BIKE_L3,P384_Dilithium3,148.233813
P384_BIKE_L3,P384_Dilithium3,152.731339
P384_BIKE_L3,P384_Dilithium3,138.979809
P384_BIKE_L3,P384_Dilithium3,153.008112
P384_BIKE_L3,P384_Dilithium3,149.357609
P384_BIKE_L3,P384_Dilithium3,152.847264
P384_BIKE_L3,P384_Dilithium3,154.085452
P384_BIKE_L3,P384_Dilithium3,152.878888
P384_BIKE_L3,P384_Dilithium3,145.277613
P384_BIKE_L3,P384_Dilithium3,157.844963
P384_BIKE_L3,P384_Dilithium3,140.509032
P384_BIKE_L3,P384_Dilithium3,151.786291
P384_BIKE_L3,P384_Dilithium3,143.272748
P384_BIKE_L3,P384_Dilithium3,139.690563
P384_BIKE_L3,P384_Dilithium3,149.457591
P384_BIKE_L3,P384_Dilithium3,146.37436
P384_BIKE_L3,P384_Dilithium3,147.844205
P384_BIKE_L3,P384_Dilithium3,145.337026
P384_BIKE_L3,P384_Dilithium3,145.937166
P384_BIKE_L3,P384_Dilithium3,150.369556
P384_BIKE_L3,P384_Dilithium3,138.73233
P384_BIKE_L3,P384_Dilithium3,151.739183
P384_BIKE_L3,P384_Dilithium3,155.908723
P384_BIKE_L3,P384_Dilithium3,140.73668
P384_BIKE_L3,P384_Dilithium3,149.806013
P384_BIKE_L3,P384_Dilithium3,146.539561
P384_BIKE_L3,P384_Dilithium3,135.661596
P384_BIKE_L3,P384_Dilithium3,158.964202
P384_BIKE_L3,P384_Dilithium3,150.872179
P384_BIKE_L3,P384_Dilithium3,148.631525
P384_BIKE_L3,P384_Dilithium3,153.442518
P384_BIKE_L3,P384_Dilithium3,149.849029
P384_BIKE_L3,P384_Dilithium3,165.810988
P384_BIKE_L3,P384_Dilithium3,148.173071
P384_BIKE_L3,P384_Dilithium3,143.972037
P384_BIKE_L3,P384_Dilithium3,140.789626
P384_BIKE_L3,P384_Dilithium3,141.849504
P384_BIKE_L3,P384_Dilithium3,151.919537
P384_BIKE_L3,P384_Dilithium3,161.160891
P384_BIKE_L3,P384_Dilithium3,143.658856
P384_BIKE_L3,P384_Dilithium3,164.16258
P384_BIKE_L3,P384_Dilithium3,140.566812
P384_BIKE_L3,P384_Dilithium3,145.056052
P384_BIKE_L3,P384_Dilithium3,147.321402
P384_BIKE_L3,P384_Dilithium3,153.070546
P384_BIKE_L3,P384_Dilithium3,153.464452
P384_BIKE_L3,P384_Dilithium3,149.948338
P384_BIKE_L3,P384_Dilithium3,156.146701
P384_BIKE_L3,P384_Dilithium3,149.356175
P384_BIKE_L3,P384_Dilithium3,144.745587
P384_BIKE_L3,P384_Dilithium3,152.571505
P384_BIKE_L3,P384_Dilithium3,158.990376
P384_BIKE_L3,P384_Dilithium3,146.980702
P384_BIKE_L3,P384_Dilithium3,143.025135
P384_BIKE_L3,P384_Dilithium3,148.559022
P384_BIKE_L3,P384_Dilithium3,140.238112
P384_BIKE_L3,P384_Dilithium3,136.758895
P384_BIKE_L3,P384_Dilithium3,149.741108
P384_BIKE_L3,P384_Dilithium3,151.867274
P384_BIKE_L3,P384_Dilithium3,141.79767
P384_BIKE_L3,P384_Dilithium3,150.574632
P384_BIKE_L3,P384_Dilithium3,152.841811
P384_BIKE_L3,P384_Dilithium3,150.907312
P384_BIKE_L3,P384_Dilithium3,139.54897
P384_BIKE_L3,P384_Dilithium3,156.60553
P384_BIKE_L3,P384_Dilithium3,151.993014
P384_BIKE_L3,P384_Dilithium3,149.938948
P384_BIKE_L3,P384_Dilithium3,153.536922
P384_BIKE_L3,P384_Dilithium3,156.171573
P384_BIKE_L3,P384_Dilithium3,151.109264
P384_BIKE_L3,P384_Dilithium3,144.601293
P384_BIKE_L3,P384_Dilithium3,157.893329
P384_BIKE_L3,P384_Dilithium3,150.020329
P384_BIKE_L3,P384_Dilithium3,143.632993
P384_BIKE_L3,P384_Dilithium3,153.34275
P384_BIKE_L3,P384_Dilithium3,152.389063
P384_BIKE_L3,P384_Dilithium3,144.8481
P384_BIKE_L3,P384_Dilithium3,147.426845
P384_BIKE_L3,P384_Dilithium3,143.323618
P384_BIKE_L3,P384_Dilithium3,160.875323
P384_BIKE_L3,P384_Dilithium3,158.302201
P384_BIKE_L3,P384_Dilithium3,145.435054
P384_BIKE_L3,P384_Dilithium3,145.910486
P384_BIKE_L3,P384_Dilithium3,151.636895
P384_BIKE_L3,P384_Dilithium3,161.020297
P384_BIKE_L3,P384_Dilithium3,145.763001
P384_BIKE_L3,P384_Dilithium3,154.922993
P384_BIKE_L3,P384_Dilithium3,148.108435
P384_BIKE_L3,P384_Dilithium3,149.507624
P384_BIKE_L3,P384_Dilithium3,147.689796
P384_BIKE_L3,P384_Dilithium3,161.906761
P384_BIKE_L3,P384_Dilithium3,147.731793
P384_BIKE_L3,P384_Dilithium3,151.928359
P384_BIKE_L3,P384_Dilithium3,139.856527
P384_BIKE_L3,P384_Dilithium3,140.356115
P384_BIKE_L3,P384_Dilithium3,141.346143
P384_BIKE_L3,P384_Dilithium3,163.330044
P384_BIKE_L3,P384_Dilithium3,138.410375
P384_BIKE_L3,P384_Dilithium3,140.2796
P384_BIKE_L3,P384_Dilithium3,142.411273
P384_BIKE_L3,P384_Dilithium3,147.784204
P384_BIKE_L3,P384_Dilithium3,145.040496
P384_BIKE_L3,P384_Dilithium3,146.134779
P384_BIKE_L3,P384_Dilithium3,151.087756
P384_BIKE_L3,P384_Dilithium3,145.637218
P384_BIKE_L3,P384_Dilithium3,147.191863
P384_BIKE_L3,P384_Dilithium3,149.90413
P384_BIKE_L3,P384_Dilithium3,143.534263
P384_BIKE_L3,P384_Dilithium3,152.467332
P384_BIKE_L3,P384_Dilithium3,143.717894
P384_BIKE_L3,P384_Dilithium3,150.587955
P384_BIKE_L3,P384_Dilithium3,152.324978
P384_BIKE_L3,P384_Dilithium3,152.078243
P384_BIKE_L3,P384_Dilithium3,147.040524
P384_BIKE_L3,P384_Dilithium3,149.946491
P384_BIKE_L3,P384_Dilithium3,151.637032
P384_BIKE_L3,P384_Dilithium3,149.073172
P384_BIKE_L3,P384_Dilithium3,157.922862
P384_BIKE_L3,P384_Dilithium3,151.120617
P384_BIKE_L3,P384_Dilithium3,141.358314
P384_BIKE_L3,P384_Dilithium3,161.413143
P384_BIKE_L3,P384_Dilithium3,159.94862
P384_BIKE_L3,P384_Dilithium3,148.457121
P384_BIKE_L3,P384_Dilithium3,145.481312
P384_BIKE_L3,P384_Dilithium3,140.351057
P384_BIKE_L3,P384_Dilithium3,138.182079
P384_BIKE_L3,P384_Dilithium3,161.066512
P384_BIKE_L3,P384_Dilithium3,145.923015
P384_BIKE_L3,P384_Dilithium3,142.067249
P384_BIKE_L3,P384_Dilithium3,150.661112
P384_BIKE_L3,P384_Dilithium3,158.678715
P384_BIKE_L3,P384_Dilithium3,151.013422
P384_BIKE_L3,P384_Dilithium3,149.690773
P384_BIKE_L3,P384_Dilithium3,147.204576
P384_BIKE_L3,P384_Dilithium3,149.875046
P384_BIKE_L3,P384_Dilithium3,142.93808
P384_BIKE_L3,P384_Dilithium3,139.257032
P384_BIKE_L3,P384_Dilithium3,145.617374
P384_BIKE_L3,P384_Dilithium3,150.143074
P384_BIKE_L3,P384_Dilithium3,149.116309
P384_BIKE_L3,P384_Dilithium3,140.769548
P384_BIKE_L3,P384_Dilithium3,143.432145
P384_BIKE_L3,P384_Dilithium3,150.123113
P384_BIKE_L3,P384_Dilithium3,148.672478
P384_BIKE_L3,P384_Dilithium3,151.555705
P384_BIKE_L3,P384_Dilithium3,158.366615
P384_BIKE_L3,P384_Dilithium3,143.233603
P384_BIKE_L3,P384_Dilithium3,160.569196
P384_BIKE_L3,P384_Dilithium3,149.695617
P384_BIKE_L3,P384_Dilithium3,143.604356
P384_BIKE_L3,P384_Dilithium3,150.162981
P384_BIKE_L3,P384_Dilithium3,142.710159
P384_BIKE_L3,P384_Dilithium3,152.638133
P384_BIKE_L3,P384_Dilithium3,152.493809
P384_BIKE_L3,P384_Dilithium3,138.947437
P384_BIKE_L3,P384_Dilithium3,142.350882
P384_BIKE_L3,P384_Dilithium3,155.841359
P384_BIKE_L3,P384_Dilithium3,143.369975
P384_BIKE_L3,P384_Dilithium3,150.238417
P384_BIKE_L3,P384_Dilithium3,154.228941
P384_BIKE_L3,P384_Dilithium3,150.351321
P384_BIKE_L3,P384_Dilithium3,139.900444
P384_BIKE_L3,P384_Dilithium3,142.115707
P384_BIKE_L3,P384_Dilithium3,152.128645
P384_BIKE_L3,P384_Dilithium3,146.250728
P384_BIKE_L3,P384_Dilithium3,149.186273
P384_BIKE_L3,P384_Dilithium3,148.958976
P384_BIKE_L3,P384_Dilithium3,149.350268
P384_BIKE_L3,P384_Dilithium3,139.242858
P384_BIKE_L3,P384_Dilithium3,150.739215
P384_BIKE_L3,P384_Dilithium3,151.785967
P384_BIKE_L3,P384_Dilithium3,148.234939
P384_BIKE_L3,P384_Dilithium3,144.750055
P384_BIKE_L3,P384_Dilithium3,149.858141
P384_BIKE_L3,P384_Dilithium3,153.200525
P384_BIKE_L3,P384_Dilithium3,151.652719
P384_BIKE_L3,P384_Dilithium3,143.970777
P384_BIKE_L3,P384_Dilithium3,147.900356
P384_BIKE_L3,P384_Dilithium3,154.579637
P384_BIKE_L3,P384_Dilithium3,153.090262
P384_BIKE_L3,P384_Dilithium3,147.636349
P384_BIKE_L3,P384_Dilithium3,148.852789
P384_BIKE_L3,P384_Dilithium3,143.729081
P384_BIKE_L3,P384_Dilithium3,153.089581
P384_BIKE_L3,P384_Dilithium3,149.634806
P384_BIKE_L3,P384_Dilithium3,152.847745
P384_BIKE_L3,P384_Dilithium3,151.879426
P384_BIKE_L3,P384_Dilithium3,139.282674
P384_BIKE_L3,P384_Dilithium3,152.896677
P384_BIKE_L3,P384_Dilithium3,162.033057
P384_BIKE_L3,P384_Dilithium3,155.349386
P384_BIKE_L3,P384_Dilithium3,146.029484
P384_BIKE_L3,P384_Dilithium3,152.236309
P384_BIKE_L3,P384_Dilithium3,145.761317
P384_BIKE_L3,P384_Dilithium3,156.186822
P384_BIKE_L3,P384_Dilithium3,145.981471
P384_BIKE_L3,P384_Dilithium3,145.132228
P384_BIKE_L3,P384_Dilithium3,154.634987
P384_BIKE_L3,P384_Dilithium3,153.774185
P384_BIKE_L3,P384_Dilithium3,144.993414
P384_BIKE_L3,P384_Dilithium3,142.583149
P384_BIKE_L3,P384_Dilithium3,146.835843
P384_BIKE_L3,P384_Dilithium3,149.735758
P384_BIKE_L3,P384_Dilithium3,153.649199
P384_BIKE_L3,P384_Dilithium3,149.672355
P384_BIKE_L3,P384_Dilithium3,151.657109
P384_BIKE_L3,P384_Dilithium3,151.695356
P384_BIKE_L3,P384_Dilithium3,143.403597
P384_BIKE_L3,P384_Dilithium3,138.635955
P384_BIKE_L3,P384_Dilithium3,152.393304
P384_BIKE_L3,P384_Dilithium3,147.869601
P384_BIKE_L3,P384_Dilithium3,143.05556
P384_BIKE_L3,P384_Dilithium3,148.967953
P384_BIKE_L3,P384_Dilithium3,144.417549
P384_BIKE_L3,P384_Dilithium3,149.916876
P384_BIKE_L3,P384_Dilithium3,150.142567
P384_BIKE_L3,P384_Dilithium3,147.340589
P384_BIKE_L3,P384_Dilithium3,145.931456
P384_BIKE_L3,P384_Dilithium3,145.791354
P384_BIKE_L3,P384_Dilithium3,142.259178
P384_BIKE_L3,P384_Dilithium3,148.276686
P384_BIKE_L3,P384_Dilithium3,140.232505
P384_BIKE_L3,P384_Dilithium3,158.396885
P384_BIKE_L3,P384_Dilithium3,147.740529
P384_BIKE_L3,P384_Dilithium3,142.271143
P384_BIKE_L3,P384_Dilithium3,148.582165
P384_BIKE_L3,P384_Dilithium3,158.408465
P384_BIKE_L3,P384_Dilithium3,150.010453
P384_BIKE_L3,P384_Dilithium3,143.226981
P384_BIKE_L3,P384_Dilithium3,151.805483
P384_BIKE_L3,P384_Dilithium3,143.872956
P384_BIKE_L3,P384_Dilithium3,145.706902
P384_BIKE_L3,P384_Dilithium3,157.689459
P384_BIKE_L3,P384_Dilithium3,144.164212
P384_BIKE_L3,P384_Dilithium3,142.535846
P384_BIKE_L3,P384_Dilithium3,138.986735
P384_BIKE_L3,P384_Dilithium3,150.503214
P384_BIKE_L3,P384_Dilithium3,139.113466
P384_BIKE_L3,P384_Dilithium3,146.808965
P384_BIKE_L3,P384_Dilithium3,150.259395
P384_BIKE_L3,P384_Dilithium3,142.464632
P384_BIKE_L3,P384_Dilithium3,144.278791
P384_BIKE_L3,P384_Dilithium3,150.503319
P384_BIKE_L3,P384_Dilithium3,154.976524
P384_BIKE_L3,P384_Dilithium3,150.099974
P384_BIKE_L3,P384_Dilithium3,144.683515
P384_BIKE_L3,P384_Dilithium3,154.909097
P384_BIKE_L3,P384_Dilithium3,158.562085
P384_BIKE_L3,P384_Dilithium3,149.322156
P384_BIKE_L3,P384_Dilithium3,151.487917
P384_BIKE_L3,P384_Dilithium3,141.501428
P384_BIKE_L3,P384_Dilithium3,144.172978
P384_BIKE_L3,P384_Dilithium3,151.077385
P384_BIKE_L3,P384_Dilithium3,152.419501
P384_BIKE_L3,P384_Dilithium3,144.500382
P384_BIKE_L3,P384_Dilithium3,146.443879
P384_BIKE_L3,P384_Dilithium3,160.691336
P384_BIKE_L3,P384_Dilithium3,156.421838
P384_BIKE_L3,P384_Dilithium3,151.323599
P384_BIKE_L3,P384_Dilithium3,142.332987
P384_BIKE_L3,P384_Dilithium3,148.941751
P384_BIKE_L3,P384_Dilithium3,146.973757
P384_BIKE_L3,P384_Dilithium3,143.229857
P384_BIKE_L3,P384_Dilithium3,142.062937
P384_BIKE_L3,P384_Dilithium3,151.890308
P384_BIKE_L3,P384_Dilithium3,150.403551
P384_BIKE_L3,P384_Dilithium3,161.392488
P384_BIKE_L3,P384_Dilithium3,139.241183
P384_BIKE_L3,P384_Dilithium3,148.21443
P384_BIKE_L3,P384_Dilithium3,148.390812
P384_BIKE_L3,P384_Dilithium3,142.254158
P384_BIKE_L3,P384_Dilithium3,151.216573
P384_BIKE_L3,P384_Dilithium3,144.904457
P384_BIKE_L3,P384_Dilithium3,155.176969
P384_BIKE_L3,P384_Dilithium3,142.809903
P384_BIKE_L3,P384_Dilithium3,139.630481
P384_BIKE_L3,P384_Dilithium3,148.545834
P384_BIKE_L3,P384_Dilithium3,138.698657
P384_BIKE_L3,P384_Dilithium3,155.047916
P384_BIKE_L3,P384_Dilithium3,160.277224
P384_BIKE_L3,P384_Dilithium3,144.173992
P384_BIKE_L3,P384_Dilithium3,143.891721
P384_BIKE_L3,P384_Dilithium3,162.345149
P384_BIKE_L3,P384_Dilithium3,144.8665
P384_BIKE_L3,P384_Dilithium3,141.623914
P384_BIKE_L3,P384_Dilithium3,153.513813
P384_BIKE_L3,P384_Dilithium3,160.876218
P384_BIKE_L3,P384_Dilithium3,145.467643
P384_BIKE_L3,P384_Dilithium3,141.494405
P384_BIKE_L3,P384_Dilithium3,144.656107
P384_BIKE_L3,P384_Dilithium3,148.4059
P384_BIKE_L3,P384_Dilithium3,145.00295
P384_BIKE_L3,P384_Dilithium3,143.023848
P384_BIKE_L3,P384_Dilithium3,152.616701
P384_BIKE_L3,P384_Dilithium3,153.948268
P384_BIKE_L3,P384_Dilithium3,143.713855
P384_BIKE_L3,P384_Dilithium3,139.621155
P384_BIKE_L3,P384_Dilithium3,148.24117
P384_BIKE_L3,P384_Dilithium3,144.402252
P384_BIKE_L3,P384_Dilithium3,152.307481
P384_BIKE_L3,P384_Dilithium3,146.644832
P384_BIKE_L3,P384_Dilithium3,148.767397
P384_BIKE_L3,P384_Dilithium3,137.321693
P384_BIKE_L3,P384_Dilithium3,149.733464
P384_BIKE_L3,P384_Dilithium3,143.362588
P384_BIKE_L3,P384_Dilithium3,142.094822
P384_BIKE_L3,P384_Dilithium3,160.77211
P384_BIKE_L3,P384_Dilithium3,148.140409
P384_BIKE_L3,P384_Dilithium3,139.975708
P384_BIKE_L3,P384_Dilithium3,141.207171
P384_BIKE_L3,P384_Dilithium3,139.272397
P384_BIKE_L3,P384_Dilithium3,141.976918
P384_BIKE_L3,P384_Dilithium3,149.063075
P384_BIKE_L3,P384_Dilithium3,143.594232
P384_BIKE_L3,P384_Dilithium3,160.492437
P384_BIKE_L3,P384_Dilithium3,147.712911
P384_BIKE_L3,P384_Dilithium3,149.780166
P384_BIKE_L3,P384_Dilithium3,148.687307
P384_BIKE_L3,P384_Dilithium3,161.904529
P384_BIKE_L3,P384_Dilithium3,157.672319
P384_BIKE_L3,P384_Dilithium3,142.852356
P384_BIKE_L3,P384_Dilithium3,153.318593
P384_BIKE_L3,P384_Dilithium3,150.402303
P384_BIKE_L3,P384_Dilithium3,151.657379
P384_BIKE_L3,P384_Dilithium3,149.31472
P384_BIKE_L3,P384_Dilithium3,147.755337
P384_BIKE_L3,P384_Dilithium3,154.546076
P384_BIKE_L3,P384_Dilithium3,139.402333
P384_BIKE_L3,P384_Dilithium3,141.001276
P384_BIKE_L3,P384_Dilithium3,153.176574
P384_BIKE_L3,P384_Dilithium3,146.610831
P384_BIKE_L3,P384_Dilithium3,142.041041
P384_BIKE_L3,P384_Dilithium3,150.128879
P384_BIKE_L3,P384_Dilithium3,145.205918
P384_BIKE_L3,P384_Dilithium3,141.911672
P384_BIKE_L3,P384_Dilithium3,140.770056
P384_BIKE_L3,P384_Dilithium3,144.844539
P384_BIKE_L3,P384_Dilithium3,142.49944
P384_BIKE_L3,P384_Dilithium3,144.315206
P384_BIKE_L3,P384_Dilithium3,148.37247
P384_BIKE_L3,P384_Dilithium3,152.323616
P384_BIKE_L3,P384_Dilithium3,153.762465
P384_BIKE_L3,P384_Dilithium3,141.904673
P384_BIKE_L3,P384_Dilithium3,142.313882
P384_BIKE_L3,P384_Dilithium3,152.247287
P384_BIKE_L3,P384_Dilithium3,147.680101
P384_BIKE_L3,P384_Dilithium3,155.474524
P384_BIKE_L3,P384_Dilithium3,152.881303
P384_BIKE_L3,P384_Dilithium3,150.696122
P384_BIKE_L3,P384_Dilithium3,152.952969
P384_BIKE_L3,P384_Dilithium3,142.268511
P384_BIKE_L3,P384_Dilithium3,141.401216
P384_BIKE_L3,P384_Dilithium3,143.870588
P384_BIKE_L3,P384_Dilithium3,150.890971
P384_BIKE_L3,P384_Dilithium3,151.571639
P384_BIKE_L3,P384_Dilithium3,143.888103
P384_BIKE_L3,P384_Dilithium3,157.991553
P384_BIKE_L3,P384_Dilithium3,150.851915
P384_BIKE_L3,P384_Dilithium3,154.892106
P384_BIKE_L3,P384_Dilithium3,154.7379
P384_BIKE_L3,P384_Dilithium3,147.676624
P384_BIKE_L3,P384_Dilithium3,149.653483
P384_BIKE_L3,P384_Dilithium3,149.136455
P384_BIKE_L3,P384_Dilithium3,153.430869
P384_BIKE_L3,P384_Dilithium3,151.388624
P384_BIKE_L3,P384_Dilithium3,142.74981
P384_BIKE_L3,P384_Dilithium3,154.091331
P384_BIKE_L3,P384_Dilithium3,145.948866
P384_BIKE_L3,P384_Dilithium3,142.363936
P384_BIKE_L3,P384_Dilithium3,162.327921
P384_BIKE_L3,P384_Dilithium3,157.154323
P384_BIKE_L3,P384_Dilithium3,140.453837
P384_BIKE_L3,P384_Dilithium3,152.876743
P384_BIKE_L3,P384_Dilithium3,149.299661
P384_BIKE_L3,P384_Dilithium3,155.898212
P384_BIKE_L3,P384_Dilithium3,142.521691
P384_BIKE_L3,P384_Dilithium3,148.171543
P384_BIKE_L3,P384_Dilithium3,150.099571
P384_BIKE_L3,P384_Dilithium3,143.097622
P384_BIKE_L3,P384_Dilithium3,153.640209
P384_BIKE_L3,P384_Dilithium3,154.088906
P384_BIKE_L3,P384_Dilithium3,145.449839
P384_BIKE_L3,P384_Dilithium3,141.628432
P384_BIKE_L3,P384_Dilithium3,159.003224
P384_BIKE_L3,P384_Dilithium3,151.032059
P384_BIKE_L3,P384_Dilithium3,152.741038
P384_BIKE_L3,P384_Dilithium3,139.531311
P384_BIKE_L3,P384_Dilithium3,152.681768
P384_BIKE_L3,P384_Dilithium3,147.031666
P384_BIKE_L3,P384_Dilithium3,144.411264
P384_BIKE_L3,P384_Dilithium3,142.989873
P384_BIKE_L3,P384_Dilithium3,151.464174
P384_BIKE_L3,P384_Dilithium3,158.971758
P384_BIKE_L3,P384_Dilithium3,152.369326
P384_BIKE_L3,P384_Dilithium3,149.046333
P384_BIKE_L3,P384_Dilithium3,136.948494
P384_BIKE_L3,P384_Dilithium3,143.947413
P384_BIKE_L3,P384_Dilithium3,142.738987
P384_BIKE_L3,P384_Dilithium3,146.702934
P384_BIKE_L3,P384_Dilithium3,152.679075
P384_BIKE_L3,P384_Dilithium3,154.254212
P384_BIKE_L3,P384_Dilithium3,145.268315
P384_BIKE_L3,P384_Dilithium3,142.971237
P384_BIKE_L3,P384_Dilithium3,155.552476
P384_BIKE_L3,P384_Dilithium3,149.215311
P384_BIKE_L3,P384_Dilithium3,150.652686
P384_BIKE_L3,P384_Dilithium3,142.916056
P384_BIKE_L3,P384_Dilithium3,148.389038
P384_BIKE_L3,P384_Dilithium3,145.811598
P384_BIKE_L3,P384_Dilithium3,152.936505
P384_BIKE_L3,P384_Dilithium3,152.712851
P384_BIKE_L3,P384_Dilithium3,146.009302
P384_BIKE_L3,P384_Dilithium3,147.819867
P384_BIKE_L3,P384_Dilithium3,152.899952
P384_BIKE_L3,P384_Dilithium3,142.537907
P384_BIKE_L3,P384_Dilithium3,152.778318
P384_BIKE_L3,P384_Dilithium3,151.043276
P384_BIKE_L3,P384_Dilithium3,157.163858
P384_BIKE_L3,P384_Dilithium3,139.865701
P384_BIKE_L3,P384_Dilithium3,146.745197
P384_BIKE_L3,P384_Dilithium3,148.037002
P384_BIKE_L3,P384_Dilithium3,157.502846
P384_BIKE_L3,P384_Dilithium3,154.113007
P384_BIKE_L3,P384_Dilithium3,152.108875
P384_BIKE_L3,P384_Dilithium3,158.960748
P384_BIKE_L3,P384_Dilithium3,148.528414
P384_BIKE_L3,P384_Dilithium3,141.418369
P384_BIKE_L3,P384_Dilithium3,144.974043
P384_BIKE_L3,P384_Dilithium3,141.611969
P384_BIKE_L3,P384_Dilithium3,146.439587
P384_BIKE_L3,P384_Dilithium3,163.587902
P384_BIKE_L3,P384_Dilithium3,147.150197
P384_BIKE_L3,P384_Dilithium3,144.764453
P384_BIKE_L3,P384_Dilithium3,139.76271
P384_BIKE_L3,P384_Dilithium3,151.716197
P384_BIKE_L3,P384_Dilithium3,154.344712
P384_BIKE_L3,P384_Dilithium3,146.622784
P384_BIKE_L3,P384_Dilithium3,141.711629
P384_BIKE_L3,P384_Dilithium3,141.495179
P384_BIKE_L3,P384_Dilithium3,143.860733
P384_BIKE_L3,P384_Dilithium3,149.782278
P384_BIKE_L3,P384_Dilithium3,141.115828
P384_BIKE_L3,P384_Dilithium3,143.270883
P384_BIKE_L3,P384_Dilithium3,150.68759
P384_BIKE_L3,P384_Dilithium3,153.713362
P384_BIKE_L3,P384_Dilithium3,143.252081
P384_BIKE_L3,P384_Dilithium3,147.504933
P384_BIKE_L3,P384_Dilithium3,143.366457
P384_BIKE_L3,P384_Dilithium3,150.773313
P384_BIKE_L3,P384_Dilithium3,136.609846
P384_BIKE_L3,P384_Dilithium3,146.435556
P384_BIKE_L3,P384_Dilithium3,142.204799
P384_BIKE_L3,P384_Dilithium3,148.271963
P384_BIKE_L3,P384_Dilithium3,143.15013
P384_BIKE_L3,P384_Dilithium3,149.727443
P384_BIKE_L3,P384_Dilithium3,137.538286
P384_BIKE_L3,P384_Dilithium3,150.492374
P384_BIKE_L3,P384_Dilithium3,153.378215
P384_BIKE_L3,P384_Dilithium3,151.690141
P384_BIKE_L3,P384_Dilithium3,145.445382
P384_BIKE_L3,P384_Dilithium3,141.578327
P384_BIKE_L3,P384_Dilithium3,147.650941
P384_BIKE_L3,P384_Dilithium3,153.256891
P384_BIKE_L3,P384_Dilithium3,160.474764
P384_BIKE_L3,P384_Dilithium3,158.215484
P384_BIKE_L3,P384_Dilithium3,145.942222
P384_BIKE_L3,P384_Dilithium3,150.52877
P384_BIKE_L3,P384_Dilithium3,146.232714
P384_BIKE_L3,P384_Dilithium3,153.762124
P384_BIKE_L3,P384_Dilithium3,147.897743
P384_BIKE_L3,P384_Dilithium3,144.314145
P384_BIKE_L3,P384_Dilithium3,156.031623
P384_BIKE_L3,P384_Dilithium3,150.261936
P384_BIKE_L3,P384_Dilithium3,141.470486
P384_BIKE_L3,P384_Dilithium3,143.319756
P384_BIKE_L3,P384_Dilithium3,142.98463
P384_BIKE_L3,P384_Dilithium3,144.39751
P384_BIKE_L3,P384_Dilithium3,152.55242
P384_BIKE_L3,P384_Dilithium3,161.907567
P384_BIKE_L3,P384_Dilithium3,143.763808
P384_BIKE_L3,P384_Dilithium3,135.483173
P384_BIKE_L3,P384_Dilithium3,157.280093
P384_BIKE_L3,P384_Dilithium3,145.149812
P384_BIKE_L3,P384_Dilithium3,152.945212
P384_BIKE_L3,P384_Dilithium3,148.669461
P384_BIKE_L3,P384_Dilithium3,151.887931
P384_BIKE_L3,P384_Dilithium3,151.963581
P384_BIKE_L3,P384_Dilithium3,137.874436
P384_BIKE_L3,P384_Dilithium3,149.952648
P384_BIKE_L3,P384_Dilithium3,145.151761
P384_BIKE_L3,P384_Dilithium3,147.873722
P384_BIKE_L3,P384_Dilithium3,146.935324
P384_BIKE_L3,P384_Dilithium3,159.696651
P384_BIKE_L3,P384_Dilithium3,155.373641
P384_BIKE_L3,P384_Dilithium3,151.13405
P384_BIKE_L3,P384_Dilithium3,141.922282
P384_BIKE_L3,P384_Dilithium3,148.565179
P384_BIKE_L3,P384_Dilithium3,151.925913
P384_BIKE_L3,P384_Dilithium3,150.293146
P384_BIKE_L3,P384_Dilithium3,149.551332
P384_BIKE_L3,P384_Dilithium3,145.825347
P384_BIKE_L3,P384_Dilithium3,149.648812
P384_BIKE_L3,P384_Dilithium3,140.912728
P384_BIKE_L3,P384_Dilithium3,152.667688
P384_BIKE_L3,P384_Dilithium3,145.894705
P384_BIKE_L3,P384_Dilithium3,146.941444
P384_BIKE_L3,P384_Dilithium3,146.467108
P384_BIKE_L3,P384_Dilithium3,151.320703
P384_BIKE_L3,P384_Dilithium3,144.863518
P384_BIKE_L3,P384_Dilithium3,146.559485
P384_BIKE_L3,P384_Dilithium3,143.002288
P384_BIKE_L3,P384_Dilithium3,137.885201
P384_BIKE_L3,P384_Dilithium3,156.44943
P384_BIKE_L3,P384_Dilithium3,140.828248
P384_BIKE_L3,P384_Dilithium3,141.399379
P384_BIKE_L3,P384_Dilithium3,151.094742
P384_BIKE_L3,P384_Dilithium3,142.374727
P384_BIKE_L3,P384_Dilithium3,141.716207
P384_BIKE_L3,P384_Dilithium3,148.993026
P384_BIKE_L3,P384_Dilithium3,150.213339
P384_BIKE_L3,P384_Dilithium3,151.221292
P384_BIKE_L3,P384_Dilithium3,147.20179
P384_BIKE_L3,P384_Dilithium3,152.539531
P384_BIKE_L3,P384_Dilithium3,147.435129
P384_BIKE_L3,P384_Dilithium3,140.873837
P384_BIKE_L3,P384_Dilithium3,146.031763
P384_BIKE_L3,P384_Dilithium3,140.093298
P384_BIKE_L3,P384_Dilithium3,157.641839
P384_BIKE_L3,P384_Dilithium3,147.111154
P384_BIKE_L3,P384_Dilithium3,140.628598
P384_BIKE_L3,P384_Dilithium3,140.181346
P384_BIKE_L3,P384_Dilithium3,141.015517
P384_BIKE_L3,P384_Dilithium3,151.828331
P384_BIKE_L3,P384_Dilithium3,150.89572
P384_BIKE_L3,P384_Dilithium3,148.991266
P384_BIKE_L3,P384_Dilithium3,138.829321
P384_BIKE_L3,P384_Dilithium3,152.169678
P384_BIKE_L3,P384_Dilithium3,158.518047
P384_BIKE_L3,P384_Dilithium3,155.899958
P384_BIKE_L3,P384_Dilithium3,154.777677
P384_BIKE_L3,P384_Dilithium3,150.423281
P384_BIKE_L3,P384_Dilithium3,151.964242
P384_BIKE_L3,P384_Dilithium3,150.322454
P384_BIKE_L3,P384_Dilithium3,160.574426
P384_BIKE_L3,P384_Dilithium3,150.526012
P384_BIKE_L3,P384_Dilithium3,137.126855
P384_BIKE_L3,P384_Dilithium3,149.680293
P384_BIKE_L3,P384_Dilithium3,142.802231
P384_BIKE_L3,P384_Dilithium3,146.806958
P384_BIKE_L3,P384_Dilithium3,142.563258
P384_BIKE_L3,P384_Dilithium3,154.83261
P384_BIKE_L3,P384_Dilithium3,149.511546
P384_BIKE_L3,P384_Dilithium3,150.898752
P384_BIKE_L3,P384_Dilithium3,145.839603
P384_BIKE_L3,P384_Dilithium3,156.508529
P384_BIKE_L3,P384_Dilithium3,146.239248
P384_BIKE_L3,P384_Dilithium3,151.409999
P384_BIKE_L3,P384_Dilithium3,151.183001
P384_BIKE_L3,P384_Dilithium3,147.102138
P384_BIKE_L3,P384_Dilithium3,157.813554
P384_BIKE_L3,P384_Dilithium3,143.837279
P384_BIKE_L3,P384_Dilithium3,147.845584
P384_BIKE_L3,P384_Dilithium3,143.570526
P384_BIKE_L3,P384_Dilithium3,150.115943
P384_BIKE_L3,P384_Dilithium3,143.899285
P384_BIKE_L3,P384_Dilithium3,148.66041
P384_BIKE_L3,P384_Dilithium3,151.502712
P384_BIKE_L3,P384_Dilithium3,146.186667
P384_BIKE_L3,P384_Dilithium3,156.816129
P384_BIKE_L3,P384_Dilithium3,143.750163
P384_BIKE_L3,P384_Dilithium3,151.160868
P384_BIKE_L3,P384_Dilithium3,142.773044
P384_BIKE_L3,P384_Dilithium3,154.703527
P384_BIKE_L3,P384_Dilithium3,160.834737
P384_BIKE_L3,P384_Dilithium3,141.803473
P384_BIKE_L3,P384_Dilithium3,141.709876
P384_BIKE_L3,P384_Dilithium3,151.928374
P384_BIKE_L3,P384_Dilithium3,151.634754
P384_BIKE_L3,P384_Dilithium3,137.090266
P384_BIKE_L3,P384_Dilithium3,142.111684
P384_BIKE_L3,P384_Dilithium3,150.790455
P384_BIKE_L3,P384_Dilithium3,137.957665
P384_BIKE_L3,P384_Dilithium3,156.777299
P384_BIKE_L3,P384_Dilithium3,142.528199
P384_BIKE_L3,P384_Dilithium3,149.856481
P384_BIKE_L3,P384_Dilithium3,152.587143
P384_BIKE_L3,P384_Dilithium3,139.823949
P384_BIKE_L3,P384_Dilithium3,143.11335
P384_BIKE_L3,P384_Dilithium3,153.633633
P384_BIKE_L3,P384_Dilithium3,156.761178
P384_BIKE_L3,P384_Dilithium3,146.544875
P384_BIKE_L3,P384_Dilithium3,139.489789
P384_BIKE_L3,P384_Dilithium3,142.68007
P384_BIKE_L3,P384_Dilithium3,149.701127
P384_BIKE_L3,P384_Dilithium3,149.807679
P384_BIKE_L3,P384_Dilithium3,159.539106
P384_BIKE_L3,P384_Dilithium3,161.698304
P384_BIKE_L3,P384_Dilithium3,147.009982
P384_BIKE_L3,P384_Dilithium3,150.678161
P384_BIKE_L3,P384_Dilithium3,149.624761
P384_BIKE_L3,P384_Dilithium3,153.111726
P384_BIKE_L3,P384_Dilithium3,144.970324
P384_BIKE_L3,P384_Dilithium3,153.270481
P384_BIKE_L3,P384_Dilithium3,142.368373
P384_BIKE_L3,P384_Dilithium3,145.96908
P384_BIKE_L3,P384_Dilithium3,158.499299
P384_BIKE_L3,P384_Dilithium3,151.615887
P384_BIKE_L3,P384_Dilithium3,141.974884
P384_BIKE_L3,P384_Dilithium3,149.800564
P384_BIKE_L3,P384_Dilithium3,141.10504
P384_BIKE_L3,P384_Dilithium3,147.598724
P384_BIKE_L3,P384_Dilithium3,150.010276
P384_BIKE_L3,P384_Dilithium3,153.070473
P384_BIKE_L3,P384_Dilithium3,159.102504
P384_BIKE_L3,P384_Dilithium3,144.351459
P384_BIKE_L3,P384_Dilithium3,137.262138
P384_BIKE_L3,P384_Dilithium3,146.776953
P384_BIKE_L3,P384_Dilithium3,139.612779
P384_BIKE_L3,P384_Dilithium3,148.739899
P384_BIKE_L3,P384_Dilithium3,152.839486
P384_BIKE_L3,P384_Dilithium3,160.878006
P384_BIKE_L3,P384_Dilithium3,153.613653
P384_BIKE_L3,P384_Dilithium3,138.997753
P384_BIKE_L3,P384_Dilithium3,139.565905
P384_BIKE_L3,P384_Dilithium3,139.408753
P384_BIKE_L3,P384_Dilithium3,148.483025
P384_BIKE_L3,P384_Dilithium3,153.302639
P384_BIKE_L3,P384_Dilithium3,147.789236
P384_BIKE_L3,P384_Dilithium3,148.746763
P384_BIKE_L3,P384_Dilithium3,147.964851
P384_BIKE_L3,P384_Dilithium3,158.263407
P384_BIKE_L3,P384_Dilithium3,149.448909
P384_BIKE_L3,P384_Dilithium3,150.360634
P384_BIKE_L3,P384_Dilithium3,154.701829
P384_BIKE_L3,P384_Dilithium3,150.923516
P384_BIKE_L3,P384_Dilithium3,138.410895
P384_BIKE_L3,P384_Dilithium3,144.830908
P384_BIKE_L3,P384_Dilithium3,153.831496
P384_BIKE_L3,P384_Dilithium3,147.929669
P384_BIKE_L3,P384_Dilithium3,147.375236
P384_BIKE_L3,P384_Dilithium3,156.543282
P384_BIKE_L3,P384_Dilithium3,161.634933
P384_BIKE_L3,P384_Dilithium3,137.574776
P384_BIKE_L3,P384_Dilithium3,144.839442
P384_BIKE_L3,P384_Dilithium3,144.853735
P384_BIKE_L3,P384_Dilithium3,156.539307
P384_BIKE_L3,P384_Dilithium3,151.042007
P384_BIKE_L3,P384_Dilithium3,156.835181
P384_BIKE_L3,P384_Dilithium3,157.562902
P384_BIKE_L3,P384_Dilithium3,154.693827
P384_BIKE_L3,P384_Dilithium3,148.649023
P384_BIKE_L3,P384_Dilithium3,144.577022
P384_BIKE_L3,P384_Dilithium3,145.398092
P384_BIKE_L3,P384_Dilithium3,140.177201
P384_BIKE_L3,P384_Dilithium3,160.097813
P384_BIKE_L3,P384_Dilithium3,143.910855
P384_BIKE_L3,P384_Dilithium3,159.60754
P384_BIKE_L3,P384_Dilithium3,147.566994
P384_BIKE_L3,P384_Dilithium3,146.192347
P384_BIKE_L3,P384_Dilithium3,139.111017
P384_BIKE_L3,P384_Dilithium3,153.807532
P384_BIKE_L3,P384_Dilithium3,143.895784
P384_BIKE_L3,P384_Dilithium3,144.111206
P384_BIKE_L3,P384_Dilithium3,152.503731
P384_BIKE_L3,P384_Dilithium3,155.103503
P384_BIKE_L3,P384_Dilithium3,158.665796
P384_BIKE_L3,P384_Dilithium3,152.623833
P384_BIKE_L3,P384_Dilithium3,139.34159
P384_BIKE_L3,P384_Dilithium3,158.998723
P384_BIKE_L3,P384_Dilithium3,144.884373
P384_BIKE_L3,P384_Dilithium3,143.39716
P384_BIKE_L3,P384_Dilithium3,140.686807
P384_BIKE_L3,P384_Dilithium3,141.430782
P384_BIKE_L3,P384_Dilithium3,147.325431
P384_BIKE_L3,P384_Dilithium3,149.299906
P384_BIKE_L3,P384_Dilithium3,152.014997
P384_BIKE_L3,P384_Dilithium3,154.352977
P384_BIKE_L3,P384_Dilithium3,143.496844
P384_BIKE_L3,P384_Dilithium3,139.496972
P384_BIKE_L3,P384_Dilithium3,153.672134
P384_BIKE_L3,P384_Dilithium3,152.008531
P384_BIKE_L3,P384_Dilithium3,149.884366
P384_BIKE_L3,P384_Dilithium3,150.041021
P384_BIKE_L3,P384_Dilithium3,142.003537
P384_BIKE_L3,P384_Dilithium3,142.745823
P384_BIKE_L3,P384_Dilithium3,158.857753
P384_BIKE_L3,P384_Dilithium3,146.844072
P384_BIKE_L3,P384_Dilithium3,157.739077
P384_BIKE_L3,P384_Dilithium3,157.568921
P384_BIKE_L3,P384_Dilithium3,143.90517
P384_BIKE_L3,P384_Dilithium3,150.709295
P384_BIKE_L3,P384_Dilithium3,150.541527
P384_BIKE_L3,P384_Dilithium3,142.578657
P384_BIKE_L3,P384_Dilithium3,152.248183
P384_BIKE_L3,P384_Dilithium3,155.018521
P384_BIKE_L3,P384_Dilithium3,142.074612
P384_BIKE_L3,P384_Dilithium3,155.828326
P384_BIKE_L3,P384_Dilithium3,149.581459
P384_BIKE_L3,P384_Dilithium3,150.6523
P384_BIKE_L3,P384_Dilithium3,148.806627
P384_BIKE_L3,P384_Dilithium3,153.001004
P384_BIKE_L3,P384_Dilithium3,151.997582
P384_BIKE_L3,P384_Dilithium3,147.135528
P384_BIKE_L3,P384_Dilithium3,144.401646
P384_BIKE_L3,P384_Dilithium3,153.620082
P384_BIKE_L3,P384_Dilithium3,146.970913
P384_BIKE_L3,P384_Dilithium3,152.387756
P384_BIKE_L3,P384_Dilithium3,143.846762
P384_BIKE_L3,P384_Dilithium3,151.322222
P384_BIKE_L3,P384_Dilithium3,146.496232
P384_BIKE_L3,P384_Dilithium3,139.028943
P384_BIKE_L3,P384_Dilithium3,151.052556
P384_BIKE_L3,P384_Dilithium3,159.106114
P384_BIKE_L3,P384_Dilithium3,149.309001
P384_BIKE_L3,P384_Dilithium3,143.505562
P384_BIKE_L3,P384_Dilithium3,148.327704
P384_BIKE_L3,P384_Dilithium3,147.587414
P384_BIKE_L3,P384_Dilithium3,154.158765
P384_BIKE_L3,P384_Dilithium3,149.981773
P384_BIKE_L3,P384_Dilithium3,137.229211
P384_BIKE_L3,P384_Dilithium3,142.037248
P384_BIKE_L3,P384_Dilithium3,144.414364
P384_BIKE_L3,P384_Dilithium3,144.377642
P384_BIKE_L3,P384_Dilithium3,145.014369
P384_BIKE_L3,P384_Dilithium3,139.510156
P384_BIKE_L3,P384_Dilithium3,140.947981
P384_BIKE_L3,P384_Dilithium3,148.102583
P521_HQC_256,P521_Dilithium5,257.931124
P521_HQC_256,P521_Dilithium5,256.864879
P521_HQC_256,P521_Dilithium5,271.218043
P521_HQC_256,P521_Dilithium5,268.490047
P521_HQC_256,P521_Dilithium5,267.016283
P521_HQC_256,P521_Dilithium5,259.667455
P521_HQC_256,P521_Dilithium5,258.782149
P521_HQC_256,P521_Dilithium5,264.529175
P521_HQC_256,P521_Dilithium5,263.021644
P521_HQC_256,P521_Dilithium5,261.347399
P521_HQC_256,P521_Dilithium5,264.398101
P521_HQC_256,P521_Dilithium5,275.10006
P521_HQC_256,P521_Dilithium5,260.18978
P521_HQC_256,P521_Dilithium5,262.599951
P521_HQC_256,P521_Dilithium5,262.106836
P521_HQC_256,P521_Dilithium5,268.547934
P521_HQC_256,P521_Dilithium5,261.862753
P521_HQC_256,P521_Dilithium5,265.360973
P521_HQC_256,P521_Dilithium5,262.734962
P521_HQC_256,P521_Dilithium5,250.801782
P521_HQC_256,P521_Dilithium5,266.877776
P521_HQC_256,P521_Dilithium5,266.636056
P521_HQC_256,P521_Dilithium5,252.987518
P521_HQC_256,P521_Dilithium5,255.411582
P521_HQC_256,P521_Dilithium5,260.960254
P521_HQC_256,P521_Dilithium5,253.932155
P521_HQC_256,P521_Dilithium5,269.455023
P521_HQC_256,P521_Dilithium5,254.404018
P521_HQC_256,P521_Dilithium5,265.571673
P521_HQC_256,P521_Dilithium5,267.465027
P521_HQC_256,P521_Dilithium5,252.787402
P521_HQC_256,P521_Dilithium5,261.278867
P521_HQC_256,P521_Dilithium5,255.897511
P521_HQC_256,P521_Dilithium5,275.313453
P521_HQC_256,P521_Dilithium5,256.368922
P521_HQC_256,P521_Dilithium5,262.342916
P521_HQC_256,P521_Dilithium5,259.522025
P521_HQC_256,P521_Dilithium5,266.318531
P521_HQC_256,P521_Dilithium5,264.116229
P521_HQC_256,P521_Dilithium5,279.17821
P521_HQC_256,P521_Dilithium5,256.52657
P521_HQC_256,P521_Dilithium5,264.28771
P521_HQC_256,P521_Dilithium5,256.896392
P521_HQC_256,P521_Dilithium5,270.314677
P521_HQC_256,P521_Dilithium5,256.97103
P521_HQC_256,P521_Dilithium5,260.930517
P521_HQC_256,P521_Dilithium5,266.114667
P521_HQC_256,P521_Dilithium5,272.271834
P521_HQC_256,P521_Dilithium5,264.030436
P521_HQC_256,P521_Dilithium5,260.846195
P521_HQC_256,P521_Dilithium5,257.200378
P521_HQC_256,P521_Dilithium5,252.863651
P521_HQC_256,P521_Dilithium5,269.279897
P521_HQC_256,P521_Dilithium5,262.308435
P521_HQC_256,P521_Dilithium5,266.835773
P521_HQC_256,P521_Dilithium5,252.040883
P521_HQC_256,P521_Dilithium5,263.598234
P521_HQC_256,P521_Dilithium5,271.272565
P521_HQC_256,P521_Dilithium5,265.416287
P521_HQC_256,P521_Dilithium5,263.309385
P521_HQC_256,P521_Dilithium5,264.951364
P521_HQC_256,P521_Dilithium5,256.772879
P521_HQC_256,P521_Dilithium5,261.194208
P521_HQC_256,P521_Dilithium5,257.973583
P521_HQC_256,P521_Dilithium5,261.249837
P521_HQC_256,P521_Dilithium5,268.703801
P521_HQC_256,P521_Dilithium5,253.916499
P521_HQC_256,P521_Dilithium5,261.298411
P521_HQC_256,P521_Dilithium5,254.15127
P521_HQC_256,P521_Dilithium5,271.774248
P521_HQC_256,P521_Dilithium5,260.134591
P521_HQC_256,P521_Dilithium5,267.912135
P521_HQC_256,P521_Dilithium5,254.568736
P521_HQC_256,P521_Dilithium5,255.971991
P521_HQC_256,P521_Dilithium5,264.617018
P521_HQC_256,P521_Dilithium5,256.887232
P521_HQC_256,P521_Dilithium5,255.524187
P521_HQC_256,P521_Dilithium5,259.206509
P521_HQC_256,P521_Dilithium5,263.239305
P521_HQC_256,P521_Dilithium5,273.567902
P521_HQC_256,P521_Dilithium5,265.320717
P521_HQC_256,P521_Dilithium5,271.906878
P521_HQC_256,P521_Dilithium5,261.061795
P521_HQC_256,P521_Dilithium5,257.826106
P521_HQC_256,P521_Dilithium5,259.629153
P521_HQC_256,P521_Dilithium5,272.143152
P521_HQC_256,P521_Dilithium5,261.404175
P521_HQC_256,P521_Dilithium5,261.588367
P521_HQC_256,P521_Dilithium5,255.61933
P521_HQC_256,P521_Dilithium5,265.150665
P521_HQC_256,P521_Dilithium5,272.748098
P521_HQC_256,P521_Dilithium5,265.150877
P521_HQC_256,P521_Dilithium5,264.082788
P521_HQC_256,P521_Dilithium5,261.74453
P521_HQC_256,P521_Dilithium5,264.021245
P521_HQC_256,P521_Dilithium5,257.985656
P521_HQC_256,P521_Dilithium5,262.516916
P521_HQC_256,P521_Dilithium5,256.625654
P521_HQC_256,P521_Dilithium5,264.581769
P521_HQC_256,P521_Dilithium5,264.93249
P521_HQC_256,P521_Dilithium5,268.513095
P521_HQC_256,P521_Dilithium5,254.395025
P521_HQC_256,P521_Dilithium5,258.748975
P521_HQC_256,P521_Dilithium5,268.642686
P521_HQC_256,P521_Dilithium5,258.153623
P521_HQC_256,P521_Dilithium5,264.836763
P521_HQC_256,P521_Dilithium5,267.256889
P521_HQC_256,P521_Dilithium5,269.102076
P521_HQC_256,P521_Dilithium5,264.019922
P521_HQC_256,P521_Dilithium5,268.679891
P521_HQC_256,P521_Dilithium5,259.814753
P521_HQC_256,P521_Dilithium5,259.831368
P521_HQC_256,P521_Dilithium5,262.409018
P521_HQC_256,P521_Dilithium5,262.20145
P521_HQC_256,P521_Dilithium5,259.087895
P521_HQC_256,P521_Dilithium5,260.61469
P521_HQC_256,P521_Dilithium5,255.263815
P521_HQC_256,P521_Dilithium5,253.653825
P521_HQC_256,P521_Dilithium5,257.280177
P521_HQC_256,P521_Dilithium5,265.180974
P521_HQC_256,P521_Dilithium5,257.24432
P521_HQC_256,P521_Dilithium5,268.765907
P521_HQC_256,P521_Dilithium5,273.911882
P521_HQC_256,P521_Dilithium5,256.842709
P521_HQC_256,P521_Dilithium5,252.068526
P521_HQC_256,P521_Dilithium5,260.090955
P521_HQC_256,P521_Dilithium5,261.040509
P521_HQC_256,P521_Dilithium5,269.173265
P521_HQC_256,P521_Dilithium5,267.14798
P521_HQC_256,P521_Dilithium5,261.553175
P521_HQC_256,P521_Dilithium5,257.619414
P521_HQC_256,P521_Dilithium5,262.652823
P521_HQC_256,P521_Dilithium5,271.09288
P521_HQC_256,P521_Dilithium5,265.489714
P521_HQC_256,P521_Dilithium5,249.993919
P521_HQC_256,P521_Dilithium5,268.533736
P521_HQC_256,P521_Dilithium5,262.801039
P521_HQC_256,P521_Dilithium5,258.065295
P521_HQC_256,P521_Dilithium5,260.093427
P521_HQC_256,P521_Dilithium5,262.207697
P521_HQC_256,P521_Dilithium5,259.197148
P521_HQC_256,P521_Dilithium5,261.729654
P521_HQC_256,P521_Dilithium5,267.839959
P521_HQC_256,P521_Dilithium5,264.004837
P521_HQC_256,P521_Dilithium5,266.244856
P521_HQC_256,P521_Dilithium5,263.5869
P521_HQC_256,P521_Dilithium5,261.145603
P521_HQC_256,P521_Dilithium5,258.63973
P521_HQC_256,P521_Dilithium5,263.125705
P521_HQC_256,P521_Dilithium5,264.344036
P521_HQC_256,P521_Dilithium5,268.610006
P521_HQC_256,P521_Dilithium5,265.902397
P521_HQC_256,P521_Dilithium5,259.314203
P521_HQC_256,P521_Dilithium5,267.615258
P521_HQC_256,P521_Dilithium5,266.998388
P521_HQC_256,P521_Dilithium5,260.458489
P521_HQC_256,P521_Dilithium5,256.366818
P521_HQC_256,P521_Dilithium5,262.150107
P521_HQC_256,P521_Dilithium5,258.855166
P521_HQC_256,P521_Dilithium5,262.170747
P521_HQC_256,P521_Dilithium5,263.5136
P521_HQC_256,P521_Dilithium5,263.640034
P521_HQC_256,P521_Dilithium5,251.879525
P521_HQC_256,P521_Dilithium5,250.204418
P521_HQC_256,P521_Dilithium5,262.332759
P521_HQC_256,P521_Dilithium5,265.286075
P521_HQC_256,P521_Dilithium5,252.826339
P521_HQC_256,P521_Dilithium5,258.162289
P521_HQC_256,P521_Dilithium5,264.879236
P521_HQC_256,P521_Dilithium5,270.532855
P521_HQC_256,P521_Dilithium5,256.898849
P521_HQC_256,P521_Dilithium5,256.765708
P521_HQC_256,P521_Dilithium5,257.520351
P521_HQC_256,P521_Dilithium5,265.022723
P521_HQC_256,P521_Dilithium5,253.724844
P521_HQC_256,P521_Dilithium5,267.09691
P521_HQC_256,P521_Dilithium5,265.852543
P521_HQC_256,P521_Dilithium5,271.163787
P521_HQC_256,P521_Dilithium5,253.213745
P521_HQC_256,P521_Dilithium5,255.98044
P521_HQC_256,P521_Dilithium5,253.959291
P521_HQC_256,P521_Dilithium5,253.273945
P521_HQC_256,P521_Dilithium5,254.193355
P521_HQC_256,P521_Dilithium5,260.992794
P521_HQC_256,P521_Dilithium5,262.004961
P521_HQC_256,P521_Dilithium5,256.861704
P521_HQC_256,P521_Dilithium5,265.659228
P521_HQC_256,P521_Dilithium5,253.489305
P521_HQC_256,P521_Dilithium5,259.298042
P521_HQC_256,P521_Dilithium5,264.241681
P521_HQC_256,P521_Dilithium5,261.943615
P521_HQC_256,P521_Dilithium5,269.525717
P521_HQC_256,P521_Dilithium5,259.103813
P521_HQC_256,P521_Dilithium5,258.3007
P521_HQC_256,P521_Dilithium5,263.07409
P521_HQC_256,P521_Dilithium5,255.336741
P521_HQC_256,P521_Dilithium5,264.791998
P521_HQC_256,P521_Dilithium5,272.393561
P521_HQC_256,P521_Dilithium5,258.130105
P521_HQC_256,P521_Dilithium5,251.279895
P521_HQC_256,P521_Dilithium5,260.1379
P521_HQC_256,P521_Dilithium5,256.648001
P521_HQC_256,P521_Dilithium5,253.805588
P521_HQC_256,P521_Dilithium5,268.476676
P521_HQC_256,P521_Dilithium5,264.635144
P521_HQC_256,P521_Dilithium5,274.001581
P521_HQC_256,P521_Dilithium5,258.101556
P521_HQC_256,P521_Dilithium5,259.667234
P521_HQC_256,P521_Dilithium5,259.819745
P521_HQC_256,P521_Dilithium5,255.770798
P521_HQC_256,P521_Dilithium5,256.728269
P521_HQC_256,P521_Dilithium5,257.25523
P521_HQC_256,P521_Dilithium5,256.465307
P521_HQC_256,P521_Dilithium5,268.085399
P521_HQC_256,P521_Dilithium5,261.814724
P521_HQC_256,P521_Dilithium5,264.772609
P521_HQC_256,P521_Dilithium5,267.795578
P521_HQC_256,P521_Dilithium5,258.548051
P521_HQC_256,P521_Dilithium5,259.897297
P521_HQC_256,P521_Dilithium5,264.267405
P521_HQC_256,P521_Dilithium5,265.317614
P521_HQC_256,P521_Dilithium5,269.138204
P521_HQC_256,P521_Dilithium5,262.023749
P521_HQC_256,P521_Dilithium5,263.961624
P521_HQC_256,P521_Dilithium5,261.273976
P521_HQC_256,P521_Dilithium5,252.279118
P521_HQC_256,P521_Dilithium5,271.128177
P521_HQC_256,P521_Dilithium5,256.817295
P521_HQC_256,P521_Dilithium5,258.766513
P521_HQC_256,P521_Dilithium5,260.443578
P521_HQC_256,P521_Dilithium5,257.496854
P521_HQC_256,P521_Dilithium5,274.140584
P521_HQC_256,P521_Dilithium5,256.725518
P521_HQC_256,P521_Dilithium5,264.641041
P521_HQC_256,P521_Dilithium5,253.494491
P521_HQC_256,P521_Dilithium5,252.501093
P521_HQC_256,P521_Dilithium5,262.976067
P521_HQC_256,P521_Dilithium5,265.084554
P521_HQC_256,P521_Dilithium5,267.312259
P521_HQC_256,P521_Dilithium5,256.141
P521_HQC_256,P521_Dilithium5,258.32153
P521_HQC_256,P521_Dilithium5,257.591472
P521_HQC_256,P521_Dilithium5,270.334682
P521_HQC_256,P521_Dilithium5,268.277247
P521_HQC_256,P521_Dilithium5,278.406451
P521_HQC_256,P521_Dilithium5,253.950544
P521_HQC_256,P521_Dilithium5,258.884945
P521_HQC_256,P521_Dilithium5,264.007098
P521_HQC_256,P521_Dilithium5,273.145967
P521_HQC_256,P521_Dilithium5,258.470544
P521_HQC_256,P521_Dilithium5,253.46363
P521_HQC_256,P521_Dilithium5,266.12934
P521_HQC_256,P521_Dilithium5,258.175123
P521_HQC_256,P521_Dilithium5,266.124611
P521_HQC_256,P521_Dilithium5,272.123431
P521_HQC_256,P521_Dilithium5,272.695876
P521_HQC_256,P521_Dilithium5,261.90375
P521_HQC_256,P521_Dilithium5,257.091595
P521_HQC_256,P521_Dilithium5,266.45079
P521_HQC_256,P521_Dilithium5,260.36159
P521_HQC_256,P521_Dilithium5,264.773845
P521_HQC_256,P521_Dilithium5,258.51801
P521_HQC_256,P521_Dilithium5,266.759543
P521_HQC_256,P521_Dilithium5,263.260175
P521_HQC_256,P521_Dilithium5,266.497715
P521_HQC_256,P521_Dilithium5,257.179895
P521_HQC_256,P521_Dilithium5,274.718949
P521_HQC_256,P521_Dilithium5,254.132373
P521_HQC_256,P521_Dilithium5,266.921647
P521_HQC_256,P521_Dilithium5,259.288865
P521_HQC_256,P521_Dilithium5,264.185468
P521_HQC_256,P521_Dilithium5,263.663225
P521_HQC_256,P521_Dilithium5,254.695089
P521_HQC_256,P521_Dilithium5,253.490031
P521_HQC_256,P521_Dilithium5,260.328837
P521_HQC_256,P521_Dilithium5,258.639835
P521_HQC_256,P521_Dilithium5,269.582179
P521_HQC_256,P521_Dilithium5,260.71901
P521_HQC_256,P521_Dilithium5,267.968586
P521_HQC_256,P521_Dilithium5,257.894307
P521_HQC_256,P521_Dilithium5,256.314745
P521_HQC_256,P521_Dilithium5,258.283874
P521_HQC_256,P521_Dilithium5,254.442757
P521_HQC_256,P521_Dilithium5,261.362962
P521_HQC_256,P521_Dilithium5,255.428948
P521_HQC_256,P521_Dilithium5,265.427736
P521_HQC_256,P521_Dilithium5,267.55891
P521_HQC_256,P521_Dilithium5,260.395037
P521_HQC_256,P521_Dilithium5,270.191671
P521_HQC_256,P521_Dilithium5,262.334998
P521_HQC_256,P521_Dilithium5,265.179322
P521_HQC_256,P521_Dilithium5,253.689782
P521_HQC_256,P521_Dilithium5,265.41987
P521_HQC_256,P521_Dilithium5,256.591633
P521_HQC_256,P521_Dilithium5,260.273932
P521_HQC_256,P521_Dilithium5,256.264924
P521_HQC_256,P521_Dilithium5,258.416727
P521_HQC_256,P521_Dilithium5,265.901263
P521_HQC_256,P521_Dilithium5,265.957148
P521_HQC_256,P521_Dilithium5,258.309641
P521_HQC_256,P521_Dilithium5,267.583868
P521_HQC_256,P521_Dilithium5,265.606639
P521_HQC_256,P521_Dilithium5,262.278591
P521_HQC_256,P521_Dilithium5,264.324326
P521_HQC_256,P521_Dilithium5,265.0948
P521_HQC_256,P521_Dilithium5,266.87427
P521_HQC_256,P521_Dilithium5,255.422853
P521_HQC_256,P521_Dilithium5,264.294646
P521_HQC_256,P521_Dilithium5,254.070283
P521_HQC_256,P521_Dilithium5,263.806892
P521_HQC_256,P521_Dilithium5,262.423126
P521_HQC_256,P521_Dilithium5,269.344322
P521_HQC_256,P521_Dilithium5,277.729403
P521_HQC_256,P521_Dilithium5,253.42115
P521_HQC_256,P521_Dilithium5,265.944626
P521_HQC_256,P521_Dilithium5,260.880765
P521_HQC_256,P521_Dilithium5,254.795171
P521_HQC_256,P521_Dilithium5,266.587423
P521_HQC_256,P521_Dilithium5,263.639521
P521_HQC_256,P521_Dilithium5,259.596073
P521_HQC_256,P521_Dilithium5,265.931792
P521_HQC_256,P521_Dilithium5,258.362473
P521_HQC_256,P521_Dilithium5,261.87246
P521_HQC_256,P521_Dilithium5,263.653316
P521_HQC_256,P521_Dilithium5,254.314464
P521_HQC_256,P521_Dilithium5,263.096651
P521_HQC_256,P521_Dilithium5,254.327348
P521_HQC_256,P521_Dilithium5,257.117566
P521_HQC_256,P521_Dilithium5,259.402086
P521_HQC_256,P521_Dilithium5,259.009013
P521_HQC_256,P521_Dilithium5,263.381693
P521_HQC_256,P521_Dilithium5,267.348509
P521_HQC_256,P521_Dilithium5,259.692045
P521_HQC_256,P521_Dilithium5,263.87839
P521_HQC_256,P521_Dilithium5,266.235451
P521_HQC_256,P521_Dilithium5,262.014473
P521_HQC_256,P521_Dilithium5,252.311383
P521_HQC_256,P521_Dilithium5,255.111758
P521_HQC_256,P521_Dilithium5,271.600726
P521_HQC_256,P521_Dilithium5,256.169597
P521_HQC_256,P521_Dilithium5,252.745834
P521_HQC_256,P521_Dilithium5,263.784719
P521_HQC_256,P521_Dilithium5,257.817726
P521_HQC_256,P521_Dilithium5,257.036915
P521_HQC_256,P521_Dilithium5,263.386243
P521_HQC_256,P521_Dilithium5,253.210421
P521_HQC_256,P521_Dilithium5,256.563231
P521_HQC_256,P521_Dilithium5,260.668842
P521_HQC_256,P521_Dilithium5,259.941007
P521_HQC_256,P521_Dilithium5,256.443826
P521_HQC_256,P521_Dilithium5,257.046855
P521_HQC_256,P521_Dilithium5,270.284562
P521_HQC_256,P521_Dilithium5,251.578589
P521_HQC_256,P521_Dilithium5,267.575454
P521_HQC_256,P521_Dilithium5,274.024108
P521_HQC_256,P521_Dilithium5,254.393928
P521_HQC_256,P521_Dilithium5,255.633094
P521_HQC_256,P521_Dilithium5,260.18352
P521_HQC_256,P521_Dilithium5,263.581062
P521_HQC_256,P521_Dilithium5,265.573127
P521_HQC_256,P521_Dilithium5,258.536924
P521_HQC_256,P521_Dilithium5,263.375082
P521_HQC_256,P521_Dilithium5,256.404662
P521_HQC_256,P521_Dilithium5,265.091345
P521_HQC_256,P521_Dilithium5,265.888315
P521_HQC_256,P521_Dilithium5,260.828569
P521_HQC_256,P521_Dilithium5,255.440019
P521_HQC_256,P521_Dilithium5,254.094115
P521_HQC_256,P521_Dilithium5,273.977557
P521_HQC_256,P521_Dilithium5,273.083815
P521_HQC_256,P521_Dilithium5,269.638538
P521_HQC_256,P521_Dilithium5,261.786827
P521_HQC_256,P521_Dilithium5,254.802178
P521_HQC_256,P521_Dilithium5,266.963653
P521_HQC_256,P521_Dilithium5,272.924297
P521_HQC_256,P521_Dilithium5,262.382312
P521_HQC_256,P521_Dilithium5,267.123831
P521_HQC_256,P521_Dilithium5,260.097665
P521_HQC_256,P521_Dilithium5,263.689813
P521_HQC_256,P521_Dilithium5,260.710236
P521_HQC_256,P521_Dilithium5,263.132869
P521_HQC_256,P521_Dilithium5,270.792969
P521_HQC_256,P521_Dilithium5,252.981193
P521_HQC_256,P521_Dilithium5,268.209174
P521_HQC_256,P521_Dilithium5,258.331957
P521_HQC_256,P521_Dilithium5,256.000729
P521_HQC_256,P521_Dilithium5,253.854191
P521_HQC_256,P521_Dilithium5,255.683748
P521_HQC_256,P521_Dilithium5,263.994216
P521_HQC_256,P521_Dilithium5,266.087965
P521_HQC_256,P521_Dilithium5,256.670164
P521_HQC_256,P521_Dilithium5,262.155399
P521_HQC_256,P521_Dilithium5,267.682544
P521_HQC_256,P521_Dilithium5,275.66521
P521_HQC_256,P521_Dilithium5,252.183053
P521_HQC_256,P521_Dilithium5,262.473751
P521_HQC_256,P521_Dilithium5,262.99133
P521_HQC_256,P521_Dilithium5,261.385513
P521_HQC_256,P521_Dilithium5,260.093848
P521_HQC_256,P521_Dilithium5,261.291919
P521_HQC_256,P521_Dilithium5,258.89862
P521_HQC_256,P521_Dilithium5,260.254154
P521_HQC_256,P521_Dilithium5,260.121467
P521_HQC_256,P521_Dilithium5,252.051065
P521_HQC_256,P521_Dilithium5,271.912331
P521_HQC_256,P521_Dilithium5,259.202076
P521_HQC_256,P521_Dilithium5,269.191841
P521_HQC_256,P521_Dilithium5,269.889707
P521_HQC_256,P521_Dilithium5,268.118124
P521_HQC_256,P521_Dilithium5,253.680825
P521_HQC_256,P521_Dilithium5,260.907845
P521_HQC_256,P521_Dilithium5,261.448128
P521_HQC_256,P521_Dilithium5,265.905732
P521_HQC_256,P521_Dilithium5,255.30483
P521_HQC_256,P521_Dilithium5,260.454008
P521_HQC_256,P521_Dilithium5,269.840339
P521_HQC_256,P521_Dilithium5,261.575504
P521_HQC_256,P521_Dilithium5,261.566535
P521_HQC_256,P521_Dilithium5,254.266191
P521_HQC_256,P521_Dilithium5,271.430478
P521_HQC_256,P521_Dilithium5,255.720625
P521_HQC_256,P521_Dilithium5,270.568351
P521_HQC_256,P521_Dilithium5,265.089909
P521_HQC_256,P521_Dilithium5,263.553815
P521_HQC_256,P521_Dilithium5,267.328763
P521_HQC_256,P521_Dilithium5,257.899924
P521_HQC_256,P521_Dilithium5,263.192597
P521_HQC_256,P521_Dilithium5,265.407159
P521_HQC_256,P521_Dilithium5,274.951679
P521_HQC_256,P521_Dilithium5,271.554717
P521_HQC_256,P521_Dilithium5,261.338541
P521_HQC_256,P521_Dilithium5,262.986259
P521_HQC_256,P521_Dilithium5,251.800669
P521_HQC_256,P521_Dilithium5,267.215145
P521_HQC_256,P521_Dilithium5,274.134639
P521_HQC_256,P521_Dilithium5,262.774213
P521_HQC_256,P521_Dilithium5,262.770826
P521_HQC_256,P521_Dilithium5,274.2637
P521_HQC_256,P521_Dilithium5,264.960269
P521_HQC_256,P521_Dilithium5,263.856272
P521_HQC_256,P521_Dilithium5,263.318529
P521_HQC_256,P521_Dilithium5,257.925074
P521_HQC_256,P521_Dilithium5,262.621466
P521_HQC_256,P521_Dilithium5,269.800654
P521_HQC_256,P521_Dilithium5,264.635097
P521_HQC_256,P521_Dilithium5,272.636262
P521_HQC_256,P521_Dilithium5,263.370798
P521_HQC_256,P521_Dilithium5,259.313934
P521_HQC_256,P521_Dilithium5,261.158652
P521_HQC_256,P521_Dilithium5,266.400625
P521_HQC_256,P521_Dilithium5,262.590925
P521_HQC_256,P521_Dilithium5,262.442212
P521_HQC_256,P521_Dilithium5,270.091784
P521_HQC_256,P521_Dilithium5,256.729381
P521_HQC_256,P521_Dilithium5,270.255436
P521_HQC_256,P521_Dilithium5,256.025459
P521_HQC_256,P521_Dilithium5,264.528789
P521_HQC_256,P521_Dilithium5,256.402077
P521_HQC_256,P521_Dilithium5,253.714363
P521_HQC_256,P521_Dilithium5,259.463443
P521_HQC_256,P521_Dilithium5,264.891169
P521_HQC_256,P521_Dilithium5,256.408815
P521_HQC_256,P521_Dilithium5,260.016646
P521_HQC_256,P521_Dilithium5,273.457195
P521_HQC_256,P521_Dilithium5,263.366969
P521_HQC_256,P521_Dilithium5,259.277692
P521_HQC_256,P521_Dilithium5,262.7157
P521_HQC_256,P521_Dilithium5,266.596795
P521_HQC_256,P521_Dilithium5,267.74147
P521_HQC_256,P521_Dilithium5,273.080241
P521_HQC_256,P521_Dilithium5,265.527477
P521_HQC_256,P521_Dilithium5,251.72569
P521_HQC_256,P521_Dilithium5,273.23817
P521_HQC_256,P521_Dilithium5,256.829791
P521_HQC_256,P521_Dilithium5,267.292965
P521_HQC_256,P521_Dilithium5,256.638761
P521_HQC_256,P521_Dilithium5,259.535514
P521_HQC_256,P521_Dilithium5,265.630387
P521_HQC_256,P521_Dilithium5,258.278401
P521_HQC_256,P521_Dilithium5,270.711138
P521_HQC_256,P521_Dilithium5,265.889013
P521_HQC_256,P521_Dilithium5,267.854062
P521_HQC_256,P521_Dilithium5,263.298045
P521_HQC_256,P521_Dilithium5,258.559877
P521_HQC_256,P521_Dilithium5,249.703578
P521_HQC_256,P521_Dilithium5,261.316099
P521_HQC_256,P521_Dilithium5,270.410991
P521_HQC_256,P521_Dilithium5,255.480179
P521_HQC_256,P521_Dilithium5,256.607348
P521_HQC_256,P521_Dilithium5,261.334716
P521_HQC_256,P521_Dilithium5,264.53136
P521_HQC_256,P521_Dilithium5,260.34967
P521_HQC_256,P521_Dilithium5,261.126079
P521_HQC_256,P521_Dilithium5,267.136327
P521_HQC_256,P521_Dilithium5,271.664554
P521_HQC_256,P521_Dilithium5,259.673337
P521_HQC_256,P521_Dilithium5,264.252427
P521_HQC_256,P521_Dilithium5,269.641783
P521_HQC_256,P521_Dilithium5,254.787663
P521_HQC_256,P521_Dilithium5,263.281739
P521_HQC_256,P521_Dilithium5,264.41755
P521_HQC_256,P521_Dilithium5,257.629595
P521_HQC_256,P521_Dilithium5,260.788
P521_HQC_256,P521_Dilithium5,273.574346
P521_HQC_256,P521_Dilithium5,263.398474
P521_HQC_256,P521_Dilithium5,266.396432
P521_HQC_256,P521_Dilithium5,256.793032
P521_HQC_256,P521_Dilithium5,263.733927
P521_HQC_256,P521_Dilithium5,263.426372
P521_HQC_256,P521_Dilithium5,259.967163
P521_HQC_256,P521_Dilithium5,262.05947
P521_HQC_256,P521_Dilithium5,265.73676
P521_HQC_256,P521_Dilithium5,265.983733
P521_HQC_256,P521_Dilithium5,269.210981
P521_HQC_256,P521_Dilithium5,256.828821
P521_HQC_256,P521_Dilithium5,266.481165
P521_HQC_256,P521_Dilithium5,266.91787
P521_HQC_256,P521_Dilithium5,253.233978
P521_HQC_256,P521_Dilithium5,268.362639
P521_HQC_256,P521_Dilithium5,266.398047
P521_HQC_256,P521_Dilithium5,255.708236
P521_HQC_256,P521_Dilithium5,265.731305
P521_HQC_256,P521_Dilithium5,264.59356
P521_HQC_256,P521_Dilithium5,265.125964
P521_HQC_256,P521_Dilithium5,262.375816
P521_HQC_256,P521_Dilithium5,267.33714
P521_HQC_256,P521_Dilithium5,261.650582
P521_HQC_256,P521_Dilithium5,260.737187
P521_HQC_256,P521_Dilithium5,259.587634
P521_HQC_256,P521_Dilithium5,255.429916
P521_HQC_256,P521_Dilithium5,257.176645
P521_HQC_256,P521_Dilithium5,266.208998
P521_HQC_256,P521_Dilithium5,265.234518
P521_HQC_256,P521_Dilithium5,253.253001
P521_HQC_256,P521_Dilithium5,265.54028
P521_HQC_256,P521_Dilithium5,260.75947
P521_HQC_256,P521_Dilithium5,272.500455
P521_HQC_256,P521_Dilithium5,263.477307
P521_HQC_256,P521_Dilithium5,274.605273
P521_HQC_256,P521_Dilithium5,262.614212
P521_HQC_256,P521_Dilithium5,272.622503
P521_HQC_256,P521_Dilithium5,258.77074
P521_HQC_256,P521_Dilithium5,264.113482
P521_HQC_256,P521_Dilithium5,268.333256
P521_HQC_256,P521_Dilithium5,264.096804
P521_HQC_256,P521_Dilithium5,266.660935
P521_HQC_256,P521_Dilithium5,259.979966
P521_HQC_256,P521_Dilithium5,263.472464
P521_HQC_256,P521_Dilithium5,273.461154
P521_HQC_256,P521_Dilithium5,261.973116
P521_HQC_256,P521_Dilithium5,263.349258
P521_HQC_256,P521_Dilithium5,263.218094
P521_HQC_256,P521_Dilithium5,265.543049
P521_HQC_256,P521_Dilithium5,267.662682
P521_HQC_256,P521_Dilithium5,263.819012
P521_HQC_256,P521_Dilithium5,264.532576
P521_HQC_256,P521_Dilithium5,258.175539
P521_HQC_256,P521_Dilithium5,259.861524
P521_HQC_256,P521_Dilithium5,264.840407
P521_HQC_256,P521_Dilithium5,260.251734
P521_HQC_256,P521_Dilithium5,254.28786
P521_HQC_256,P521_Dilithium5,264.554625
P521_HQC_256,P521_Dilithium5,258.38367
P521_HQC_256,P521_Dilithium5,264.621723
P521_HQC_256,P521_Dilithium5,255.912226
P521_HQC_256,P521_Dilithium5,264.94318
P521_HQC_256,P521_Dilithium5,256.0258
P521_HQC_256,P521_Dilithium5,270.13651
P521_HQC_256,P521_Dilithium5,256.338498
P521_HQC_256,P521_Dilithium5,255.286323
P521_HQC_256,P521_Dilithium5,266.080558
P521_HQC_256,P521_Dilithium5,265.210663
P521_HQC_256,P521_Dilithium5,264.432194
P521_HQC_256,P521_Dilithium5,261.685515
P521_HQC_256,P521_Dilithium5,253.751166
P521_HQC_256,P521_Dilithium5,258.1376
P521_HQC_256,P521_Dilithium5,257.009174
P521_HQC_256,P521_Dilithium5,252.096604
P521_HQC_256,P521_Dilithium5,264.310105
P521_HQC_256,P521_Dilithium5,271.623714
P521_HQC_256,P521_Dilithium5,262.442049
P521_HQC_256,P521_Dilithium5,260.251644
P521_HQC_256,P521_Dilithium5,263.666867
P521_HQC_256,P521_Dilithium5,252.869881
P521_HQC_256,P521_Dilithium5,263.653544
P521_HQC_256,P521_Dilithium5,259.989775
P521_HQC_256,P521_Dilithium5,271.060525
P521_HQC_256,P521_Dilithium5,257.150542
P521_HQC_256,P521_Dilithium5,264.233793
P521_HQC_256,P521_Dilithium5,267.937022
P521_HQC_256,P521_Dilithium5,256.99959
P521_HQC_256,P521_Dilithium5,265.79711
P521_HQC_256,P521_Dilithium5,257.365799
P521_HQC_256,P521_Dilithium5,252.359207
P521_HQC_256,P521_Dilithium5,259.974594
P521_HQC_256,P521_Dilithium5,250.734965
P521_HQC_256,P521_Dilithium5,266.823662
P521_HQC_256,P521_Dilithium5,257.754054
P521_HQC_256,P521_Dilithium5,264.110276
P521_HQC_256,P521_Dilithium5,255.354293
P521_HQC_256,P521_Dilithium5,258.134647
P521_HQC_256,P521_Dilithium5,265.548712
P521_HQC_256,P521_Dilithium5,263.708894
P521_HQC_256,P521_Dilithium5,264.154425
P521_HQC_256,P521_Dilithium5,262.945298
P521_HQC_256,P521_Dilithium5,260.975336
P521_HQC_256,P521_Dilithium5,257.133208
P521_HQC_256,P521_Dilithium5,264.540854
P521_HQC_256,P521_Dilithium5,256.028132
P521_HQC_256,P521_Dilithium5,261.775967
P521_HQC_256,P521_Dilithium5,254.301251
P521_HQC_256,P521_Dilithium5,258.751594
P521_HQC_256,P521_Dilithium5,262.009095
P521_HQC_256,P521_Dilithium5,268.792268
P521_HQC_256,P521_Dilithium5,264.272605
P521_HQC_256,P521_Dilithium5,257.022077
P521_HQC_256,P521_Dilithium5,258.843028
P521_HQC_256,P521_Dilithium5,254.571798
P521_HQC_256,P521_Dilithium5,269.237747
P521_HQC_256,P521_Dilithium5,263.573557
P521_HQC_256,P521_Dilithium5,256.33975
P521_HQC_256,P521_Dilithium5,268.003062
P521_HQC_256,P521_Dilithium5,265.671693
P521_HQC_256,P521_Dilithium5,263.787508
P521_HQC_256,P521_Dilithium5,268.554365
P521_HQC_256,P521_Dilithium5,255.192362
P521_HQC_256,P521_Dilithium5,255.757586
P521_HQC_256,P521_Dilithium5,259.17989
P521_HQC_256,P521_Dilithium5,263.201822
P521_HQC_256,P521_Dilithium5,255.054348
P521_HQC_256,P521_Dilithium5,266.524705
P521_HQC_256,P521_Dilithium5,253.641945
P521_HQC_256,P521_Dilithium5,268.352841
P521_HQC_256,P521_Dilithium5,269.527967
P521_HQC_256,P521_Dilithium5,252.753127
P521_HQC_256,P521_Dilithium5,262.27229
P521_HQC_256,P521_Dilithium5,266.903051
P521_HQC_256,P521_Dilithium5,253.928309
P521_HQC_256,P521_Dilithium5,257.510517
P521_HQC_256,P521_Dilithium5,264.382085
P521_HQC_256,P521_Dilithium5,259.513714
P521_HQC_256,P521_Dilithium5,261.543879
P521_HQC_256,P521_Dilithium5,258.658399
P521_HQC_256,P521_Dilithium5,259.874975
P521_HQC_256,P521_Dilithium5,255.351631
P521_HQC_256,P521_Dilithium5,267.445658
P521_HQC_256,P521_Dilithium5,263.340292
P521_HQC_256,P521_Dilithium5,262.553994
P521_HQC_256,P521_Dilithium5,264.143276
P521_HQC_256,P521_Dilithium5,269.305086
P521_HQC_256,P521_Dilithium5,262.265482
P521_HQC_256,P521_Dilithium5,255.060194
P521_HQC_256,P521_Dilithium5,271.487156
P521_HQC_256,P521_Dilithium5,261.707085
P521_HQC_256,P521_Dilithium5,267.982922
P521_HQC_256,P521_Dilithium5,262.644541
P521_HQC_256,P521_Dilithium5,265.052422
P521_HQC_256,P521_Dilithium5,265.236
P521_HQC_256,P521_Dilithium5,259.585358
P521_HQC_256,P521_Dilithium5,264.442707
P521_HQC_256,P521_Dilithium5,263.171888
P521_HQC_256,P521_Dilithium5,258.305506
P521_HQC_256,P521_Dilithium5,273.459998
P521_HQC_256,P521_Dilithium5,269.932582
P521_HQC_256,P521_Dilithium5,266.87437
P521_HQC_256,P521_Dilithium5,266.388925
P521_HQC_256,P521_Dilithium5,270.105852
P521_HQC_256,P521_Dilithium5,253.954365
P521_HQC_256,P521_Dilithium5,264.129191
P521_HQC_256,P521_Dilithium5,249.423938
P521_HQC_256,P521_Dilithium5,264.252351
P521_HQC_256,P521_Dilithium5,263.520213
P521_HQC_256,P521_Dilithium5,251.663834
P521_HQC_256,P521_Dilithium5,257.51333
P521_HQC_256,P521_Dilithium5,258.656409
P521_HQC_256,P521_Dilithium5,261.213034
P521_HQC_256,P521_Dilithium5,255.277852
P521_HQC_256,P521_Dilithium5,261.155189
P521_HQC_256,P521_Dilithium5,262.893607
P521_HQC_256,P521_Dilithium5,265.019171
P521_HQC_256,P521_Dilithium5,256.093834
P521_HQC_256,P521_Dilithium5,251.828762
P521_HQC_256,P521_Dilithium5,262.899148
P521_HQC_256,P521_Dilithium5,268.491727
P521_HQC_256,P521_Dilithium5,255.110343
P521_HQC_256,P521_Dilithium5,270.21752
P521_HQC_256,P521_Dilithium5,254.772433
P521_HQC_256,P521_Dilithium5,263.80468
P521_HQC_256,P521_Dilithium5,249.961861
P521_HQC_256,P521_Dilithium5,260.733735
P521_HQC_256,P521_Dilithium5,266.768311
P521_HQC_256,P521_Dilithium5,258.352575
P521_HQC_256,P521_Dilithium5,274.589231
P521_HQC_256,P521_Dilithium5,262.693956
P521_HQC_256,P521_Dilithium5,254.206296
P521_HQC_256,P521_Dilithium5,261.800867
P521_HQC_256,P521_Dilithium5,258.684069
P521_HQC_256,P521_Dilithium5,267.272316
P521_HQC_256,P521_Dilithium5,268.266851
P521_HQC_256,P521_Dilithium5,269.361672
P521_HQC_256,P521_Dilithium5,265.25396
P521_HQC_256,P521_Dilithium5,267.374348
P521_HQC_256,P521_Dilithium5,262.220599
P521_HQC_256,P521_Dilithium5,264.244947
P521_HQC_256,P521_Dilithium5,256.915618
P521_HQC_256,P521_Dilithium5,261.68925
P521_HQC_256,P521_Dilithium5,273.115539
P521_HQC_256,P521_Dilithium5,260.66405
P521_HQC_256,P521_Dilithium5,267.126656
P521_HQC_256,P521_Dilithium5,259.80436
P521_HQC_256,P521_Dilithium5,259.07198
P521_HQC_256,P521_Dilithium5,264.123197
P521_HQC_256,P521_Dilithium5,260.83156
P521_HQC_256,P521_Dilithium5,269.964312
P521_HQC_256,P521_Dilithium5,255.6721
P521_HQC_256,P521_Dilithium5,262.606947
P521_HQC_256,P521_Dilithium5,257.353023
P521_HQC_256,P521_Dilithium5,276.349964
P521_HQC_256,P521_Dilithium5,272.543378
P521_HQC_256,P521_Dilithium5,261.41623
P521_HQC_256,P521_Dilithium5,254.345497
P521_HQC_256,P521_Dilithium5,254.719361
P521_HQC_256,P521_Dilithium5,259.389399
P521_HQC_256,P521_Dilithium5,266.899094
P521_HQC_256,P521_Dilithium5,265.1365
P521_HQC_256,P521_Dilithium5,267.248904
P521_HQC_256,P521_Dilithium5,264.587845
P521_HQC_256,P521_Dilithium5,261.690366
P521_HQC_256,P521_Dilithium5,261.555505
P521_HQC_256,P521_Dilithium5,265.785276
P521_HQC_256,P521_Dilithium5,266.135391
P521_HQC_256,P521_Dilithium5,274.351861
P521_HQC_256,P521_Dilithium5,268.551859
P521_HQC_256,P521_Dilithium5,264.112033
P521_HQC_256,P521_Dilithium5,254.723823
P521_HQC_256,P521_Dilithium5,253.622537
P521_HQC_256,P521_Dilithium5,256.726766
P521_HQC_256,P521_Dilithium5,254.413417
P521_HQC_256,P521_Dilithium5,260.621652
P521_HQC_256,P521_Dilithium5,265.528398
P521_HQC_256,P521_Dilithium5,254.669337
P521_HQC_256,P521_Dilithium5,252.430973
P521_HQC_256,P521_Dilithium5,259.838519
P521_HQC_256,P521_Dilithium5,260.292094
P521_HQC_256,P521_Dilithium5,256.093226
P521_HQC_256,P521_Dilithium5,267.847634
P521_HQC_256,P521_Dilithium5,262.858116
P521_HQC_256,P521_Dilithium5,265.973833
P521_HQC_256,P521_Dilithium5,264.17677
P521_HQC_256,P521_Dilithium5,257.673548
P521_HQC_256,P521_Dilithium5,264.165495
P521_HQC_256,P521_Dilithium5,268.14463
P521_HQC_256,P521_Dilithium5,256.628553
P521_HQC_256,P521_Dilithium5,253.308651
P521_HQC_256,P521_Dilithium5,254.911377
P521_HQC_256,P521_Dilithium5,265.083698
P521_HQC_256,P521_Dilithium5,271.891457
P521_HQC_256,P521_Dilithium5,259.698862
P521_HQC_256,P521_Dilithium5,265.486354
P521_HQC_256,P521_Dilithium5,265.596049
P521_HQC_256,P521_Dilithium5,261.757058
P521_HQC_256,P521_Dilithium5,265.040996
P521_HQC_256,P521_Dilithium5,267.531901
P521_HQC_256,P521_Dilithium5,263.892396
P521_HQC_256,P521_Dilithium5,265.011581
P521_HQC_256,P521_Dilithium5,258.055147
P521_HQC_256,P521_Dilithium5,265.418788
P521_HQC_256,P521_Dilithium5,260.129225
P521_HQC_256,P521_Dilithium5,257.99532
P521_HQC_256,P521_Dilithium5,261.205442
P521_HQC_256,P521_Dilithium5,264.719094
P521_HQC_256,P521_Dilithium5,265.843624
P521_HQC_256,P521_Dilithium5,261.993865
P521_HQC_256,P521_Dilithium5,265.937343
P521_HQC_256,P521_Dilithium5,264.321422
P521_HQC_256,P521_Dilithium5,261.445419
P521_HQC_256,P521_Dilithium5,259.074623
P521_HQC_256,P521_Dilithium5,260.581864
P521_HQC_256,P521_Dilithium5,269.64364
P521_HQC_256,P521_Dilithium5,254.817517
P521_HQC_256,P521_Dilithium5,249.15409
P521_HQC_256,P521_Dilithium5,253.92112
P521_HQC_256,P521_Dilithium5,281.157611
P521_HQC_256,P521_Dilithium5,256.270223
P521_HQC_256,P521_Dilithium5,270.670866
P521_HQC_256,P521_Dilithium5,273.550012
P521_HQC_256,P521_Dilithium5,251.827024
P521_HQC_256,P521_Dilithium5,264.494601
P521_HQC_256,P521_Dilithium5,268.568603
P521_HQC_256,P521_Dilithium5,254.929039
P521_HQC_256,P521_Dilithium5,265.342132
P521_HQC_256,P521_Dilithium5,266.709445
P521_HQC_256,P521_Dilithium5,266.75658
P521_HQC_256,P521_Dilithium5,257.168342
P521_HQC_256,P521_Dilithium5,256.771471
P521_HQC_256,P521_Dilithium5,262.468976
P521_HQC_256,P521_Dilithium5,263.511101
P521_HQC_256,P521_Dilithium5,261.487848
P521_HQC_256,P521_Dilithium5,261.383674
P521_HQC_256,P521_Dilithium5,255.56322
P521_HQC_256,P521_Dilithium5,264.852382
P521_HQC_256,P521_Dilithium5,263.898836
P521_HQC_256,P521_Dilithium5,262.040818
P521_HQC_256,P521_Dilithium5,264.5713
P521_HQC_256,P521_Dilithium5,261.502877
P521_HQC_256,P521_Dilithium5,265.787725
P521_HQC_256,P521_Dilithium5,263.206639
P521_HQC_256,P521_Dilithium5,257.289924
P521_HQC_256,P521_Dilithium5,265.793592
P521_HQC_256,P521_Dilithium5,256.882531
P521_HQC_256,P521_Dilithium5,262.217767
P521_HQC_256,P521_Dilithium5,253.556762
P521_HQC_256,P521_Dilithium5,264.381063
P521_HQC_256,P521_Dilithium5,263.772103
P521_HQC_256,P521_Dilithium5,259.121332
P521_HQC_256,P521_Dilithium5,257.185744
P521_HQC_256,P521_Dilithium5,265.565115
P521_HQC_256,P521_Dilithium5,264.564267
P521_HQC_256,P521_Dilithium5,271.313543
P521_HQC_256,P521_Dilithium5,259.310379
P521_HQC_256,P521_Dilithium5,253.249183
P521_HQC_256,P521_Dilithium5,256.349283
P521_HQC_256,P521_Dilithium5,258.514201
P521_HQC_256,P521_Dilithium5,266.69213
P521_HQC_256,P521_Dilithium5,263.775896
P521_HQC_256,P521_Dilithium5,272.872738
P521_HQC_256,P521_Dilithium5,263.627552
P521_HQC_256,P521_Dilithium5,255.768475
P521_HQC_256,P521_Dilithium5,256.127349
P521_HQC_256,P521_Dilithium5,262.491442
P521_HQC_256,P521_Dilithium5,251.36101
P521_HQC_256,P521_Dilithium5,267.67732
P521_HQC_256,P521_Dilithium5,258.333942
P521_HQC_256,P521_Dilithium5,257.829033
P521_HQC_256,P521_Dilithium5,258.560874
P521_HQC_256,P521_Dilithium5,265.23989
P521_HQC_256,P521_Dilithium5,252.19181
P521_HQC_256,P521_Dilithium5,261.972932
P521_HQC_256,P521_Dilithium5,275.878841
P521_HQC_256,P521_Dilithium5,260.303077
P521_HQC_256,P521_Dilithium5,260.657434
P521_HQC_256,P521_Dilithium5,257.556887
P521_HQC_256,P521_Dilithium5,272.55851
P521_HQC_256,P521_Dilithium5,252.988115
P521_HQC_256,P521_Dilithium5,250.661038
P521_HQC_256,P521_Dilithium5,263.1303
P521_HQC_256,P521_Dilithium5,255.335205
P521_HQC_256,P521_Dilithium5,265.606216
P521_HQC_256,P521_Dilithium5,264.047285
P521_HQC_256,P521_Dilithium5,268.510075
P521_HQC_256,P521_Dilithium5,263.08647
P521_HQC_256,P521_Dilithium5,267.460342
P521_HQC_256,P521_Dilithium5,267.788439
P521_HQC_256,P521_Dilithium5,254.048564
P521_HQC_256,P521_Dilithium5,257.376419
P521_HQC_256,P521_Dilithium5,253.477062
P521_HQC_256,P521_Dilithium5,270.837523
P521_HQC_256,P521_Dilithium5,261.031057
P521_HQC_256,P521_Dilithium5,269.548141
P521_HQC_256,P521_Dilithium5,262.848895
P521_HQC_256,P521_Dilithium5,255.464475
P521_HQC_256,P521_Dilithium5,263.67857
P521_HQC_256,P521_Dilithium5,264.900196
P521_HQC_256,P521_Dilithium5,267.559386
P521_HQC_256,P521_Dilithium5,258.021007
P521_HQC_256,P521_Dilithium5,269.88407
P521_HQC_256,P521_Dilithium5,255.350814
P521_HQC_256,P521_Dilithium5,259.642482
P521_HQC_256,P521_Dilithium5,254.161033
P521_HQC_256,P521_Dilithium5,263.794521
P521_HQC_256,P521_Dilithium5,271.684438
P521_HQC_256,P521_Dilithium5,264.574708
P521_HQC_256,P521_Dilithium5,262.381413
P521_HQC_256,P521_Dilithium5,265.963302
P521_HQC_256,P521_Dilithium5,256.360706
P521_HQC_256,P521_Dilithium5,254.432515
P521_HQC_256,P521_Dilithium5,270.263561
P521_HQC_256,P521_Dilithium5,262.187998
P521_HQC_256,P521_Dilithium5,264.80055
P521_HQC_256,P521_Dilithium5,257.426557
P521_HQC_256,P521_Dilithium5,255.881626
P521_HQC_256,P521_Dilithium5,269.555918
P521_HQC_256,P521_Dilithium5,264.684559
P521_HQC_256,P521_Dilithium5,259.598501
P521_HQC_256,P521_Dilithium5,262.037421
P521_HQC_256,P521_Dilithium5,266.812651
P521_HQC_256,P521_Dilithium5,264.500016
P521_HQC_256,P521_Dilithium5,256.881265
P521_HQC_256,P521_Dilithium5,265.543477
P521_HQC_256,P521_Dilithium5,264.23353
P521_HQC_256,P521_Dilithium5,254.183187
P521_HQC_256,P521_Dilithium5,272.69835
P521_HQC_256,P521_Dilithium5,260.071587
P521_HQC_256,P521_Dilithium5,271.202088
P521_HQC_256,P521_Dilithium5,274.267665
P521_HQC_256,P521_Dilithium5,260.438212
P521_HQC_256,P521_Dilithium5,256.787581
P521_HQC_256,P521_Dilithium5,257.862301
P521_HQC_256,P521_Dilithium5,272.515561
P521_HQC_256,P521_Dilithium5,265.309717
P521_HQC_256,P521_Dilithium5,268.564992
P521_HQC_256,P521_Dilithium5,253.045677
P521_HQC_256,P521_Dilithium5,254.237638
P521_HQC_256,P521_Dilithium5,257.664331
P521_HQC_256,P521_Dilithium5,257.880039
P521_HQC_256,P521_Dilithium5,263.361428
P521_HQC_256,P521_Dilithium5,257.981288
P521_HQC_256,P521_Dilithium5,250.010553
P521_HQC_256,P521_Dilithium5,261.276878
P521_HQC_256,P521_Dilithium5,252.117361
P521_HQC_256,P521_Dilithium5,257.369129
P521_HQC_256,P521_Dilithium5,261.823342
P521_HQC_256,P521_Dilithium5,256.515821
P521_HQC_256,P521_Dilithium5,255.621031
P521_HQC_256,P521_Dilithium5,255.970939
P521_HQC_256,P521_Dilithium5,255.346173
P521_HQC_256,P521_Dilithium5,252.309043
P521_HQC_256,P521_Dilithium5,264.12377
P521_HQC_256,P521_Dilithium5,268.335759
P521_HQC_256,P521_Dilithium5,266.021285
P521_HQC_256,P521_Dilithium5,254.902665
P521_HQC_256,P521_Dilithium5,258.850766
P521_HQC_256,P521_Dilithium5,266.964504
P521_HQC_256,P521_Dilithium5,260.970427
P521_HQC_256,P521_Dilithium5,267.844352
P521_HQC_256,P521_Dilithium5,264.889617
P521_HQC_256,P521_Dilithium5,272.227076
P521_HQC_256,P521_Dilithium5,257.263172
P521_HQC_256,P521_Dilithium5,252.346484
P521_HQC_256,P521_Dilithium5,270.344121
P521_HQC_256,P521_Dilithium5,251.364096
P521_HQC_256,P521_Dilithium5,263.84215
P521_HQC_256,P521_Dilithium5,268.909134
P521_HQC_256,P521_Dilithium5,261.377987
P521_HQC_256,P521_Dilithium5,261.337999
P521_HQC_256,P521_Dilithium5,264.451985
P521_HQC_256,P521_Dilithium5,254.05223
P521_HQC_256,P521_Dilithium5,269.864299
P521_HQC_256,P521_Dilithium5,252.995841
P521_HQC_256,P521_Dilithium5,267.908966
P521_HQC_256,P521_Dilithium5,275.851345
P521_HQC_256,P521_Dilithium5,265.541675
P521_HQC_256,P521_Dilithium5,267.999332
P521_HQC_256,P521_Dilithium5,267.567803
P521_HQC_256,P521_Dilithium5,262.546691
P521_HQC_256,P521_Dilithium5,258.423782
P521_HQC_256,P521_Dilithium5,265.653324
P521_HQC_256,P521_Dilithium5,257.276142
P521_HQC_256,P521_Dilithium5,268.955242
P521_HQC_256,P521_Dilithium5,264.455866
P521_HQC_256,P521_Dilithium5,264.609973
P521_HQC_256,P521_Dilithium5,262.752501
P521_HQC_256,P521_Dilithium5,269.960038
P521_HQC_256,P521_Dilithium5,256.889825
P521_HQC_256,P521_Dilithium5,264.017139
P521_HQC_256,P521_Dilithium5,260.968877
P521_HQC_256,P521_Dilithium5,262.471216
P521_HQC_256,P521_Dilithium5,270.017112
P521_HQC_256,P521_Dilithium5,250.536388
P521_HQC_256,P521_Dilithium5,259.60558
P521_HQC_256,P521_Dilithium5,263.321017
P521_HQC_256,P521_Dilithium5,257.550935
P521_HQC_256,P521_Dilithium5,263.47605
P521_HQC_256,P521_Dilithium5,250.836315
P521_HQC_256,P521_Dilithium5,254.956777
P521_HQC_256,P521_Dilithium5,260.792436
P521_HQC_256,P521_Dilithium5,254.202722
P521_HQC_256,P521_Dilithium5,256.935176
P521_HQC_256,P521_Dilithium5,250.794261
P521_HQC_256,P521_Dilithium5,255.538591
P521_HQC_256,P521_Dilithium5,261.900915
P521_HQC_256,P521_Dilithium5,252.772257
P521_HQC_256,P521_Dilithium5,269.444433
P521_HQC_256,P521_Dilithium5,267.488238
P521_HQC_256,P521_Dilithium5,259.527897
P521_HQC_256,P521_Dilithium5,251.888065
P521_HQC_256,P521_Dilithium5,264.317046
P521_HQC_256,P521_Dilithium5,257.892457
P521_HQC_256,P521_Dilithium5,255.858149
P521_HQC_256,P521_Dilithium5,270.712908
P521_HQC_256,P521_Dilithium5,255.325243
P521_HQC_256,P521_Dilithium5,263.868712
P521_HQC_256,P521_Dilithium5,255.553859
P521_HQC_256,P521_Dilithium5,264.142937
P521_HQC_256,P521_Dilithium5,267.617156
P521_HQC_256,P521_Dilithium5,270.874908
P521_HQC_256,P521_Dilithium5,257.693447
P521_HQC_256,P521_Dilithium5,253.804874
P521_HQC_256,P521_Dilithium5,263.78174
P521_HQC_256,P521_Dilithium5,255.492548
P521_HQC_256,P521_Dilithium5,258.919194
P521_HQC_256,P521_Dilithium5,257.57572
P521_HQC_256,P521_Dilithium5,262.584406
P521_HQC_256,P521_Dilithium5,259.398266
P521_HQC_256,P521_Dilithium5,253.484874
P521_HQC_256,P521_Dilithium5,257.619049
P521_HQC_256,P521_Dilithium5,257.197083
P521_HQC_256,P521_Dilithium5,256.515867
P521_HQC_256,P521_Dilithium5,258.724297
P521_HQC_256,P521_Dilithium5,251.19264
P521_BIKE_L5,P521_Dilithium5,172.059756
P521_BIKE_L5,P521_Dilithium5,181.529784
P521_BIKE_L5,P521_Dilithium5,178.635048
P521_BIKE_L5,P521_Dilithium5,165.273739
P521_BIKE_L5,P521_Dilithium5,181.788567
P521_BIKE_L5,P521_Dilithium5,180.83435
P521_BIKE_L5,P521_Dilithium5,179.850269
P521_BIKE_L5,P521_Dilithium5,172.363698
P521_BIKE_L5,P521_Dilithium5,180.006048
P521_BIKE_L5,P521_Dilithium5,169.408909
P521_BIKE_L5,P521_Dilithium5,177.531923
P521_BIKE_L5,P521_Dilithium5,176.659639
P521_BIKE_L5,P521_Dilithium5,175.901644
P521_BIKE_L5,P521_Dilithium5,180.625663
P521_BIKE_L5,P521_Dilithium5,167.750567
P521_BIKE_L5,P521_Dilithium5,179.079436
P521_BIKE_L5,P521_Dilithium5,170.256844
P521_BIKE_L5,P521_Dilithium5,185.542558
P521_BIKE_L5,P521_Dilithium5,189.513944
P521_BIKE_L5,P521_Dilithium5,170.384418
P521_BIKE_L5,P521_Dilithium5,181.856218
P521_BIKE_L5,P521_Dilithium5,174.212193
P521_BIKE_L5,P521_Dilithium5,167.58588
P521_BIKE_L5,P521_Dilithium5,168.872466
P521_BIKE_L5,P521_Dilithium5,181.989607
P521_BIKE_L5,P521_Dilithium5,173.273751
P521_BIKE_L5,P521_Dilithium5,181.839446
P521_BIKE_L5,P521_Dilithium5,182.554797
P521_BIKE_L5,P521_Dilithium5,177.987062
P521_BIKE_L5,P521_Dilithium5,175.245855
P521_BIKE_L5,P521_Dilithium5,179.676352
P521_BIKE_L5,P521_Dilithium5,181.915891
P521_BIKE_L5,P521_Dilithium5,169.739008
P521_BIKE_L5,P521_Dilithium5,181.986148
P521_BIKE_L5,P521_Dilithium5,170.408272
P521_BIKE_L5,P521_Dilithium5,186.90609
P521_BIKE_L5,P521_Dilithium5,171.367703
P521_BIKE_L5,P521_Dilithium5,175.376054
P521_BIKE_L5,P521_Dilithium5,193.325007
P521_BIKE_L5,P521_Dilithium5,187.224957
P521_BIKE_L5,P521_Dilithium5,167.814341
P521_BIKE_L5,P521_Dilithium5,181.953109
P521_BIKE_L5,P521_Dilithium5,169.817416
P521_BIKE_L5,P521_Dilithium5,172.836345
P521_BIKE_L5,P521_Dilithium5,169.17478
P521_BIKE_L5,P521_Dilithium5,177.831218
P521_BIKE_L5,P521_Dilithium5,172.999983
P521_BIKE_L5,P521_Dilithium5,179.216652
P521_BIKE_L5,P521_Dilithium5,175.01472
P521_BIKE_L5,P521_Dilithium5,168.005927
P521_BIKE_L5,P521_Dilithium5,172.594801
P521_BIKE_L5,P521_Dilithium5,175.693763
P521_BIKE_L5,P521_Dilithium5,181.69641
P521_BIKE_L5,P521_Dilithium5,167.686537
P521_BIKE_L5,P521_Dilithium5,173.157194
P521_BIKE_L5,P521_Dilithium5,180.779655
P521_BIKE_L5,P521_Dilithium5,181.035663
P521_BIKE_L5,P521_Dilithium5,178.571839
P521_BIKE_L5,P521_Dilithium5,172.573859
P521_BIKE_L5,P521_Dilithium5,179.49842
P521_BIKE_L5,P521_Dilithium5,191.015848
P521_BIKE_L5,P521_Dilithium5,173.059441
P521_BIKE_L5,P521_Dilithium5,180.266975
P521_BIKE_L5,P521_Dilithium5,183.855065
P521_BIKE_L5,P521_Dilithium5,185.770513
P521_BIKE_L5,P521_Dilithium5,172.204617
P521_BIKE_L5,P521_Dilithium5,177.687681
P521_BIKE_L5,P521_Dilithium5,175.033377
P521_BIKE_L5,P521_Dilithium5,171.879392
P521_BIKE_L5,P521_Dilithium5,178.186662
P521_BIKE_L5,P521_Dilithium5,173.232251
P521_BIKE_L5,P521_Dilithium5,179.063115
P521_BIKE_L5,P521_Dilithium5,187.625101
P521_BIKE_L5,P521_Dilithium5,177.402501
P521_BIKE_L5,P521_Dilithium5,168.228815
P521_BIKE_L5,P521_Dilithium5,171.371146
P521_BIKE_L5,P521_Dilithium5,173.412851
P521_BIKE_L5,P521_Dilithium5,172.965433
P521_BIKE_L5,P521_Dilithium5,170.911176
P521_BIKE_L5,P521_Dilithium5,183.107773
P521_BIKE_L5,P521_Dilithium5,178.477098
P521_BIKE_L5,P521_Dilithium5,179.770784
P521_BIKE_L5,P521_Dilithium5,171.986321
P521_BIKE_L5,P521_Dilithium5,177.539765
P521_BIKE_L5,P521_Dilithium5,182.790926
P521_BIKE_L5,P521_Dilithium5,186.43716
P521_BIKE_L5,P521_Dilithium5,173.05694
P521_BIKE_L5,P521_Dilithium5,174.403039
P521_BIKE_L5,P521_Dilithium5,170.466888
P521_BIKE_L5,P521_Dilithium5,182.527043
P521_BIKE_L5,P521_Dilithium5,179.431919
P521_BIKE_L5,P521_Dilithium5,190.291922
P521_BIKE_L5,P521_Dilithium5,189.190201
P521_BIKE_L5,P521_Dilithium5,183.88954
P521_BIKE_L5,P521_Dilithium5,179.222725
P521_BIKE_L5,P521_Dilithium5,172.005966
P521_BIKE_L5,P521_Dilithium5,171.96247
P521_BIKE_L5,P521_Dilithium5,174.943669
P521_BIKE_L5,P521_Dilithium5,183.502784
P521_BIKE_L5,P521_Dilithium5,187.82507
P521_BIKE_L5,P521_Dilithium5,174.945709
P521_BIKE_L5,P521_Dilithium5,185.130878
P521_BIKE_L5,P521_Dilithium5,181.398841
P521_BIKE_L5,P521_Dilithium5,168.072715
P521_BIKE_L5,P521_Dilithium5,176.139734
P521_BIKE_L5,P521_Dilithium5,170.389799
P521_BIKE_L5,P521_Dilithium5,179.265553
P521_BIKE_L5,P521_Dilithium5,170.656521
P521_BIKE_L5,P521_Dilithium5,176.18429
P521_BIKE_L5,P521_Dilithium5,177.833855
P521_BIKE_L5,P521_Dilithium5,166.56116
P521_BIKE_L5,P521_Dilithium5,181.23848
P521_BIKE_L5,P521_Dilithium5,172.460242
P521_BIKE_L5,P521_Dilithium5,179.507001
P521_BIKE_L5,P521_Dilithium5,180.017805
P521_BIKE_L5,P521_Dilithium5,179.379415
P521_BIKE_L5,P521_Dilithium5,185.33321
P521_BIKE_L5,P521_Dilithium5,172.523878
P521_BIKE_L5,P521_Dilithium5,167.616591
P521_BIKE_L5,P521_Dilithium5,169.586154
P521_BIKE_L5,P521_Dilithium5,180.532764
P521_BIKE_L5,P521_Dilithium5,181.829453
P521_BIKE_L5,P521_Dilithium5,182.118565
P521_BIKE_L5,P521_Dilithium5,172.566757
P521_BIKE_L5,P521_Dilithium5,168.86844
P521_BIKE_L5,P521_Dilithium5,177.870191
P521_BIKE_L5,P521_Dilithium5,174.834348
P521_BIKE_L5,P521_Dilithium5,185.475651
P521_BIKE_L5,P521_Dilithium5,165.689358
P521_BIKE_L5,P521_Dilithium5,170.227828
P521_BIKE_L5,P521_Dilithium5,179.54483
P521_BIKE_L5,P521_Dilithium5,180.152401
P521_BIKE_L5,P521_Dilithium5,173.27276
P521_BIKE_L5,P521_Dilithium5,167.018741
P521_BIKE_L5,P521_Dilithium5,181.377989
P521_BIKE_L5,P521_Dilithium5,172.900565
P521_BIKE_L5,P521_Dilithium5,169.227916
P521_BIKE_L5,P521_Dilithium5,171.642214
P521_BIKE_L5,P521_Dilithium5,168.002211
P521_BIKE_L5,P521_Dilithium5,177.269439
P521_BIKE_L5,P521_Dilithium5,176.274911
P521_BIKE_L5,P521_Dilithium5,186.133196
P521_BIKE_L5,P521_Dilithium5,185.012777
P521_BIKE_L5,P521_Dilithium5,170.151931
P521_BIKE_L5,P521_Dilithium5,181.073424
P521_BIKE_L5,P521_Dilithium5,172.993467
P521_BIKE_L5,P521_Dilithium5,177.791044
P521_BIKE_L5,P521_Dilithium5,174.782178
P521_BIKE_L5,P521_Dilithium5,168.530324
P521_BIKE_L5,P521_Dilithium5,173.304098
P521_BIKE_L5,P521_Dilithium5,171.076869
P521_BIKE_L5,P521_Dilithium5,171.523591
P521_BIKE_L5,P521_Dilithium5,165.21467
P521_BIKE_L5,P521_Dilithium5,181.76674
P521_BIKE_L5,P521_Dilithium5,180.884466
P521_BIKE_L5,P521_Dilithium5,178.607216
P521_BIKE_L5,P521_Dilithium5,167.800514
P521_BIKE_L5,P521_Dilithium5,182.297851
P521_BIKE_L5,P521_Dilithium5,188.913346
P521_BIKE_L5,P521_Dilithium5,179.847196
P521_BIKE_L5,P521_Dilithium5,174.32704
P521_BIKE_L5,P521_Dilithium5,171.699634
P521_BIKE_L5,P521_Dilithium5,180.321258
P521_BIKE_L5,P521_Dilithium5,178.403583
P521_BIKE_L5,P521_Dilithium5,168.059135
P521_BIKE_L5,P521_Dilithium5,168.801953
P521_BIKE_L5,P521_Dilithium5,178.215309
P521_BIKE_L5,P521_Dilithium5,172.036547
P521_BIKE_L5,P521_Dilithium5,177.307594
P521_BIKE_L5,P521_Dilithium5,175.655086
P521_BIKE_L5,P521_Dilithium5,168.778016
P521_BIKE_L5,P521_Dilithium5,176.3936
P521_BIKE_L5,P521_Dilithium5,171.280295
P521_BIKE_L5,P521_Dilithium5,171.29393
P521_BIKE_L5,P521_Dilithium5,172.942666
P521_BIKE_L5,P521_Dilithium5,181.78358
P521_BIKE_L5,P521_Dilithium5,180.678328
P521_BIKE_L5,P521_Dilithium5,186.067311
P521_BIKE_L5,P521_Dilithium5,183.837488
P521_BIKE_L5,P521_Dilithium5,180.521038
P521_BIKE_L5,P521_Dilithium5,179.655487
P521_BIKE_L5,P521_Dilithium5,183.513939
P521_BIKE_L5,P521_Dilithium5,181.129355
P521_BIKE_L5,P521_Dilithium5,190.884278
P521_BIKE_L5,P521_Dilithium5,171.120018
P521_BIKE_L5,P521_Dilithium5,181.723956
P521_BIKE_L5,P521_Dilithium5,181.760615
P521_BIKE_L5,P521_Dilithium5,171.875044
P521_BIKE_L5,P521_Dilithium5,171.479583
P521_BIKE_L5,P521_Dilithium5,181.892668
P521_BIKE_L5,P521_Dilithium5,171.128188
P521_BIKE_L5,P521_Dilithium5,181.245585
P521_BIKE_L5,P521_Dilithium5,186.116192
P521_BIKE_L5,P521_Dilithium5,166.891716
P521_BIKE_L5,P521_Dilithium5,171.877382
P521_BIKE_L5,P521_Dilithium5,177.7379
P521_BIKE_L5,P521_Dilithium5,179.051363
P521_BIKE_L5,P521_Dilithium5,175.004425
P521_BIKE_L5,P521_Dilithium5,176.291234
P521_BIKE_L5,P521_Dilithium5,178.489071
P521_BIKE_L5,P521_Dilithium5,185.385567
P521_BIKE_L5,P521_Dilithium5,169.134038
P521_BIKE_L5,P521_Dilithium5,181.032233
P521_BIKE_L5,P521_Dilithium5,172.572476
P521_BIKE_L5,P521_Dilithium5,174.503873
P521_BIKE_L5,P521_Dilithium5,180.198039
P521_BIKE_L5,P521_Dilithium5,183.016432
P521_BIKE_L5,P521_Dilithium5,179.454705
P521_BIKE_L5,P521_Dilithium5,170.31165
P521_BIKE_L5,P521_Dilithium5,174.273687
P521_BIKE_L5,P521_Dilithium5,183.989776
P521_BIKE_L5,P521_Dilithium5,170.624004
P521_BIKE_L5,P521_Dilithium5,173.032808
P521_BIKE_L5,P521_Dilithium5,170.059999
P521_BIKE_L5,P521_Dilithium5,181.803282
P521_BIKE_L5,P521_Dilithium5,172.640918
P521_BIKE_L5,P521_Dilithium5,176.449898
P521_BIKE_L5,P521_Dilithium5,182.889966
P521_BIKE_L5,P521_Dilithium5,181.08837
P521_BIKE_L5,P521_Dilithium5,182.95297
P521_BIKE_L5,P521_Dilithium5,166.536272
P521_BIKE_L5,P521_Dilithium5,174.090812
P521_BIKE_L5,P521_Dilithium5,179.534018
P521_BIKE_L5,P521_Dilithium5,183.732696
P521_BIKE_L5,P521_Dilithium5,177.628566
P521_BIKE_L5,P521_Dilithium5,179.175301
P521_BIKE_L5,P521_Dilithium5,185.370632
P521_BIKE_L5,P521_Dilithium5,179.400638
P521_BIKE_L5,P521_Dilithium5,177.599504
P521_BIKE_L5,P521_Dilithium5,178.017912
P521_BIKE_L5,P521_Dilithium5,171.816181
P521_BIKE_L5,P521_Dilithium5,184.044495
P521_BIKE_L5,P521_Dilithium5,178.75063
P521_BIKE_L5,P521_Dilithium5,174.611625
P521_BIKE_L5,P521_Dilithium5,185.886085
P521_BIKE_L5,P521_Dilithium5,171.240686
P521_BIKE_L5,P521_Dilithium5,176.453036
P521_BIKE_L5,P521_Dilithium5,170.875194
P521_BIKE_L5,P521_Dilithium5,184.195432
P521_BIKE_L5,P521_Dilithium5,168.185061
P521_BIKE_L5,P521_Dilithium5,183.615429
P521_BIKE_L5,P521_Dilithium5,187.89977
P521_BIKE_L5,P521_Dilithium5,176.095322
P521_BIKE_L5,P521_Dilithium5,182.16716
P521_BIKE_L5,P521_Dilithium5,174.399242
P521_BIKE_L5,P521_Dilithium5,172.33001
P521_BIKE_L5,P521_Dilithium5,181.843033
P521_BIKE_L5,P521_Dilithium5,174.668035
P521_BIKE_L5,P521_Dilithium5,180.080137
P521_BIKE_L5,P521_Dilithium5,189.745441
P521_BIKE_L5,P521_Dilithium5,173.481458
P521_BIKE_L5,P521_Dilithium5,181.956698
P521_BIKE_L5,P521_Dilithium5,177.421394
P521_BIKE_L5,P521_Dilithium5,175.80338
P521_BIKE_L5,P521_Dilithium5,182.184015
P521_BIKE_L5,P521_Dilithium5,180.859101
P521_BIKE_L5,P521_Dilithium5,178.344016
P521_BIKE_L5,P521_Dilithium5,171.931194
P521_BIKE_L5,P521_Dilithium5,181.992769
P521_BIKE_L5,P521_Dilithium5,170.211136
P521_BIKE_L5,P521_Dilithium5,178.94149
P521_BIKE_L5,P521_Dilithium5,172.028135
P521_BIKE_L5,P521_Dilithium5,178.472123
P521_BIKE_L5,P521_Dilithium5,173.151947
P521_BIKE_L5,P521_Dilithium5,170.296432
P521_BIKE_L5,P521_Dilithium5,173.743724
P521_BIKE_L5,P521_Dilithium5,179.830587
P521_BIKE_L5,P521_Dilithium5,182.408255
P521_BIKE_L5,P521_Dilithium5,180.102839
P521_BIKE_L5,P521_Dilithium5,181.895172
P521_BIKE_L5,P521_Dilithium5,177.590063
P521_BIKE_L5,P521_Dilithium5,184.592934
P521_BIKE_L5,P521_Dilithium5,173.091242
P521_BIKE_L5,P521_Dilithium5,189.247747
P521_BIKE_L5,P521_Dilithium5,179.169269
P521_BIKE_L5,P521_Dilithium5,182.761134
P521_BIKE_L5,P521_Dilithium5,171.394878
P521_BIKE_L5,P521_Dilithium5,169.835343
P521_BIKE_L5,P521_Dilithium5,183.745423
P521_BIKE_L5,P521_Dilithium5,177.316895
P521_BIKE_L5,P521_Dilithium5,168.206222
P521_BIKE_L5,P521_Dilithium5,175.17166
P521_BIKE_L5,P521_Dilithium5,181.333944
P521_BIKE_L5,P521_Dilithium5,171.066435
P521_BIKE_L5,P521_Dilithium5,180.376545
P521_BIKE_L5,P521_Dilithium5,182.940911
P521_BIKE_L5,P521_Dilithium5,167.895012
P521_BIKE_L5,P521_Dilithium5,181.362357
P521_BIKE_L5,P521_Dilithium5,175.316536
P521_BIKE_L5,P521_Dilithium5,173.223661
P521_BIKE_L5,P521_Dilithium5,175.38633
P521_BIKE_L5,P521_Dilithium5,177.642133
P521_BIKE_L5,P521_Dilithium5,180.285078
P521_BIKE_L5,P521_Dilithium5,183.771469
P521_BIKE_L5,P521_Dilithium5,169.093537
P521_BIKE_L5,P521_Dilithium5,171.898952
P521_BIKE_L5,P521_Dilithium5,168.215957
P521_BIKE_L5,P521_Dilithium5,170.934042
P521_BIKE_L5,P521_Dilithium5,181.573139
P521_BIKE_L5,P521_Dilithium5,172.620492
P521_BIKE_L5,P521_Dilithium5,181.395328
P521_BIKE_L5,P521_Dilithium5,178.850194
P521_BIKE_L5,P521_Dilithium5,169.18213
P521_BIKE_L5,P521_Dilithium5,189.868381
P521_BIKE_L5,P521_Dilithium5,176.890142
P521_BIKE_L5,P521_Dilithium5,185.357705
P521_BIKE_L5,P521_Dilithium5,171.02768
P521_BIKE_L5,P521_Dilithium5,178.530162
P521_BIKE_L5,P521_Dilithium5,171.533934
P521_BIKE_L5,P521_Dilithium5,187.842824
P521_BIKE_L5,P521_Dilithium5,165.233242
P521_BIKE_L5,P521_Dilithium5,178.295532
P521_BIKE_L5,P521_Dilithium5,176.895322
P521_BIKE_L5,P521_Dilithium5,175.466196
P521_BIKE_L5,P521_Dilithium5,176.375527
P521_BIKE_L5,P521_Dilithium5,180.915927
P521_BIKE_L5,P521_Dilithium5,169.655618
P521_BIKE_L5,P521_Dilithium5,168.457102
P521_BIKE_L5,P521_Dilithium5,175.179344
P521_BIKE_L5,P521_Dilithium5,181.507994
P521_BIKE_L5,P521_Dilithium5,182.22212
P521_BIKE_L5,P521_Dilithium5,172.722465
P521_BIKE_L5,P521_Dilithium5,192.03054
P521_BIKE_L5,P521_Dilithium5,180.006073
P521_BIKE_L5,P521_Dilithium5,180.34097
P521_BIKE_L5,P521_Dilithium5,180.895493
P521_BIKE_L5,P521_Dilithium5,170.350411
P521_BIKE_L5,P521_Dilithium5,183.661398
P521_BIKE_L5,P521_Dilithium5,189.105031
P521_BIKE_L5,P521_Dilithium5,177.599756
P521_BIKE_L5,P521_Dilithium5,180.7857
P521_BIKE_L5,P521_Dilithium5,185.866198
P521_BIKE_L5,P521_Dilithium5,192.35264
P521_BIKE_L5,P521_Dilithium5,189.41513
P521_BIKE_L5,P521_Dilithium5,184.21117
P521_BIKE_L5,P521_Dilithium5,182.49724
P521_BIKE_L5,P521_Dilithium5,189.98661
P521_BIKE_L5,P521_Dilithium5,180.109022
P521_BIKE_L5,P521_Dilithium5,174.377015
P521_BIKE_L5,P521_Dilithium5,180.455986
P521_BIKE_L5,P521_Dilithium5,174.089985
P521_BIKE_L5,P521_Dilithium5,176.527851
P521_BIKE_L5,P521_Dilithium5,180.024019
P521_BIKE_L5,P521_Dilithium5,187.019681
P521_BIKE_L5,P521_Dilithium5,180.23951
P521_BIKE_L5,P521_Dilithium5,175.248003
P521_BIKE_L5,P521_Dilithium5,190.261372
P521_BIKE_L5,P521_Dilithium5,182.872726
P521_BIKE_L5,P521_Dilithium5,169.557912
P521_BIKE_L5,P521_Dilithium5,177.95227
P521_BIKE_L5,P521_Dilithium5,167.426735
P521_BIKE_L5,P521_Dilithium5,171.708263
P521_BIKE_L5,P521_Dilithium5,186.818148
P521_BIKE_L5,P521_Dilithium5,183.081671
P521_BIKE_L5,P521_Dilithium5,185.748962
P521_BIKE_L5,P521_Dilithium5,188.436461
P521_BIKE_L5,P521_Dilithium5,179.505301
P521_BIKE_L5,P521_Dilithium5,173.47922
P521_BIKE_L5,P521_Dilithium5,181.310075
P521_BIKE_L5,P521_Dilithium5,178.594079
P521_BIKE_L5,P521_Dilithium5,189.250104
P521_BIKE_L5,P521_Dilithium5,181.081158
P521_BIKE_L5,P521_Dilithium5,181.781384
P521_BIKE_L5,P521_Dilithium5,181.440055
P521_BIKE_L5,P521_Dilithium5,180.001343
P521_BIKE_L5,P521_Dilithium5,178.462397
P521_BIKE_L5,P521_Dilithium5,185.611089
P521_BIKE_L5,P521_Dilithium5,185.367885
P521_BIKE_L5,P521_Dilithium5,179.421303
P521_BIKE_L5,P521_Dilithium5,172.507893
P521_BIKE_L5,P521_Dilithium5,177.747001
P521_BIKE_L5,P521_Dilithium5,190.027494
P521_BIKE_L5,P521_Dilithium5,176.812165
P521_BIKE_L5,P521_Dilithium5,170.687411
P521_BIKE_L5,P521_Dilithium5,183.291804
P521_BIKE_L5,P521_Dilithium5,182.775616
P521_BIKE_L5,P521_Dilithium5,171.041664
P521_BIKE_L5,P521_Dilithium5,186.31102
P521_BIKE_L5,P521_Dilithium5,173.013875
P521_BIKE_L5,P521_Dilithium5,172.581319
P521_BIKE_L5,P521_Dilithium5,181.670824
P521_BIKE_L5,P521_Dilithium5,178.829416
P521_BIKE_L5,P521_Dilithium5,177.255584
P521_BIKE_L5,P521_Dilithium5,179.268411
P521_BIKE_L5,P521_Dilithium5,176.94456
P521_BIKE_L5,P521_Dilithium5,172.606813
P521_BIKE_L5,P521_Dilithium5,175.884286
P521_BIKE_L5,P521_Dilithium5,174.600446
P521_BIKE_L5,P521_Dilithium5,190.554065
P521_BIKE_L5,P521_Dilithium5,186.515712
P521_BIKE_L5,P521_Dilithium5,179.158555
P521_BIKE_L5,P521_Dilithium5,172.437373
P521_BIKE_L5,P521_Dilithium5,171.562593
P521_BIKE_L5,P521_Dilithium5,187.222026
P521_BIKE_L5,P521_Dilithium5,181.04758
P521_BIKE_L5,P521_Dilithium5,176.422831
P521_BIKE_L5,P521_Dilithium5,179.70149
P521_BIKE_L5,P521_Dilithium5,182.272292
P521_BIKE_L5,P521_Dilithium5,185.833842
P521_BIKE_L5,P521_Dilithium5,176.687815
P521_BIKE_L5,P521_Dilithium5,169.058339
P521_BIKE_L5,P521_Dilithium5,178.147261
P521_BIKE_L5,P521_Dilithium5,181.458476
P521_BIKE_L5,P521_Dilithium5,172.095315
P521_BIKE_L5,P521_Dilithium5,182.316151
P521_BIKE_L5,P521_Dilithium5,172.022946
P521_BIKE_L5,P521_Dilithium5,168.626913
P521_BIKE_L5,P521_Dilithium5,181.532955
P521_BIKE_L5,P521_Dilithium5,179.794809
P521_BIKE_L5,P521_Dilithium5,178.092394
P521_BIKE_L5,P521_Dilithium5,172.283205
P521_BIKE_L5,P521_Dilithium5,178.154615
P521_BIKE_L5,P521_Dilithium5,170.373354
P521_BIKE_L5,P521_Dilithium5,178.861663
P521_BIKE_L5,P521_Dilithium5,173.084889
P521_BIKE_L5,P521_Dilithium5,171.400801
P521_BIKE_L5,P521_Dilithium5,175.727097
P521_BIKE_L5,P521_Dilithium5,181.471226
P521_BIKE_L5,P521_Dilithium5,178.417807
P521_BIKE_L5,P521_Dilithium5,184.432137
P521_BIKE_L5,P521_Dilithium5,170.741444
P521_BIKE_L5,P521_Dilithium5,173.840073
P521_BIKE_L5,P521_Dilithium5,177.542246
P521_BIKE_L5,P521_Dilithium5,175.846555
P521_BIKE_L5,P521_Dilithium5,180.107578
P521_BIKE_L5,P521_Dilithium5,178.529599
P521_BIKE_L5,P521_Dilithium5,175.340403
P521_BIKE_L5,P521_Dilithium5,181.88932
P521_BIKE_L5,P521_Dilithium5,178.087475
P521_BIKE_L5,P521_Dilithium5,174.174894
P521_BIKE_L5,P521_Dilithium5,184.112403
P521_BIKE_L5,P521_Dilithium5,174.205592
P521_BIKE_L5,P521_Dilithium5,175.370676
P521_BIKE_L5,P521_Dilithium5,178.494027
P521_BIKE_L5,P521_Dilithium5,170.838838
P521_BIKE_L5,P521_Dilithium5,177.108432
P521_BIKE_L5,P521_Dilithium5,174.310007
P521_BIKE_L5,P521_Dilithium5,179.050582
P521_BIKE_L5,P521_Dilithium5,182.8098
P521_BIKE_L5,P521_Dilithium5,179.081695
P521_BIKE_L5,P521_Dilithium5,186.421501
P521_BIKE_L5,P521_Dilithium5,189.623928
P521_BIKE_L5,P521_Dilithium5,182.684757
P521_BIKE_L5,P521_Dilithium5,183.556274
P521_BIKE_L5,P521_Dilithium5,182.672668
P521_BIKE_L5,P521_Dilithium5,167.810146
P521_BIKE_L5,P521_Dilithium5,178.676927
P521_BIKE_L5,P521_Dilithium5,181.32296
P521_BIKE_L5,P521_Dilithium5,166.86928
P521_BIKE_L5,P521_Dilithium5,188.070305
P521_BIKE_L5,P521_Dilithium5,181.170153
P521_BIKE_L5,P521_Dilithium5,184.000404
P521_BIKE_L5,P521_Dilithium5,181.070946
P521_BIKE_L5,P521_Dilithium5,171.981622
P521_BIKE_L5,P521_Dilithium5,185.299448
P521_BIKE_L5,P521_Dilithium5,170.142139
P521_BIKE_L5,P521_Dilithium5,169.531347
P521_BIKE_L5,P521_Dilithium5,182.375924
P521_BIKE_L5,P521_Dilithium5,180.000434
P521_BIKE_L5,P521_Dilithium5,173.814625
P521_BIKE_L5,P521_Dilithium5,180.238397
P521_BIKE_L5,P521_Dilithium5,189.136745
P521_BIKE_L5,P521_Dilithium5,171.579759
P521_BIKE_L5,P521_Dilithium5,182.064606
P521_BIKE_L5,P521_Dilithium5,180.736091
P521_BIKE_L5,P521_Dilithium5,177.044457
P521_BIKE_L5,P521_Dilithium5,182.470921
P521_BIKE_L5,P521_Dilithium5,174.156637
P521_BIKE_L5,P521_Dilithium5,178.696374
P521_BIKE_L5,P521_Dilithium5,174.872867
P521_BIKE_L5,P521_Dilithium5,179.89037
P521_BIKE_L5,P521_Dilithium5,186.230312
P521_BIKE_L5,P521_Dilithium5,182.309859
P521_BIKE_L5,P521_Dilithium5,172.216329
P521_BIKE_L5,P521_Dilithium5,176.506887
P521_BIKE_L5,P521_Dilithium5,181.220138
P521_BIKE_L5,P521_Dilithium5,178.736349
P521_BIKE_L5,P521_Dilithium5,182.439979
P521_BIKE_L5,P521_Dilithium5,180.481699
P521_BIKE_L5,P521_Dilithium5,174.005079
P521_BIKE_L5,P521_Dilithium5,183.799161
P521_BIKE_L5,P521_Dilithium5,173.490121
P521_BIKE_L5,P521_Dilithium5,184.733653
P521_BIKE_L5,P521_Dilithium5,186.217781
P521_BIKE_L5,P521_Dilithium5,179.723056
P521_BIKE_L5,P521_Dilithium5,170.049308
P521_BIKE_L5,P521_Dilithium5,174.933513
P521_BIKE_L5,P521_Dilithium5,171.025131
P521_BIKE_L5,P521_Dilithium5,179.29125
P521_BIKE_L5,P521_Dilithium5,190.793367
P521_BIKE_L5,P521_Dilithium5,186.956004
P521_BIKE_L5,P521_Dilithium5,184.74633
P521_BIKE_L5,P521_Dilithium5,182.610943
P521_BIKE_L5,P521_Dilithium5,188.789324
P521_BIKE_L5,P521_Dilithium5,177.10877
P521_BIKE_L5,P521_Dilithium5,172.236824
P521_BIKE_L5,P521_Dilithium5,177.564878
P521_BIKE_L5,P521_Dilithium5,171.979155
P521_BIKE_L5,P521_Dilithium5,176.452689
P521_BIKE_L5,P521_Dilithium5,170.510518
P521_BIKE_L5,P521_Dilithium5,167.387592
P521_BIKE_L5,P521_Dilithium5,187.889339
P521_BIKE_L5,P521_Dilithium5,185.76753
P521_BIKE_L5,P521_Dilithium5,179.520293
P521_BIKE_L5,P521_Dilithium5,178.507798
P521_BIKE_L5,P521_Dilithium5,176.902388
P521_BIKE_L5,P521_Dilithium5,176.115831
P521_BIKE_L5,P521_Dilithium5,182.769337
P521_BIKE_L5,P521_Dilithium5,189.043138
P521_BIKE_L5,P521_Dilithium5,175.005275
P521_BIKE_L5,P521_Dilithium5,181.917351
P521_BIKE_L5,P521_Dilithium5,184.340387
P521_BIKE_L5,P521_Dilithium5,178.236096
P521_BIKE_L5,P521_Dilithium5,169.706401
P521_BIKE_L5,P521_Dilithium5,175.87876
P521_BIKE_L5,P521_Dilithium5,179.130273
P521_BIKE_L5,P521_Dilithium5,170.677233
P521_BIKE_L5,P521_Dilithium5,173.787376
P521_BIKE_L5,P521_Dilithium5,176.065838
P521_BIKE_L5,P521_Dilithium5,185.662731
P521_BIKE_L5,P521_Dilithium5,169.998714
P521_BIKE_L5,P521_Dilithium5,175.450414
P521_BIKE_L5,P521_Dilithium5,178.025481
P521_BIKE_L5,P521_Dilithium5,169.794007
P521_BIKE_L5,P521_Dilithium5,189.381998
P521_BIKE_L5,P521_Dilithium5,180.149115
P521_BIKE_L5,P521_Dilithium5,170.673479
P521_BIKE_L5,P521_Dilithium5,182.044245
P521_BIKE_L5,P521_Dilithium5,180.477022
P521_BIKE_L5,P521_Dilithium5,173.718472
P521_BIKE_L5,P521_Dilithium5,168.907226
P521_BIKE_L5,P521_Dilithium5,178.060929
P521_BIKE_L5,P521_Dilithium5,169.529443
P521_BIKE_L5,P521_Dilithium5,177.617379
P521_BIKE_L5,P521_Dilithium5,185.058332
P521_BIKE_L5,P521_Dilithium5,178.05901
P521_BIKE_L5,P521_Dilithium5,185.173491
P521_BIKE_L5,P521_Dilithium5,165.737981
P521_BIKE_L5,P521_Dilithium5,179.25642
P521_BIKE_L5,P521_Dilithium5,191.447179
P521_BIKE_L5,P521_Dilithium5,186.587086
P521_BIKE_L5,P521_Dilithium5,173.316019
P521_BIKE_L5,P521_Dilithium5,184.491949
P521_BIKE_L5,P521_Dilithium5,170.823765
P521_BIKE_L5,P521_Dilithium5,174.5646
P521_BIKE_L5,P521_Dilithium5,184.228829
P521_BIKE_L5,P521_Dilithium5,174.474198
P521_BIKE_L5,P521_Dilithium5,189.284974
P521_BIKE_L5,P521_Dilithium5,175.264139
P521_BIKE_L5,P521_Dilithium5,175.026458
P521_BIKE_L5,P521_Dilithium5,182.008932
P521_BIKE_L5,P521_Dilithium5,171.835414
P521_BIKE_L5,P521_Dilithium5,171.95213
P521_BIKE_L5,P521_Dilithium5,184.934471
P521_BIKE_L5,P521_Dilithium5,177.448321
P521_BIKE_L5,P521_Dilithium5,188.928239
P521_BIKE_L5,P521_Dilithium5,181.203516
P521_BIKE_L5,P521_Dilithium5,173.361028
P521_BIKE_L5,P521_Dilithium5,177.004755
P521_BIKE_L5,P521_Dilithium5,182.076315
P521_BIKE_L5,P521_Dilithium5,190.444054
P521_BIKE_L5,P521_Dilithium5,183.258834
P521_BIKE_L5,P521_Dilithium5,174.282211
P521_BIKE_L5,P521_Dilithium5,170.135854
P521_BIKE_L5,P521_Dilithium5,177.031563
P521_BIKE_L5,P521_Dilithium5,169.447668
P521_BIKE_L5,P521_Dilithium5,183.501627
P521_BIKE_L5,P521_Dilithium5,184.838916
P521_BIKE_L5,P521_Dilithium5,169.367515
P521_BIKE_L5,P521_Dilithium5,181.639517
P521_BIKE_L5,P521_Dilithium5,178.729848
P521_BIKE_L5,P521_Dilithium5,177.309588
P521_BIKE_L5,P521_Dilithium5,177.479302
P521_BIKE_L5,P521_Dilithium5,175.84049
P521_BIKE_L5,P521_Dilithium5,174.818047
P521_BIKE_L5,P521_Dilithium5,174.893375
P521_BIKE_L5,P521_Dilithium5,175.524337
P521_BIKE_L5,P521_Dilithium5,168.098419
P521_BIKE_L5,P521_Dilithium5,180.512154
P521_BIKE_L5,P521_Dilithium5,170.277808
P521_BIKE_L5,P521_Dilithium5,172.75074
P521_BIKE_L5,P521_Dilithium5,171.073049
P521_BIKE_L5,P521_Dilithium5,168.798609
P521_BIKE_L5,P521_Dilithium5,182.614188
P521_BIKE_L5,P521_Dilithium5,175.386658
P521_BIKE_L5,P521_Dilithium5,182.529291
P521_BIKE_L5,P521_Dilithium5,177.167412
P521_BIKE_L5,P521_Dilithium5,182.655311
P521_BIKE_L5,P521_Dilithium5,168.671696
P521_BIKE_L5,P521_Dilithium5,185.606451
P521_BIKE_L5,P521_Dilithium5,171.436698
P521_BIKE_L5,P521_Dilithium5,180.125907
P521_BIKE_L5,P521_Dilithium5,172.61159
P521_BIKE_L5,P521_Dilithium5,175.249179
P521_BIKE_L5,P521_Dilithium5,176.929032
P521_BIKE_L5,P521_Dilithium5,169.769529
P521_BIKE_L5,P521_Dilithium5,171.672888
P521_BIKE_L5,P521_Dilithium5,167.486617
P521_BIKE_L5,P521_Dilithium5,190.042378
P521_BIKE_L5,P521_Dilithium5,191.412916
P521_BIKE_L5,P521_Dilithium5,175.201352
P521_BIKE_L5,P521_Dilithium5,176.521264
P521_BIKE_L5,P521_Dilithium5,173.35765
P521_BIKE_L5,P521_Dilithium5,171.813672
P521_BIKE_L5,P521_Dilithium5,166.959822
P521_BIKE_L5,P521_Dilithium5,184.005105
P521_BIKE_L5,P521_Dilithium5,188.929303
P521_BIKE_L5,P521_Dilithium5,183.168721
P521_BIKE_L5,P521_Dilithium5,182.423118
P521_BIKE_L5,P521_Dilithium5,178.680105
P521_BIKE_L5,P521_Dilithium5,184.00916
P521_BIKE_L5,P521_Dilithium5,172.080057
P521_BIKE_L5,P521_Dilithium5,179.241992
P521_BIKE_L5,P521_Dilithium5,179.682879
P521_BIKE_L5,P521_Dilithium5,168.757335
P521_BIKE_L5,P521_Dilithium5,168.579305
P521_BIKE_L5,P521_Dilithium5,184.250182
P521_BIKE_L5,P521_Dilithium5,172.326343
P521_BIKE_L5,P521_Dilithium5,167.446334
P521_BIKE_L5,P521_Dilithium5,178.653792
P521_BIKE_L5,P521_Dilithium5,171.704774
P521_BIKE_L5,P521_Dilithium5,173.444836
P521_BIKE_L5,P521_Dilithium5,192.177618
P521_BIKE_L5,P521_Dilithium5,171.353534
P521_BIKE_L5,P521_Dilithium5,177.803812
P521_BIKE_L5,P521_Dilithium5,170.209566
P521_BIKE_L5,P521_Dilithium5,172.55063
P521_BIKE_L5,P521_Dilithium5,177.887012
P521_BIKE_L5,P521_Dilithium5,177.870215
P521_BIKE_L5,P521_Dilithium5,179.976043
P521_BIKE_L5,P521_Dilithium5,176.457931
P521_BIKE_L5,P521_Dilithium5,178.324367
P521_BIKE_L5,P521_Dilithium5,173.893317
P521_BIKE_L5,P521_Dilithium5,173.447669
P521_BIKE_L5,P521_Dilithium5,178.789755
P521_BIKE_L5,P521_Dilithium5,182.864035
P521_BIKE_L5,P521_Dilithium5,178.818486
P521_BIKE_L5,P521_Dilithium5,187.224499
P521_BIKE_L5,P521_Dilithium5,181.687393
P521_BIKE_L5,P521_Dilithium5,178.292648
P521_BIKE_L5,P521_Dilithium5,174.597707
P521_BIKE_L5,P521_Dilithium5,170.709681
P521_BIKE_L5,P521_Dilithium5,178.600996
P521_BIKE_L5,P521_Dilithium5,185.65217
P521_BIKE_L5,P521_Dilithium5,178.60997
P521_BIKE_L5,P521_Dilithium5,179.034594
P521_BIKE_L5,P521_Dilithium5,176.624758
P521_BIKE_L5,P521_Dilithium5,174.57963
P521_BIKE_L5,P521_Dilithium5,183.100717
P521_BIKE_L5,P521_Dilithium5,179.708855
P521_BIKE_L5,P521_Dilithium5,175.965288
P521_BIKE_L5,P521_Dilithium5,172.224769
P521_BIKE_L5,P521_Dilithium5,177.465396
P521_BIKE_L5,P521_Dilithium5,173.102371
P521_BIKE_L5,P521_Dilithium5,175.427979
P521_BIKE_L5,P521_Dilithium5,178.870951
P521_BIKE_L5,P521_Dilithium5,179.323068
P521_BIKE_L5,P521_Dilithium5,180.552803
P521_BIKE_L5,P521_Dilithium5,181.427625
P521_BIKE_L5,P521_Dilithium5,173.558042
P521_BIKE_L5,P521_Dilithium5,171.728318
P521_BIKE_L5,P521_Dilithium5,173.513523
P521_BIKE_L5,P521_Dilithium5,172.548571
P521_BIKE_L5,P521_Dilithium5,185.881248
P521_BIKE_L5,P521_Dilithium5,170.303401
P521_BIKE_L5,P521_Dilithium5,174.408777
P521_BIKE_L5,P521_Dilithium5,180.512034
P521_BIKE_L5,P521_Dilithium5,179.451713
P521_BIKE_L5,P521_Dilithium5,177.857921
P521_BIKE_L5,P521_Dilithium5,181.083351
P521_BIKE_L5,P521_Dilithium5,170.477184
P521_BIKE_L5,P521_Dilithium5,179.337307
P521_BIKE_L5,P521_Dilithium5,187.371156
P521_BIKE_L5,P521_Dilithium5,172.257778
P521_BIKE_L5,P521_Dilithium5,179.789979
P521_BIKE_L5,P521_Dilithium5,181.661084
P521_BIKE_L5,P521_Dilithium5,181.160985
P521_BIKE_L5,P521_Dilithium5,168.61413
P521_BIKE_L5,P521_Dilithium5,171.191018
P521_BIKE_L5,P521_Dilithium5,178.862132
P521_BIKE_L5,P521_Dilithium5,176.072378
P521_BIKE_L5,P521_Dilithium5,180.829633
P521_BIKE_L5,P521_Dilithium5,185.862937
P521_BIKE_L5,P521_Dilithium5,181.776706
P521_BIKE_L5,P521_Dilithium5,189.989036
P521_BIKE_L5,P521_Dilithium5,192.132863
P521_BIKE_L5,P521_Dilithium5,170.161925
P521_BIKE_L5,P521_Dilithium5,169.286779
P521_BIKE_L5,P521_Dilithium5,172.042411
P521_BIKE_L5,P521_Dilithium5,171.789348
P521_BIKE_L5,P521_Dilithium5,175.616145
P521_BIKE_L5,P521_Dilithium5,171.373121
P521_BIKE_L5,P521_Dilithium5,180.498347
P521_BIKE_L5,P521_Dilithium5,184.355892
P521_BIKE_L5,P521_Dilithium5,182.479012
P521_BIKE_L5,P521_Dilithium5,168.882421
P521_BIKE_L5,P521_Dilithium5,174.994936
P521_BIKE_L5,P521_Dilithium5,180.337678
P521_BIKE_L5,P521_Dilithium5,174.330173
P521_BIKE_L5,P521_Dilithium5,181.442998
P521_BIKE_L5,P521_Dilithium5,175.916244
P521_BIKE_L5,P521_Dilithium5,174.899575
P521_BIKE_L5,P521_Dilithium5,188.643785
P521_BIKE_L5,P521_Dilithium5,184.098338
P521_BIKE_L5,P521_Dilithium5,178.114237
P521_BIKE_L5,P521_Dilithium5,177.880115
P521_BIKE_L5,P521_Dilithium5,171.03784
P521_BIKE_L5,P521_Dilithium5,180.020797
P521_BIKE_L5,P521_Dilithium5,169.132699
P521_BIKE_L5,P521_Dilithium5,189.807599
P521_BIKE_L5,P521_Dilithium5,171.477019
P521_BIKE_L5,P521_Dilithium5,182.542254
P521_BIKE_L5,P521_Dilithium5,173.883946
P521_BIKE_L5,P521_Dilithium5,179.158783
P521_BIKE_L5,P521_Dilithium5,169.210518
P521_BIKE_L5,P521_Dilithium5,174.438929
P521_BIKE_L5,P521_Dilithium5,174.268503
P521_BIKE_L5,P521_Dilithium5,172.913724
P521_BIKE_L5,P521_Dilithium5,181.282267
P521_BIKE_L5,P521_Dilithium5,179.14615
P521_BIKE_L5,P521_Dilithium5,170.114382
P521_BIKE_L5,P521_Dilithium5,178.572574
P521_BIKE_L5,P521_Dilithium5,177.533919
P521_BIKE_L5,P521_Dilithium5,185.197629
P521_BIKE_L5,P521_Dilithium5,177.975485
P521_BIKE_L5,P521_Dilithium5,182.905521
P521_BIKE_L5,P521_Dilithium5,171.046606
P521_BIKE_L5,P521_Dilithium5,169.129969
P521_BIKE_L5,P521_Dilithium5,172.695377
P521_BIKE_L5,P521_Dilithium5,177.598248
P521_BIKE_L5,P521_Dilithium5,177.062141
P521_BIKE_L5,P521_Dilithium5,180.62764
P521_BIKE_L5,P521_Dilithium5,180.657349
P521_BIKE_L5,P521_Dilithium5,180.437633
P521_BIKE_L5,P521_Dilithium5,174.317672
P521_BIKE_L5,P521_Dilithium5,171.676062
P521_BIKE_L5,P521_Dilithium5,178.323604
P521_BIKE_L5,P521_Dilithium5,173.799951
P521_BIKE_L5,P521_Dilithium5,177.817249
P521_BIKE_L5,P521_Dilithium5,171.181458
P521_BIKE_L5,P521_Dilithium5,186.721198
P521_BIKE_L5,P521_Dilithium5,179.956765
P521_BIKE_L5,P521_Dilithium5,178.725896
P521_BIKE_L5,P521_Dilithium5,191.734285
P521_BIKE_L5,P521_Dilithium5,179.96679
P521_BIKE_L5,P521_Dilithium5,180.246679
P521_BIKE_L5,P521_Dilithium5,169.779621
P521_BIKE_L5,P521_Dilithium5,169.401922
P521_BIKE_L5,P521_Dilithium5,185.226541
P521_BIKE_L5,P521_Dilithium5,181.373402
P521_BIKE_L5,P521_Dilithium5,170.764932
P521_BIKE_L5,P521_Dilithium5,181.658089
P521_BIKE_L5,P521_Dilithium5,173.490597
P521_BIKE_L5,P521_Dilithium5,186.848902
P521_BIKE_L5,P521_Dilithium5,173.552746
P521_BIKE_L5,P521_Dilithium5,173.376236
P521_BIKE_L5,P521_Dilithium5,181.178654
P521_BIKE_L5,P521_Dilithium5,176.644892
P521_BIKE_L5,P521_Dilithium5,189.463285
P521_BIKE_L5,P521_Dilithium5,187.260347
P521_BIKE_L5,P521_Dilithium5,171.56582
P521_BIKE_L5,P521_Dilithium5,173.460643
P521_BIKE_L5,P521_Dilithium5,189.533383
P521_BIKE_L5,P521_Dilithium5,184.797722
P521_BIKE_L5,P521_Dilithium5,183.218156
P521_BIKE_L5,P521_Dilithium5,171.099552
P521_BIKE_L5,P521_Dilithium5,184.721578
P521_BIKE_L5,P521_Dilithium5,180.888384
P521_BIKE_L5,P521_Dilithium5,171.218041
P521_BIKE_L5,P521_Dilithium5,180.013799
P521_BIKE_L5,P521_Dilithium5,176.230257
P521_BIKE_L5,P521_Dilithium5,177.015296
P521_BIKE_L5,P521_Dilithium5,178.965761
P521_BIKE_L5,P521_Dilithium5,182.436423
P521_BIKE_L5,P521_Dilithium5,170.106034
P521_BIKE_L5,P521_Dilithium5,168.92214
P521_BIKE_L5,P521_Dilithium5,177.276766
P521_BIKE_L5,P521_Dilithium5,168.415048
P521_BIKE_L5,P521_Dilithium5,174.401124
P521_BIKE_L5,P521_Dilithium5,184.03862
P521_BIKE_L5,P521_Dilithium5,171.472545
P521_BIKE_L5,P521_Dilithium5,179.797049
P521_BIKE_L5,P521_Dilithium5,172.727685
P521_BIKE_L5,P521_Dilithium5,186.806239
P521_BIKE_L5,P521_Dilithium5,177.804528
P521_BIKE_L5,P521_Dilithium5,178.952261
P521_BIKE_L5,P521_Dilithium5,176.720433
P521_BIKE_L5,P521_Dilithium5,169.647252
P521_BIKE_L5,P521_Dilithium5,178.493193
P521_BIKE_L5,P521_Dilithium5,179.96433
P521_BIKE_L5,P521_Dilithium5,173.430667
P521_BIKE_L5,P521_Dilithium5,177.915749
P521_BIKE_L5,P521_Dilithium5,184.682096
P521_BIKE_L5,P521_Dilithium5,173.921737
P521_BIKE_L5,P521_Dilithium5,171.987739
P521_BIKE_L5,P521_Dilithium5,167.287882
P521_BIKE_L5,P521_Dilithium5,183.825346
P521_BIKE_L5,P521_Dilithium5,169.285133
P521_BIKE_L5,P521_Dilithium5,183.360157
P521_BIKE_L5,P521_Dilithium5,190.283387
P521_BIKE_L5,P521_Dilithium5,177.114211
P521_BIKE_L5,P521_Dilithium5,171.147635
P521_BIKE_L5,P521_Dilithium5,172.291433
P521_BIKE_L5,P521_Dilithium5,169.841099
P521_BIKE_L5,P521_Dilithium5,174.067936
P521_BIKE_L5,P521_Dilithium5,184.437598
P521_BIKE_L5,P521_Dilithium5,178.736501
P521_BIKE_L5,P521_Dilithium5,178.322884
P521_BIKE_L5,P521_Dilithium5,177.326583
P521_BIKE_L5,P521_Dilithium5,174.831708
P521_BIKE_L5,P521_Dilithium5,168.55442
P521_BIKE_L5,P521_Dilithium5,181.671257
P521_BIKE_L5,P521_Dilithium5,186.699474
P521_BIKE_L5,P521_Dilithium5,172.068603
P521_BIKE_L5,P521_Dilithium5,173.610964
P521_BIKE_L5,P521_Dilithium5,170.992532
P521_BIKE_L5,P521_Dilithium5,176.549029
P521_BIKE_L5,P521_Dilithium5,188.547255
P521_BIKE_L5,P521_Dilithium5,183.055243
P521_BIKE_L5,P521_Dilithium5,176.666284
P521_BIKE_L5,P521_Dilithium5,173.296588
P521_BIKE_L5,P521_Dilithium5,171.112992
P521_BIKE_L5,P521_Dilithium5,172.194895
P521_BIKE_L5,P521_Dilithium5,174.073127
P521_BIKE_L5,P521_Dilithium5,174.955258
P521_BIKE_L5,P521_Dilithium5,180.885532
P521_BIKE_L5,P521_Dilithium5,179.173585
P521_BIKE_L5,P521_Dilithium5,166.942783
P521_BIKE_L5,P521_Dilithium5,181.87358
P521_BIKE_L5,P521_Dilithium5,168.022125
P521_BIKE_L5,P521_Dilithium5,181.744981
P521_BIKE_L5,P521_Dilithium5,172.872349
P521_BIKE_L5,P521_Dilithium5,170.165696
P521_BIKE_L5,P521_Dilithium5,192.635597
P521_BIKE_L5,P521_Dilithium5,173.112827
P521_BIKE_L5,P521_Dilithium5,179.204412
P521_BIKE_L5,P521_Dilithium5,179.656984
P521_BIKE_L5,P521_Dilithium5,184.446055
P521_BIKE_L5,P521_Dilithium5,178.845975
P521_BIKE_L5,P521_Dilithium5,176.610863
P521_BIKE_L5,P521_Dilithium5,175.17786
P521_BIKE_L5,P521_Dilithium5,174.770787
P521_BIKE_L5,P521_Dilithium5,189.882318
P521_BIKE_L5,P521_Dilithium5,179.531387
P521_BIKE_L5,P521_Dilithium5,187.212029
P521_BIKE_L5,P521_Dilithium5,172.477585
P521_BIKE_L5,P521_Dilithium5,179.960551
P521_BIKE_L5,P521_Dilithium5,180.459848
P521_BIKE_L5,P521_Dilithium5,177.774678
P521_BIKE_L5,P521_Dilithium5,178.463141
P521_BIKE_L5,P521_Dilithium5,170.526571
P521_BIKE_L5,P521_Dilithium5,179.81056
P521_BIKE_L5,P521_Dilithium5,166.205269
P521_BIKE_L5,P521_Dilithium5,183.211292
P521_BIKE_L5,P521_Dilithium5,172.049251
P521_BIKE_L5,P521_Dilithium5,179.557507
P521_BIKE_L5,P521_Dilithium5,172.989556
P521_BIKE_L5,P521_Dilithium5,172.541497
P521_BIKE_L5,P521_Dilithium5,177.077658
P521_BIKE_L5,P521_Dilithium5,175.195981
P521_BIKE_L5,P521_Dilithium5,183.523033
P521_BIKE_L5,P521_Dilithium5,179.396245
P521_BIKE_L5,P521_Dilithium5,172.342531
P521_BIKE_L5,P521_Dilithium5,170.642097
P521_BIKE_L5,P521_Dilithium5,183.168014
P521_BIKE_L5,P521_Dilithium5,179.697941
P521_BIKE_L5,P521_Dilithium5,175.53264
P521_BIKE_L5,P521_Dilithium5,166.649838
P521_BIKE_L5,P521_Dilithium5,171.671453
P521_BIKE_L5,P521_Dilithium5,180.452059
P521_BIKE_L5,P521_Dilithium5,179.003484
P521_BIKE_L5,P521_Dilithium5,188.615033
P521_BIKE_L5,P521_Dilithium5,180.469813
P521_BIKE_L5,P521_Dilithium5,178.861026
P521_BIKE_L5,P521_Dilithium5,178.711892
P521_BIKE_L5,P521_Dilithium5,177.988334
P521_BIKE_L5,P521_Dilithium5,171.837459
P521_BIKE_L5,P521_Dilithium5,175.169746
P521_BIKE_L5,P521_Dilithium5,178.459026
P521_BIKE_L5,P521_Dilithium5,180.555954
P521_BIKE_L5,P521_Dilithium5,180.557968
P521_BIKE_L5,P521_Dilithium5,170.56492
P521_BIKE_L5,P521_Dilithium5,168.664146
P521_BIKE_L5,P521_Dilithium5,172.633516
P521_BIKE_L5,P521_Dilithium5,176.594424
P521_BIKE_L5,P521_Dilithium5,188.983842
P521_BIKE_L5,P521_Dilithium5,181.615128
P521_BIKE_L5,P521_Dilithium5,173.007055
P521_BIKE_L5,P521_Dilithium5,186.832347
P521_BIKE_L5,P521_Dilithium5,173.847846
P521_BIKE_L5,P521_Dilithium5,167.46241
P521_BIKE_L5,P521_Dilithium5,174.998795
P521_BIKE_L5,P521_Dilithium5,167.277087
P521_BIKE_L5,P521_Dilithium5,176.279356
P521_BIKE_L5,P521_Dilithium5,170.138007
P521_BIKE_L5,P521_Dilithium5,168.543028
P521_BIKE_L5,P521_Dilithium5,174.424451
P521_BIKE_L5,P521_Dilithium5,168.777434
P521_BIKE_L5,P521_Dilithium5,179.182047
P521_BIKE_L5,P521_Dilithium5,182.200307
P521_BIKE_L5,P521_Dilithium5,185.38024
P521_BIKE_L5,P521_Dilithium5,168.472948
P521_BIKE_L5,P521_Dilithium5,174.840385
P521_BIKE_L5,P521_Dilithium5,165.608415
P521_BIKE_L5,P521_Dilithium5,175.531983
P521_BIKE_L5,P521_Dilithium5,176.617924
P521_BIKE_L5,P521_Dilithium5,170.792038
P521_BIKE_L5,P521_Dilithium5,178.868755
P521_BIKE_L5,P521_Dilithium5,172.225133
P521_BIKE_L5,P521_Dilithium5,176.518033
P521_BIKE_L5,P521_Dilithium5,176.362522
P521_BIKE_L5,P521_Dilithium5,181.220214
P521_BIKE_L5,P521_Dilithium5,176.182183
P521_BIKE_L5,P521_Dilithium5,172.700647
P521_BIKE_L5,P521_Dilithium5,183.233706
P521_BIKE_L5,P521_Dilithium5,182.571956
P521_BIKE_L5,P521_Dilithium5,172.79513
P521_BIKE_L5,P521_Dilithium5,180.266608
P521_BIKE_L5,P521_Dilithium5,177.734601
P521_BIKE_L5,P521_Dilithium5,179.242062
P521_BIKE_L5,P521_Dilithium5,181.049022
P521_BIKE_L5,P521_Dilithium5,170.986927
P521_BIKE_L5,P521_Dilithium5,183.06142
P521_BIKE_L5,P521_Dilithium5,167.505644
P521_BIKE_L5,P521_Dilithium5,176.610231
P521_BIKE_L5,P521_Dilithium5,166.200337
P521_BIKE_L5,P521_Dilithium5,183.621654
P521_BIKE_L5,P521_Dilithium5,179.512705
P521_BIKE_L5,P521_Dilithium5,189.202699
P521_BIKE_L5,P521_Dilithium5,169.776333
P521_BIKE_L5,P521_Dilithium5,184.41957
P521_BIKE_L5,P521_Dilithium5,167.386754
P521_BIKE_L5,P521_Dilithium5,182.750327
P521_BIKE_L5,P521_Dilithium5,170.527695
P521_BIKE_L5,P521_Dilithium5,173.815691
P521_BIKE_L5,P521_Dilithium5,181.032692
P521_BIKE_L5,P521_Dilithium5,169.183405
P521_BIKE_L5,P521_Dilithium5,181.80425
P521_BIKE_L5,P521_Dilithium5,177.312972
P521_BIKE_L5,P521_Dilithium5,178.152575
P521_BIKE_L5,P521_Dilithium5,180.139441
P521_BIKE_L5,P521_Dilithium5,174.098248
P521_BIKE_L5,P521_Dilithium5,179.088599
P521_BIKE_L5,P521_Dilithium5,177.514327
P521_BIKE_L5,P521_Dilithium5,180.473658
P521_BIKE_L5,P521_Dilithium5,172.988982
P521_BIKE_L5,P521_Dilithium5,170.76772
P521_BIKE_L5,P521_Dilithium5,170.188611
P521_BIKE_L5,P521_Dilithium5,171.64314
P521_BIKE_L5,P521_Dilithium5,180.13078
P521_BIKE_L5,P521_Dilithium5,176.812853
P521_BIKE_L5,P521_Dilithium5,175.79237
P521_BIKE_L5,P521_Dilithium5,179.510923
P521_BIKE_L5,P521_Dilithium5,175.565011
P521_BIKE_L5,P521_Dilithium5,177.460705
P521_BIKE_L5,P521_Dilithium5,180.679261
P521_BIKE_L5,P521_Dilithium5,173.831087
P521_BIKE_L5,P521_Dilithium5,176.393505
P521_BIKE_L5,P521_Dilithium5,169.940504
P521_BIKE_L5,P521_Dilithium5,182.069536
P521_BIKE_L5,P521_Dilithium5,183.711199
P521_BIKE_L5,P521_Dilithium5,169.658249
P521_BIKE_L5,P521_Dilithium5,182.345524
P521_BIKE_L5,P521_Dilithium5,181.225087
P521_BIKE_L5,P521_Dilithium5,176.021722
P521_BIKE_L5,P521_Dilithium5,167.823991
P521_BIKE_L5,P521_Dilithium5,178.811053
P521_BIKE_L5,P521_Dilithium5,171.28236
P521_BIKE_L5,P521_Dilithium5,176.900769
P521_BIKE_L5,P521_Dilithium5,179.011057
P521_BIKE_L5,P521_Dilithium5,173.366722
P521_BIKE_L5,P521_Dilithium5,174.893685
P521_BIKE_L5,P521_Dilithium5,180.300171
P521_BIKE_L5,P521_Dilithium5,169.877128
P521_BIKE_L5,P521_Dilithium5,181.57162
P521_BIKE_L5,P521_Dilithium5,183.503322
P521_BIKE_L5,P521_Dilithium5,180.917256
P521_BIKE_L5,P521_Dilithium5,181.174624
P521_BIKE_L5,P521_Dilithium5,170.014249
P521_BIKE_L5,P521_Dilithium5,180.394121
P521_BIKE_L5,P521_Dilithium5,178.660374
P521_BIKE_L5,P521_Dilithium5,173.693248
P521_BIKE_L5,P521_Dilithium5,172.054314
P521_BIKE_L5,P521_Dilithium5,175.844202
P521_BIKE_L5,P521_Dilithium5,181.264419
P521_BIKE_L5,P521_Dilithium5,168.264272
P521_BIKE_L5,P521_Dilithium5,184.807624
P521_BIKE_L5,P521_Dilithium5,172.129506
P521_BIKE_L5,P521_Dilithium5,175.949716
P521_BIKE_L5,P521_Dilithium5,175.355782
P521_BIKE_L5,P521_Dilithium5,177.633403
P521_BIKE_L5,P521_Dilithium5,187.587228
P521_BIKE_L5,P521_Dilithium5,177.49296
P521_BIKE_L5,P521_Dilithium5,179.484767
P521_BIKE_L5,P521_Dilithium5,183.004087
P521_BIKE_L5,P521_Dilithium5,174.864293
P521_BIKE_L5,P521_Dilithium5,184.6076
P521_BIKE_L5,P521_Dilithium5,176.571459
P521_BIKE_L5,P521_Dilithium5,171.56318
P521_BIKE_L5,P521_Dilithium5,179.215036